CountDeclMethodPrivate,AvgLineCode,CountLine,MaxCyclomatic,CountDeclMethodDefault,AvgEssential,CountDeclClassVariable,SumCyclomaticStrict,AvgCyclomatic,AvgLine,CountDeclClassMethod,AvgLineComment,AvgCyclomaticModified,CountDeclFunction,CountLineComment,CountDeclClass,CountDeclMethod,SumCyclomaticModified,CountLineCodeDecl,CountDeclMethodProtected,CountDeclInstanceVariable,MaxCyclomaticStrict,CountDeclMethodPublic,CountLineCodeExe,SumCyclomatic,SumEssential,CountStmtDecl,CountLineCode,CountStmtExe,RatioCommentToCode,CountLineBlank,CountStmt,MaxCyclomaticModified,CountSemicolon,AvgLineBlank,CountDeclInstanceMethod,AvgCyclomaticStrict,PercentLackOfCohesion,MaxInheritanceTree,CountClassDerived,CountClassCoupled,CountClassBase,CountInput_Max,CountInput_Mean,CountInput_Min,CountOutput_Max,CountOutput_Mean,CountOutput_Min,CountPath_Max,CountPath_Mean,CountPath_Min,MaxNesting_Max,MaxNesting_Mean,MaxNesting_Min,COMM,ADEV,DDEV,Added_lines,Del_lines,OWN_LINE,OWN_COMMIT,MINOR_COMMIT,MINOR_LINE,MAJOR_COMMIT,MAJOR_LINE,RealBugCount
1.0,9.0,234.0,6.0,0.0,1.0,0.0,26.0,2.0,11.0,0.0,0.0,2.0,13.0,34.0,2.0,13.0,22.0,59.0,5.0,7.0,6.0,7.0,94.0,26.0,13.0,62.0,159.0,70.0,0.21,41.0,132.0,5.0,109.0,1.0,13.0,2.0,80.0,2.0,3.0,1.0,2.0,13.0,3.46153846153846,1.0,21.0,4.38461538461539,1.0,16.0,2.84615384615385,1.0,3.0,0.941176470588235,0.0,1.0,1.0,1.0,2.0,3.0,1.0,1.0,0.0,1.0,1.0,0.0,0.0
0.0,7.0,16.0,2.0,0.0,1.0,0.0,2.0,2.0,7.0,0.0,0.0,2.0,1.0,3.0,1.0,1.0,2.0,5.0,0.0,0.0,2.0,1.0,4.0,2.0,1.0,5.0,11.0,3.0,0.27,2.0,8.0,2.0,5.0,0.0,1.0,2.0,0.0,4.0,0.0,0.0,1.0,1.0,1.0,1.0,1.0,1.0,1.0,2.0,2.0,2.0,1.0,1.0,1.0,0.0,0.0,0.0,0.0,0.0,1.0,0.0,0.0,1.0,0.0,0.0,0.0
0.0,3.0,18.0,1.0,0.0,1.0,0.0,1.0,1.0,3.0,0.0,0.0,1.0,1.0,6.0,1.0,1.0,1.0,5.0,0.0,1.0,1.0,1.0,2.0,1.0,1.0,5.0,8.0,1.0,0.75,4.0,6.0,1.0,4.0,0.0,1.0,1.0,0.0,3.0,0.0,0.0,1.0,1.0,1.0,1.0,2.0,2.0,2.0,1.0,1.0,1.0,0.0,0.0,0.0,0.0,0.0,0.0,0.0,0.0,1.0,0.0,0.0,1.0,0.0,0.0,0.0
0.0,5.0,20.0,2.0,0.0,1.0,0.0,3.0,2.0,5.0,0.0,0.0,2.0,2.0,3.0,1.0,2.0,3.0,6.0,0.0,0.0,2.0,2.0,5.0,3.0,2.0,6.0,14.0,4.0,0.21,3.0,10.0,2.0,6.0,0.0,2.0,2.0,0.0,4.0,0.0,0.0,1.0,1.0,0.5,0.0,2.0,1.5,1.0,2.0,1.5,1.0,1.0,0.75,0.0,0.0,0.0,0.0,0.0,0.0,1.0,0.0,0.0,1.0,0.0,0.0,0.0
0.0,3.0,23.0,1.0,0.0,1.0,0.0,2.0,1.0,3.0,0.0,0.0,1.0,2.0,6.0,1.0,2.0,2.0,8.0,1.0,1.0,1.0,1.0,4.0,2.0,2.0,8.0,12.0,2.0,0.5,5.0,10.0,1.0,7.0,0.0,2.0,1.0,50.0,3.0,2.0,0.0,1.0,4.0,2.5,1.0,3.0,2.0,1.0,1.0,1.0,1.0,0.0,0.0,0.0,0.0,0.0,0.0,0.0,0.0,1.0,0.0,0.0,1.0,0.0,0.0,0.0
0.0,27.0,63.0,5.0,0.0,1.0,0.0,5.0,5.0,27.0,0.0,0.0,5.0,1.0,16.0,1.0,1.0,5.0,19.0,0.0,4.0,5.0,1.0,25.0,5.0,1.0,19.0,41.0,17.0,0.39,6.0,36.0,5.0,30.0,0.0,1.0,5.0,0.0,3.0,0.0,0.0,1.0,4.0,4.0,4.0,13.0,13.0,13.0,8.0,8.0,8.0,2.0,2.0,2.0,0.0,0.0,0.0,0.0,0.0,1.0,0.0,0.0,1.0,0.0,0.0,0.0
0.0,43.0,86.0,13.0,0.0,1.0,0.0,15.0,13.0,56.0,0.0,5.0,13.0,1.0,13.0,1.0,1.0,13.0,21.0,0.0,11.0,15.0,1.0,36.0,13.0,1.0,21.0,61.0,35.0,0.21,12.0,56.0,13.0,43.0,8.0,1.0,15.0,0.0,1.0,0.0,3.0,1.0,14.0,14.0,14.0,20.0,20.0,20.0,54.0,54.0,54.0,3.0,3.0,3.0,2.0,2.0,1.0,95.0,3.0,1.0,1.0,0.0,1.0,1.0,0.0,0.0
0.0,1.0,74.0,1.0,12.0,1.0,0.0,12.0,1.0,4.0,0.0,3.0,1.0,12.0,48.0,1.0,12.0,12.0,22.0,0.0,0.0,1.0,0.0,0.0,12.0,12.0,20.0,23.0,0.0,2.09,3.0,20.0,1.0,19.0,0.0,12.0,1.0,0.0,0.0,0.0,2.0,0.0,5.0,2.58333333333333,1.0,1.0,1.0,1.0,1.0,1.0,1.0,0.0,0.0,0.0,7.0,7.0,2.0,44.0,9.0,1.0,0.857142857142857,0.0,1.0,2.0,0.0,0.0
0.0,1.0,19.0,1.0,3.0,1.0,0.0,3.0,1.0,1.0,0.0,0.0,1.0,3.0,5.0,1.0,3.0,3.0,11.0,0.0,0.0,1.0,0.0,0.0,3.0,3.0,9.0,12.0,0.0,0.42,2.0,9.0,1.0,8.0,0.0,3.0,1.0,0.0,0.0,0.0,0.0,0.0,0.0,0.0,0.0,1.0,1.0,1.0,1.0,1.0,1.0,0.0,0.0,0.0,6.0,6.0,1.0,26.0,26.0,1.0,1.0,0.0,1.0,1.0,0.0,0.0
0.0,3.0,79.0,1.0,0.0,1.0,0.0,5.0,1.0,5.0,0.0,2.0,1.0,5.0,45.0,1.0,5.0,5.0,13.0,0.0,2.0,1.0,5.0,7.0,5.0,5.0,13.0,26.0,7.0,1.73,8.0,20.0,1.0,14.0,0.0,5.0,1.0,60.0,2.0,0.0,4.0,1.0,5.0,3.6,1.0,4.0,1.8,1.0,1.0,1.0,1.0,2.0,0.25,0.0,1.0,1.0,1.0,2.0,2.0,0.481012658227848,1.0,0.0,4.0,1.0,1.0,0.0
0.0,3.0,76.0,1.0,0.0,1.0,0.0,5.0,1.0,5.0,0.0,1.0,1.0,5.0,42.0,1.0,5.0,5.0,13.0,0.0,2.0,1.0,5.0,7.0,5.0,5.0,13.0,26.0,7.0,1.62,8.0,20.0,1.0,14.0,0.0,5.0,1.0,40.0,2.0,0.0,4.0,2.0,7.0,4.8,2.0,4.0,2.0,1.0,1.0,1.0,1.0,0.0,0.0,0.0,0.0,0.0,0.0,0.0,0.0,0.513157894736842,0.0,0.0,4.0,0.0,2.0,0.0
0.0,3.0,65.0,1.0,0.0,1.0,0.0,5.0,1.0,3.0,0.0,0.0,1.0,5.0,31.0,1.0,5.0,5.0,13.0,0.0,2.0,1.0,5.0,7.0,5.0,5.0,13.0,26.0,7.0,1.19,8.0,20.0,1.0,14.0,0.0,5.0,1.0,40.0,2.0,0.0,4.0,1.0,7.0,4.6,2.0,4.0,2.0,1.0,1.0,1.0,1.0,0.0,0.0,0.0,0.0,0.0,0.0,0.0,0.0,0.646153846153846,0.0,0.0,4.0,0.0,3.0,0.0
0.0,4.0,152.0,3.0,0.0,1.0,0.0,16.0,1.0,7.0,0.0,3.0,1.0,11.0,76.0,1.0,11.0,15.0,25.0,0.0,6.0,4.0,11.0,22.0,15.0,11.0,24.0,60.0,21.0,1.27,16.0,45.0,3.0,31.0,0.0,11.0,1.0,72.0,2.0,0.0,8.0,1.0,10.0,5.54545454545455,2.0,14.0,2.54545454545455,1.0,3.0,1.18181818181818,1.0,1.0,0.230769230769231,0.0,0.0,0.0,0.0,0.0,0.0,0.460526315789474,0.0,0.0,3.0,0.0,3.0,0.0
0.0,3.0,62.0,1.0,0.0,1.0,0.0,5.0,1.0,3.0,0.0,0.0,1.0,5.0,28.0,1.0,5.0,5.0,13.0,0.0,2.0,1.0,5.0,7.0,5.0,5.0,13.0,26.0,7.0,1.08,8.0,20.0,1.0,14.0,0.0,5.0,1.0,60.0,2.0,0.0,4.0,1.0,6.0,4.0,1.0,4.0,1.8,1.0,1.0,1.0,1.0,0.0,0.0,0.0,0.0,0.0,0.0,0.0,0.0,1.0,0.0,0.0,1.0,0.0,0.0,0.0
0.0,3.0,66.0,1.0,0.0,1.0,0.0,5.0,1.0,3.0,0.0,0.0,1.0,5.0,32.0,1.0,5.0,5.0,13.0,0.0,1.0,1.0,5.0,6.0,5.0,5.0,13.0,25.0,6.0,1.28,9.0,19.0,1.0,13.0,0.0,5.0,1.0,40.0,2.0,0.0,4.0,2.0,10.0,3.6,0.0,3.0,1.4,1.0,1.0,1.0,1.0,0.0,0.0,0.0,1.0,1.0,1.0,1.0,1.0,0.96969696969697,1.0,0.0,1.0,1.0,1.0,0.0
0.0,3.0,71.0,1.0,0.0,1.0,0.0,5.0,1.0,3.0,0.0,0.0,1.0,5.0,40.0,1.0,5.0,5.0,12.0,0.0,1.0,1.0,5.0,6.0,5.0,5.0,12.0,23.0,5.0,1.74,8.0,17.0,1.0,11.0,0.0,5.0,1.0,60.0,3.0,0.0,4.0,2.0,7.0,4.8,2.0,2.0,1.6,1.0,1.0,1.0,1.0,0.0,0.0,0.0,0.0,0.0,0.0,0.0,0.0,0.52112676056338,0.0,0.0,3.0,0.0,1.0,0.0
0.0,3.0,69.0,1.0,0.0,1.0,0.0,4.0,1.0,5.0,0.0,2.0,1.0,4.0,44.0,1.0,4.0,4.0,10.0,0.0,1.0,1.0,4.0,4.0,4.0,4.0,10.0,19.0,4.0,2.32,6.0,14.0,1.0,9.0,0.0,4.0,1.0,50.0,2.0,8.0,3.0,2.0,37.0,14.25,0.0,2.0,1.5,1.0,1.0,1.0,1.0,0.0,0.0,0.0,0.0,0.0,0.0,0.0,0.0,0.797101449275362,0.0,0.0,3.0,0.0,0.0,0.0
0.0,4.0,107.0,2.0,0.0,1.0,0.0,9.0,1.0,7.0,0.0,3.0,1.0,7.0,55.0,1.0,7.0,9.0,17.0,0.0,3.0,2.0,7.0,14.0,9.0,7.0,17.0,41.0,14.0,1.34,11.0,31.0,2.0,21.0,0.0,7.0,1.0,57.0,2.0,0.0,5.0,3.0,12.0,6.42857142857143,1.0,6.0,2.14285714285714,1.0,2.0,1.28571428571429,1.0,1.0,0.444444444444444,0.0,2.0,2.0,2.0,107.0,101.0,0.94392523364486,0.5,0.0,2.0,2.0,0.0,0.0
0.0,3.0,78.0,1.0,0.0,1.0,0.0,4.0,1.0,5.0,0.0,2.0,1.0,4.0,50.0,1.0,4.0,4.0,11.0,0.0,1.0,1.0,4.0,5.0,4.0,4.0,11.0,21.0,5.0,2.38,7.0,16.0,1.0,11.0,0.0,4.0,1.0,50.0,2.0,0.0,4.0,1.0,9.0,4.0,1.0,3.0,1.75,1.0,1.0,1.0,1.0,0.0,0.0,0.0,1.0,1.0,1.0,5.0,5.0,0.5,1.0,0.0,4.0,1.0,2.0,0.0
0.0,3.0,70.0,1.0,0.0,1.0,0.0,4.0,1.0,5.0,0.0,2.0,1.0,4.0,42.0,1.0,4.0,4.0,11.0,0.0,1.0,1.0,4.0,5.0,4.0,4.0,11.0,21.0,5.0,2.0,7.0,16.0,1.0,11.0,0.0,4.0,1.0,25.0,2.0,0.0,4.0,1.0,7.0,3.5,1.0,3.0,2.0,1.0,1.0,1.0,1.0,0.0,0.0,0.0,0.0,0.0,0.0,0.0,0.0,0.542857142857143,0.0,0.0,3.0,0.0,2.0,0.0
0.0,3.0,74.0,1.0,0.0,1.0,0.0,5.0,1.0,4.0,0.0,0.0,1.0,5.0,39.0,1.0,5.0,5.0,14.0,0.0,1.0,1.0,5.0,6.0,5.0,5.0,14.0,26.0,6.0,1.5,9.0,20.0,1.0,14.0,0.0,5.0,1.0,40.0,2.0,0.0,4.0,2.0,6.0,3.0,1.0,3.0,1.6,1.0,1.0,1.0,1.0,0.0,0.0,0.0,0.0,0.0,0.0,0.0,0.0,0.567567567567568,0.0,0.0,4.0,0.0,3.0,0.0
0.0,1.0,46.0,1.0,0.0,1.0,0.0,2.0,1.0,5.0,0.0,4.0,1.0,2.0,40.0,1.0,2.0,2.0,4.0,0.0,0.0,1.0,2.0,0.0,2.0,2.0,4.0,4.0,0.0,10.0,2.0,4.0,1.0,3.0,0.0,2.0,1.0,0.0,0.0,4.0,1.0,0.0,3.0,3.0,3.0,1.0,1.0,1.0,1.0,1.0,1.0,0.0,0.0,0.0,0.0,0.0,0.0,0.0,0.0,0.595744680851064,0.0,0.0,2.0,0.0,0.0,0.0
0.0,1.0,44.0,1.0,0.0,1.0,0.0,2.0,1.0,1.0,0.0,0.0,1.0,2.0,38.0,1.0,2.0,2.0,4.0,0.0,0.0,1.0,2.0,0.0,2.0,2.0,4.0,4.0,0.0,9.5,2.0,4.0,1.0,3.0,0.0,2.0,1.0,0.0,0.0,4.0,1.0,0.0,2.0,1.5,1.0,1.0,0.5,0.0,1.0,1.0,1.0,0.0,0.0,0.0,0.0,0.0,0.0,0.0,0.0,0.8,0.0,0.0,2.0,0.0,0.0,0.0
0.0,3.0,86.0,1.0,0.0,1.0,0.0,6.0,1.0,5.0,0.0,2.0,1.0,6.0,47.0,1.0,6.0,6.0,15.0,0.0,2.0,1.0,6.0,8.0,6.0,6.0,15.0,30.0,8.0,1.57,9.0,23.0,1.0,16.0,0.0,6.0,1.0,58.0,2.0,0.0,4.0,2.0,5.0,2.5,1.0,4.0,1.66666666666667,1.0,1.0,1.0,1.0,0.0,0.0,0.0,0.0,0.0,0.0,0.0,0.0,0.616279069767442,0.0,0.0,2.0,0.0,3.0,0.0
0.0,3.0,56.0,1.0,0.0,1.0,0.0,2.0,1.0,5.0,0.0,2.0,1.0,2.0,41.0,1.0,2.0,2.0,7.0,0.0,0.0,1.0,2.0,2.0,2.0,2.0,7.0,12.0,2.0,3.42,3.0,9.0,1.0,6.0,0.0,2.0,1.0,0.0,3.0,0.0,4.0,1.0,5.0,3.5,2.0,2.0,2.0,2.0,1.0,1.0,1.0,0.0,0.0,0.0,0.0,0.0,0.0,0.0,0.0,0.642857142857143,0.0,0.0,3.0,0.0,1.0,0.0
0.0,3.0,92.0,1.0,0.0,1.0,0.0,6.0,1.0,5.0,0.0,2.0,1.0,6.0,54.0,1.0,6.0,6.0,14.0,0.0,2.0,1.0,6.0,7.0,6.0,6.0,14.0,28.0,7.0,1.93,10.0,21.0,1.0,14.0,0.0,6.0,1.0,50.0,2.0,0.0,4.0,1.0,7.0,3.83333333333333,2.0,3.0,1.66666666666667,1.0,1.0,1.0,1.0,0.0,0.0,0.0,0.0,0.0,0.0,0.0,0.0,0.467391304347826,0.0,0.0,2.0,0.0,4.0,0.0
0.0,3.0,75.0,1.0,0.0,1.0,0.0,5.0,1.0,5.0,0.0,1.0,1.0,5.0,42.0,1.0,5.0,5.0,12.0,0.0,1.0,1.0,5.0,7.0,5.0,5.0,12.0,25.0,7.0,1.68,8.0,19.0,1.0,13.0,0.0,5.0,1.0,19.0,2.0,0.0,4.0,1.0,5.0,3.0,1.0,3.0,2.2,1.0,1.0,1.0,1.0,0.0,0.0,0.0,0.0,0.0,0.0,0.0,0.0,0.693333333333333,0.0,0.0,3.0,0.0,3.0,0.0
0.0,3.0,130.0,2.0,0.0,1.0,0.0,12.0,1.0,6.0,0.0,2.0,1.0,11.0,60.0,1.0,11.0,12.0,25.0,0.0,4.0,2.0,11.0,18.0,12.0,11.0,24.0,56.0,18.0,1.07,14.0,42.0,2.0,29.0,0.0,11.0,1.0,70.0,2.0,0.0,8.0,4.0,15.0,6.27272727272727,0.0,6.0,2.0,1.0,2.0,1.09090909090909,1.0,1.0,0.230769230769231,0.0,5.0,5.0,2.0,18.0,16.0,0.507692307692308,0.8,0.0,3.0,2.0,2.0,0.0
0.0,3.0,89.0,1.0,0.0,1.0,0.0,5.0,1.0,6.0,0.0,2.0,1.0,5.0,55.0,1.0,5.0,5.0,13.0,0.0,2.0,1.0,5.0,7.0,5.0,5.0,13.0,26.0,7.0,2.12,8.0,20.0,1.0,14.0,0.0,5.0,1.0,40.0,2.0,0.0,4.0,1.0,5.0,3.8,2.0,4.0,2.0,1.0,1.0,1.0,1.0,0.0,0.0,0.0,0.0,0.0,0.0,0.0,0.0,0.50561797752809,0.0,0.0,3.0,0.0,3.0,0.0
0.0,3.0,107.0,1.0,0.0,1.0,0.0,8.0,1.0,6.0,0.0,2.0,1.0,8.0,56.0,1.0,8.0,8.0,19.0,0.0,4.0,1.0,8.0,12.0,8.0,8.0,19.0,40.0,12.0,1.4,11.0,31.0,1.0,22.0,0.0,8.0,1.0,62.0,2.0,0.0,6.0,2.0,7.0,3.75,1.0,6.0,2.0,1.0,1.0,1.0,1.0,0.0,0.0,0.0,0.0,0.0,0.0,0.0,0.0,0.392523364485981,0.0,0.0,4.0,0.0,1.0,0.0
0.0,3.0,77.0,1.0,0.0,1.0,0.0,4.0,1.0,6.0,0.0,3.0,1.0,4.0,46.0,1.0,4.0,4.0,12.0,0.0,1.0,1.0,4.0,6.0,4.0,4.0,12.0,23.0,6.0,2.0,8.0,18.0,1.0,13.0,0.0,4.0,1.0,50.0,3.0,0.0,4.0,2.0,5.0,3.0,0.0,4.0,2.5,1.0,1.0,1.0,1.0,0.0,0.0,0.0,1.0,1.0,1.0,1.0,1.0,0.493506493506494,1.0,0.0,4.0,1.0,2.0,0.0
0.0,3.0,76.0,1.0,0.0,1.0,0.0,4.0,1.0,6.0,0.0,2.0,1.0,4.0,43.0,1.0,4.0,4.0,12.0,0.0,1.0,1.0,4.0,6.0,4.0,4.0,12.0,23.0,6.0,1.87,10.0,18.0,1.0,13.0,0.0,4.0,1.0,50.0,3.0,0.0,4.0,2.0,5.0,3.0,0.0,4.0,2.5,1.0,1.0,1.0,1.0,0.0,0.0,0.0,1.0,1.0,1.0,1.0,1.0,0.513157894736842,1.0,0.0,4.0,1.0,1.0,0.0
0.0,3.0,75.0,1.0,0.0,1.0,0.0,5.0,1.0,4.0,0.0,1.0,1.0,5.0,42.0,1.0,5.0,5.0,13.0,0.0,1.0,1.0,5.0,6.0,5.0,5.0,13.0,25.0,6.0,1.68,8.0,19.0,1.0,13.0,0.0,5.0,1.0,40.0,2.0,0.0,4.0,2.0,7.0,3.4,1.0,3.0,1.6,1.0,1.0,1.0,1.0,0.0,0.0,0.0,1.0,1.0,1.0,1.0,1.0,0.546666666666667,1.0,0.0,4.0,1.0,2.0,0.0
0.0,3.0,78.0,2.0,0.0,1.0,0.0,6.0,1.0,5.0,0.0,1.0,1.0,5.0,42.0,1.0,5.0,6.0,14.0,0.0,1.0,2.0,5.0,9.0,6.0,5.0,14.0,28.0,9.0,1.5,8.0,23.0,2.0,16.0,0.0,5.0,1.0,19.0,3.0,0.0,4.0,2.0,16.0,5.0,1.0,3.0,2.0,1.0,2.0,1.2,1.0,1.0,0.428571428571429,0.0,1.0,1.0,1.0,1.0,1.0,0.538461538461538,1.0,0.0,4.0,1.0,2.0,2.0
0.0,3.0,81.0,1.0,0.0,1.0,0.0,6.0,1.0,4.0,0.0,1.0,1.0,6.0,43.0,1.0,6.0,6.0,14.0,0.0,1.0,1.0,6.0,8.0,6.0,6.0,14.0,29.0,8.0,1.48,9.0,22.0,1.0,15.0,0.0,6.0,1.0,33.0,2.0,1.0,4.0,2.0,14.0,4.33333333333333,1.0,3.0,1.83333333333333,1.0,1.0,1.0,1.0,0.0,0.0,0.0,1.0,1.0,1.0,2.0,10.0,0.580246913580247,1.0,0.0,4.0,1.0,2.0,0.0
0.0,3.0,65.0,1.0,0.0,1.0,0.0,4.0,1.0,3.0,0.0,0.0,1.0,4.0,36.0,1.0,4.0,4.0,11.0,0.0,1.0,1.0,4.0,5.0,4.0,4.0,11.0,21.0,5.0,1.71,8.0,16.0,1.0,11.0,0.0,4.0,1.0,50.0,2.0,0.0,4.0,1.0,5.0,2.75,0.0,3.0,1.5,1.0,1.0,1.0,1.0,0.0,0.0,0.0,0.0,0.0,0.0,0.0,0.0,1.0,0.0,0.0,1.0,0.0,0.0,0.0
0.0,3.0,85.0,2.0,0.0,1.0,0.0,6.0,1.0,6.0,0.0,2.0,1.0,5.0,49.0,1.0,5.0,6.0,14.0,0.0,2.0,2.0,5.0,8.0,6.0,5.0,14.0,28.0,8.0,1.75,8.0,22.0,2.0,16.0,0.0,5.0,1.0,50.0,3.0,0.0,4.0,2.0,7.0,4.2,0.0,5.0,2.6,1.0,1.0,1.0,1.0,0.0,0.0,0.0,2.0,2.0,2.0,2.0,3.0,0.6,0.5,0.0,3.0,2.0,3.0,0.0
0.0,3.0,80.0,1.0,0.0,1.0,0.0,6.0,1.0,4.0,0.0,1.0,1.0,6.0,42.0,1.0,6.0,6.0,14.0,0.0,1.0,1.0,6.0,7.0,6.0,6.0,14.0,28.0,7.0,1.5,10.0,21.0,1.0,14.0,0.0,6.0,1.0,33.0,2.0,0.0,4.0,2.0,8.0,3.5,1.0,3.0,1.5,1.0,1.0,1.0,1.0,0.0,0.0,0.0,1.0,1.0,1.0,1.0,1.0,0.5,1.0,0.0,4.0,1.0,1.0,0.0
0.0,3.0,102.0,1.0,0.0,1.0,0.0,7.0,1.0,6.0,0.0,2.0,1.0,7.0,56.0,1.0,7.0,7.0,16.0,0.0,2.0,1.0,7.0,10.0,7.0,7.0,16.0,34.0,10.0,1.65,12.0,26.0,1.0,18.0,0.0,7.0,1.0,57.0,3.0,0.0,4.0,2.0,7.0,2.85714285714286,0.0,5.0,2.0,1.0,1.0,1.0,1.0,0.0,0.0,0.0,1.0,1.0,1.0,1.0,1.0,0.343137254901961,1.0,0.0,4.0,1.0,3.0,0.0
0.0,3.0,72.0,1.0,0.0,1.0,0.0,4.0,1.0,5.0,0.0,2.0,1.0,4.0,43.0,1.0,4.0,4.0,11.0,0.0,1.0,1.0,4.0,5.0,4.0,4.0,11.0,21.0,5.0,2.05,8.0,16.0,1.0,11.0,0.0,4.0,1.0,25.0,2.0,0.0,4.0,1.0,4.0,2.75,1.0,3.0,2.0,1.0,1.0,1.0,1.0,0.0,0.0,0.0,0.0,0.0,0.0,0.0,0.0,0.527777777777778,0.0,0.0,3.0,0.0,2.0,0.0
0.0,3.0,79.0,1.0,0.0,1.0,0.0,5.0,1.0,5.0,0.0,1.0,1.0,5.0,42.0,1.0,5.0,5.0,16.0,0.0,1.0,1.0,5.0,6.0,5.0,5.0,15.0,28.0,6.0,1.5,9.0,21.0,1.0,15.0,0.0,5.0,1.0,60.0,3.0,0.0,8.0,2.0,8.0,3.8,1.0,3.0,2.0,1.0,1.0,1.0,1.0,0.0,0.0,0.0,0.0,0.0,0.0,0.0,0.0,0.544303797468354,0.0,0.0,4.0,0.0,3.0,0.0
0.0,3.0,80.0,1.0,0.0,1.0,0.0,5.0,1.0,5.0,0.0,2.0,1.0,5.0,45.0,1.0,5.0,5.0,15.0,0.0,1.0,1.0,5.0,6.0,5.0,5.0,14.0,27.0,6.0,1.67,8.0,20.0,1.0,14.0,0.0,5.0,1.0,40.0,3.0,0.0,7.0,2.0,8.0,4.6,2.0,3.0,2.0,1.0,1.0,1.0,1.0,0.0,0.0,0.0,0.0,0.0,0.0,0.0,0.0,0.575,0.0,0.0,4.0,0.0,2.0,0.0
0.0,3.0,105.0,1.0,0.0,1.0,0.0,7.0,1.0,7.0,0.0,3.0,1.0,7.0,58.0,1.0,7.0,7.0,18.0,0.0,4.0,1.0,7.0,11.0,7.0,7.0,17.0,37.0,11.0,1.57,10.0,28.0,1.0,20.0,0.0,7.0,1.0,64.0,2.0,0.0,4.0,1.0,7.0,4.71428571428571,2.0,6.0,2.0,1.0,1.0,1.0,1.0,0.0,0.0,0.0,0.0,0.0,0.0,0.0,0.0,0.542857142857143,0.0,0.0,2.0,0.0,4.0,0.0
0.0,3.0,106.0,2.0,0.0,1.0,0.0,10.0,1.0,6.0,0.0,2.0,1.0,8.0,57.0,1.0,8.0,9.0,18.0,0.0,3.0,3.0,8.0,11.0,9.0,8.0,18.0,38.0,12.0,1.5,11.0,30.0,2.0,20.0,0.0,8.0,1.0,70.0,3.0,0.0,6.0,2.0,7.0,3.625,1.0,4.0,1.875,1.0,2.0,1.125,1.0,1.0,0.3,0.0,1.0,1.0,1.0,20.0,5.0,0.386792452830189,1.0,0.0,3.0,1.0,2.0,0.0
0.0,3.0,55.0,1.0,0.0,1.0,0.0,2.0,1.0,5.0,0.0,2.0,1.0,2.0,39.0,1.0,2.0,2.0,8.0,0.0,0.0,1.0,2.0,2.0,2.0,2.0,8.0,13.0,2.0,3.0,3.0,10.0,1.0,7.0,0.0,2.0,1.0,0.0,3.0,0.0,4.0,2.0,4.0,3.0,2.0,2.0,2.0,2.0,1.0,1.0,1.0,0.0,0.0,0.0,0.0,0.0,0.0,0.0,0.0,0.6,0.0,0.0,3.0,0.0,2.0,0.0
0.0,3.0,57.0,1.0,0.0,1.0,0.0,3.0,1.0,5.0,0.0,1.0,1.0,3.0,37.0,1.0,3.0,3.0,8.0,0.0,0.0,1.0,3.0,4.0,3.0,3.0,8.0,16.0,4.0,2.31,4.0,12.0,1.0,8.0,0.0,3.0,1.0,0.0,3.0,0.0,5.0,1.0,4.0,3.0,2.0,3.0,2.33333333333333,2.0,1.0,1.0,1.0,0.0,0.0,0.0,0.0,0.0,0.0,0.0,0.0,0.947368421052632,0.0,0.0,2.0,0.0,0.0,0.0
0.0,3.0,104.0,1.0,0.0,1.0,0.0,7.0,1.0,6.0,0.0,3.0,1.0,7.0,60.0,1.0,7.0,7.0,16.0,0.0,2.0,1.0,7.0,9.0,7.0,7.0,16.0,33.0,9.0,1.82,11.0,25.0,1.0,17.0,0.0,7.0,1.0,57.0,2.0,0.0,4.0,2.0,5.0,2.57142857142857,1.0,4.0,1.57142857142857,1.0,1.0,1.0,1.0,0.0,0.0,0.0,1.0,1.0,1.0,1.0,1.0,0.413461538461538,1.0,0.0,3.0,1.0,2.0,0.0
0.0,3.0,60.0,1.0,0.0,1.0,0.0,3.0,1.0,4.0,0.0,1.0,1.0,3.0,39.0,1.0,3.0,3.0,9.0,0.0,0.0,1.0,3.0,4.0,3.0,3.0,9.0,17.0,4.0,2.29,4.0,13.0,1.0,9.0,0.0,3.0,1.0,0.0,3.0,0.0,5.0,2.0,4.0,3.0,2.0,3.0,2.33333333333333,2.0,1.0,1.0,1.0,0.0,0.0,0.0,0.0,0.0,0.0,0.0,0.0,0.666666666666667,0.0,0.0,4.0,0.0,0.0,0.0
0.0,3.0,80.0,1.0,0.0,1.0,0.0,5.0,1.0,5.0,0.0,2.0,1.0,5.0,46.0,1.0,5.0,5.0,13.0,0.0,2.0,1.0,5.0,7.0,5.0,5.0,13.0,26.0,7.0,1.77,8.0,20.0,1.0,14.0,0.0,5.0,1.0,40.0,2.0,0.0,4.0,1.0,5.0,3.8,2.0,4.0,2.0,1.0,1.0,1.0,1.0,0.0,0.0,0.0,0.0,0.0,0.0,0.0,0.0,0.5125,0.0,0.0,3.0,0.0,2.0,0.0
0.0,3.0,74.0,1.0,0.0,1.0,0.0,4.0,1.0,5.0,0.0,2.0,1.0,4.0,46.0,1.0,4.0,4.0,11.0,0.0,1.0,1.0,4.0,5.0,4.0,4.0,11.0,21.0,5.0,2.19,7.0,16.0,1.0,11.0,0.0,4.0,1.0,25.0,2.0,0.0,4.0,1.0,5.0,3.25,1.0,3.0,2.0,1.0,1.0,1.0,1.0,0.0,0.0,0.0,0.0,0.0,0.0,0.0,0.0,0.540540540540541,0.0,0.0,3.0,0.0,4.0,0.0
0.0,2.0,78.0,1.0,0.0,1.0,0.0,3.0,1.0,2.0,0.0,0.0,1.0,3.0,8.0,1.0,3.0,3.0,59.0,0.0,50.0,1.0,3.0,2.0,3.0,3.0,59.0,64.0,2.0,0.12,6.0,61.0,1.0,57.0,0.0,3.0,1.0,100.0,1.0,0.0,4.0,2.0,4.0,1.33333333333333,0.0,2.0,1.33333333333333,1.0,1.0,1.0,1.0,4.0,0.666666666666667,0.0,1.0,1.0,1.0,78.0,0.0,1.0,1.0,0.0,1.0,1.0,0.0,0.0
0.0,2.0,77.0,1.0,0.0,1.0,0.0,10.0,1.0,2.0,0.0,0.0,1.0,10.0,29.0,1.0,10.0,10.0,16.0,0.0,1.0,1.0,10.0,8.0,10.0,10.0,16.0,35.0,8.0,0.83,13.0,24.0,1.0,13.0,0.0,10.0,1.0,80.0,1.0,0.0,1.0,2.0,2.0,0.4,0.0,2.0,1.0,0.0,1.0,1.0,1.0,0.0,0.0,0.0,0.0,0.0,0.0,0.0,0.0,0.818181818181818,0.0,0.0,2.0,0.0,0.0,0.0
1.0,7.0,60.0,2.0,0.0,1.0,0.0,3.0,2.0,7.0,0.0,0.0,2.0,2.0,31.0,1.0,2.0,3.0,13.0,0.0,6.0,2.0,1.0,9.0,3.0,2.0,13.0,26.0,9.0,1.19,4.0,22.0,2.0,18.0,0.0,2.0,2.0,50.0,1.0,0.0,3.0,1.0,3.0,2.5,2.0,12.0,7.5,3.0,2.0,1.5,1.0,1.0,0.75,0.0,0.0,0.0,0.0,0.0,0.0,1.0,0.0,0.0,1.0,0.0,0.0,0.0
0.0,0.0,277.0,0.0,0.0,0.0,97.0,0.0,0.0,0.0,0.0,0.0,0.0,0.0,31.0,1.0,0.0,0.0,101.0,0.0,0.0,0.0,0.0,236.0,0.0,0.0,99.0,242.0,45.0,0.13,5.0,144.0,0.0,143.0,0.0,0.0,0.0,0.0,1.0,0.0,0.0,1.0,0.0,0.0,0.0,0.0,0.0,0.0,0.0,0.0,0.0,0.0,0.0,0.0,0.0,0.0,0.0,0.0,0.0,1.0,0.0,0.0,1.0,0.0,0.0,0.0
0.0,131.0,343.0,51.0,0.0,17.0,1.0,58.0,26.0,144.0,1.0,6.0,11.0,2.0,43.0,1.0,2.0,22.0,68.0,0.0,0.0,57.0,2.0,210.0,52.0,34.0,70.0,283.0,125.0,0.15,19.0,195.0,21.0,174.0,7.0,1.0,29.0,100.0,1.0,0.0,21.0,1.0,52.0,27.5,3.0,39.0,20.0,1.0,106.0,53.5,1.0,3.0,2.25,0.0,2.0,2.0,2.0,5.0,4.0,0.927113702623907,0.5,0.0,2.0,2.0,2.0,0.0
9.0,9.0,179.0,13.0,0.0,1.0,1.0,35.0,3.0,9.0,1.0,0.0,2.0,12.0,31.0,1.0,12.0,21.0,50.0,0.0,2.0,13.0,3.0,76.0,32.0,12.0,51.0,127.0,58.0,0.24,22.0,109.0,2.0,87.0,0.0,11.0,3.0,83.0,1.0,0.0,9.0,2.0,8.0,3.33333333333333,1.0,13.0,4.41666666666667,1.0,13.0,2.66666666666667,1.0,1.0,0.785714285714286,0.0,3.0,3.0,2.0,44.0,42.0,0.720670391061452,0.666666666666667,0.0,2.0,2.0,1.0,0.0
0.0,1.0,11.0,1.0,0.0,1.0,0.0,3.0,1.0,1.0,0.0,0.0,1.0,3.0,0.0,1.0,3.0,3.0,8.0,0.0,0.0,1.0,3.0,0.0,3.0,3.0,8.0,9.0,0.0,0.0,2.0,8.0,1.0,7.0,0.0,3.0,1.0,0.0,0.0,1.0,3.0,0.0,3.0,1.66666666666667,0.0,1.0,1.0,1.0,1.0,1.0,1.0,0.0,0.0,0.0,1.0,1.0,1.0,1.0,0.0,1.0,1.0,0.0,1.0,1.0,0.0,0.0
6.0,15.0,217.0,9.0,0.0,1.0,0.0,40.0,3.0,16.0,0.0,0.0,3.0,9.0,32.0,1.0,9.0,29.0,58.0,0.0,5.0,13.0,3.0,110.0,29.0,9.0,61.0,166.0,79.0,0.19,20.0,140.0,9.0,111.0,0.0,9.0,4.0,75.0,1.0,0.0,15.0,1.0,14.0,5.44444444444444,1.0,36.0,9.44444444444444,1.0,64.0,13.0,1.0,2.0,1.18181818181818,0.0,2.0,2.0,1.0,7.0,6.0,0.944700460829493,1.0,0.0,2.0,1.0,1.0,0.0
0.0,3.0,422.0,1.0,0.0,1.0,130.0,2.0,1.0,3.0,2.0,0.0,1.0,2.0,31.0,1.0,2.0,2.0,138.0,0.0,0.0,1.0,2.0,374.0,2.0,2.0,136.0,385.0,123.0,0.08,6.0,259.0,1.0,256.0,0.0,0.0,1.0,99.0,1.0,0.0,0.0,1.0,11.0,7.0,3.0,3.0,2.0,1.0,1.0,1.0,1.0,0.0,0.0,0.0,0.0,0.0,0.0,0.0,0.0,0.834123222748815,0.0,0.0,2.0,0.0,0.0,0.0
12.0,20.0,716.0,143.0,0.0,3.0,2.0,190.0,7.0,24.0,1.0,3.0,2.0,25.0,83.0,3.0,25.0,60.0,124.0,0.0,33.0,146.0,13.0,416.0,180.0,82.0,127.0,564.0,251.0,0.15,69.0,378.0,23.0,319.0,1.0,24.0,8.0,80.0,1.0,0.0,29.0,1.0,147.0,10.72,2.0,73.0,6.68,1.0,161.0,9.0,1.0,4.0,0.689655172413793,0.0,10.0,10.0,3.0,25.0,23.0,0.523743016759777,0.6,0.0,3.0,3.0,3.0,0.0
0.0,3.0,67.0,1.0,0.0,1.0,0.0,4.0,1.0,4.0,0.0,1.0,1.0,4.0,41.0,1.0,4.0,4.0,11.0,0.0,0.0,1.0,4.0,4.0,4.0,4.0,11.0,20.0,4.0,2.05,6.0,15.0,1.0,10.0,0.0,4.0,1.0,0.0,2.0,0.0,4.0,2.0,3.0,1.5,0.0,2.0,1.5,1.0,1.0,1.0,1.0,0.0,0.0,0.0,0.0,0.0,0.0,0.0,0.0,0.686567164179104,0.0,0.0,2.0,0.0,3.0,0.0
0.0,3.0,118.0,2.0,0.0,1.0,0.0,11.0,1.0,5.0,0.0,2.0,1.0,10.0,56.0,1.0,10.0,11.0,22.0,0.0,3.0,2.0,10.0,16.0,11.0,10.0,22.0,50.0,16.0,1.12,12.0,38.0,2.0,26.0,0.0,10.0,1.0,66.0,2.0,0.0,8.0,4.0,9.0,4.3,0.0,5.0,2.0,1.0,2.0,1.1,1.0,1.0,0.25,0.0,5.0,5.0,2.0,18.0,17.0,0.457627118644068,0.8,0.0,4.0,2.0,3.0,0.0
0.0,4.0,86.0,2.0,0.0,1.0,0.0,8.0,1.0,5.0,0.0,0.0,1.0,6.0,39.0,1.0,6.0,8.0,17.0,0.0,2.0,2.0,6.0,11.0,8.0,6.0,17.0,37.0,11.0,1.05,10.0,28.0,2.0,19.0,0.0,6.0,1.0,50.0,2.0,0.0,6.0,2.0,7.0,4.0,1.0,3.0,2.0,1.0,2.0,1.33333333333333,1.0,1.0,0.5,0.0,0.0,0.0,0.0,0.0,0.0,0.558139534883721,0.0,0.0,4.0,0.0,2.0,0.0
0.0,3.0,117.0,1.0,0.0,1.0,0.0,8.0,1.0,7.0,0.0,3.0,1.0,8.0,67.0,1.0,8.0,8.0,18.0,0.0,4.0,1.0,8.0,12.0,8.0,8.0,18.0,39.0,12.0,1.72,11.0,30.0,1.0,21.0,0.0,8.0,1.0,65.0,2.0,0.0,4.0,1.0,7.0,5.375,2.0,6.0,1.875,1.0,1.0,1.0,1.0,0.0,0.0,0.0,0.0,0.0,0.0,0.0,0.0,0.367521367521368,0.0,0.0,3.0,0.0,3.0,0.0
0.0,3.0,75.0,1.0,0.0,1.0,0.0,5.0,1.0,4.0,0.0,1.0,1.0,5.0,42.0,1.0,5.0,5.0,13.0,0.0,1.0,1.0,5.0,6.0,5.0,5.0,13.0,25.0,6.0,1.68,8.0,19.0,1.0,13.0,0.0,5.0,1.0,40.0,2.0,0.0,4.0,2.0,6.0,3.0,1.0,3.0,1.6,1.0,1.0,1.0,1.0,0.0,0.0,0.0,0.0,0.0,0.0,0.0,0.0,0.613333333333333,0.0,0.0,4.0,0.0,2.0,0.0
0.0,3.0,78.0,1.0,0.0,1.0,0.0,4.0,1.0,5.0,0.0,2.0,1.0,4.0,45.0,1.0,4.0,4.0,14.0,0.0,2.0,1.0,4.0,6.0,4.0,4.0,14.0,24.0,5.0,1.88,9.0,19.0,1.0,14.0,0.0,4.0,1.0,62.0,3.0,0.0,7.0,1.0,6.0,3.5,1.0,4.0,2.5,1.0,1.0,1.0,1.0,0.0,0.0,0.0,4.0,4.0,1.0,5.0,5.0,0.576923076923077,1.0,0.0,3.0,1.0,1.0,0.0
0.0,3.0,75.0,1.0,0.0,1.0,0.0,4.0,1.0,6.0,0.0,2.0,1.0,4.0,45.0,1.0,4.0,4.0,12.0,0.0,1.0,1.0,4.0,6.0,4.0,4.0,12.0,23.0,6.0,1.96,7.0,18.0,1.0,13.0,0.0,4.0,1.0,50.0,3.0,0.0,4.0,2.0,7.0,3.5,0.0,4.0,2.5,1.0,1.0,1.0,1.0,0.0,0.0,0.0,1.0,1.0,1.0,1.0,1.0,0.52,1.0,0.0,4.0,1.0,2.0,0.0
0.0,3.0,71.0,1.0,0.0,1.0,0.0,4.0,1.0,5.0,0.0,2.0,1.0,4.0,42.0,1.0,4.0,4.0,12.0,0.0,1.0,1.0,4.0,5.0,4.0,4.0,12.0,22.0,5.0,1.91,7.0,17.0,1.0,12.0,0.0,4.0,1.0,50.0,2.0,0.0,4.0,2.0,8.0,4.5,1.0,3.0,1.75,1.0,1.0,1.0,1.0,0.0,0.0,0.0,1.0,1.0,1.0,1.0,1.0,0.52112676056338,1.0,0.0,4.0,1.0,1.0,0.0
0.0,3.0,71.0,1.0,0.0,1.0,0.0,4.0,1.0,5.0,0.0,2.0,1.0,4.0,43.0,1.0,4.0,4.0,11.0,0.0,1.0,1.0,4.0,5.0,4.0,4.0,11.0,21.0,5.0,2.05,7.0,16.0,1.0,11.0,0.0,4.0,1.0,25.0,2.0,0.0,5.0,1.0,7.0,3.5,1.0,3.0,2.0,1.0,1.0,1.0,1.0,0.0,0.0,0.0,0.0,0.0,0.0,0.0,0.0,0.535211267605634,0.0,0.0,3.0,0.0,2.0,0.0
0.0,1.0,37.0,1.0,0.0,1.0,0.0,2.0,1.0,1.0,0.0,0.0,1.0,2.0,31.0,1.0,2.0,2.0,4.0,0.0,0.0,1.0,2.0,0.0,2.0,2.0,4.0,5.0,0.0,6.2,1.0,4.0,1.0,3.0,0.0,2.0,1.0,0.0,0.0,3.0,1.0,0.0,3.0,2.0,1.0,1.0,0.5,0.0,1.0,1.0,1.0,0.0,0.0,0.0,0.0,0.0,0.0,0.0,0.0,1.0,0.0,0.0,1.0,0.0,0.0,0.0
0.0,3.0,91.0,1.0,0.0,1.0,0.0,6.0,1.0,6.0,0.0,2.0,1.0,6.0,51.0,1.0,6.0,6.0,15.0,0.0,3.0,1.0,6.0,9.0,6.0,6.0,15.0,31.0,9.0,1.65,9.0,24.0,1.0,17.0,0.0,6.0,1.0,50.0,2.0,0.0,4.0,1.0,11.0,7.0,2.0,5.0,2.0,1.0,1.0,1.0,1.0,0.0,0.0,0.0,0.0,0.0,0.0,0.0,0.0,0.483516483516484,0.0,0.0,3.0,0.0,2.0,0.0
0.0,3.0,81.0,1.0,0.0,1.0,0.0,5.0,1.0,5.0,0.0,2.0,1.0,5.0,47.0,1.0,5.0,5.0,13.0,0.0,1.0,1.0,5.0,7.0,5.0,5.0,13.0,26.0,7.0,1.81,8.0,20.0,1.0,14.0,0.0,5.0,1.0,40.0,3.0,0.0,4.0,2.0,5.0,2.6,0.0,4.0,2.2,1.0,1.0,1.0,1.0,0.0,0.0,0.0,1.0,1.0,1.0,1.0,1.0,0.530864197530864,1.0,0.0,4.0,1.0,3.0,0.0
0.0,3.0,85.0,1.0,0.0,1.0,0.0,6.0,1.0,5.0,0.0,1.0,1.0,6.0,46.0,1.0,6.0,6.0,16.0,0.0,1.0,1.0,6.0,7.0,6.0,6.0,16.0,30.0,7.0,1.53,9.0,23.0,1.0,16.0,0.0,6.0,1.0,50.0,2.0,0.0,5.0,3.0,7.0,2.83333333333333,0.0,3.0,1.66666666666667,1.0,1.0,1.0,1.0,0.0,0.0,0.0,1.0,1.0,1.0,1.0,9.0,0.623529411764706,1.0,0.0,3.0,1.0,3.0,0.0
0.0,1.0,34.0,1.0,0.0,1.0,0.0,1.0,1.0,1.0,0.0,0.0,1.0,1.0,29.0,1.0,1.0,1.0,3.0,0.0,0.0,1.0,1.0,0.0,1.0,1.0,3.0,4.0,0.0,7.25,1.0,3.0,1.0,2.0,0.0,1.0,1.0,0.0,0.0,2.0,1.0,0.0,1.0,1.0,1.0,1.0,1.0,1.0,1.0,1.0,1.0,0.0,0.0,0.0,0.0,0.0,0.0,0.0,0.0,0.882352941176471,0.0,0.0,2.0,0.0,0.0,0.0
0.0,3.0,104.0,1.0,0.0,1.0,0.0,8.0,1.0,5.0,0.0,1.0,1.0,8.0,47.0,1.0,8.0,8.0,24.0,0.0,4.0,1.0,8.0,13.0,8.0,8.0,23.0,45.0,12.0,1.04,12.0,35.0,1.0,26.0,0.0,8.0,1.0,68.0,2.0,3.0,8.0,1.0,13.0,6.75,2.0,10.0,2.5,1.0,1.0,1.0,1.0,0.0,0.0,0.0,2.0,2.0,1.0,11.0,1.0,0.413461538461538,1.0,0.0,3.0,1.0,2.0,0.0
0.0,4.0,153.0,3.0,0.0,1.0,0.0,21.0,2.0,7.0,0.0,1.0,2.0,13.0,55.0,1.0,13.0,20.0,24.0,0.0,1.0,3.0,13.0,34.0,20.0,13.0,25.0,74.0,34.0,0.74,24.0,59.0,3.0,39.0,0.0,13.0,2.0,23.0,2.0,6.0,4.0,1.0,42.0,11.5384615384615,1.0,7.0,3.30769230769231,1.0,3.0,1.46153846153846,1.0,2.0,0.6,0.0,2.0,2.0,2.0,35.0,55.0,0.568627450980392,0.5,0.0,3.0,2.0,2.0,0.0
0.0,3.0,106.0,1.0,0.0,1.0,0.0,7.0,1.0,6.0,0.0,3.0,1.0,7.0,60.0,1.0,7.0,7.0,16.0,0.0,2.0,1.0,7.0,10.0,7.0,7.0,16.0,34.0,10.0,1.76,12.0,26.0,1.0,18.0,0.0,7.0,1.0,57.0,3.0,0.0,4.0,2.0,9.0,3.85714285714286,0.0,5.0,2.0,1.0,1.0,1.0,1.0,0.0,0.0,0.0,1.0,1.0,1.0,1.0,9.0,0.490566037735849,1.0,0.0,4.0,1.0,2.0,0.0
0.0,3.0,106.0,1.0,0.0,1.0,0.0,7.0,1.0,6.0,0.0,3.0,1.0,7.0,61.0,1.0,7.0,7.0,16.0,0.0,2.0,1.0,7.0,9.0,7.0,7.0,16.0,33.0,9.0,1.85,12.0,25.0,1.0,17.0,0.0,7.0,1.0,57.0,2.0,0.0,4.0,2.0,6.0,3.0,1.0,4.0,1.57142857142857,1.0,1.0,1.0,1.0,0.0,0.0,0.0,0.0,0.0,0.0,0.0,0.0,0.452830188679245,0.0,0.0,3.0,0.0,3.0,0.0
0.0,3.0,78.0,1.0,0.0,1.0,0.0,5.0,1.0,6.0,0.0,2.0,1.0,5.0,43.0,1.0,5.0,5.0,13.0,0.0,2.0,1.0,5.0,7.0,5.0,5.0,13.0,26.0,7.0,1.65,9.0,20.0,1.0,14.0,0.0,5.0,1.0,40.0,2.0,0.0,4.0,1.0,6.0,4.0,2.0,4.0,2.0,1.0,1.0,1.0,1.0,0.0,0.0,0.0,0.0,0.0,0.0,0.0,0.0,0.512820512820513,0.0,0.0,3.0,0.0,3.0,0.0
0.0,3.0,82.0,1.0,0.0,1.0,0.0,5.0,1.0,6.0,0.0,2.0,1.0,5.0,43.0,1.0,5.0,5.0,16.0,0.0,3.0,1.0,5.0,8.0,5.0,5.0,16.0,29.0,7.0,1.48,10.0,23.0,1.0,17.0,0.0,5.0,1.0,60.0,2.0,0.0,7.0,1.0,5.0,3.8,2.0,4.0,2.0,1.0,1.0,1.0,1.0,0.0,0.0,0.0,4.0,4.0,1.0,5.0,5.0,0.48780487804878,1.0,0.0,4.0,1.0,1.0,0.0
0.0,3.0,67.0,1.0,0.0,1.0,0.0,4.0,1.0,5.0,0.0,2.0,1.0,4.0,39.0,1.0,4.0,4.0,11.0,0.0,1.0,1.0,4.0,5.0,4.0,4.0,11.0,21.0,5.0,1.86,7.0,16.0,1.0,11.0,0.0,4.0,1.0,25.0,2.0,0.0,4.0,1.0,5.0,3.0,1.0,3.0,2.0,1.0,1.0,1.0,1.0,0.0,0.0,0.0,0.0,0.0,0.0,0.0,0.0,0.537313432835821,0.0,0.0,3.0,0.0,3.0,0.0
0.0,4.0,98.0,1.0,0.0,1.0,0.0,6.0,1.0,8.0,0.0,3.0,1.0,6.0,54.0,1.0,6.0,6.0,16.0,0.0,4.0,1.0,6.0,13.0,6.0,6.0,15.0,35.0,13.0,1.54,9.0,28.0,1.0,21.0,0.0,6.0,1.0,62.0,2.0,2.0,5.0,2.0,12.0,6.16666666666667,1.0,12.0,3.0,1.0,1.0,1.0,1.0,0.0,0.0,0.0,0.0,0.0,0.0,0.0,0.0,0.898989898989899,0.0,0.0,2.0,0.0,0.0,0.0
0.0,3.0,93.0,1.0,0.0,1.0,0.0,6.0,1.0,6.0,0.0,3.0,1.0,6.0,52.0,1.0,6.0,6.0,16.0,0.0,3.0,1.0,6.0,9.0,6.0,6.0,16.0,32.0,9.0,1.62,9.0,25.0,1.0,18.0,0.0,6.0,1.0,55.0,2.0,0.0,6.0,2.0,6.0,3.66666666666667,2.0,5.0,2.0,1.0,1.0,1.0,1.0,0.0,0.0,0.0,0.0,0.0,0.0,0.0,0.0,0.43010752688172,0.0,0.0,4.0,0.0,2.0,0.0
0.0,3.0,89.0,3.0,0.0,1.0,0.0,8.0,1.0,6.0,0.0,2.0,1.0,6.0,46.0,1.0,6.0,8.0,15.0,0.0,2.0,3.0,6.0,10.0,8.0,6.0,15.0,33.0,10.0,1.39,10.0,25.0,3.0,17.0,0.0,6.0,1.0,33.0,3.0,0.0,6.0,1.0,11.0,4.83333333333333,2.0,4.0,2.5,1.0,2.0,1.16666666666667,1.0,1.0,0.375,0.0,0.0,0.0,0.0,0.0,0.0,0.48314606741573,0.0,0.0,4.0,0.0,2.0,0.0
0.0,3.0,80.0,1.0,0.0,1.0,0.0,4.0,1.0,5.0,0.0,2.0,1.0,4.0,51.0,1.0,4.0,4.0,11.0,0.0,1.0,1.0,4.0,5.0,4.0,4.0,11.0,21.0,5.0,2.43,8.0,16.0,1.0,11.0,0.0,4.0,1.0,25.0,2.0,0.0,4.0,1.0,21.0,7.5,1.0,3.0,2.0,1.0,1.0,1.0,1.0,0.0,0.0,0.0,0.0,0.0,0.0,0.0,0.0,0.4875,0.0,0.0,4.0,0.0,2.0,0.0
0.0,3.0,75.0,1.0,0.0,1.0,0.0,5.0,1.0,5.0,0.0,1.0,1.0,5.0,42.0,1.0,5.0,5.0,12.0,0.0,1.0,1.0,5.0,7.0,5.0,5.0,12.0,25.0,7.0,1.68,8.0,19.0,1.0,13.0,0.0,5.0,1.0,19.0,2.0,0.0,4.0,1.0,4.0,2.8,1.0,3.0,2.2,1.0,1.0,1.0,1.0,0.0,0.0,0.0,0.0,0.0,0.0,0.0,0.0,0.693333333333333,0.0,0.0,3.0,0.0,3.0,0.0
0.0,3.0,67.0,1.0,0.0,1.0,0.0,4.0,1.0,4.0,0.0,1.0,1.0,4.0,41.0,1.0,4.0,4.0,11.0,0.0,0.0,1.0,4.0,4.0,4.0,4.0,11.0,20.0,4.0,2.05,6.0,15.0,1.0,10.0,0.0,4.0,1.0,0.0,2.0,0.0,4.0,2.0,5.0,2.0,0.0,2.0,1.5,1.0,1.0,1.0,1.0,0.0,0.0,0.0,0.0,0.0,0.0,0.0,0.0,0.656716417910448,0.0,0.0,3.0,0.0,3.0,0.0
0.0,5.0,147.0,3.0,0.0,1.0,2.0,19.0,1.0,6.0,1.0,0.0,1.0,13.0,41.0,1.0,13.0,19.0,40.0,2.0,2.0,3.0,11.0,39.0,19.0,13.0,41.0,81.0,26.0,0.51,25.0,67.0,3.0,47.0,0.0,12.0,1.0,80.0,1.0,81.0,6.0,2.0,87.0,22.0769230769231,1.0,11.0,2.84615384615385,1.0,3.0,1.46153846153846,1.0,2.0,0.6,0.0,0.0,0.0,0.0,0.0,0.0,0.748299319727891,0.0,0.0,3.0,0.0,3.0,0.0
0.0,0.0,47.0,1.0,0.0,0.0,0.0,2.0,0.0,0.0,0.0,0.0,0.0,0.0,29.0,1.0,2.0,2.0,16.0,0.0,103.0,1.0,2.0,0.0,2.0,2.0,2.0,17.0,0.0,1.71,1.0,2.0,1.0,1.0,0.0,2.0,0.0,100.0,1.0,0.0,0.0,1.0,0.0,0.0,0.0,1.0,1.0,1.0,0.0,0.0,0.0,0.0,0.0,0.0,0.0,0.0,0.0,0.0,0.0,0.978723404255319,0.0,0.0,1.0,0.0,1.0,0.0
0.0,3.0,71.0,1.0,0.0,1.0,0.0,4.0,1.0,5.0,0.0,2.0,1.0,4.0,42.0,1.0,4.0,4.0,11.0,0.0,1.0,1.0,4.0,5.0,4.0,4.0,11.0,21.0,5.0,2.0,8.0,16.0,1.0,11.0,0.0,4.0,1.0,25.0,2.0,0.0,4.0,1.0,7.0,3.5,1.0,3.0,2.0,1.0,1.0,1.0,1.0,0.0,0.0,0.0,0.0,0.0,0.0,0.0,0.0,0.535211267605634,0.0,0.0,3.0,0.0,3.0,0.0
0.0,3.0,70.0,1.0,0.0,1.0,0.0,4.0,1.0,5.0,0.0,2.0,1.0,4.0,42.0,1.0,4.0,4.0,11.0,0.0,1.0,1.0,4.0,5.0,4.0,4.0,11.0,21.0,5.0,2.0,7.0,16.0,1.0,11.0,0.0,4.0,1.0,50.0,2.0,0.0,4.0,1.0,9.0,4.0,1.0,3.0,1.75,1.0,1.0,1.0,1.0,0.0,0.0,0.0,0.0,0.0,0.0,0.0,0.0,0.542857142857143,0.0,0.0,3.0,0.0,3.0,0.0
0.0,3.0,77.0,1.0,0.0,1.0,0.0,5.0,1.0,5.0,0.0,2.0,1.0,5.0,43.0,1.0,5.0,5.0,13.0,0.0,2.0,1.0,5.0,7.0,5.0,5.0,13.0,26.0,7.0,1.65,8.0,20.0,1.0,14.0,0.0,5.0,1.0,40.0,2.0,0.0,4.0,2.0,5.0,2.8,2.0,4.0,2.0,1.0,1.0,1.0,1.0,0.0,0.0,0.0,0.0,0.0,0.0,0.0,0.0,0.506493506493506,0.0,0.0,4.0,0.0,2.0,0.0
0.0,3.0,108.0,1.0,0.0,1.0,0.0,8.0,1.0,6.0,0.0,2.0,1.0,8.0,54.0,1.0,8.0,8.0,21.0,0.0,5.0,1.0,8.0,13.0,8.0,8.0,21.0,43.0,13.0,1.26,11.0,34.0,1.0,25.0,0.0,8.0,1.0,70.0,2.0,0.0,7.0,1.0,8.0,5.375,2.0,8.0,2.125,1.0,1.0,1.0,1.0,0.0,0.0,0.0,4.0,4.0,2.0,15.0,15.0,0.407407407407407,0.75,0.0,3.0,2.0,3.0,0.0
0.0,3.0,77.0,1.0,0.0,1.0,0.0,5.0,1.0,5.0,0.0,2.0,1.0,5.0,43.0,1.0,5.0,5.0,13.0,0.0,2.0,1.0,5.0,7.0,5.0,5.0,13.0,26.0,7.0,1.65,8.0,20.0,1.0,14.0,0.0,5.0,1.0,40.0,2.0,0.0,4.0,2.0,5.0,3.6,2.0,4.0,2.0,1.0,1.0,1.0,1.0,0.0,0.0,0.0,0.0,0.0,0.0,0.0,0.0,0.519480519480519,0.0,0.0,4.0,0.0,2.0,0.0
0.0,4.0,115.0,2.0,0.0,1.0,0.0,8.0,1.0,7.0,0.0,2.0,1.0,7.0,60.0,1.0,7.0,8.0,21.0,0.0,6.0,2.0,7.0,15.0,8.0,7.0,21.0,45.0,15.0,1.33,10.0,36.0,2.0,27.0,0.0,7.0,1.0,69.0,2.0,0.0,8.0,1.0,9.0,6.28571428571429,2.0,9.0,2.42857142857143,1.0,2.0,1.14285714285714,1.0,1.0,0.333333333333333,0.0,5.0,5.0,2.0,14.0,7.0,0.417391304347826,0.8,0.0,3.0,2.0,3.0,0.0
0.0,3.0,81.0,1.0,0.0,1.0,0.0,5.0,1.0,5.0,0.0,2.0,1.0,5.0,46.0,1.0,5.0,5.0,13.0,0.0,2.0,1.0,5.0,7.0,5.0,5.0,13.0,26.0,7.0,1.77,9.0,20.0,1.0,14.0,0.0,5.0,1.0,40.0,2.0,0.0,4.0,2.0,8.0,5.2,2.0,4.0,2.0,1.0,1.0,1.0,1.0,0.0,0.0,0.0,0.0,0.0,0.0,0.0,0.0,0.506172839506173,0.0,0.0,3.0,0.0,3.0,0.0
0.0,3.0,53.0,1.0,0.0,1.0,0.0,2.0,1.0,5.0,0.0,2.0,1.0,2.0,38.0,1.0,2.0,2.0,7.0,0.0,0.0,1.0,2.0,2.0,2.0,2.0,7.0,12.0,2.0,3.17,3.0,9.0,1.0,6.0,0.0,2.0,1.0,0.0,3.0,0.0,4.0,1.0,5.0,3.5,2.0,2.0,2.0,2.0,1.0,1.0,1.0,0.0,0.0,0.0,0.0,0.0,0.0,0.0,0.0,0.622641509433962,0.0,0.0,3.0,0.0,2.0,0.0
0.0,3.0,48.0,1.0,0.0,1.0,0.0,2.0,1.0,3.0,0.0,0.0,1.0,2.0,31.0,1.0,2.0,2.0,9.0,0.0,0.0,1.0,2.0,2.0,2.0,2.0,8.0,14.0,2.0,2.21,3.0,10.0,1.0,7.0,0.0,2.0,1.0,0.0,3.0,0.0,5.0,1.0,5.0,3.5,2.0,2.0,2.0,2.0,1.0,1.0,1.0,0.0,0.0,0.0,0.0,0.0,0.0,0.0,0.0,1.0,0.0,0.0,1.0,0.0,0.0,0.0
0.0,3.0,59.0,1.0,0.0,1.0,0.0,3.0,1.0,4.0,0.0,1.0,1.0,3.0,38.0,1.0,3.0,3.0,9.0,0.0,0.0,1.0,3.0,3.0,3.0,3.0,9.0,16.0,3.0,2.38,5.0,12.0,1.0,8.0,0.0,3.0,1.0,0.0,2.0,0.0,4.0,1.0,3.0,2.0,1.0,2.0,1.66666666666667,1.0,1.0,1.0,1.0,0.0,0.0,0.0,0.0,0.0,0.0,0.0,0.0,0.610169491525424,0.0,0.0,4.0,0.0,2.0,0.0
0.0,3.0,91.0,1.0,0.0,1.0,0.0,7.0,1.0,4.0,0.0,1.0,1.0,7.0,42.0,1.0,7.0,7.0,19.0,0.0,3.0,1.0,7.0,10.0,7.0,7.0,19.0,37.0,10.0,1.14,12.0,29.0,1.0,21.0,0.0,7.0,1.0,71.0,2.0,0.0,6.0,2.0,7.0,3.85714285714286,1.0,4.0,1.71428571428571,1.0,1.0,1.0,1.0,0.0,0.0,0.0,4.0,4.0,4.0,14.0,21.0,0.483516483516484,0.25,0.0,3.0,4.0,4.0,0.0
0.0,3.0,91.0,2.0,0.0,1.0,0.0,7.0,1.0,6.0,0.0,2.0,1.0,6.0,49.0,1.0,6.0,7.0,15.0,0.0,3.0,2.0,6.0,10.0,7.0,6.0,15.0,32.0,11.0,1.53,10.0,26.0,2.0,18.0,0.0,6.0,1.0,50.0,2.0,0.0,4.0,1.0,6.0,4.33333333333333,2.0,5.0,2.0,1.0,2.0,1.16666666666667,1.0,1.0,0.375,0.0,0.0,0.0,0.0,0.0,0.0,0.56043956043956,0.0,0.0,3.0,0.0,3.0,0.0
0.0,3.0,91.0,1.0,0.0,1.0,0.0,6.0,1.0,6.0,0.0,2.0,1.0,6.0,51.0,1.0,6.0,6.0,15.0,0.0,3.0,1.0,6.0,9.0,6.0,6.0,15.0,31.0,9.0,1.65,9.0,24.0,1.0,17.0,0.0,6.0,1.0,50.0,2.0,0.0,5.0,1.0,6.0,3.83333333333333,2.0,5.0,2.0,1.0,1.0,1.0,1.0,0.0,0.0,0.0,0.0,0.0,0.0,0.0,0.0,0.494505494505495,0.0,0.0,3.0,0.0,4.0,0.0
0.0,3.0,59.0,1.0,0.0,1.0,0.0,3.0,1.0,4.0,0.0,1.0,1.0,3.0,37.0,1.0,3.0,3.0,9.0,0.0,0.0,1.0,3.0,3.0,3.0,3.0,9.0,16.0,3.0,2.31,6.0,12.0,1.0,8.0,0.0,3.0,1.0,0.0,2.0,0.0,4.0,1.0,3.0,2.0,1.0,2.0,1.66666666666667,1.0,1.0,1.0,1.0,0.0,0.0,0.0,0.0,0.0,0.0,0.0,0.0,0.610169491525424,0.0,0.0,4.0,0.0,2.0,0.0
0.0,3.0,75.0,1.0,0.0,1.0,0.0,6.0,1.0,3.0,0.0,0.0,1.0,6.0,38.0,1.0,6.0,6.0,14.0,0.0,2.0,1.0,6.0,7.0,6.0,6.0,14.0,28.0,7.0,1.36,9.0,21.0,1.0,14.0,0.0,6.0,1.0,58.0,2.0,0.0,4.0,1.0,5.0,2.33333333333333,1.0,3.0,1.66666666666667,1.0,1.0,1.0,1.0,0.0,0.0,0.0,0.0,0.0,0.0,0.0,0.0,0.533333333333333,0.0,0.0,3.0,0.0,2.0,0.0
0.0,3.0,100.0,1.0,0.0,1.0,0.0,6.0,1.0,7.0,0.0,3.0,1.0,6.0,57.0,1.0,6.0,6.0,17.0,0.0,3.0,1.0,6.0,9.0,6.0,6.0,17.0,33.0,9.0,1.73,10.0,26.0,1.0,19.0,0.0,6.0,1.0,61.0,2.0,0.0,6.0,1.0,8.0,3.83333333333333,1.0,6.0,2.16666666666667,1.0,1.0,1.0,1.0,0.0,0.0,0.0,0.0,0.0,0.0,0.0,0.0,0.96,0.0,0.0,1.0,0.0,1.0,0.0
0.0,3.0,99.0,1.0,0.0,1.0,0.0,6.0,1.0,6.0,0.0,3.0,1.0,6.0,58.0,1.0,6.0,6.0,16.0,0.0,3.0,1.0,6.0,9.0,6.0,6.0,16.0,32.0,9.0,1.81,9.0,25.0,1.0,18.0,0.0,6.0,1.0,55.0,2.0,0.0,5.0,1.0,6.0,3.5,2.0,5.0,2.0,1.0,1.0,1.0,1.0,0.0,0.0,0.0,0.0,0.0,0.0,0.0,0.0,0.383838383838384,0.0,0.0,4.0,0.0,2.0,0.0
0.0,3.0,67.0,1.0,0.0,1.0,0.0,4.0,1.0,4.0,0.0,1.0,1.0,4.0,41.0,1.0,4.0,4.0,11.0,0.0,0.0,1.0,4.0,4.0,4.0,4.0,11.0,20.0,4.0,2.05,6.0,15.0,1.0,10.0,0.0,4.0,1.0,0.0,2.0,0.0,4.0,2.0,3.0,1.5,0.0,2.0,1.5,1.0,1.0,1.0,1.0,0.0,0.0,0.0,0.0,0.0,0.0,0.0,0.0,0.656716417910448,0.0,0.0,3.0,0.0,3.0,0.0
0.0,3.0,57.0,1.0,0.0,1.0,0.0,4.0,1.0,3.0,0.0,0.0,1.0,4.0,29.0,1.0,4.0,4.0,11.0,0.0,1.0,1.0,4.0,5.0,4.0,4.0,11.0,21.0,5.0,1.38,7.0,16.0,1.0,11.0,0.0,4.0,1.0,25.0,2.0,0.0,4.0,1.0,7.0,3.5,1.0,3.0,2.0,1.0,1.0,1.0,1.0,0.0,0.0,0.0,0.0,0.0,0.0,0.0,0.0,0.842105263157895,0.0,0.0,3.0,0.0,1.0,0.0
0.0,3.0,64.0,1.0,0.0,1.0,0.0,3.0,1.0,5.0,0.0,2.0,1.0,3.0,44.0,1.0,3.0,3.0,9.0,0.0,0.0,1.0,3.0,3.0,3.0,3.0,9.0,16.0,3.0,2.75,5.0,12.0,1.0,8.0,0.0,3.0,1.0,0.0,2.0,0.0,4.0,1.0,3.0,1.33333333333333,0.0,2.0,1.33333333333333,1.0,1.0,1.0,1.0,0.0,0.0,0.0,0.0,0.0,0.0,0.0,0.0,0.6875,0.0,0.0,3.0,0.0,3.0,0.0
0.0,3.0,81.0,1.0,0.0,1.0,0.0,5.0,1.0,5.0,0.0,1.0,1.0,5.0,43.0,1.0,5.0,5.0,14.0,0.0,1.0,1.0,5.0,8.0,5.0,5.0,14.0,28.0,8.0,1.54,10.0,22.0,1.0,16.0,0.0,5.0,1.0,40.0,2.0,0.0,5.0,2.0,14.0,6.0,1.0,5.0,2.4,1.0,1.0,1.0,1.0,0.0,0.0,0.0,0.0,0.0,0.0,0.0,0.0,0.592592592592593,0.0,0.0,3.0,0.0,2.0,0.0
0.0,3.0,84.0,2.0,0.0,1.0,0.0,8.0,1.0,4.0,0.0,1.0,1.0,7.0,42.0,1.0,7.0,8.0,15.0,0.0,2.0,2.0,7.0,9.0,8.0,7.0,15.0,32.0,9.0,1.31,10.0,24.0,2.0,16.0,0.0,7.0,1.0,50.0,2.0,0.0,4.0,2.0,9.0,4.0,1.0,4.0,1.85714285714286,1.0,1.0,1.0,1.0,0.0,0.0,0.0,1.0,1.0,1.0,1.0,1.0,0.619047619047619,1.0,0.0,3.0,1.0,3.0,0.0
0.0,3.0,57.0,1.0,0.0,1.0,0.0,4.0,1.0,3.0,0.0,0.0,1.0,4.0,29.0,1.0,4.0,4.0,11.0,0.0,1.0,1.0,4.0,5.0,4.0,4.0,11.0,21.0,5.0,1.38,7.0,16.0,1.0,11.0,0.0,4.0,1.0,25.0,2.0,0.0,4.0,1.0,5.0,3.25,1.0,3.0,2.0,1.0,1.0,1.0,1.0,0.0,0.0,0.0,0.0,0.0,0.0,0.0,0.0,0.666666666666667,0.0,0.0,4.0,0.0,3.0,0.0
0.0,3.0,79.0,2.0,0.0,1.0,0.0,6.0,1.0,4.0,0.0,0.0,1.0,5.0,39.0,1.0,5.0,6.0,18.0,0.0,2.0,2.0,5.0,7.0,6.0,5.0,18.0,31.0,8.0,1.26,9.0,26.0,2.0,19.0,0.0,5.0,1.0,60.0,2.0,0.0,6.0,3.0,4.0,3.0,1.0,3.0,2.0,1.0,2.0,1.2,1.0,1.0,0.428571428571429,0.0,3.0,3.0,3.0,19.0,10.0,0.531645569620253,0.333333333333333,0.0,6.0,3.0,2.0,0.0
0.0,3.0,58.0,1.0,0.0,1.0,0.0,4.0,1.0,3.0,0.0,0.0,1.0,4.0,29.0,1.0,4.0,4.0,11.0,0.0,1.0,1.0,4.0,5.0,4.0,4.0,11.0,21.0,5.0,1.38,8.0,16.0,1.0,11.0,0.0,4.0,1.0,25.0,2.0,0.0,4.0,1.0,5.0,3.0,1.0,3.0,2.0,1.0,1.0,1.0,1.0,0.0,0.0,0.0,0.0,0.0,0.0,0.0,0.0,0.655172413793103,0.0,0.0,4.0,0.0,3.0,0.0
0.0,3.0,67.0,1.0,0.0,1.0,0.0,4.0,1.0,4.0,0.0,1.0,1.0,4.0,41.0,1.0,4.0,4.0,11.0,0.0,0.0,1.0,4.0,4.0,4.0,4.0,11.0,20.0,4.0,2.05,6.0,15.0,1.0,10.0,0.0,4.0,1.0,0.0,2.0,0.0,4.0,2.0,3.0,1.5,0.0,2.0,1.5,1.0,1.0,1.0,1.0,0.0,0.0,0.0,0.0,0.0,0.0,0.0,0.0,0.656716417910448,0.0,0.0,3.0,0.0,3.0,0.0
0.0,1.0,39.0,1.0,0.0,1.0,0.0,1.0,1.0,1.0,0.0,0.0,1.0,1.0,32.0,1.0,1.0,1.0,4.0,0.0,0.0,1.0,1.0,0.0,1.0,1.0,4.0,5.0,0.0,6.4,2.0,4.0,1.0,3.0,0.0,1.0,1.0,0.0,0.0,4.0,1.0,0.0,1.0,1.0,1.0,1.0,1.0,1.0,1.0,1.0,1.0,0.0,0.0,0.0,0.0,0.0,0.0,0.0,0.0,0.82051282051282,0.0,0.0,2.0,0.0,1.0,0.0
0.0,0.0,36.0,0.0,0.0,0.0,0.0,0.0,0.0,0.0,0.0,0.0,0.0,0.0,32.0,1.0,0.0,0.0,2.0,0.0,0.0,0.0,0.0,0.0,0.0,0.0,2.0,3.0,0.0,10.67,1.0,2.0,0.0,1.0,0.0,0.0,0.0,0.0,0.0,12.0,0.0,0.0,0.0,0.0,0.0,0.0,0.0,0.0,0.0,0.0,0.0,0.0,0.0,0.0,0.0,0.0,0.0,0.0,0.0,0.722222222222222,0.0,0.0,2.0,0.0,0.0,0.0
0.0,1.0,32.0,1.0,0.0,1.0,0.0,1.0,1.0,1.0,0.0,0.0,1.0,1.0,27.0,1.0,1.0,1.0,3.0,0.0,0.0,1.0,1.0,0.0,1.0,1.0,3.0,4.0,0.0,6.75,1.0,3.0,1.0,2.0,0.0,1.0,1.0,0.0,0.0,29.0,0.0,0.0,10.0,10.0,10.0,1.0,1.0,1.0,1.0,1.0,1.0,0.0,0.0,0.0,0.0,0.0,0.0,0.0,0.0,0.875,0.0,0.0,2.0,0.0,0.0,0.0
0.0,3.0,70.0,1.0,0.0,1.0,0.0,4.0,1.0,5.0,0.0,2.0,1.0,4.0,42.0,1.0,4.0,4.0,11.0,0.0,1.0,1.0,4.0,5.0,4.0,4.0,11.0,21.0,5.0,2.0,7.0,16.0,1.0,11.0,0.0,4.0,1.0,50.0,2.0,0.0,4.0,1.0,5.0,3.0,1.0,3.0,1.75,1.0,1.0,1.0,1.0,0.0,0.0,0.0,1.0,1.0,1.0,1.0,1.0,0.542857142857143,1.0,0.0,4.0,1.0,2.0,0.0
0.0,3.0,94.0,1.0,0.0,1.0,0.0,7.0,1.0,5.0,0.0,2.0,1.0,7.0,50.0,1.0,7.0,7.0,16.0,0.0,3.0,1.0,7.0,10.0,7.0,7.0,16.0,34.0,10.0,1.47,10.0,26.0,1.0,18.0,0.0,7.0,1.0,61.0,2.0,0.0,4.0,1.0,7.0,4.28571428571429,2.0,5.0,2.0,1.0,1.0,1.0,1.0,0.0,0.0,0.0,0.0,0.0,0.0,0.0,0.0,0.585106382978723,0.0,0.0,4.0,0.0,2.0,0.0
0.0,10.0,104.0,4.0,0.0,3.0,0.0,10.0,3.0,18.0,3.0,5.0,3.0,3.0,52.0,1.0,3.0,9.0,13.0,0.0,0.0,4.0,3.0,18.0,9.0,8.0,13.0,39.0,16.0,1.33,13.0,29.0,4.0,19.0,2.0,0.0,3.0,0.0,1.0,0.0,5.0,1.0,10.0,5.66666666666667,3.0,6.0,3.33333333333333,2.0,4.0,3.0,2.0,2.0,1.16666666666667,1.0,2.0,2.0,2.0,3.0,1.0,0.528846153846154,0.5,0.0,3.0,2.0,3.0,0.0
42.0,5.0,362.0,95.0,0.0,1.0,0.0,144.0,3.0,5.0,2.0,0.0,1.0,46.0,0.0,1.0,46.0,51.0,91.0,1.0,1.0,95.0,3.0,163.0,144.0,46.0,92.0,302.0,254.0,0.0,60.0,346.0,3.0,293.0,0.0,44.0,3.0,8.0,1.0,0.0,39.0,1.0,97.0,5.02173913043478,1.0,38.0,3.10869565217391,0.0,95.0,3.1304347826087,1.0,2.0,0.166666666666667,0.0,3.0,3.0,1.0,369.0,7.0,1.0,1.0,0.0,1.0,1.0,0.0,0.0
0.0,3.0,81.0,1.0,0.0,1.0,0.0,5.0,1.0,5.0,0.0,2.0,1.0,5.0,46.0,1.0,5.0,5.0,13.0,0.0,2.0,1.0,5.0,7.0,5.0,5.0,13.0,26.0,7.0,1.77,9.0,20.0,1.0,14.0,0.0,5.0,1.0,60.0,2.0,0.0,4.0,1.0,5.0,3.6,1.0,4.0,1.8,1.0,1.0,1.0,1.0,0.0,0.0,0.0,1.0,1.0,1.0,2.0,2.0,0.469135802469136,1.0,0.0,4.0,1.0,2.0,0.0
0.0,3.0,76.0,1.0,0.0,1.0,0.0,4.0,1.0,5.0,0.0,2.0,1.0,4.0,44.0,1.0,4.0,4.0,14.0,0.0,1.0,1.0,4.0,5.0,4.0,4.0,14.0,24.0,5.0,1.83,8.0,19.0,1.0,14.0,0.0,4.0,1.0,50.0,2.0,0.0,7.0,2.0,7.0,3.75,1.0,3.0,1.75,1.0,1.0,1.0,1.0,0.0,0.0,0.0,4.0,4.0,2.0,6.0,6.0,0.5,0.75,0.0,4.0,2.0,2.0,0.0
0.0,3.0,528.0,2.0,0.0,1.0,0.0,98.0,1.0,3.0,0.0,0.0,1.0,97.0,37.0,1.0,97.0,98.0,195.0,1.0,0.0,2.0,96.0,99.0,98.0,97.0,195.0,392.0,98.0,0.09,99.0,293.0,2.0,195.0,0.0,97.0,1.0,0.0,1.0,0.0,96.0,2.0,95.0,1.96907216494845,1.0,3.0,2.0,1.0,2.0,1.01030927835052,1.0,1.0,0.04,0.0,1.0,1.0,1.0,5.0,0.0,0.363636363636364,1.0,0.0,4.0,1.0,0.0,0.0
0.0,4.0,729.0,3.0,0.0,1.0,0.0,111.0,1.0,5.0,0.0,0.0,1.0,95.0,81.0,1.0,95.0,111.0,193.0,0.0,1.0,3.0,95.0,242.0,111.0,95.0,195.0,547.0,244.0,0.15,101.0,439.0,3.0,327.0,0.0,95.0,1.0,0.0,1.0,0.0,99.0,2.0,2.0,1.98947368421053,1.0,6.0,2.67368421052632,2.0,4.0,1.22105263157895,1.0,1.0,0.134020618556701,0.0,0.0,0.0,0.0,0.0,0.0,0.762688614540466,0.0,0.0,3.0,0.0,2.0,0.0
0.0,1.0,233.0,1.0,0.0,1.0,0.0,94.0,1.0,1.0,0.0,0.0,1.0,94.0,39.0,1.0,94.0,94.0,191.0,0.0,0.0,1.0,94.0,0.0,94.0,94.0,191.0,192.0,0.0,0.2,2.0,191.0,1.0,190.0,0.0,94.0,1.0,0.0,0.0,3.0,95.0,0.0,1.0,1.0,1.0,1.0,1.0,1.0,1.0,1.0,1.0,0.0,0.0,0.0,0.0,0.0,0.0,0.0,0.0,0.399141630901288,0.0,0.0,3.0,0.0,1.0,0.0
1.0,8.0,43.0,3.0,0.0,1.0,0.0,7.0,2.0,8.0,0.0,0.0,2.0,3.0,0.0,1.0,3.0,7.0,13.0,0.0,3.0,3.0,2.0,15.0,7.0,3.0,14.0,35.0,14.0,0.0,8.0,28.0,3.0,21.0,0.0,3.0,2.0,11.0,1.0,0.0,8.0,1.0,4.0,3.66666666666667,3.0,9.0,6.66666666666667,5.0,3.0,2.33333333333333,1.0,3.0,1.66666666666667,0.0,1.0,1.0,1.0,2.0,2.0,1.0,1.0,0.0,1.0,1.0,0.0,0.0
0.0,3.0,110.0,1.0,0.0,1.0,2.0,18.0,1.0,3.0,0.0,0.0,1.0,18.0,27.0,1.0,18.0,18.0,24.0,0.0,1.0,1.0,18.0,21.0,18.0,18.0,24.0,60.0,18.0,0.45,23.0,42.0,1.0,23.0,0.0,18.0,1.0,74.0,1.0,0.0,1.0,2.0,1.0,0.777777777777778,0.0,1.0,1.0,1.0,1.0,1.0,1.0,0.0,0.0,0.0,0.0,0.0,0.0,0.0,0.0,0.954954954954955,0.0,0.0,1.0,0.0,1.0,0.0
0.0,1.0,42.0,1.0,0.0,1.0,0.0,18.0,1.0,1.0,0.0,0.0,1.0,18.0,0.0,1.0,18.0,18.0,21.0,0.0,0.0,1.0,18.0,0.0,18.0,18.0,21.0,22.0,0.0,0.0,20.0,21.0,1.0,20.0,0.0,18.0,1.0,0.0,0.0,1.0,1.0,0.0,6.0,1.77777777777778,1.0,1.0,1.0,1.0,1.0,1.0,1.0,0.0,0.0,0.0,0.0,0.0,0.0,0.0,0.0,0.904761904761905,0.0,0.0,2.0,0.0,0.0,0.0
0.0,3.0,41.0,1.0,0.0,1.0,0.0,7.0,1.0,3.0,0.0,0.0,1.0,7.0,0.0,1.0,7.0,7.0,16.0,0.0,1.0,1.0,7.0,7.0,7.0,7.0,16.0,31.0,7.0,0.0,10.0,23.0,1.0,15.0,0.0,7.0,1.0,0.0,1.0,0.0,7.0,1.0,2.0,2.0,2.0,2.0,2.0,2.0,1.0,1.0,1.0,0.0,0.0,0.0,0.0,0.0,0.0,0.0,0.0,1.0,0.0,0.0,1.0,0.0,0.0,0.0
52.0,7.0,1659.0,12.0,0.0,1.0,0.0,391.0,2.0,8.0,12.0,0.0,2.0,177.0,53.0,1.0,177.0,324.0,217.0,16.0,2.0,23.0,109.0,855.0,330.0,189.0,226.0,1302.0,843.0,0.04,304.0,1069.0,12.0,749.0,0.0,165.0,2.0,81.0,1.0,5.0,116.0,2.0,91.0,3.7683615819209,0.0,24.0,5.82485875706215,1.0,111.0,2.87570621468927,1.0,3.0,0.480446927374302,0.0,3.0,3.0,1.0,26.0,34.0,0.989752863170585,1.0,0.0,1.0,1.0,2.0,0.0
0.0,4.0,60.0,2.0,0.0,1.0,0.0,5.0,1.0,4.0,0.0,0.0,1.0,4.0,27.0,1.0,4.0,5.0,10.0,0.0,2.0,2.0,4.0,9.0,5.0,4.0,10.0,24.0,7.0,1.12,9.0,17.0,2.0,11.0,0.0,4.0,1.0,37.0,1.0,0.0,0.0,1.0,10.0,7.5,4.0,3.0,2.25,1.0,2.0,1.25,1.0,2.0,0.714285714285714,0.0,1.0,1.0,1.0,1.0,1.0,1.0,1.0,0.0,1.0,1.0,0.0,0.0
0.0,3.0,60.0,2.0,0.0,1.0,0.0,6.0,1.0,3.0,0.0,0.0,1.0,5.0,31.0,1.0,5.0,6.0,9.0,0.0,2.0,2.0,5.0,7.0,6.0,5.0,9.0,22.0,8.0,1.41,7.0,17.0,2.0,10.0,0.0,5.0,1.0,30.0,1.0,0.0,0.0,1.0,3.0,2.2,2.0,2.0,1.2,1.0,2.0,1.2,1.0,1.0,0.428571428571429,0.0,0.0,0.0,0.0,0.0,0.0,1.0,0.0,0.0,1.0,0.0,0.0,0.0
0.0,3.0,42.0,1.0,0.0,1.0,0.0,2.0,1.0,3.0,0.0,0.0,1.0,2.0,27.0,1.0,2.0,2.0,5.0,1.0,0.0,1.0,1.0,2.0,2.0,2.0,5.0,9.0,2.0,3.0,6.0,7.0,1.0,4.0,0.0,2.0,1.0,0.0,2.0,0.0,1.0,1.0,2.0,1.0,0.0,2.0,1.5,1.0,1.0,1.0,1.0,0.0,0.0,0.0,0.0,0.0,0.0,0.0,0.0,1.0,0.0,0.0,1.0,0.0,0.0,0.0
0.0,3.0,44.0,1.0,0.0,1.0,0.0,2.0,1.0,3.0,0.0,0.0,1.0,2.0,27.0,1.0,2.0,2.0,7.0,0.0,0.0,1.0,2.0,3.0,2.0,2.0,7.0,12.0,3.0,2.25,5.0,10.0,1.0,7.0,0.0,2.0,1.0,0.0,2.0,0.0,4.0,1.0,2.0,1.5,1.0,4.0,3.0,2.0,1.0,1.0,1.0,0.0,0.0,0.0,0.0,0.0,0.0,0.0,0.0,1.0,0.0,0.0,1.0,0.0,0.0,0.0
0.0,5.0,54.0,1.0,0.0,1.0,0.0,3.0,1.0,5.0,0.0,0.0,1.0,3.0,27.0,1.0,3.0,3.0,7.0,0.0,2.0,1.0,3.0,9.0,3.0,3.0,7.0,20.0,9.0,1.35,7.0,16.0,1.0,12.0,0.0,3.0,1.0,33.0,1.0,0.0,2.0,1.0,3.0,2.66666666666667,2.0,6.0,3.33333333333333,1.0,1.0,1.0,1.0,0.0,0.0,0.0,0.0,0.0,0.0,0.0,0.0,1.0,0.0,0.0,1.0,0.0,0.0,0.0
0.0,3.0,42.0,1.0,0.0,1.0,0.0,2.0,1.0,3.0,0.0,0.0,1.0,2.0,27.0,1.0,2.0,2.0,6.0,1.0,0.0,1.0,1.0,2.0,2.0,2.0,6.0,10.0,2.0,2.7,5.0,8.0,1.0,5.0,0.0,2.0,1.0,0.0,2.0,0.0,2.0,1.0,2.0,1.0,0.0,2.0,1.5,1.0,1.0,1.0,1.0,0.0,0.0,0.0,0.0,0.0,0.0,0.0,0.0,1.0,0.0,0.0,1.0,0.0,0.0,0.0
0.0,3.0,73.0,2.0,0.0,1.0,0.0,9.0,1.0,3.0,0.0,0.0,1.0,8.0,27.0,1.0,8.0,9.0,14.0,0.0,3.0,2.0,8.0,10.0,9.0,8.0,15.0,32.0,11.0,0.84,14.0,26.0,2.0,16.0,0.0,8.0,1.0,50.0,1.0,0.0,0.0,1.0,11.0,4.0,1.0,3.0,1.25,1.0,2.0,1.125,1.0,1.0,0.3,0.0,0.0,0.0,0.0,0.0,0.0,1.0,0.0,0.0,1.0,0.0,0.0,0.0
0.0,3.0,52.0,2.0,0.0,1.0,0.0,4.0,1.0,3.0,0.0,0.0,1.0,3.0,27.0,1.0,3.0,4.0,8.0,0.0,1.0,2.0,3.0,5.0,4.0,3.0,9.0,17.0,5.0,1.59,8.0,14.0,2.0,9.0,0.0,3.0,1.0,33.0,1.0,0.0,1.0,1.0,6.0,4.0,2.0,2.0,1.66666666666667,1.0,2.0,1.33333333333333,1.0,1.0,0.6,0.0,1.0,1.0,1.0,1.0,1.0,1.0,1.0,0.0,1.0,1.0,0.0,0.0
0.0,5.0,62.0,4.0,0.0,1.0,0.0,7.0,2.0,5.0,0.0,0.0,2.0,4.0,28.0,1.0,4.0,7.0,11.0,2.0,0.0,4.0,2.0,10.0,7.0,4.0,11.0,26.0,8.0,1.08,8.0,19.0,4.0,11.0,0.0,4.0,2.0,0.0,2.0,0.0,3.0,1.0,2.0,1.0,0.0,7.0,2.5,0.0,5.0,2.0,1.0,2.0,1.0,0.0,1.0,1.0,1.0,1.0,1.0,1.0,1.0,0.0,1.0,1.0,0.0,0.0
0.0,3.0,47.0,1.0,0.0,1.0,1.0,1.0,1.0,3.0,1.0,0.0,1.0,1.0,27.0,1.0,1.0,1.0,8.0,0.0,1.0,1.0,1.0,6.0,1.0,1.0,7.0,14.0,4.0,1.93,6.0,11.0,1.0,8.0,0.0,0.0,1.0,50.0,1.0,0.0,0.0,1.0,3.0,3.0,3.0,2.0,2.0,2.0,1.0,1.0,1.0,0.0,0.0,0.0,1.0,1.0,1.0,1.0,1.0,1.0,1.0,0.0,1.0,1.0,0.0,0.0
0.0,3.0,123.0,1.0,0.0,1.0,0.0,17.0,1.0,3.0,0.0,0.0,1.0,17.0,27.0,1.0,17.0,17.0,33.0,0.0,9.0,1.0,17.0,26.0,17.0,17.0,33.0,72.0,21.0,0.38,24.0,54.0,1.0,36.0,0.0,17.0,1.0,88.0,1.0,0.0,7.0,1.0,19.0,6.29411764705882,2.0,4.0,1.41176470588235,1.0,1.0,1.0,1.0,0.0,0.0,0.0,0.0,0.0,0.0,0.0,0.0,1.0,0.0,0.0,1.0,0.0,0.0,0.0
0.0,5.0,55.0,2.0,0.0,1.0,0.0,4.0,1.0,5.0,0.0,0.0,1.0,3.0,27.0,1.0,3.0,4.0,8.0,1.0,0.0,2.0,2.0,10.0,4.0,3.0,8.0,22.0,9.0,1.23,6.0,17.0,2.0,12.0,0.0,3.0,1.0,0.0,2.0,0.0,3.0,1.0,2.0,1.33333333333333,0.0,8.0,3.66666666666667,1.0,2.0,1.33333333333333,1.0,1.0,0.6,0.0,0.0,0.0,0.0,0.0,0.0,1.0,0.0,0.0,1.0,0.0,0.0,0.0
0.0,3.0,88.0,1.0,0.0,1.0,0.0,6.0,1.0,5.0,0.0,2.0,1.0,6.0,48.0,1.0,6.0,6.0,15.0,0.0,3.0,1.0,6.0,9.0,6.0,6.0,15.0,31.0,9.0,1.55,9.0,24.0,1.0,17.0,0.0,6.0,1.0,50.0,2.0,0.0,4.0,1.0,6.0,4.83333333333333,2.0,5.0,2.0,1.0,1.0,1.0,1.0,0.0,0.0,0.0,0.0,0.0,0.0,0.0,0.0,0.556818181818182,0.0,0.0,3.0,0.0,3.0,0.0
0.0,3.0,104.0,1.0,0.0,1.0,0.0,7.0,1.0,5.0,0.0,2.0,1.0,7.0,58.0,1.0,7.0,7.0,17.0,0.0,3.0,1.0,7.0,10.0,7.0,7.0,16.0,35.0,10.0,1.66,11.0,26.0,1.0,18.0,0.0,7.0,1.0,61.0,2.0,0.0,4.0,1.0,7.0,4.71428571428571,2.0,5.0,2.0,1.0,1.0,1.0,1.0,0.0,0.0,0.0,0.0,0.0,0.0,0.0,0.0,0.596153846153846,0.0,0.0,3.0,0.0,3.0,0.0
0.0,3.0,72.0,2.0,0.0,1.0,0.0,5.0,1.0,5.0,0.0,2.0,1.0,4.0,42.0,1.0,4.0,5.0,13.0,0.0,1.0,2.0,4.0,5.0,5.0,4.0,13.0,23.0,5.0,1.83,7.0,18.0,2.0,13.0,0.0,4.0,1.0,50.0,2.0,0.0,5.0,2.0,5.0,3.0,1.0,4.0,2.0,1.0,1.0,1.0,1.0,0.0,0.0,0.0,0.0,0.0,0.0,0.0,0.0,0.555555555555556,0.0,0.0,3.0,0.0,2.0,0.0
0.0,4.0,80.0,2.0,0.0,1.0,0.0,6.0,1.0,5.0,0.0,1.0,1.0,5.0,43.0,1.0,5.0,6.0,13.0,0.0,2.0,2.0,5.0,9.0,6.0,5.0,13.0,29.0,9.0,1.48,8.0,22.0,2.0,15.0,0.0,5.0,1.0,50.0,2.0,0.0,5.0,1.0,6.0,3.4,1.0,5.0,2.2,1.0,2.0,1.2,1.0,1.0,0.428571428571429,0.0,0.0,0.0,0.0,0.0,0.0,0.5625,0.0,0.0,4.0,0.0,2.0,0.0
0.0,3.0,63.0,1.0,0.0,1.0,0.0,3.0,1.0,4.0,0.0,1.0,1.0,3.0,40.0,1.0,3.0,3.0,10.0,0.0,0.0,1.0,3.0,3.0,3.0,3.0,10.0,17.0,3.0,2.35,6.0,13.0,1.0,9.0,0.0,3.0,1.0,0.0,2.0,0.0,4.0,2.0,3.0,2.0,1.0,2.0,1.66666666666667,1.0,1.0,1.0,1.0,0.0,0.0,0.0,0.0,0.0,0.0,0.0,0.0,0.555555555555556,0.0,0.0,3.0,0.0,2.0,0.0
0.0,3.0,73.0,1.0,0.0,1.0,0.0,4.0,1.0,4.0,0.0,1.0,1.0,4.0,47.0,1.0,4.0,4.0,12.0,0.0,0.0,1.0,4.0,4.0,4.0,4.0,12.0,21.0,4.0,2.24,6.0,16.0,1.0,11.0,0.0,4.0,1.0,0.0,2.0,0.0,5.0,2.0,3.0,1.0,0.0,2.0,1.5,1.0,1.0,1.0,1.0,0.0,0.0,0.0,0.0,0.0,0.0,0.0,0.0,0.671232876712329,0.0,0.0,3.0,0.0,2.0,0.0
0.0,3.0,78.0,2.0,0.0,1.0,0.0,7.0,1.0,4.0,0.0,1.0,1.0,6.0,41.0,1.0,6.0,7.0,15.0,0.0,1.0,2.0,6.0,6.0,7.0,6.0,15.0,28.0,6.0,1.46,9.0,21.0,2.0,14.0,0.0,6.0,1.0,50.0,2.0,0.0,5.0,3.0,4.0,2.0,0.0,2.0,1.66666666666667,1.0,1.0,1.0,1.0,0.0,0.0,0.0,1.0,1.0,1.0,1.0,1.0,0.692307692307692,1.0,0.0,3.0,1.0,3.0,0.0
0.0,1.0,107.0,1.0,1.0,1.0,0.0,11.0,1.0,1.0,0.0,0.0,1.0,9.0,33.0,2.0,11.0,11.0,62.0,0.0,49.0,1.0,10.0,2.0,11.0,11.0,14.0,68.0,2.0,0.49,6.0,16.0,1.0,13.0,0.0,11.0,1.0,98.0,1.0,2.0,2.0,1.0,7.0,1.72727272727273,0.0,2.0,0.545454545454545,0.0,1.0,0.818181818181818,0.0,1.0,0.0666666666666667,0.0,4.0,4.0,2.0,69.0,6.0,0.981308411214953,0.5,0.0,1.0,2.0,1.0,0.0
0.0,1.0,48.0,1.0,0.0,1.0,0.0,7.0,1.0,1.0,0.0,0.0,1.0,7.0,31.0,1.0,7.0,7.0,10.0,0.0,0.0,1.0,7.0,1.0,7.0,7.0,10.0,13.0,1.0,2.38,4.0,11.0,1.0,3.0,0.0,7.0,1.0,0.0,1.0,0.0,2.0,2.0,0.0,0.0,0.0,1.0,0.142857142857143,0.0,1.0,1.0,1.0,0.0,0.0,0.0,2.0,2.0,1.0,8.0,6.0,0.729166666666667,1.0,0.0,2.0,1.0,0.0,0.0
0.0,3.0,83.0,2.0,0.0,1.0,0.0,10.0,1.0,4.0,0.0,0.0,1.0,8.0,30.0,1.0,8.0,10.0,19.0,0.0,1.0,2.0,8.0,15.0,10.0,8.0,19.0,39.0,13.0,0.77,14.0,32.0,2.0,21.0,0.0,8.0,1.0,37.0,1.0,0.0,6.0,2.0,57.0,11.875,1.0,9.0,3.75,2.0,2.0,1.25,1.0,1.0,0.4,0.0,2.0,2.0,1.0,28.0,21.0,0.650602409638554,1.0,0.0,2.0,1.0,2.0,0.0
0.0,3.0,16.0,3.0,0.0,3.0,0.0,5.0,3.0,3.0,1.0,0.0,3.0,1.0,0.0,1.0,3.0,5.0,4.0,0.0,3.0,3.0,3.0,6.0,5.0,5.0,3.0,13.0,5.0,0.0,3.0,8.0,3.0,5.0,0.0,2.0,3.0,77.0,1.0,0.0,0.0,1.0,4.0,1.33333333333333,0.0,2.0,1.33333333333333,1.0,3.0,1.0,0.0,7.0,1.66666666666667,0.0,1.0,1.0,1.0,16.0,0.0,1.0,1.0,0.0,1.0,1.0,0.0,0.0
0.0,1.0,14.0,1.0,0.0,1.0,0.0,1.0,1.0,1.0,0.0,0.0,1.0,1.0,8.0,1.0,1.0,1.0,3.0,0.0,0.0,1.0,1.0,0.0,1.0,1.0,3.0,4.0,0.0,2.0,2.0,3.0,1.0,2.0,0.0,1.0,1.0,0.0,1.0,7.0,0.0,1.0,5.0,5.0,5.0,1.0,1.0,1.0,1.0,1.0,1.0,4.0,1.0,0.0,1.0,1.0,1.0,14.0,0.0,1.0,1.0,0.0,1.0,1.0,0.0,0.0
0.0,1.0,18.0,1.0,0.0,1.0,0.0,1.0,1.0,1.0,0.0,0.0,1.0,1.0,12.0,1.0,1.0,1.0,3.0,0.0,0.0,1.0,1.0,0.0,1.0,1.0,3.0,4.0,0.0,3.0,2.0,3.0,1.0,2.0,0.0,1.0,1.0,0.0,0.0,12.0,1.0,0.0,6.0,6.0,6.0,0.0,0.0,0.0,1.0,1.0,1.0,0.0,0.0,0.0,0.0,0.0,0.0,0.0,0.0,1.0,0.0,0.0,1.0,0.0,0.0,0.0
4.0,11.0,3134.0,93.0,0.0,1.0,0.0,542.0,2.0,13.0,2.0,0.0,1.0,269.0,157.0,136.0,269.0,393.0,595.0,0.0,4.0,93.0,265.0,1773.0,539.0,398.0,662.0,2483.0,1027.0,0.06,545.0,1689.0,8.0,1293.0,1.0,267.0,2.0,99.0,1.0,0.0,112.0,2.0,204.0,3.22676579925651,0.0,92.0,3.70631970260223,0.0,93.0,2.04089219330855,1.0,4.0,0.300492610837438,0.0,25.0,25.0,5.0,2625.0,2510.0,0.970006381620932,0.68,1.0,1.0,4.0,4.0,3.0
0.0,39.0,535.0,114.0,0.0,10.0,3.0,125.0,12.0,39.0,0.0,0.0,2.0,10.0,37.0,1.0,10.0,22.0,108.0,0.0,8.0,116.0,10.0,385.0,123.0,102.0,108.0,480.0,254.0,0.08,19.0,362.0,13.0,339.0,0.0,10.0,13.0,75.0,1.0,0.0,54.0,1.0,113.0,13.3,1.0,88.0,10.4,1.0,226.0,23.5,1.0,3.0,0.75,0.0,5.0,5.0,1.0,14.0,3.0,0.867289719626168,1.0,0.0,2.0,1.0,1.0,0.0
0.0,1.0,18.0,1.0,0.0,1.0,0.0,1.0,1.0,1.0,0.0,0.0,1.0,1.0,12.0,1.0,1.0,1.0,3.0,0.0,0.0,1.0,1.0,0.0,1.0,1.0,3.0,4.0,0.0,3.0,2.0,3.0,1.0,2.0,0.0,1.0,1.0,0.0,0.0,78.0,1.0,0.0,18.0,18.0,18.0,0.0,0.0,0.0,1.0,1.0,1.0,0.0,0.0,0.0,0.0,0.0,0.0,0.0,0.0,1.0,0.0,0.0,1.0,0.0,0.0,0.0
0.0,1.0,24.0,1.0,0.0,1.0,0.0,4.0,1.0,1.0,0.0,0.0,1.0,4.0,8.0,1.0,4.0,4.0,9.0,0.0,0.0,1.0,4.0,0.0,4.0,4.0,9.0,10.0,0.0,0.8,6.0,9.0,1.0,8.0,0.0,4.0,1.0,0.0,0.0,1.0,2.0,0.0,10.0,3.25,1.0,0.0,0.0,0.0,1.0,1.0,1.0,0.0,0.0,0.0,5.0,5.0,2.0,29.0,3.0,1.0,0.8,0.0,1.0,2.0,0.0,0.0
0.0,1.0,36.0,1.0,0.0,1.0,0.0,1.0,1.0,1.0,0.0,0.0,1.0,1.0,30.0,1.0,1.0,1.0,3.0,0.0,0.0,1.0,1.0,0.0,1.0,1.0,3.0,4.0,0.0,7.5,2.0,3.0,1.0,2.0,0.0,1.0,1.0,0.0,0.0,45.0,1.0,0.0,36.0,36.0,36.0,0.0,0.0,0.0,1.0,1.0,1.0,0.0,0.0,0.0,2.0,2.0,1.0,37.0,1.0,1.0,1.0,0.0,1.0,1.0,0.0,0.0
0.0,12.0,272.0,6.0,0.0,1.0,0.0,24.0,2.0,15.0,0.0,2.0,2.0,13.0,63.0,1.0,13.0,22.0,55.0,0.0,6.0,8.0,13.0,110.0,22.0,13.0,42.0,180.0,104.0,0.35,38.0,146.0,6.0,124.0,1.0,13.0,2.0,66.0,1.0,2.0,12.0,2.0,15.0,3.76923076923077,0.0,16.0,5.07692307692308,1.0,18.0,2.61538461538462,1.0,4.0,0.75,0.0,8.0,8.0,2.0,200.0,119.0,0.919117647058823,0.75,0.0,2.0,2.0,0.0,1.0
0.0,9.0,119.0,5.0,0.0,2.0,0.0,15.0,3.0,12.0,0.0,1.0,3.0,6.0,37.0,1.0,6.0,15.0,19.0,0.0,2.0,5.0,6.0,33.0,15.0,13.0,14.0,66.0,35.0,0.56,17.0,49.0,5.0,33.0,1.0,6.0,3.0,41.0,3.0,0.0,4.0,1.0,9.0,4.5,0.0,8.0,4.66666666666667,0.0,5.0,2.5,1.0,4.0,2.125,0.0,7.0,7.0,1.0,145.0,26.0,1.0,1.0,0.0,1.0,1.0,0.0,0.0
0.0,15.0,151.0,4.0,0.0,1.0,0.0,13.0,2.0,18.0,0.0,0.0,2.0,6.0,9.0,1.0,6.0,13.0,45.0,0.0,5.0,4.0,6.0,79.0,13.0,6.0,44.0,117.0,58.0,0.08,25.0,102.0,4.0,88.0,2.0,6.0,2.0,66.0,1.0,1.0,12.0,2.0,9.0,5.83333333333333,2.0,24.0,13.3333333333333,2.0,4.0,2.16666666666667,1.0,1.0,0.875,0.0,5.0,5.0,1.0,236.0,41.0,1.0,1.0,0.0,1.0,1.0,0.0,0.0
0.0,19.0,236.0,5.0,0.0,1.0,0.0,25.0,3.0,23.0,0.0,1.0,3.0,8.0,44.0,1.0,8.0,21.0,25.0,0.0,2.0,5.0,8.0,122.0,25.0,8.0,19.0,169.0,111.0,0.26,26.0,130.0,4.0,108.0,1.0,8.0,3.0,12.0,2.0,1.0,7.0,1.0,10.0,8.375,6.0,15.0,10.25,4.0,7.0,4.0,1.0,2.0,1.1,0.0,9.0,9.0,1.0,156.0,75.0,0.991525423728814,1.0,0.0,1.0,1.0,1.0,0.0
0.0,13.0,56.0,5.0,0.0,1.0,1.0,6.0,3.0,15.0,0.0,0.0,3.0,2.0,12.0,1.0,2.0,6.0,12.0,0.0,1.0,5.0,2.0,22.0,6.0,2.0,12.0,35.0,17.0,0.34,9.0,29.0,5.0,22.0,1.0,2.0,3.0,50.0,2.0,0.0,6.0,1.0,11.0,6.5,2.0,14.0,8.0,2.0,8.0,4.5,1.0,1.0,0.75,0.0,7.0,7.0,2.0,191.0,135.0,1.0,0.857142857142857,0.0,1.0,2.0,0.0,1.0
0.0,3.0,413.0,1.0,0.0,1.0,0.0,94.0,1.0,3.0,0.0,0.0,1.0,94.0,13.0,1.0,94.0,94.0,109.0,0.0,1.0,1.0,94.0,98.0,94.0,94.0,104.0,302.0,98.0,0.04,98.0,202.0,1.0,107.0,0.0,94.0,1.0,96.0,1.0,0.0,1.0,3.0,89.0,10.8510638297872,0.0,8.0,2.07446808510638,1.0,1.0,1.0,1.0,0.0,0.0,0.0,4.0,4.0,1.0,111.0,96.0,1.0,1.0,0.0,1.0,1.0,0.0,0.0
0.0,9.0,143.0,4.0,0.0,1.0,0.0,16.0,2.0,11.0,0.0,0.0,2.0,8.0,38.0,1.0,8.0,16.0,24.0,0.0,2.0,4.0,8.0,48.0,16.0,8.0,20.0,89.0,48.0,0.43,18.0,68.0,4.0,51.0,0.0,8.0,2.0,56.0,2.0,0.0,8.0,1.0,8.0,5.25,0.0,13.0,5.5,1.0,6.0,2.5,1.0,2.0,1.0,0.0,7.0,7.0,1.0,38.0,21.0,0.986013986013986,1.0,0.0,1.0,1.0,1.0,0.0
9.0,9.0,2766.0,9.0,0.0,1.0,18.0,285.0,1.0,12.0,0.0,1.0,1.0,204.0,264.0,9.0,204.0,269.0,479.0,4.0,24.0,13.0,191.0,1435.0,273.0,204.0,470.0,2024.0,1225.0,0.13,527.0,1695.0,9.0,1421.0,1.0,204.0,1.0,94.0,2.0,2.0,57.0,3.0,64.0,5.83333333333333,0.0,37.0,6.11274509803922,0.0,48.0,1.57843137254902,1.0,3.0,0.271028037383178,0.0,55.0,55.0,6.0,935.0,948.0,0.819956616052061,0.8,3.0,2.0,3.0,4.0,0.0
1.0,26.0,721.0,11.0,0.0,1.0,1.0,64.0,4.0,36.0,0.0,7.0,3.0,18.0,158.0,1.0,18.0,47.0,63.0,0.0,2.0,11.0,17.0,409.0,64.0,26.0,63.0,495.0,315.0,0.32,112.0,378.0,11.0,330.0,5.0,18.0,4.0,40.0,1.0,0.0,17.0,2.0,12.0,6.88888888888889,1.0,26.0,11.6111111111111,1.0,256.0,18.1666666666667,1.0,3.0,0.95,0.0,19.0,19.0,3.0,543.0,160.0,0.980582524271845,0.894736842105263,0.0,1.0,3.0,2.0,0.0
0.0,1.0,80.0,1.0,0.0,1.0,0.0,15.0,1.0,2.0,0.0,1.0,1.0,15.0,47.0,1.0,15.0,15.0,19.0,0.0,0.0,1.0,15.0,0.0,15.0,15.0,19.0,20.0,0.0,2.35,13.0,19.0,1.0,18.0,0.0,15.0,1.0,0.0,0.0,1.0,4.0,0.0,7.0,1.53333333333333,0.0,1.0,0.0666666666666667,0.0,1.0,1.0,1.0,0.0,0.0,0.0,8.0,8.0,1.0,41.0,13.0,0.95,1.0,0.0,2.0,1.0,0.0,0.0
1.0,13.0,226.0,10.0,1.0,2.0,1.0,31.0,3.0,17.0,3.0,1.0,3.0,9.0,43.0,3.0,9.0,28.0,53.0,1.0,8.0,10.0,6.0,86.0,28.0,16.0,53.0,146.0,72.0,0.29,37.0,125.0,10.0,95.0,2.0,6.0,3.0,100.0,1.0,0.0,15.0,2.0,12.0,4.33333333333333,1.0,23.0,7.77777777777778,1.0,12.0,4.0,1.0,4.0,1.46153846153846,0.0,16.0,16.0,2.0,462.0,236.0,0.747787610619469,0.5625,0.0,2.0,2.0,0.0,0.0
0.0,1.0,478.0,1.0,0.0,1.0,0.0,135.0,1.0,2.0,0.0,1.0,1.0,135.0,260.0,1.0,135.0,135.0,143.0,0.0,0.0,1.0,135.0,0.0,135.0,135.0,141.0,144.0,0.0,1.81,74.0,141.0,1.0,140.0,0.0,135.0,1.0,0.0,0.0,1.0,10.0,0.0,30.0,2.47407407407407,0.0,1.0,0.0296296296296296,0.0,1.0,1.0,1.0,0.0,0.0,0.0,12.0,12.0,5.0,50.0,31.0,0.794979079497908,0.666666666666667,0.0,2.0,5.0,2.0,0.0
0.0,3.0,10.0,1.0,0.0,1.0,1.0,1.0,1.0,3.0,0.0,0.0,1.0,1.0,0.0,1.0,1.0,1.0,4.0,0.0,0.0,1.0,1.0,2.0,1.0,1.0,4.0,6.0,1.0,0.0,4.0,5.0,1.0,3.0,0.0,1.0,1.0,100.0,2.0,0.0,0.0,1.0,15.0,15.0,15.0,1.0,1.0,1.0,1.0,1.0,1.0,0.0,0.0,0.0,0.0,0.0,0.0,0.0,0.0,1.0,0.0,0.0,1.0,0.0,0.0,0.0
0.0,1.0,67.0,1.0,0.0,1.0,0.0,3.0,1.0,7.0,0.0,6.0,1.0,3.0,55.0,1.0,3.0,3.0,6.0,0.0,0.0,1.0,3.0,0.0,3.0,3.0,6.0,7.0,0.0,7.86,5.0,6.0,1.0,5.0,0.0,3.0,1.0,0.0,0.0,1.0,4.0,0.0,1.0,1.0,1.0,1.0,0.333333333333333,0.0,1.0,1.0,1.0,0.0,0.0,0.0,2.0,2.0,1.0,2.0,2.0,1.0,1.0,0.0,1.0,1.0,0.0,0.0
0.0,1.0,69.0,1.0,0.0,1.0,0.0,19.0,1.0,1.0,0.0,0.0,1.0,19.0,30.0,1.0,19.0,19.0,33.0,0.0,0.0,1.0,19.0,0.0,19.0,19.0,24.0,34.0,0.0,0.88,5.0,24.0,1.0,23.0,0.0,19.0,1.0,0.0,0.0,1.0,4.0,0.0,7.0,2.10526315789474,0.0,1.0,0.105263157894737,0.0,1.0,1.0,1.0,0.0,0.0,0.0,3.0,3.0,2.0,35.0,11.0,0.927536231884058,0.666666666666667,0.0,2.0,2.0,1.0,1.0
31.0,11.0,797.0,58.0,0.0,1.0,1.0,153.0,3.0,12.0,6.0,0.0,2.0,49.0,70.0,5.0,49.0,116.0,171.0,0.0,11.0,59.0,18.0,432.0,146.0,73.0,181.0,624.0,334.0,0.11,108.0,515.0,36.0,397.0,1.0,43.0,3.0,93.0,2.0,3.0,43.0,1.0,54.0,5.91836734693878,0.0,69.0,5.14285714285714,1.0,185.0,6.46938775510204,1.0,4.0,0.732142857142857,0.0,1.0,1.0,1.0,1.0,1.0,0.678795483061481,1.0,0.0,2.0,1.0,1.0,0.0
0.0,3.0,40.0,1.0,0.0,1.0,0.0,1.0,1.0,3.0,0.0,0.0,1.0,1.0,31.0,1.0,1.0,1.0,5.0,0.0,0.0,1.0,1.0,1.0,1.0,1.0,5.0,8.0,1.0,3.88,2.0,6.0,1.0,4.0,0.0,1.0,1.0,0.0,1.0,0.0,2.0,1.0,3.0,3.0,3.0,1.0,1.0,1.0,1.0,1.0,1.0,0.0,0.0,0.0,0.0,0.0,0.0,0.0,0.0,0.925,0.0,0.0,2.0,0.0,1.0,0.0
1.0,18.0,95.0,4.0,0.0,2.0,1.0,6.0,2.0,22.0,0.0,0.0,2.0,3.0,5.0,3.0,3.0,6.0,34.0,0.0,0.0,4.0,2.0,43.0,6.0,5.0,33.0,71.0,31.0,0.07,21.0,64.0,4.0,57.0,4.0,3.0,2.0,100.0,2.0,0.0,4.0,2.0,6.0,2.66666666666667,0.0,20.0,8.66666666666667,1.0,6.0,2.66666666666667,1.0,2.0,1.0,0.0,6.0,6.0,3.0,6.0,102.0,0.884210526315789,0.5,0.0,2.0,3.0,3.0,0.0
1.0,14.0,111.0,4.0,0.0,1.0,1.0,9.0,2.0,16.0,1.0,0.0,2.0,5.0,5.0,4.0,5.0,9.0,39.0,0.0,0.0,4.0,4.0,53.0,9.0,7.0,39.0,88.0,37.0,0.06,19.0,76.0,4.0,66.0,2.0,4.0,2.0,100.0,2.0,0.0,6.0,2.0,6.0,2.0,0.0,29.0,7.6,1.0,6.0,2.2,1.0,2.0,0.7,0.0,8.0,8.0,3.0,28.0,26.0,0.783783783783784,0.5,0.0,2.0,3.0,2.0,0.0
0.0,9.0,344.0,9.0,1.0,1.0,0.0,69.0,3.0,11.0,0.0,0.0,2.0,25.0,11.0,3.0,25.0,60.0,82.0,8.0,14.0,12.0,16.0,165.0,66.0,36.0,88.0,271.0,145.0,0.04,68.0,233.0,9.0,171.0,1.0,25.0,3.0,81.0,2.0,0.0,6.0,2.0,12.0,4.92,0.0,28.0,5.72,0.0,14.0,2.96,1.0,2.0,0.896551724137931,0.0,20.0,20.0,6.0,482.0,218.0,0.895348837209302,0.45,0.0,1.0,6.0,4.0,0.0
0.0,0.0,54.0,1.0,2.0,1.0,0.0,2.0,1.0,8.0,0.0,7.0,1.0,2.0,42.0,1.0,2.0,2.0,6.0,0.0,0.0,1.0,0.0,0.0,2.0,2.0,6.0,6.0,0.0,7.0,6.0,6.0,1.0,6.0,0.0,2.0,1.0,0.0,0.0,4.0,1.0,0.0,1.0,1.0,1.0,1.0,1.0,1.0,1.0,1.0,1.0,3.0,0.6,0.0,0.0,0.0,0.0,0.0,0.0,0.945454545454545,0.0,0.0,2.0,0.0,0.0,0.0
2.0,14.0,184.0,6.0,2.0,1.0,0.0,21.0,3.0,21.0,2.0,6.0,3.0,6.0,63.0,1.0,6.0,19.0,26.0,0.0,0.0,7.0,2.0,58.0,19.0,6.0,27.0,96.0,42.0,0.66,25.0,69.0,6.0,50.0,1.0,4.0,4.0,0.0,1.0,0.0,8.0,1.0,5.0,4.0,2.0,13.0,7.16666666666667,2.0,8.0,4.16666666666667,1.0,3.0,1.875,0.0,1.0,1.0,1.0,3.0,2.0,0.75,1.0,0.0,2.0,1.0,2.0,0.0
0.0,3.0,42.0,1.0,0.0,1.0,1.0,2.0,1.0,3.0,0.0,0.0,1.0,2.0,27.0,1.0,2.0,2.0,5.0,0.0,0.0,1.0,2.0,3.0,2.0,2.0,5.0,10.0,2.0,2.7,5.0,7.0,1.0,4.0,0.0,2.0,1.0,100.0,2.0,0.0,0.0,1.0,2.0,1.5,1.0,1.0,1.0,1.0,1.0,1.0,1.0,0.0,0.0,0.0,0.0,0.0,0.0,0.0,0.0,1.0,0.0,0.0,1.0,0.0,0.0,0.0
0.0,11.0,129.0,7.0,0.0,2.0,0.0,15.0,3.0,14.0,1.0,0.0,3.0,5.0,33.0,1.0,5.0,15.0,24.0,2.0,0.0,7.0,3.0,37.0,15.0,12.0,26.0,68.0,25.0,0.49,28.0,51.0,7.0,40.0,2.0,4.0,3.0,0.0,1.0,0.0,1.0,2.0,2.0,0.8,0.0,9.0,4.8,2.0,9.0,3.4,1.0,2.0,1.14285714285714,0.0,0.0,0.0,0.0,0.0,0.0,0.976744186046512,0.0,0.0,1.0,0.0,1.0,0.0
0.0,12.0,91.0,3.0,0.0,1.0,1.0,9.0,3.0,15.0,0.0,0.0,3.0,2.0,40.0,1.0,2.0,5.0,17.0,0.0,1.0,5.0,2.0,20.0,5.0,2.0,17.0,36.0,11.0,1.11,15.0,28.0,3.0,22.0,2.0,2.0,5.0,25.0,1.0,0.0,3.0,2.0,3.0,2.0,1.0,6.0,6.0,6.0,3.0,2.5,2.0,2.0,1.75,1.0,0.0,0.0,0.0,0.0,0.0,0.967032967032967,0.0,0.0,1.0,0.0,1.0,0.0
0.0,9.0,94.0,4.0,0.0,1.0,0.0,10.0,3.0,11.0,1.0,1.0,3.0,4.0,40.0,1.0,4.0,10.0,16.0,1.0,0.0,4.0,3.0,25.0,10.0,4.0,17.0,45.0,16.0,0.89,9.0,33.0,4.0,24.0,0.0,3.0,3.0,0.0,1.0,0.0,2.0,2.0,2.0,1.0,0.0,8.0,4.5,2.0,4.0,2.5,1.0,2.0,1.5,0.0,0.0,0.0,0.0,0.0,0.0,0.968085106382979,0.0,0.0,1.0,0.0,1.0,0.0
0.0,7.0,68.0,2.0,0.0,1.0,0.0,3.0,2.0,7.0,0.0,0.0,2.0,2.0,35.0,1.0,2.0,3.0,12.0,0.0,1.0,2.0,2.0,10.0,3.0,2.0,12.0,24.0,5.0,1.46,9.0,17.0,2.0,13.0,0.0,2.0,2.0,50.0,1.0,0.0,3.0,2.0,2.0,1.0,0.0,7.0,4.0,1.0,2.0,1.5,1.0,1.0,0.75,0.0,1.0,1.0,1.0,3.0,23.0,0.794117647058823,1.0,0.0,3.0,1.0,0.0,0.0
10.0,12.0,238.0,11.0,0.0,1.0,0.0,42.0,3.0,13.0,12.0,0.0,2.0,12.0,43.0,1.0,12.0,29.0,63.0,0.0,0.0,12.0,2.0,106.0,38.0,12.0,63.0,170.0,66.0,0.25,30.0,129.0,9.0,102.0,1.0,0.0,4.0,0.0,1.0,0.0,30.0,1.0,22.0,7.91666666666667,4.0,13.0,7.0,3.0,40.0,5.66666666666667,1.0,6.0,1.26666666666667,0.0,6.0,6.0,3.0,25.0,23.0,0.630252100840336,0.666666666666667,0.0,3.0,3.0,3.0,1.0
92.0,14.0,2185.0,99.0,0.0,3.0,0.0,472.0,4.0,18.0,105.0,0.0,3.0,105.0,128.0,1.0,105.0,312.0,511.0,0.0,0.0,99.0,13.0,1149.0,438.0,324.0,516.0,1673.0,708.0,0.08,387.0,1224.0,32.0,925.0,2.0,0.0,4.0,0.0,1.0,0.0,146.0,1.0,153.0,7.75238095238095,2.0,102.0,8.68571428571429,2.0,98.0,5.87619047619048,1.0,6.0,1.13084112149533,0.0,49.0,49.0,6.0,306.0,211.0,0.732723112128146,0.510204081632653,1.0,3.0,5.0,4.0,3.0
0.0,0.0,12.0,0.0,0.0,0.0,0.0,0.0,0.0,0.0,0.0,0.0,0.0,0.0,6.0,1.0,0.0,0.0,2.0,0.0,0.0,0.0,0.0,0.0,0.0,0.0,2.0,3.0,0.0,2.0,3.0,2.0,0.0,1.0,0.0,0.0,0.0,0.0,0.0,0.0,0.0,0.0,0.0,0.0,0.0,0.0,0.0,0.0,0.0,0.0,0.0,0.0,0.0,0.0,0.0,0.0,0.0,0.0,0.0,1.0,0.0,0.0,1.0,0.0,0.0,0.0
1.0,10.0,110.0,5.0,0.0,3.0,0.0,24.0,4.0,10.0,0.0,0.0,3.0,6.0,32.0,1.0,6.0,20.0,12.0,0.0,1.0,5.0,5.0,41.0,22.0,17.0,12.0,70.0,33.0,0.46,8.0,45.0,4.0,25.0,0.0,6.0,4.0,0.0,1.0,0.0,3.0,1.0,6.0,2.66666666666667,1.0,6.0,4.66666666666667,2.0,8.0,4.33333333333333,1.0,2.0,1.375,0.0,1.0,1.0,1.0,3.0,3.0,0.636363636363636,1.0,0.0,2.0,1.0,4.0,0.0
0.0,0.0,16.0,0.0,0.0,0.0,0.0,0.0,0.0,0.0,0.0,0.0,0.0,0.0,12.0,1.0,0.0,0.0,2.0,0.0,0.0,0.0,0.0,0.0,0.0,0.0,2.0,3.0,0.0,4.0,1.0,2.0,0.0,1.0,0.0,0.0,0.0,0.0,0.0,0.0,0.0,0.0,0.0,0.0,0.0,0.0,0.0,0.0,0.0,0.0,0.0,0.0,0.0,0.0,0.0,0.0,0.0,0.0,0.0,1.0,0.0,0.0,1.0,0.0,0.0,0.0
0.0,0.0,16.0,0.0,0.0,0.0,0.0,0.0,0.0,0.0,0.0,0.0,0.0,0.0,12.0,1.0,0.0,0.0,2.0,0.0,0.0,0.0,0.0,0.0,0.0,0.0,2.0,3.0,0.0,4.0,1.0,2.0,0.0,1.0,0.0,0.0,0.0,0.0,0.0,0.0,0.0,0.0,0.0,0.0,0.0,0.0,0.0,0.0,0.0,0.0,0.0,0.0,0.0,0.0,0.0,0.0,0.0,0.0,0.0,1.0,0.0,0.0,1.0,0.0,0.0,0.0
0.0,1.0,105.0,1.0,0.0,1.0,4.0,17.0,1.0,2.0,0.0,0.0,1.0,17.0,50.0,9.0,17.0,17.0,31.0,1.0,3.0,1.0,16.0,21.0,17.0,17.0,35.0,45.0,16.0,1.11,10.0,51.0,1.0,25.0,0.0,17.0,1.0,100.0,4.0,7.0,3.0,1.0,30.0,4.94117647058824,0.0,3.0,1.41176470588235,1.0,1.0,1.0,1.0,2.0,0.0714285714285714,0.0,1.0,1.0,1.0,9.0,7.0,0.514285714285714,1.0,0.0,3.0,1.0,3.0,0.0
0.0,3.0,75.0,1.0,0.0,1.0,1.0,9.0,1.0,3.0,0.0,0.0,1.0,9.0,26.0,1.0,9.0,9.0,15.0,0.0,3.0,1.0,9.0,13.0,9.0,9.0,15.0,37.0,12.0,0.7,12.0,27.0,1.0,17.0,0.0,9.0,1.0,75.0,2.0,0.0,0.0,1.0,6.0,2.33333333333333,0.0,3.0,1.33333333333333,1.0,1.0,1.0,1.0,0.0,0.0,0.0,1.0,1.0,1.0,25.0,26.0,0.786666666666667,1.0,0.0,2.0,1.0,0.0,0.0
1.0,8.0,176.0,5.0,0.0,1.0,2.0,21.0,2.0,10.0,2.0,0.0,2.0,11.0,42.0,1.0,11.0,21.0,37.0,1.0,1.0,5.0,9.0,64.0,21.0,13.0,39.0,110.0,47.0,0.38,24.0,86.0,5.0,64.0,0.0,9.0,2.0,84.0,3.0,0.0,11.0,1.0,25.0,7.18181818181818,0.0,17.0,6.0,1.0,12.0,3.0,1.0,2.0,0.692307692307692,0.0,3.0,3.0,2.0,10.0,3.0,0.261363636363636,0.666666666666667,0.0,7.0,2.0,1.0,0.0
0.0,0.0,32.0,0.0,0.0,0.0,1.0,0.0,0.0,0.0,0.0,0.0,0.0,0.0,27.0,1.0,0.0,0.0,3.0,0.0,0.0,0.0,0.0,1.0,0.0,0.0,3.0,4.0,0.0,6.75,1.0,3.0,0.0,2.0,0.0,0.0,0.0,0.0,2.0,0.0,0.0,1.0,0.0,0.0,0.0,0.0,0.0,0.0,0.0,0.0,0.0,0.0,0.0,0.0,0.0,0.0,0.0,0.0,0.0,0.78125,0.0,0.0,2.0,0.0,0.0,0.0
0.0,9.0,337.0,9.0,0.0,1.0,0.0,51.0,2.0,10.0,11.0,0.0,2.0,23.0,45.0,4.0,23.0,47.0,70.0,0.0,10.0,12.0,23.0,146.0,47.0,26.0,69.0,251.0,114.0,0.18,42.0,183.0,9.0,128.0,0.0,12.0,2.0,62.0,1.0,0.0,14.0,2.0,8.0,2.8695652173913,1.0,14.0,6.60869565217391,1.0,12.0,2.17391304347826,1.0,4.0,1.10344827586207,0.0,8.0,8.0,3.0,60.0,28.0,0.928783382789317,0.625,0.0,1.0,3.0,3.0,0.0
0.0,4.0,88.0,2.0,0.0,1.0,0.0,15.0,1.0,5.0,0.0,0.0,1.0,11.0,0.0,1.0,11.0,15.0,32.0,0.0,2.0,2.0,11.0,27.0,15.0,11.0,32.0,71.0,21.0,0.0,17.0,53.0,2.0,37.0,0.0,11.0,1.0,45.0,1.0,0.0,7.0,2.0,6.0,1.90909090909091,1.0,11.0,2.72727272727273,1.0,2.0,1.36363636363636,1.0,1.0,0.461538461538462,0.0,4.0,4.0,2.0,91.0,3.0,0.943181818181818,0.75,0.0,2.0,2.0,0.0,1.0
0.0,8.0,60.0,3.0,0.0,1.0,0.0,5.0,2.0,9.0,0.0,0.0,2.0,2.0,28.0,1.0,2.0,4.0,11.0,0.0,3.0,4.0,2.0,10.0,4.0,2.0,11.0,25.0,8.0,1.12,7.0,19.0,3.0,14.0,1.0,2.0,3.0,0.0,1.0,0.0,2.0,2.0,6.0,5.0,4.0,8.0,6.0,4.0,3.0,2.0,1.0,2.0,1.5,0.0,5.0,5.0,2.0,65.0,5.0,0.983333333333333,0.8,0.0,1.0,2.0,1.0,0.0
0.0,4.0,156.0,8.0,0.0,2.0,0.0,55.0,2.0,4.0,0.0,0.0,2.0,27.0,1.0,1.0,27.0,53.0,31.0,0.0,1.0,8.0,27.0,62.0,53.0,52.0,31.0,123.0,80.0,0.01,32.0,111.0,8.0,57.0,0.0,27.0,2.0,62.0,2.0,4.0,1.0,2.0,6.0,2.92592592592593,0.0,8.0,3.11111111111111,1.0,8.0,1.96296296296296,1.0,4.0,0.466666666666667,0.0,2.0,2.0,1.0,181.0,25.0,1.0,1.0,0.0,1.0,1.0,0.0,0.0
0.0,3.0,245.0,2.0,0.0,1.0,0.0,55.0,1.0,3.0,0.0,0.0,1.0,50.0,6.0,1.0,50.0,55.0,67.0,1.0,4.0,2.0,49.0,68.0,55.0,50.0,67.0,180.0,65.0,0.03,59.0,132.0,2.0,77.0,0.0,50.0,1.0,71.0,1.0,4.0,6.0,2.0,7.0,2.34,1.0,9.0,2.38,1.0,2.0,1.1,1.0,1.0,0.134615384615385,0.0,10.0,10.0,3.0,250.0,5.0,0.591836734693878,0.5,0.0,3.0,3.0,0.0,0.0
0.0,1.0,71.0,1.0,0.0,1.0,23.0,39.0,1.0,1.0,0.0,0.0,1.0,39.0,23.0,1.0,39.0,39.0,64.0,0.0,0.0,1.0,39.0,23.0,39.0,39.0,64.0,65.0,0.0,0.35,3.0,64.0,1.0,63.0,0.0,39.0,1.0,100.0,0.0,2.0,0.0,0.0,19.0,2.48717948717949,0.0,1.0,1.0,1.0,1.0,1.0,1.0,0.0,0.0,0.0,2.0,2.0,1.0,71.0,0.0,1.0,1.0,0.0,1.0,1.0,0.0,0.0
0.0,1.0,8.0,1.0,0.0,1.0,0.0,4.0,1.0,1.0,0.0,0.0,1.0,4.0,0.0,1.0,4.0,4.0,6.0,0.0,0.0,1.0,4.0,0.0,4.0,4.0,6.0,7.0,0.0,0.0,1.0,6.0,1.0,5.0,0.0,4.0,1.0,0.0,0.0,1.0,0.0,0.0,1.0,1.0,1.0,1.0,1.0,1.0,1.0,1.0,1.0,0.0,0.0,0.0,1.0,1.0,1.0,8.0,0.0,1.0,1.0,0.0,1.0,1.0,0.0,0.0
2.0,4.0,311.0,6.0,0.0,1.0,0.0,62.0,1.0,5.0,0.0,0.0,1.0,43.0,26.0,1.0,43.0,61.0,60.0,0.0,7.0,6.0,41.0,101.0,61.0,54.0,60.0,208.0,102.0,0.12,77.0,162.0,6.0,100.0,0.0,43.0,1.0,89.0,1.0,0.0,3.0,2.0,7.0,1.72093023255814,0.0,9.0,2.34883720930233,1.0,24.0,1.86046511627907,1.0,2.0,0.244444444444444,0.0,4.0,4.0,2.0,317.0,6.0,0.971061093247588,0.75,0.0,1.0,2.0,1.0,0.0
0.0,5.0,197.0,5.0,0.0,1.0,3.0,38.0,2.0,7.0,0.0,0.0,2.0,16.0,45.0,1.0,16.0,33.0,43.0,0.0,2.0,6.0,16.0,60.0,33.0,22.0,43.0,110.0,46.0,0.41,46.0,89.0,5.0,59.0,1.0,16.0,2.0,82.0,1.0,0.0,9.0,1.0,6.0,3.625,1.0,6.0,2.8125,1.0,5.0,2.0,1.0,2.0,0.833333333333333,0.0,10.0,10.0,5.0,215.0,18.0,0.928934010152284,0.6,0.0,1.0,5.0,3.0,0.0
0.0,3.0,65.0,1.0,0.0,1.0,0.0,11.0,1.0,4.0,0.0,0.0,1.0,11.0,0.0,1.0,11.0,11.0,14.0,0.0,1.0,1.0,11.0,19.0,11.0,11.0,14.0,45.0,19.0,0.0,20.0,33.0,1.0,21.0,0.0,11.0,1.0,18.0,1.0,0.0,1.0,2.0,2.0,0.909090909090909,0.0,2.0,2.0,2.0,1.0,1.0,1.0,0.0,0.0,0.0,3.0,3.0,2.0,71.0,6.0,0.907692307692308,0.666666666666667,0.0,2.0,2.0,0.0,0.0
1.0,3.0,236.0,2.0,0.0,1.0,0.0,54.0,1.0,3.0,0.0,0.0,1.0,49.0,6.0,1.0,49.0,52.0,61.0,0.0,2.0,3.0,48.0,68.0,52.0,49.0,61.0,175.0,65.0,0.03,58.0,126.0,2.0,73.0,0.0,49.0,1.0,74.0,1.0,0.0,6.0,2.0,26.0,1.42857142857143,0.0,9.0,2.20408163265306,1.0,2.0,1.06122448979592,1.0,1.0,0.0980392156862745,0.0,10.0,10.0,3.0,251.0,15.0,0.813559322033898,0.5,0.0,2.0,3.0,1.0,0.0
0.0,1.0,82.0,1.0,0.0,1.0,0.0,46.0,1.0,1.0,0.0,0.0,1.0,46.0,29.0,1.0,46.0,46.0,50.0,0.0,0.0,1.0,46.0,0.0,46.0,46.0,50.0,51.0,0.0,0.57,2.0,50.0,1.0,49.0,0.0,46.0,1.0,0.0,2.0,2.0,3.0,1.0,2.0,1.02173913043478,1.0,1.0,1.0,1.0,1.0,1.0,1.0,0.0,0.0,0.0,13.0,13.0,3.0,82.0,0.0,0.609756097560976,0.461538461538462,0.0,3.0,3.0,0.0,0.0
0.0,3.0,80.0,1.0,0.0,1.0,0.0,14.0,1.0,3.0,0.0,0.0,1.0,14.0,6.0,1.0,14.0,14.0,36.0,0.0,20.0,1.0,14.0,14.0,14.0,14.0,36.0,65.0,14.0,0.09,15.0,50.0,1.0,35.0,0.0,14.0,1.0,95.0,3.0,0.0,1.0,1.0,2.0,1.07142857142857,1.0,2.0,1.07142857142857,1.0,1.0,1.0,1.0,0.0,0.0,0.0,1.0,1.0,1.0,80.0,0.0,1.0,1.0,0.0,1.0,1.0,0.0,0.0
0.0,1.0,7.0,1.0,0.0,1.0,0.0,3.0,1.0,1.0,0.0,0.0,1.0,3.0,0.0,1.0,3.0,3.0,5.0,0.0,0.0,1.0,3.0,0.0,3.0,3.0,5.0,6.0,0.0,0.0,1.0,5.0,1.0,4.0,0.0,3.0,1.0,0.0,3.0,0.0,1.0,1.0,1.0,1.0,1.0,1.0,1.0,1.0,1.0,1.0,1.0,0.0,0.0,0.0,2.0,2.0,1.0,7.0,0.0,1.0,1.0,0.0,1.0,1.0,0.0,0.0
0.0,8.0,85.0,4.0,0.0,2.0,1.0,17.0,3.0,12.0,0.0,1.0,3.0,5.0,8.0,1.0,5.0,17.0,23.0,0.0,6.0,4.0,5.0,31.0,17.0,11.0,19.0,55.0,32.0,0.15,22.0,51.0,4.0,33.0,2.0,5.0,3.0,57.0,2.0,0.0,6.0,1.0,7.0,5.8,3.0,9.0,6.0,2.0,8.0,4.8,1.0,2.0,1.57142857142857,0.0,5.0,5.0,1.0,88.0,3.0,1.0,1.0,0.0,1.0,1.0,0.0,0.0
0.0,3.0,89.0,1.0,0.0,1.0,0.0,15.0,1.0,3.0,0.0,0.0,1.0,15.0,20.0,1.0,15.0,15.0,37.0,0.0,20.0,1.0,15.0,20.0,15.0,15.0,37.0,73.0,16.0,0.27,16.0,53.0,1.0,37.0,0.0,15.0,1.0,90.0,3.0,0.0,1.0,1.0,15.0,2.0,1.0,3.0,1.13333333333333,1.0,1.0,1.0,1.0,0.0,0.0,0.0,2.0,2.0,1.0,109.0,20.0,1.0,1.0,0.0,1.0,1.0,0.0,0.0
0.0,4.0,31.0,2.0,0.0,1.0,0.0,6.0,2.0,4.0,0.0,0.0,2.0,4.0,0.0,1.0,4.0,6.0,10.0,0.0,2.0,2.0,4.0,8.0,6.0,4.0,8.0,23.0,10.0,0.0,8.0,18.0,2.0,11.0,0.0,4.0,2.0,50.0,2.0,0.0,4.0,1.0,5.0,3.5,0.0,5.0,3.25,2.0,2.0,1.5,1.0,1.0,0.666666666666667,0.0,3.0,3.0,1.0,34.0,3.0,1.0,1.0,0.0,1.0,1.0,0.0,0.0
0.0,4.0,36.0,2.0,0.0,1.0,0.0,5.0,1.0,4.0,0.0,0.0,1.0,4.0,3.0,1.0,4.0,5.0,19.0,0.0,4.0,2.0,4.0,10.0,5.0,4.0,19.0,32.0,7.0,0.09,4.0,26.0,2.0,20.0,0.0,4.0,1.0,75.0,2.0,0.0,0.0,2.0,2.0,1.25,1.0,5.0,2.0,1.0,2.0,1.25,1.0,1.0,0.5,0.0,2.0,2.0,1.0,53.0,17.0,1.0,1.0,0.0,1.0,1.0,0.0,0.0
0.0,3.0,48.0,1.0,0.0,1.0,0.0,10.0,1.0,3.0,0.0,0.0,1.0,10.0,11.0,1.0,10.0,10.0,24.0,0.0,11.0,1.0,10.0,10.0,10.0,10.0,24.0,45.0,10.0,0.24,3.0,34.0,1.0,23.0,0.0,10.0,1.0,90.0,2.0,0.0,0.0,2.0,1.0,1.0,1.0,1.0,1.0,1.0,1.0,1.0,1.0,0.0,0.0,0.0,3.0,3.0,2.0,51.0,3.0,0.895833333333333,0.666666666666667,0.0,2.0,2.0,0.0,0.0
0.0,1.0,14.0,1.0,0.0,1.0,0.0,10.0,1.0,1.0,0.0,0.0,1.0,10.0,0.0,1.0,10.0,10.0,12.0,0.0,0.0,1.0,10.0,0.0,10.0,10.0,12.0,13.0,0.0,0.0,1.0,12.0,1.0,11.0,0.0,10.0,1.0,0.0,0.0,2.0,0.0,0.0,1.0,1.0,1.0,1.0,1.0,1.0,1.0,1.0,1.0,0.0,0.0,0.0,2.0,2.0,2.0,14.0,0.0,0.928571428571429,0.5,0.0,2.0,2.0,0.0,0.0
0.0,0.0,59.0,1.0,0.0,1.0,0.0,48.0,1.0,0.0,0.0,0.0,1.0,46.0,3.0,2.0,48.0,48.0,51.0,0.0,8.0,1.0,48.0,0.0,48.0,48.0,51.0,52.0,0.0,0.06,4.0,51.0,1.0,50.0,0.0,48.0,1.0,100.0,1.0,3.0,3.0,1.0,15.0,2.125,0.0,1.0,1.0,1.0,1.0,0.958333333333333,0.0,0.0,0.0,0.0,14.0,14.0,3.0,73.0,14.0,0.76271186440678,0.5,0.0,3.0,3.0,0.0,0.0
0.0,7.0,82.0,11.0,0.0,1.0,2.0,19.0,3.0,9.0,7.0,0.0,3.0,7.0,2.0,1.0,7.0,18.0,17.0,0.0,0.0,12.0,7.0,36.0,18.0,7.0,17.0,63.0,30.0,0.03,17.0,47.0,11.0,28.0,1.0,0.0,3.0,71.0,1.0,0.0,11.0,1.0,9.0,4.85714285714286,2.0,9.0,4.0,2.0,36.0,6.14285714285714,1.0,4.0,1.44444444444444,0.0,9.0,9.0,2.0,135.0,53.0,0.768292682926829,0.777777777777778,0.0,2.0,2.0,0.0,0.0
0.0,5.0,26.0,3.0,0.0,1.0,0.0,5.0,2.0,5.0,0.0,0.0,2.0,2.0,4.0,1.0,2.0,4.0,8.0,0.0,0.0,4.0,2.0,5.0,4.0,2.0,8.0,16.0,4.0,0.25,6.0,12.0,3.0,7.0,0.0,2.0,3.0,0.0,1.0,0.0,0.0,2.0,2.0,1.0,0.0,3.0,2.0,1.0,3.0,2.0,1.0,2.0,1.5,0.0,1.0,1.0,1.0,26.0,0.0,1.0,1.0,0.0,1.0,1.0,0.0,0.0
0.0,1.0,72.0,1.0,1.0,1.0,0.0,13.0,1.0,3.0,0.0,2.0,1.0,11.0,36.0,2.0,13.0,13.0,19.0,0.0,2.0,1.0,12.0,1.0,13.0,13.0,18.0,23.0,1.0,1.57,13.0,19.0,1.0,17.0,0.0,13.0,1.0,83.0,1.0,1.0,2.0,1.0,41.0,4.69230769230769,0.0,2.0,0.846153846153846,0.0,1.0,0.846153846153846,0.0,0.0,0.0,0.0,4.0,4.0,1.0,74.0,2.0,1.0,1.0,0.0,1.0,1.0,0.0,0.0
0.0,3.0,90.0,1.0,0.0,1.0,0.0,14.0,1.0,3.0,0.0,0.0,1.0,14.0,0.0,2.0,14.0,14.0,40.0,0.0,22.0,1.0,14.0,17.0,14.0,14.0,40.0,73.0,17.0,0.0,17.0,57.0,1.0,41.0,0.0,14.0,1.0,94.0,3.0,0.0,2.0,1.0,2.0,1.28571428571429,1.0,5.0,1.28571428571429,1.0,1.0,1.0,1.0,0.0,0.0,0.0,1.0,1.0,1.0,90.0,0.0,1.0,1.0,0.0,1.0,1.0,0.0,0.0
0.0,0.0,4.0,0.0,0.0,0.0,0.0,0.0,0.0,0.0,0.0,0.0,0.0,0.0,0.0,1.0,0.0,0.0,2.0,0.0,0.0,0.0,0.0,0.0,0.0,0.0,2.0,3.0,0.0,0.0,1.0,2.0,0.0,1.0,0.0,0.0,0.0,0.0,3.0,0.0,0.0,1.0,0.0,0.0,0.0,0.0,0.0,0.0,0.0,0.0,0.0,0.0,0.0,0.0,1.0,1.0,1.0,4.0,0.0,1.0,1.0,0.0,1.0,1.0,0.0,0.0
0.0,3.0,18.0,1.0,0.0,1.0,0.0,3.0,1.0,3.0,0.0,0.0,1.0,3.0,0.0,1.0,3.0,3.0,6.0,0.0,0.0,1.0,3.0,4.0,3.0,3.0,5.0,14.0,4.0,0.0,4.0,9.0,1.0,5.0,0.0,3.0,1.0,0.0,2.0,0.0,4.0,1.0,4.0,1.66666666666667,0.0,2.0,2.0,2.0,1.0,1.0,1.0,0.0,0.0,0.0,2.0,2.0,1.0,20.0,2.0,1.0,1.0,0.0,1.0,1.0,0.0,0.0
1.0,23.0,100.0,8.0,0.0,5.0,4.0,14.0,7.0,31.0,2.0,4.0,7.0,2.0,14.0,1.0,2.0,14.0,21.0,0.0,4.0,8.0,1.0,49.0,14.0,9.0,20.0,75.0,34.0,0.19,11.0,54.0,8.0,40.0,3.0,0.0,7.0,75.0,1.0,0.0,0.0,1.0,7.0,5.5,4.0,9.0,6.5,4.0,15.0,12.5,10.0,4.0,2.4,2.0,2.0,2.0,2.0,102.0,2.0,0.95,0.5,0.0,2.0,2.0,0.0,0.0
1.0,9.0,150.0,8.0,1.0,2.0,0.0,23.0,3.0,11.0,0.0,1.0,3.0,8.0,40.0,2.0,8.0,22.0,33.0,0.0,6.0,9.0,6.0,49.0,22.0,13.0,33.0,89.0,43.0,0.45,21.0,76.0,8.0,50.0,1.0,8.0,3.0,33.0,2.0,0.0,2.0,1.0,5.0,3.625,2.0,9.0,4.5,2.0,128.0,19.75,1.0,4.0,1.27272727272727,0.0,1.0,1.0,1.0,150.0,0.0,1.0,1.0,0.0,1.0,1.0,0.0,0.0
0.0,8.0,31.0,2.0,0.0,1.0,0.0,4.0,2.0,8.0,2.0,0.0,2.0,2.0,8.0,1.0,2.0,4.0,7.0,0.0,0.0,2.0,2.0,11.0,4.0,2.0,7.0,21.0,7.0,0.38,2.0,14.0,2.0,9.0,0.0,0.0,2.0,0.0,1.0,0.0,0.0,1.0,5.0,4.5,4.0,3.0,3.0,3.0,2.0,2.0,2.0,1.0,1.0,1.0,1.0,1.0,1.0,31.0,0.0,1.0,1.0,0.0,1.0,1.0,0.0,0.0
0.0,7.0,115.0,4.0,0.0,2.0,28.0,11.0,3.0,10.0,3.0,3.0,3.0,3.0,44.0,1.0,3.0,8.0,37.0,0.0,0.0,7.0,3.0,43.0,8.0,6.0,36.0,59.0,13.0,0.75,12.0,49.0,4.0,41.0,0.0,0.0,4.0,90.0,1.0,0.0,0.0,1.0,8.0,4.66666666666667,2.0,2.0,1.66666666666667,1.0,4.0,2.33333333333333,1.0,2.0,1.4,0.0,4.0,4.0,3.0,146.0,31.0,0.956521739130435,0.5,0.0,1.0,3.0,2.0,0.0
0.0,4.0,168.0,4.0,0.0,2.0,0.0,42.0,2.0,4.0,0.0,0.0,2.0,24.0,18.0,1.0,24.0,42.0,41.0,0.0,13.0,4.0,24.0,52.0,42.0,42.0,39.0,118.0,60.0,0.15,32.0,99.0,4.0,56.0,0.0,24.0,2.0,92.0,3.0,0.0,1.0,1.0,11.0,2.5,0.0,5.0,1.95833333333333,1.0,4.0,1.75,1.0,1.0,0.307692307692308,0.0,1.0,1.0,1.0,168.0,0.0,1.0,1.0,0.0,1.0,1.0,0.0,0.0
0.0,0.0,4.0,0.0,0.0,0.0,0.0,0.0,0.0,0.0,0.0,0.0,0.0,0.0,0.0,1.0,0.0,0.0,2.0,0.0,0.0,0.0,0.0,0.0,0.0,0.0,2.0,3.0,0.0,0.0,1.0,2.0,0.0,1.0,0.0,0.0,0.0,0.0,1.0,0.0,0.0,1.0,0.0,0.0,0.0,0.0,0.0,0.0,0.0,0.0,0.0,0.0,0.0,0.0,1.0,1.0,1.0,4.0,0.0,1.0,1.0,0.0,1.0,1.0,0.0,0.0
0.0,7.0,34.0,2.0,0.0,1.0,0.0,3.0,2.0,8.0,0.0,0.0,2.0,2.0,3.0,1.0,2.0,3.0,12.0,0.0,1.0,2.0,2.0,10.0,3.0,2.0,12.0,23.0,8.0,0.13,8.0,20.0,2.0,17.0,1.0,2.0,2.0,0.0,1.0,0.0,0.0,2.0,2.0,2.0,2.0,3.0,3.0,3.0,1.0,1.0,1.0,0.0,0.0,0.0,6.0,6.0,3.0,35.0,1.0,0.970588235294118,0.666666666666667,0.0,1.0,3.0,1.0,0.0
0.0,3.0,66.0,1.0,0.0,1.0,0.0,11.0,1.0,4.0,0.0,0.0,1.0,9.0,1.0,1.0,9.0,9.0,21.0,0.0,1.0,3.0,9.0,17.0,9.0,9.0,13.0,48.0,15.0,0.02,17.0,28.0,1.0,18.0,0.0,9.0,1.0,88.0,2.0,0.0,5.0,1.0,4.0,1.55555555555556,0.0,4.0,2.11111111111111,1.0,1.0,1.0,1.0,0.0,0.0,0.0,19.0,19.0,3.0,250.0,17.0,0.939393939393939,0.578947368421053,0.0,1.0,3.0,2.0,9.0
0.0,6.0,258.0,5.0,0.0,1.0,0.0,39.0,2.0,6.0,20.0,0.0,2.0,24.0,37.0,5.0,24.0,39.0,73.0,1.0,4.0,5.0,23.0,101.0,39.0,24.0,77.0,189.0,88.0,0.2,34.0,165.0,5.0,124.0,0.0,4.0,2.0,0.0,2.0,0.0,12.0,2.0,13.0,3.04166666666667,1.0,20.0,5.95833333333333,1.0,8.0,1.875,1.0,3.0,0.7,0.0,10.0,10.0,5.0,153.0,131.0,0.604651162790698,0.4,0.0,3.0,5.0,3.0,1.0
1.0,1.0,4228.0,1.0,0.0,1.0,2.0,1.0,1.0,1.0,0.0,0.0,1.0,1.0,27.0,1.0,1.0,1.0,8.0,0.0,0.0,1.0,0.0,2794.0,1.0,1.0,7.0,2802.0,2792.0,0.01,1399.0,2799.0,1.0,2797.0,0.0,1.0,1.0,100.0,1.0,0.0,0.0,1.0,0.0,0.0,0.0,1.0,1.0,1.0,1.0,1.0,1.0,4.0,1.0,0.0,1.0,1.0,1.0,4228.0,0.0,1.0,1.0,0.0,1.0,1.0,0.0,0.0
24.0,9.0,522.0,22.0,1.0,2.0,1.0,142.0,3.0,9.0,3.0,0.0,2.0,42.0,37.0,2.0,42.0,103.0,107.0,5.0,0.0,22.0,12.0,288.0,139.0,63.0,106.0,434.0,169.0,0.09,52.0,275.0,5.0,192.0,0.0,39.0,3.0,97.0,3.0,3.0,16.0,2.0,23.0,4.42857142857143,0.0,15.0,6.85714285714286,1.0,16.0,2.73809523809524,1.0,3.0,0.8,0.0,19.0,19.0,2.0,485.0,135.0,0.902298850574713,0.578947368421053,0.0,2.0,2.0,2.0,2.0
1.0,5.0,99.0,2.0,1.0,1.0,1.0,10.0,1.0,5.0,3.0,0.0,1.0,8.0,31.0,2.0,8.0,10.0,24.0,1.0,0.0,2.0,5.0,27.0,10.0,8.0,24.0,57.0,19.0,0.54,12.0,43.0,2.0,32.0,0.0,5.0,1.0,85.0,4.0,2.0,7.0,2.0,14.0,3.75,0.0,11.0,5.25,2.0,2.0,1.25,1.0,1.0,0.363636363636364,0.0,2.0,2.0,2.0,5.0,3.0,0.909090909090909,0.5,0.0,2.0,2.0,1.0,0.0
3.0,19.0,535.0,11.0,1.0,1.0,44.0,65.0,3.0,21.0,13.0,0.0,3.0,18.0,46.0,3.0,18.0,58.0,146.0,1.0,3.0,13.0,13.0,328.0,58.0,20.0,146.0,433.0,219.0,0.11,59.0,365.0,11.0,310.0,1.0,5.0,4.0,93.0,4.0,0.0,15.0,2.0,38.0,5.88888888888889,1.0,20.0,9.44444444444444,1.0,50.0,8.05555555555556,1.0,3.0,1.18181818181818,0.0,19.0,19.0,4.0,386.0,103.0,0.764485981308411,0.631578947368421,0.0,2.0,4.0,3.0,0.0
0.0,11.0,220.0,10.0,1.0,2.0,1.0,29.0,3.0,13.0,2.0,0.0,3.0,10.0,36.0,2.0,10.0,29.0,64.0,0.0,2.0,10.0,9.0,85.0,29.0,15.0,57.0,156.0,55.0,0.23,28.0,112.0,10.0,85.0,1.0,8.0,3.0,81.0,6.0,0.0,18.0,2.0,6.0,2.3,0.0,23.0,7.9,2.0,21.0,4.2,1.0,4.0,1.46153846153846,0.0,11.0,11.0,4.0,121.0,46.0,0.468181818181818,0.727272727272727,0.0,3.0,4.0,1.0,0.0
1.0,10.0,144.0,9.0,1.0,1.0,1.0,19.0,3.0,11.0,3.0,0.0,3.0,7.0,30.0,2.0,7.0,19.0,44.0,0.0,0.0,9.0,5.0,56.0,19.0,7.0,44.0,98.0,35.0,0.31,17.0,79.0,9.0,65.0,0.0,4.0,3.0,83.0,5.0,1.0,13.0,2.0,6.0,3.28571428571429,2.0,19.0,8.57142857142857,2.0,6.0,2.0,1.0,2.0,0.8,0.0,4.0,4.0,4.0,13.0,12.0,0.6875,0.25,0.0,3.0,4.0,2.0,0.0
0.0,11.0,208.0,5.0,1.0,2.0,1.0,29.0,3.0,12.0,2.0,0.0,3.0,11.0,33.0,2.0,11.0,29.0,57.0,0.0,0.0,5.0,10.0,97.0,29.0,20.0,54.0,159.0,56.0,0.21,18.0,110.0,5.0,86.0,0.0,9.0,3.0,90.0,5.0,0.0,14.0,2.0,5.0,2.09090909090909,0.0,18.0,9.09090909090909,2.0,5.0,2.54545454545455,1.0,2.0,1.0,0.0,5.0,5.0,4.0,113.0,84.0,0.538461538461538,0.4,0.0,2.0,4.0,1.0,1.0
0.0,7.0,123.0,2.0,1.0,1.0,1.0,11.0,1.0,8.0,1.0,0.0,1.0,8.0,32.0,2.0,8.0,11.0,30.0,0.0,0.0,2.0,7.0,39.0,11.0,8.0,30.0,70.0,27.0,0.46,22.0,57.0,2.0,45.0,1.0,7.0,1.0,85.0,5.0,0.0,8.0,2.0,6.0,2.875,0.0,11.0,5.375,2.0,2.0,1.375,1.0,1.0,0.454545454545455,0.0,2.0,2.0,1.0,125.0,0.0,1.0,1.0,0.0,1.0,1.0,0.0,0.0
3.0,6.0,500.0,9.0,18.0,1.0,7.0,88.0,2.0,7.0,6.0,0.0,2.0,47.0,37.0,7.0,47.0,88.0,140.0,4.0,10.0,9.0,22.0,209.0,88.0,56.0,139.0,377.0,147.0,0.1,86.0,286.0,9.0,211.0,0.0,41.0,2.0,86.0,4.0,1.0,21.0,3.0,17.0,2.97872340425532,0.0,17.0,3.70212765957447,0.0,192.0,6.21276595744681,1.0,3.0,0.545454545454545,0.0,8.0,8.0,4.0,522.0,20.0,0.898,0.375,0.0,2.0,4.0,2.0,0.0
1.0,4.0,93.0,2.0,0.0,1.0,1.0,10.0,1.0,6.0,1.0,0.0,1.0,8.0,9.0,3.0,8.0,10.0,37.0,0.0,1.0,2.0,7.0,22.0,10.0,8.0,32.0,64.0,14.0,0.14,20.0,46.0,2.0,35.0,1.0,7.0,1.0,75.0,2.0,0.0,8.0,2.0,4.0,2.375,1.0,8.0,4.375,2.0,2.0,1.125,1.0,1.0,0.25,0.0,5.0,5.0,3.0,102.0,4.0,0.978494623655914,0.4,0.0,1.0,3.0,1.0,0.0
0.0,1.0,39.0,1.0,0.0,1.0,0.0,1.0,1.0,1.0,0.0,0.0,1.0,1.0,34.0,1.0,1.0,1.0,3.0,0.0,0.0,1.0,1.0,0.0,1.0,1.0,3.0,4.0,0.0,8.5,1.0,3.0,1.0,2.0,0.0,1.0,1.0,0.0,0.0,2.0,0.0,0.0,0.0,0.0,0.0,0.0,0.0,0.0,1.0,1.0,1.0,0.0,0.0,0.0,0.0,0.0,0.0,0.0,0.0,1.0,0.0,0.0,1.0,0.0,0.0,0.0
0.0,0.0,127.0,0.0,0.0,0.0,0.0,0.0,0.0,0.0,0.0,0.0,0.0,0.0,37.0,1.0,0.0,0.0,88.0,0.0,86.0,0.0,0.0,86.0,0.0,0.0,88.0,90.0,0.0,0.41,0.0,88.0,0.0,87.0,0.0,0.0,0.0,0.0,0.0,0.0,0.0,0.0,0.0,0.0,0.0,0.0,0.0,0.0,0.0,0.0,0.0,0.0,0.0,0.0,5.0,5.0,3.0,176.0,133.0,0.677165354330709,0.4,0.0,3.0,3.0,0.0,0.0
0.0,3.0,303.0,2.0,0.0,1.0,0.0,41.0,1.0,3.0,0.0,0.0,1.0,40.0,88.0,1.0,40.0,41.0,84.0,26.0,1.0,2.0,14.0,45.0,41.0,40.0,49.0,170.0,44.0,0.52,49.0,93.0,2.0,51.0,0.0,40.0,1.0,22.0,4.0,0.0,4.0,1.0,7.0,1.625,0.0,6.0,1.85,0.0,2.0,1.025,1.0,1.0,0.0714285714285714,0.0,3.0,3.0,2.0,178.0,12.0,0.580858085808581,0.666666666666667,0.0,4.0,2.0,3.0,0.0
0.0,4.0,143.0,4.0,0.0,1.0,0.0,16.0,2.0,8.0,0.0,4.0,2.0,10.0,72.0,1.0,10.0,15.0,24.0,0.0,3.0,4.0,10.0,19.0,15.0,10.0,24.0,58.0,15.0,1.24,13.0,39.0,4.0,24.0,0.0,10.0,2.0,63.0,1.0,0.0,5.0,2.0,3.0,1.4,0.0,4.0,2.1,0.0,4.0,1.5,1.0,2.0,0.769230769230769,0.0,4.0,4.0,2.0,76.0,28.0,0.979020979020979,0.5,0.0,1.0,2.0,1.0,0.0
0.0,4.0,111.0,4.0,0.0,1.0,0.0,16.0,2.0,5.0,1.0,0.0,2.0,10.0,33.0,1.0,10.0,15.0,23.0,0.0,3.0,4.0,10.0,26.0,15.0,12.0,24.0,61.0,25.0,0.54,17.0,49.0,4.0,32.0,0.0,9.0,2.0,70.0,1.0,0.0,6.0,1.0,4.0,2.7,1.0,7.0,2.3,1.0,4.0,1.5,1.0,2.0,0.666666666666667,0.0,2.0,2.0,1.0,3.0,3.0,0.396396396396396,1.0,0.0,3.0,1.0,1.0,0.0
1.0,6.0,183.0,3.0,0.0,1.0,0.0,24.0,2.0,8.0,0.0,0.0,2.0,14.0,40.0,1.0,14.0,21.0,38.0,0.0,3.0,5.0,13.0,63.0,21.0,14.0,38.0,112.0,52.0,0.36,31.0,90.0,3.0,68.0,0.0,14.0,2.0,61.0,1.0,0.0,10.0,1.0,47.0,8.64285714285714,1.0,9.0,4.14285714285714,1.0,4.0,1.57142857142857,1.0,1.0,0.5,0.0,3.0,3.0,2.0,7.0,7.0,0.524590163934426,0.666666666666667,0.0,4.0,2.0,2.0,0.0
0.0,0.0,16.0,0.0,0.0,0.0,0.0,0.0,0.0,0.0,0.0,0.0,0.0,0.0,11.0,1.0,0.0,0.0,2.0,0.0,0.0,0.0,0.0,0.0,0.0,0.0,2.0,3.0,0.0,3.67,2.0,2.0,0.0,1.0,0.0,0.0,0.0,0.0,0.0,12.0,0.0,0.0,0.0,0.0,0.0,0.0,0.0,0.0,0.0,0.0,0.0,0.0,0.0,0.0,0.0,0.0,0.0,0.0,0.0,1.0,0.0,0.0,1.0,0.0,0.0,0.0
0.0,3.0,78.0,1.0,0.0,1.0,0.0,6.0,1.0,3.0,0.0,0.0,1.0,6.0,38.0,1.0,6.0,6.0,15.0,0.0,2.0,1.0,6.0,8.0,6.0,6.0,15.0,30.0,8.0,1.27,10.0,23.0,1.0,16.0,0.0,6.0,1.0,16.0,2.0,0.0,5.0,1.0,7.0,4.0,1.0,5.0,2.5,2.0,1.0,1.0,1.0,5.0,0.555555555555556,0.0,1.0,1.0,1.0,4.0,0.0,0.512820512820513,1.0,0.0,4.0,1.0,2.0,0.0
1.0,3.0,137.0,6.0,0.0,1.0,6.0,30.0,1.0,3.0,1.0,0.0,1.0,25.0,12.0,7.0,25.0,30.0,28.0,0.0,0.0,6.0,24.0,58.0,30.0,30.0,41.0,106.0,29.0,0.11,19.0,70.0,6.0,42.0,0.0,24.0,1.0,83.0,1.0,6.0,8.0,2.0,11.0,2.36,0.0,4.0,1.04,0.0,6.0,1.2,1.0,2.0,0.181818181818182,0.0,4.0,4.0,1.0,92.0,11.0,1.0,1.0,0.0,1.0,1.0,0.0,0.0
0.0,3.0,66.0,2.0,0.0,1.0,0.0,6.0,1.0,3.0,0.0,0.0,1.0,5.0,28.0,1.0,5.0,6.0,18.0,0.0,1.0,2.0,5.0,9.0,6.0,5.0,17.0,32.0,7.0,0.88,7.0,24.0,2.0,18.0,0.0,5.0,1.0,80.0,3.0,1.0,8.0,3.0,7.0,1.6,0.0,3.0,1.6,1.0,2.0,1.2,1.0,1.0,0.428571428571429,0.0,7.0,7.0,2.0,15.0,13.0,0.848484848484849,0.857142857142857,0.0,3.0,2.0,0.0,0.0
4.0,8.0,284.0,13.0,0.0,1.0,0.0,45.0,2.0,10.0,0.0,1.0,2.0,18.0,55.0,1.0,18.0,41.0,61.0,0.0,10.0,14.0,14.0,93.0,41.0,25.0,63.0,185.0,77.0,0.3,44.0,140.0,13.0,100.0,1.0,18.0,3.0,80.0,2.0,0.0,28.0,2.0,13.0,4.38888888888889,1.0,26.0,4.33333333333333,1.0,60.0,6.27777777777778,1.0,3.0,0.65,0.0,13.0,13.0,2.0,86.0,130.0,0.683098591549296,0.769230769230769,0.0,3.0,2.0,3.0,0.0
0.0,9.0,66.0,2.0,0.0,1.0,0.0,3.0,2.0,9.0,0.0,0.0,2.0,2.0,35.0,1.0,2.0,3.0,13.0,1.0,1.0,2.0,1.0,13.0,3.0,2.0,13.0,26.0,8.0,1.35,6.0,21.0,2.0,17.0,0.0,2.0,2.0,0.0,3.0,0.0,2.0,1.0,4.0,3.5,3.0,10.0,6.5,3.0,2.0,1.5,1.0,1.0,0.75,0.0,4.0,4.0,2.0,10.0,225.0,0.848484848484849,0.75,0.0,2.0,2.0,0.0,0.0
0.0,3.0,169.0,7.0,0.0,1.0,0.0,29.0,1.0,4.0,0.0,0.0,1.0,23.0,44.0,1.0,23.0,27.0,39.0,1.0,3.0,7.0,22.0,34.0,29.0,23.0,37.0,95.0,33.0,0.46,30.0,70.0,5.0,44.0,0.0,23.0,1.0,85.0,1.0,13.0,10.0,1.0,30.0,10.304347826087,0.0,8.0,1.82608695652174,1.0,11.0,1.43478260869565,1.0,2.0,0.24,0.0,6.0,6.0,2.0,58.0,9.0,0.585798816568047,0.833333333333333,0.0,2.0,2.0,0.0,0.0
0.0,7.0,95.0,5.0,0.0,1.0,0.0,9.0,2.0,8.0,0.0,0.0,2.0,5.0,33.0,1.0,5.0,9.0,21.0,0.0,1.0,5.0,5.0,22.0,9.0,7.0,21.0,51.0,18.0,0.65,11.0,39.0,5.0,28.0,0.0,5.0,2.0,19.0,2.0,0.0,12.0,2.0,11.0,4.4,1.0,13.0,4.8,1.0,8.0,2.4,1.0,3.0,1.28571428571429,0.0,2.0,2.0,2.0,3.0,7.0,0.378947368421053,0.5,0.0,4.0,2.0,0.0,0.0
20.0,23.0,999.0,11.0,0.0,2.0,21.0,132.0,4.0,29.0,0.0,3.0,4.0,28.0,154.0,2.0,28.0,98.0,170.0,3.0,1.0,12.0,5.0,551.0,125.0,53.0,165.0,718.0,378.0,0.21,133.0,543.0,11.0,440.0,2.0,28.0,5.0,92.0,2.0,1.0,34.0,2.0,19.0,8.14285714285714,2.0,49.0,9.42857142857143,1.0,121.0,10.9642857142857,1.0,5.0,1.38709677419355,0.0,25.0,25.0,2.0,1995.0,1269.0,0.92992992992993,0.92,0.0,2.0,2.0,1.0,0.0
0.0,3.0,303.0,2.0,0.0,1.0,0.0,72.0,1.0,3.0,0.0,0.0,1.0,62.0,27.0,10.0,62.0,72.0,91.0,3.0,7.0,2.0,59.0,76.0,72.0,62.0,90.0,230.0,81.0,0.12,46.0,171.0,2.0,99.0,0.0,62.0,1.0,84.0,3.0,15.0,10.0,3.0,15.0,3.74193548387097,0.0,7.0,2.12903225806452,1.0,2.0,1.16129032258065,1.0,1.0,0.273972602739726,0.0,7.0,7.0,1.0,316.0,13.0,1.0,1.0,0.0,1.0,1.0,0.0,0.0
0.0,3.0,68.0,1.0,0.0,1.0,0.0,3.0,1.0,6.0,0.0,2.0,1.0,3.0,41.0,1.0,3.0,3.0,14.0,0.0,1.0,1.0,3.0,4.0,3.0,3.0,14.0,22.0,4.0,1.86,5.0,18.0,1.0,14.0,0.0,3.0,1.0,0.0,2.0,0.0,7.0,2.0,5.0,3.33333333333333,1.0,4.0,3.33333333333333,3.0,1.0,1.0,1.0,0.0,0.0,0.0,1.0,1.0,1.0,1.0,7.0,0.558823529411765,1.0,0.0,3.0,1.0,0.0,0.0
0.0,3.0,74.0,1.0,0.0,1.0,0.0,4.0,1.0,5.0,0.0,2.0,1.0,4.0,42.0,1.0,4.0,4.0,16.0,0.0,1.0,1.0,4.0,5.0,4.0,4.0,16.0,26.0,5.0,1.62,6.0,21.0,1.0,16.0,0.0,4.0,1.0,0.0,2.0,0.0,7.0,2.0,5.0,3.0,1.0,4.0,3.0,2.0,1.0,1.0,1.0,0.0,0.0,0.0,2.0,2.0,2.0,2.0,8.0,0.527027027027027,0.5,0.0,3.0,2.0,0.0,0.0
0.0,17.0,112.0,11.0,0.0,3.0,0.0,13.0,4.0,19.0,0.0,0.0,4.0,3.0,29.0,1.0,3.0,13.0,31.0,0.0,1.0,11.0,3.0,37.0,13.0,8.0,26.0,73.0,25.0,0.4,10.0,51.0,11.0,38.0,1.0,3.0,4.0,33.0,4.0,0.0,16.0,1.0,15.0,7.66666666666667,0.0,19.0,7.66666666666667,1.0,10.0,4.0,1.0,3.0,1.8,0.0,3.0,3.0,2.0,118.0,6.0,0.982142857142857,0.666666666666667,0.0,1.0,2.0,1.0,0.0
1.0,41.0,198.0,21.0,0.0,3.0,0.0,38.0,10.0,45.0,0.0,0.0,10.0,3.0,27.0,1.0,3.0,29.0,41.0,0.0,9.0,23.0,2.0,93.0,29.0,10.0,39.0,149.0,68.0,0.18,22.0,107.0,21.0,78.0,4.0,3.0,13.0,11.0,3.0,0.0,14.0,1.0,22.0,13.6666666666667,7.0,22.0,14.6666666666667,1.0,204.0,74.0,2.0,4.0,2.8,1.0,4.0,4.0,3.0,225.0,27.0,0.823232323232323,0.5,0.0,3.0,3.0,0.0,1.0
0.0,9.0,101.0,3.0,0.0,2.0,0.0,6.0,2.0,15.0,0.0,5.0,2.0,3.0,53.0,1.0,3.0,6.0,21.0,0.0,0.0,3.0,3.0,17.0,6.0,5.0,19.0,39.0,12.0,1.36,9.0,31.0,3.0,23.0,1.0,3.0,2.0,0.0,2.0,0.0,11.0,1.0,8.0,5.33333333333333,4.0,12.0,6.66666666666667,4.0,3.0,2.0,1.0,2.0,1.4,0.0,10.0,10.0,3.0,104.0,39.0,0.435643564356436,0.8,0.0,3.0,3.0,0.0,1.0
2.0,7.0,114.0,5.0,0.0,1.0,0.0,12.0,2.0,9.0,0.0,0.0,2.0,6.0,33.0,1.0,6.0,12.0,28.0,0.0,3.0,5.0,4.0,27.0,12.0,8.0,28.0,65.0,24.0,0.51,17.0,52.0,5.0,39.0,1.0,6.0,2.0,55.0,2.0,0.0,15.0,2.0,13.0,5.66666666666667,2.0,11.0,5.5,1.0,5.0,2.0,1.0,2.0,1.0,0.0,2.0,2.0,2.0,6.0,6.0,0.868421052631579,0.5,0.0,2.0,2.0,1.0,0.0
0.0,5.0,81.0,2.0,0.0,1.0,0.0,6.0,1.0,5.0,0.0,0.0,1.0,5.0,33.0,1.0,5.0,6.0,18.0,0.0,1.0,2.0,5.0,14.0,6.0,5.0,18.0,39.0,12.0,0.85,9.0,30.0,2.0,22.0,0.0,5.0,1.0,19.0,2.0,0.0,10.0,1.0,9.0,4.0,0.0,8.0,3.8,1.0,2.0,1.2,1.0,2.0,0.857142857142857,0.0,2.0,2.0,2.0,3.0,6.0,0.481481481481481,0.5,0.0,4.0,2.0,1.0,0.0
1.0,2.0,88.0,1.0,0.0,1.0,1.0,8.0,1.0,4.0,1.0,1.0,1.0,8.0,44.0,1.0,8.0,8.0,19.0,0.0,0.0,1.0,7.0,6.0,8.0,8.0,16.0,33.0,5.0,1.33,11.0,21.0,1.0,12.0,0.0,7.0,1.0,75.0,2.0,0.0,6.0,1.0,4.0,0.75,0.0,2.0,0.75,0.0,1.0,1.0,1.0,0.0,0.0,0.0,1.0,1.0,1.0,15.0,0.0,0.397727272727273,1.0,0.0,4.0,1.0,0.0,0.0
0.0,3.0,60.0,1.0,0.0,1.0,0.0,3.0,1.0,4.0,0.0,1.0,1.0,3.0,36.0,1.0,3.0,3.0,11.0,0.0,1.0,1.0,3.0,4.0,3.0,3.0,11.0,19.0,4.0,1.89,5.0,15.0,1.0,11.0,0.0,3.0,1.0,0.0,2.0,0.0,5.0,1.0,11.0,6.33333333333333,1.0,4.0,3.0,2.0,1.0,1.0,1.0,0.0,0.0,0.0,0.0,0.0,0.0,0.0,0.0,0.516666666666667,0.0,0.0,3.0,0.0,1.0,0.0
4.0,11.0,185.0,8.0,0.0,1.0,0.0,33.0,3.0,15.0,0.0,0.0,3.0,8.0,36.0,1.0,8.0,26.0,41.0,0.0,3.0,10.0,4.0,65.0,26.0,10.0,44.0,116.0,56.0,0.31,34.0,100.0,8.0,73.0,3.0,8.0,4.0,58.0,2.0,0.0,17.0,2.0,13.0,7.25,2.0,15.0,6.75,1.0,42.0,7.625,1.0,3.0,1.5,0.0,4.0,4.0,2.0,11.0,12.0,0.756756756756757,0.5,0.0,3.0,2.0,0.0,0.0
0.0,3.0,87.0,1.0,0.0,1.0,0.0,11.0,1.0,3.0,0.0,0.0,1.0,11.0,30.0,1.0,11.0,11.0,18.0,0.0,2.0,1.0,11.0,13.0,11.0,11.0,18.0,43.0,13.0,0.7,14.0,31.0,1.0,19.0,0.0,11.0,1.0,40.0,1.0,0.0,4.0,2.0,5.0,1.72727272727273,1.0,4.0,1.81818181818182,1.0,1.0,1.0,1.0,0.0,0.0,0.0,0.0,0.0,0.0,0.0,0.0,0.701149425287356,0.0,0.0,2.0,0.0,1.0,0.0
0.0,4.0,59.0,1.0,0.0,1.0,0.0,3.0,1.0,5.0,0.0,0.0,1.0,3.0,32.0,1.0,3.0,3.0,9.0,0.0,2.0,1.0,3.0,7.0,3.0,3.0,9.0,20.0,7.0,1.6,7.0,16.0,1.0,12.0,0.0,3.0,1.0,33.0,1.0,0.0,2.0,2.0,3.0,2.0,1.0,3.0,2.66666666666667,2.0,1.0,1.0,1.0,0.0,0.0,0.0,0.0,0.0,0.0,0.0,0.0,0.542372881355932,0.0,0.0,2.0,0.0,2.0,0.0
0.0,11.0,89.0,4.0,0.0,1.0,0.0,6.0,2.0,12.0,0.0,0.0,2.0,3.0,30.0,1.0,3.0,6.0,24.0,0.0,5.0,4.0,3.0,25.0,6.0,3.0,24.0,52.0,18.0,0.58,7.0,42.0,4.0,36.0,0.0,3.0,2.0,26.0,2.0,0.0,14.0,1.0,7.0,5.33333333333333,2.0,15.0,9.33333333333333,1.0,4.0,2.0,1.0,1.0,0.6,0.0,4.0,4.0,3.0,8.0,7.0,0.651685393258427,0.5,0.0,2.0,3.0,1.0,1.0
0.0,9.0,95.0,5.0,0.0,1.0,0.0,8.0,2.0,10.0,0.0,0.0,2.0,4.0,29.0,1.0,4.0,8.0,26.0,0.0,6.0,5.0,4.0,27.0,8.0,4.0,26.0,58.0,20.0,0.5,8.0,46.0,5.0,38.0,0.0,4.0,2.0,45.0,1.0,0.0,14.0,2.0,8.0,4.25,1.0,15.0,6.75,1.0,8.0,2.75,1.0,1.0,0.5,0.0,7.0,7.0,3.0,17.0,7.0,0.968421052631579,0.571428571428571,0.0,1.0,3.0,2.0,0.0
0.0,1.0,51.0,1.0,0.0,1.0,0.0,9.0,1.0,1.0,0.0,0.0,1.0,9.0,27.0,1.0,9.0,9.0,13.0,0.0,0.0,1.0,9.0,0.0,9.0,9.0,13.0,14.0,0.0,1.93,10.0,13.0,1.0,12.0,0.0,9.0,1.0,0.0,0.0,2.0,0.0,0.0,5.0,1.11111111111111,0.0,1.0,0.444444444444444,0.0,1.0,1.0,1.0,0.0,0.0,0.0,1.0,1.0,1.0,1.0,1.0,0.980392156862745,1.0,0.0,1.0,1.0,1.0,0.0
2.0,7.0,215.0,4.0,0.0,1.0,0.0,24.0,2.0,10.0,0.0,2.0,2.0,14.0,61.0,1.0,14.0,24.0,44.0,0.0,7.0,4.0,12.0,63.0,24.0,16.0,45.0,122.0,49.0,0.5,32.0,94.0,4.0,69.0,0.0,14.0,2.0,76.0,1.0,0.0,5.0,1.0,8.0,4.14285714285714,2.0,14.0,4.28571428571429,1.0,5.0,1.78571428571429,1.0,2.0,0.75,0.0,2.0,2.0,2.0,41.0,14.0,0.609302325581395,0.5,0.0,4.0,2.0,2.0,1.0
0.0,5.0,74.0,1.0,0.0,1.0,0.0,3.0,1.0,9.0,0.0,3.0,1.0,3.0,41.0,1.0,3.0,3.0,12.0,0.0,3.0,1.0,3.0,11.0,3.0,3.0,12.0,27.0,11.0,1.52,6.0,23.0,1.0,19.0,0.0,3.0,1.0,33.0,1.0,0.0,6.0,2.0,4.0,3.0,2.0,4.0,3.66666666666667,3.0,1.0,1.0,1.0,0.0,0.0,0.0,1.0,1.0,1.0,4.0,3.0,0.540540540540541,1.0,0.0,2.0,1.0,1.0,0.0
0.0,3.0,55.0,1.0,0.0,1.0,0.0,3.0,1.0,4.0,0.0,0.0,1.0,3.0,31.0,1.0,3.0,3.0,8.0,0.0,1.0,1.0,3.0,5.0,3.0,3.0,8.0,17.0,5.0,1.82,7.0,13.0,1.0,9.0,0.0,3.0,1.0,0.0,1.0,0.0,1.0,2.0,6.0,2.66666666666667,1.0,2.0,1.66666666666667,1.0,1.0,1.0,1.0,0.0,0.0,0.0,0.0,0.0,0.0,0.0,0.0,0.545454545454545,0.0,0.0,2.0,0.0,0.0,0.0
1.0,15.0,151.0,3.0,0.0,1.0,0.0,9.0,2.0,23.0,1.0,6.0,2.0,5.0,58.0,3.0,5.0,9.0,25.0,0.0,1.0,3.0,4.0,49.0,9.0,5.0,27.0,77.0,34.0,0.75,16.0,61.0,3.0,51.0,1.0,4.0,2.0,33.0,1.0,0.0,1.0,2.0,9.0,3.0,0.0,12.0,5.8,2.0,4.0,2.0,1.0,2.0,0.7,0.0,0.0,0.0,0.0,0.0,0.0,0.721854304635762,0.0,0.0,3.0,0.0,1.0,0.0
2.0,6.0,235.0,6.0,0.0,1.0,0.0,29.0,2.0,8.0,1.0,1.0,2.0,17.0,58.0,3.0,17.0,29.0,59.0,0.0,5.0,6.0,15.0,68.0,29.0,17.0,61.0,145.0,52.0,0.4,32.0,113.0,6.0,82.0,0.0,16.0,2.0,33.0,2.0,0.0,17.0,2.0,6.0,3.41176470588235,1.0,15.0,4.70588235294118,1.0,6.0,1.58823529411765,1.0,2.0,0.571428571428571,0.0,5.0,5.0,3.0,15.0,16.0,0.446808510638298,0.6,0.0,4.0,3.0,1.0,0.0
4.0,16.0,1042.0,17.0,0.0,2.0,3.0,202.0,4.0,19.0,40.0,2.0,4.0,48.0,145.0,5.0,48.0,175.0,220.0,0.0,2.0,20.0,44.0,545.0,181.0,96.0,232.0,803.0,391.0,0.18,101.0,623.0,17.0,455.0,1.0,8.0,4.0,97.0,1.0,0.0,44.0,2.0,14.0,4.39583333333333,0.0,26.0,9.5625,2.0,159.0,10.5416666666667,1.0,5.0,1.34545454545455,0.0,24.0,24.0,5.0,420.0,177.0,0.36468330134357,0.416666666666667,1.0,4.0,4.0,7.0,0.0
0.0,4.0,161.0,2.0,0.0,1.0,0.0,27.0,1.0,4.0,1.0,0.0,1.0,21.0,30.0,1.0,21.0,25.0,36.0,2.0,0.0,3.0,19.0,46.0,25.0,21.0,35.0,104.0,43.0,0.29,27.0,78.0,2.0,54.0,0.0,20.0,1.0,0.0,2.0,2.0,10.0,1.0,16.0,1.61904761904762,0.0,9.0,4.71428571428571,1.0,2.0,1.14285714285714,1.0,1.0,0.217391304347826,0.0,2.0,2.0,1.0,86.0,6.0,0.53416149068323,1.0,0.0,4.0,1.0,2.0,0.0
1.0,10.0,138.0,7.0,0.0,1.0,0.0,23.0,3.0,10.0,1.0,0.0,3.0,8.0,32.0,1.0,8.0,21.0,26.0,0.0,0.0,7.0,7.0,57.0,21.0,8.0,26.0,95.0,35.0,0.34,11.0,61.0,7.0,42.0,0.0,7.0,3.0,0.0,3.0,0.0,8.0,1.0,4.0,2.25,0.0,11.0,6.375,2.0,32.0,7.125,1.0,2.0,0.8,0.0,4.0,4.0,2.0,9.0,2.0,0.398550724637681,0.75,0.0,4.0,2.0,4.0,0.0
0.0,8.0,73.0,2.0,0.0,1.0,0.0,6.0,2.0,8.0,3.0,0.0,2.0,3.0,31.0,1.0,3.0,5.0,17.0,0.0,0.0,3.0,3.0,18.0,5.0,3.0,17.0,36.0,9.0,0.86,6.0,26.0,2.0,20.0,0.0,0.0,2.0,0.0,1.0,0.0,12.0,1.0,3.0,2.66666666666667,2.0,10.0,7.33333333333333,5.0,2.0,1.66666666666667,1.0,1.0,0.8,0.0,3.0,3.0,3.0,4.0,2.0,0.986301369863014,0.333333333333333,0.0,1.0,3.0,1.0,0.0
0.0,3.0,140.0,3.0,0.0,1.0,0.0,25.0,1.0,3.0,1.0,0.0,1.0,23.0,34.0,1.0,23.0,25.0,39.0,1.0,0.0,3.0,22.0,32.0,25.0,23.0,40.0,84.0,30.0,0.4,22.0,70.0,3.0,54.0,0.0,22.0,1.0,0.0,3.0,2.0,10.0,2.0,5.0,1.04347826086957,0.0,8.0,2.78260869565217,1.0,3.0,1.08695652173913,1.0,2.0,0.24,0.0,1.0,1.0,1.0,66.0,23.0,0.471428571428571,1.0,0.0,4.0,1.0,2.0,0.0
17.0,7.0,1589.0,23.0,39.0,1.0,21.0,335.0,2.0,7.0,15.0,0.0,2.0,154.0,123.0,13.0,154.0,315.0,454.0,2.0,28.0,25.0,96.0,704.0,315.0,197.0,410.0,1305.0,530.0,0.09,164.0,940.0,23.0,625.0,0.0,139.0,2.0,97.0,3.0,4.0,35.0,2.0,79.0,2.96753246753247,0.0,32.0,5.05844155844156,0.0,8316.0,57.8376623376623,1.0,4.0,0.68452380952381,0.0,29.0,29.0,5.0,628.0,435.0,0.405286343612335,0.379310344827586,0.0,5.0,5.0,5.0,1.0
0.0,6.0,211.0,9.0,0.0,2.0,0.0,36.0,2.0,6.0,3.0,0.0,2.0,20.0,42.0,1.0,20.0,34.0,44.0,2.0,2.0,10.0,18.0,71.0,34.0,31.0,46.0,137.0,56.0,0.31,32.0,102.0,9.0,70.0,0.0,17.0,2.0,57.0,4.0,0.0,10.0,1.0,7.0,2.0,0.0,15.0,3.5,1.0,20.0,2.6,1.0,5.0,0.727272727272727,0.0,8.0,8.0,4.0,124.0,33.0,0.545023696682464,0.625,0.0,3.0,4.0,4.0,0.0
0.0,4.0,250.0,4.0,0.0,1.0,0.0,38.0,1.0,7.0,18.0,1.0,1.0,31.0,82.0,3.0,31.0,38.0,41.0,0.0,0.0,4.0,31.0,60.0,38.0,31.0,54.0,128.0,41.0,0.64,40.0,95.0,4.0,59.0,0.0,13.0,1.0,0.0,1.0,0.0,11.0,2.0,14.0,2.87096774193548,0.0,8.0,2.90322580645161,1.0,3.0,1.12903225806452,1.0,2.0,0.228571428571429,0.0,11.0,11.0,3.0,168.0,67.0,0.516,0.545454545454545,0.0,3.0,3.0,1.0,0.0
0.0,6.0,212.0,5.0,0.0,1.0,0.0,31.0,2.0,7.0,1.0,0.0,2.0,18.0,46.0,1.0,18.0,30.0,40.0,1.0,1.0,5.0,17.0,79.0,30.0,18.0,38.0,140.0,58.0,0.33,26.0,96.0,5.0,67.0,0.0,17.0,2.0,5.0,3.0,0.0,11.0,1.0,10.0,2.55555555555556,1.0,11.0,5.33333333333333,1.0,12.0,2.22222222222222,1.0,2.0,0.5,0.0,7.0,7.0,4.0,41.0,17.0,0.382075471698113,0.571428571428571,0.0,4.0,4.0,4.0,0.0
4.0,6.0,340.0,8.0,0.0,1.0,0.0,62.0,2.0,7.0,5.0,0.0,2.0,32.0,55.0,1.0,32.0,56.0,72.0,2.0,3.0,9.0,26.0,125.0,56.0,44.0,74.0,237.0,95.0,0.23,48.0,169.0,8.0,114.0,0.0,27.0,2.0,70.0,4.0,0.0,17.0,1.0,9.0,2.90625,0.0,18.0,4.75,1.0,24.0,2.375,1.0,5.0,0.764705882352941,0.0,10.0,10.0,4.0,191.0,109.0,0.267647058823529,0.6,0.0,6.0,4.0,3.0,0.0
0.0,5.0,212.0,5.0,0.0,2.0,1.0,40.0,2.0,5.0,3.0,0.0,2.0,21.0,39.0,1.0,21.0,37.0,55.0,3.0,1.0,6.0,18.0,57.0,37.0,32.0,43.0,140.0,50.0,0.28,33.0,93.0,5.0,58.0,0.0,18.0,2.0,83.0,2.0,2.0,13.0,1.0,30.0,4.0,0.0,8.0,3.76190476190476,1.0,5.0,1.66666666666667,1.0,2.0,0.565217391304348,0.0,11.0,11.0,4.0,78.0,67.0,0.330188679245283,0.454545454545455,0.0,5.0,4.0,3.0,0.0
2.0,6.0,280.0,5.0,3.0,1.0,1.0,50.0,2.0,6.0,1.0,0.0,2.0,25.0,43.0,2.0,25.0,49.0,63.0,0.0,16.0,5.0,20.0,96.0,49.0,35.0,61.0,196.0,75.0,0.22,41.0,136.0,5.0,92.0,0.0,24.0,2.0,91.0,1.0,1.0,11.0,2.0,14.0,4.48,2.0,8.0,2.92,1.0,8.0,2.12,1.0,2.0,0.714285714285714,0.0,12.0,12.0,4.0,150.0,129.0,0.325,0.416666666666667,0.0,6.0,4.0,4.0,0.0
0.0,8.0,503.0,20.0,0.0,2.0,21.0,106.0,3.0,10.0,10.0,0.0,3.0,31.0,66.0,22.0,31.0,99.0,98.0,0.0,0.0,23.0,31.0,253.0,99.0,73.0,95.0,380.0,196.0,0.17,57.0,291.0,20.0,191.0,0.0,21.0,3.0,97.0,1.0,12.0,18.0,2.0,27.0,4.90322580645161,1.0,27.0,4.70967741935484,1.0,141.0,9.19354838709677,1.0,3.0,0.962962962962963,0.0,9.0,9.0,3.0,231.0,136.0,0.47117296222664,0.444444444444444,0.0,5.0,3.0,6.0,1.0
0.0,1.0,7.0,1.0,3.0,1.0,0.0,3.0,1.0,1.0,0.0,0.0,1.0,3.0,0.0,1.0,3.0,3.0,5.0,0.0,0.0,1.0,0.0,0.0,3.0,3.0,5.0,6.0,0.0,0.0,1.0,5.0,1.0,4.0,0.0,3.0,1.0,0.0,0.0,3.0,0.0,0.0,2.0,0.666666666666667,0.0,1.0,1.0,1.0,1.0,1.0,1.0,0.0,0.0,0.0,1.0,1.0,1.0,7.0,0.0,1.0,1.0,0.0,1.0,1.0,0.0,0.0
0.0,1.0,45.0,1.0,2.0,1.0,0.0,2.0,1.0,4.0,0.0,3.0,1.0,2.0,34.0,1.0,2.0,2.0,5.0,0.0,1.0,1.0,0.0,1.0,2.0,2.0,5.0,6.0,0.0,5.67,5.0,5.0,1.0,4.0,0.0,2.0,1.0,100.0,0.0,0.0,2.0,0.0,1.0,0.5,0.0,1.0,1.0,1.0,1.0,1.0,1.0,5.0,1.0,0.0,0.0,0.0,0.0,0.0,0.0,1.0,0.0,0.0,1.0,0.0,0.0,0.0
0.0,3.0,46.0,1.0,0.0,1.0,0.0,2.0,1.0,3.0,2.0,0.0,1.0,2.0,32.0,1.0,2.0,2.0,5.0,0.0,0.0,1.0,2.0,2.0,2.0,2.0,4.0,10.0,2.0,3.2,4.0,6.0,1.0,3.0,0.0,0.0,1.0,0.0,1.0,0.0,2.0,1.0,4.0,2.5,1.0,2.0,2.0,2.0,1.0,1.0,1.0,0.0,0.0,0.0,0.0,0.0,0.0,0.0,0.0,1.0,0.0,0.0,1.0,0.0,0.0,0.0
3.0,8.0,729.0,28.0,3.0,1.0,3.0,131.0,2.0,10.0,10.0,0.0,2.0,55.0,74.0,3.0,55.0,119.0,179.0,1.0,9.0,29.0,48.0,331.0,127.0,80.0,174.0,548.0,247.0,0.14,108.0,421.0,28.0,306.0,0.0,45.0,2.0,89.0,3.0,0.0,18.0,2.0,10.0,2.52727272727273,0.0,29.0,4.25454545454545,1.0,73932.0,1347.01818181818,1.0,5.0,0.559322033898305,0.0,10.0,10.0,4.0,82.0,57.0,0.558299039780521,0.4,0.0,3.0,4.0,1.0,1.0
26.0,12.0,806.0,11.0,8.0,1.0,17.0,103.0,2.0,14.0,25.0,0.0,2.0,43.0,66.0,4.0,43.0,95.0,212.0,0.0,6.0,12.0,9.0,398.0,95.0,51.0,184.0,587.0,236.0,0.11,154.0,420.0,11.0,324.0,1.0,18.0,2.0,92.0,1.0,0.0,7.0,2.0,20.0,4.88372093023256,1.0,40.0,5.95348837209302,1.0,320.0,10.046511627907,1.0,4.0,0.9375,0.0,1.0,1.0,1.0,3.0,2.0,0.900744416873449,1.0,0.0,2.0,1.0,1.0,0.0
0.0,11.0,275.0,4.0,1.0,1.0,0.0,31.0,2.0,13.0,1.0,0.0,2.0,17.0,31.0,3.0,17.0,29.0,90.0,1.0,3.0,4.0,15.0,117.0,29.0,17.0,86.0,196.0,65.0,0.16,48.0,151.0,4.0,123.0,1.0,16.0,2.0,75.0,3.0,0.0,18.0,2.0,8.0,3.17647058823529,0.0,18.0,6.23529411764706,1.0,8.0,2.0,1.0,2.0,0.619047619047619,0.0,8.0,8.0,3.0,43.0,22.0,0.647272727272727,0.375,0.0,3.0,3.0,1.0,1.0
0.0,1.0,46.0,1.0,1.0,1.0,0.0,1.0,1.0,11.0,0.0,10.0,1.0,1.0,37.0,1.0,1.0,1.0,5.0,0.0,0.0,1.0,0.0,0.0,1.0,1.0,4.0,5.0,0.0,7.4,4.0,4.0,1.0,3.0,0.0,1.0,1.0,0.0,0.0,2.0,1.0,0.0,0.0,0.0,0.0,1.0,1.0,1.0,1.0,1.0,1.0,0.0,0.0,0.0,0.0,0.0,0.0,0.0,0.0,1.0,0.0,0.0,1.0,0.0,0.0,0.0
0.0,1.0,73.0,1.0,10.0,1.0,0.0,10.0,1.0,2.0,0.0,1.0,1.0,10.0,40.0,1.0,10.0,10.0,18.0,0.0,0.0,1.0,0.0,0.0,10.0,10.0,16.0,18.0,0.0,2.22,15.0,16.0,1.0,15.0,0.0,10.0,1.0,0.0,1.0,1.0,1.0,2.0,2.0,0.5,0.0,1.0,0.9,0.0,1.0,1.0,1.0,0.0,0.0,0.0,1.0,1.0,1.0,3.0,6.0,0.959459459459459,1.0,0.0,1.0,1.0,1.0,0.0
0.0,5.0,164.0,4.0,0.0,1.0,0.0,25.0,1.0,5.0,1.0,0.0,1.0,17.0,30.0,1.0,17.0,25.0,35.0,3.0,0.0,4.0,14.0,55.0,25.0,21.0,36.0,108.0,42.0,0.28,26.0,78.0,4.0,54.0,0.0,16.0,1.0,0.0,2.0,3.0,9.0,1.0,6.0,1.52941176470588,0.0,7.0,3.88235294117647,1.0,3.0,1.35294117647059,1.0,2.0,0.526315789473684,0.0,3.0,3.0,3.0,6.0,4.0,0.951219512195122,0.333333333333333,0.0,1.0,3.0,2.0,0.0
0.0,3.0,55.0,1.0,0.0,1.0,0.0,4.0,1.0,3.0,0.0,0.0,1.0,4.0,27.0,1.0,4.0,4.0,11.0,0.0,1.0,1.0,4.0,5.0,4.0,4.0,11.0,20.0,4.0,1.35,8.0,15.0,1.0,10.0,0.0,4.0,1.0,0.0,1.0,0.0,2.0,2.0,1.0,1.0,1.0,3.0,2.0,1.0,1.0,1.0,1.0,5.0,0.714285714285714,0.0,0.0,0.0,0.0,0.0,0.0,1.0,0.0,0.0,1.0,0.0,0.0,0.0
7.0,10.0,487.0,8.0,12.0,2.0,7.0,89.0,2.0,11.0,4.0,1.0,2.0,31.0,87.0,8.0,33.0,79.0,115.0,0.0,19.0,10.0,14.0,215.0,79.0,49.0,127.0,364.0,181.0,0.24,47.0,308.0,8.0,225.0,0.0,29.0,3.0,100.0,2.0,2.0,4.0,2.0,15.0,4.87878787878788,0.0,11.0,3.39393939393939,1.0,128.0,6.96969696969697,0.0,5.0,0.943396226415094,0.0,4.0,4.0,1.0,503.0,16.0,1.0,1.0,0.0,1.0,1.0,0.0,0.0
0.0,6.0,905.0,9.0,0.0,1.0,2.0,183.0,2.0,7.0,99.0,0.0,2.0,99.0,32.0,1.0,99.0,165.0,234.0,0.0,0.0,10.0,99.0,369.0,165.0,106.0,217.0,679.0,284.0,0.05,195.0,501.0,9.0,336.0,0.0,0.0,2.0,100.0,1.0,0.0,52.0,1.0,25.0,4.84848484848485,1.0,28.0,4.11111111111111,1.0,64.0,2.4040404040404,1.0,3.0,0.514851485148515,0.0,41.0,41.0,6.0,325.0,168.0,0.748066298342541,0.658536585365854,2.0,2.0,4.0,4.0,4.0
7.0,7.0,416.0,5.0,0.0,1.0,0.0,63.0,2.0,7.0,5.0,0.0,2.0,37.0,55.0,8.0,37.0,60.0,129.0,0.0,19.0,7.0,30.0,168.0,60.0,41.0,120.0,323.0,130.0,0.17,38.0,250.0,5.0,186.0,0.0,32.0,2.0,87.0,2.0,2.0,12.0,2.0,9.0,2.2972972972973,0.0,18.0,3.7027027027027,0.0,8.0,1.75675675675676,1.0,3.0,0.543478260869565,0.0,27.0,27.0,1.0,782.0,344.0,1.0,1.0,0.0,1.0,1.0,0.0,0.0
0.0,10.0,62.0,4.0,0.0,1.0,0.0,5.0,3.0,10.0,1.0,0.0,3.0,2.0,31.0,1.0,2.0,5.0,11.0,0.0,0.0,4.0,2.0,15.0,5.0,2.0,11.0,28.0,11.0,1.11,4.0,22.0,4.0,16.0,0.0,1.0,3.0,0.0,2.0,0.0,1.0,1.0,5.0,3.0,1.0,14.0,7.5,1.0,6.0,3.5,1.0,1.0,0.75,0.0,0.0,0.0,0.0,0.0,0.0,1.0,0.0,0.0,1.0,0.0,0.0,0.0
1.0,19.0,156.0,14.0,0.0,2.0,0.0,30.0,5.0,19.0,2.0,0.0,5.0,5.0,32.0,2.0,5.0,27.0,27.0,1.0,3.0,14.0,3.0,69.0,27.0,10.0,28.0,113.0,57.0,0.28,12.0,85.0,14.0,56.0,0.0,3.0,6.0,83.0,2.0,0.0,4.0,2.0,6.0,2.8,1.0,15.0,7.4,1.0,66.0,19.4,1.0,5.0,2.5,0.0,0.0,0.0,0.0,0.0,0.0,0.980769230769231,0.0,0.0,1.0,0.0,1.0,0.0
0.0,9.0,122.0,13.0,0.0,2.0,4.0,20.0,3.0,9.0,0.0,0.0,2.0,7.0,32.0,2.0,7.0,14.0,22.0,0.0,6.0,14.0,7.0,51.0,19.0,16.0,23.0,82.0,39.0,0.39,10.0,62.0,8.0,46.0,0.0,7.0,3.0,75.0,1.0,2.0,0.0,1.0,4.0,2.85714285714286,2.0,13.0,2.71428571428571,1.0,24.0,4.28571428571429,1.0,4.0,1.2,0.0,0.0,0.0,0.0,0.0,0.0,1.0,0.0,0.0,1.0,0.0,0.0,0.0
1.0,7.0,193.0,8.0,0.0,2.0,0.0,44.0,2.0,10.0,1.0,0.0,2.0,15.0,11.0,1.0,15.0,36.0,48.0,0.0,4.0,10.0,14.0,74.0,37.0,25.0,37.0,142.0,73.0,0.08,40.0,110.0,8.0,75.0,1.0,14.0,3.0,55.0,2.0,1.0,4.0,1.0,10.0,3.8,1.0,7.0,3.13333333333333,1.0,28.0,3.8,1.0,8.0,1.55555555555556,0.0,3.0,3.0,2.0,243.0,50.0,0.94300518134715,0.666666666666667,0.0,2.0,2.0,0.0,0.0
0.0,4.0,20.0,1.0,0.0,1.0,0.0,2.0,1.0,4.0,0.0,0.0,1.0,2.0,0.0,1.0,2.0,2.0,10.0,0.0,0.0,1.0,2.0,4.0,2.0,2.0,8.0,16.0,3.0,0.0,4.0,11.0,1.0,8.0,0.0,2.0,1.0,0.0,3.0,0.0,1.0,1.0,6.0,3.0,0.0,3.0,2.5,2.0,1.0,1.0,1.0,0.0,0.0,0.0,2.0,2.0,2.0,22.0,2.0,0.9,0.5,0.0,2.0,2.0,0.0,0.0
1.0,19.0,135.0,14.0,0.0,3.0,0.0,17.0,5.0,23.0,0.0,1.0,5.0,3.0,51.0,1.0,3.0,14.0,15.0,0.0,3.0,15.0,2.0,45.0,16.0,10.0,15.0,67.0,38.0,0.76,17.0,53.0,12.0,40.0,3.0,3.0,6.0,22.0,2.0,0.0,9.0,1.0,12.0,6.66666666666667,4.0,21.0,9.33333333333333,3.0,34.0,12.0,1.0,3.0,1.8,0.0,4.0,4.0,2.0,72.0,66.0,0.644444444444444,0.75,0.0,3.0,2.0,1.0,0.0
0.0,5.0,232.0,3.0,0.0,1.0,1.0,24.0,1.0,9.0,1.0,4.0,1.0,16.0,106.0,1.0,16.0,23.0,36.0,0.0,6.0,4.0,16.0,49.0,23.0,18.0,36.0,99.0,40.0,1.07,29.0,76.0,3.0,52.0,0.0,15.0,2.0,75.0,1.0,0.0,1.0,3.0,12.0,2.875,1.0,7.0,2.5,1.0,4.0,1.5,1.0,1.0,0.388888888888889,0.0,0.0,0.0,0.0,0.0,0.0,0.823275862068966,0.0,0.0,3.0,0.0,1.0,0.0
0.0,8.0,56.0,3.0,0.0,1.0,0.0,4.0,2.0,9.0,0.0,0.0,2.0,2.0,29.0,1.0,2.0,4.0,6.0,0.0,2.0,3.0,2.0,12.0,4.0,2.0,6.0,22.0,8.0,1.32,5.0,14.0,3.0,9.0,1.0,2.0,2.0,0.0,1.0,0.0,3.0,2.0,4.0,3.5,3.0,12.0,8.0,4.0,3.0,2.0,1.0,1.0,0.75,0.0,0.0,0.0,0.0,0.0,0.0,1.0,0.0,0.0,1.0,0.0,0.0,0.0
1.0,10.0,267.0,8.0,0.0,2.0,1.0,43.0,3.0,15.0,1.0,3.0,3.0,14.0,55.0,1.0,14.0,38.0,49.0,0.0,5.0,10.0,13.0,98.0,38.0,26.0,46.0,161.0,93.0,0.34,51.0,139.0,8.0,102.0,2.0,13.0,3.0,80.0,2.0,0.0,3.0,1.0,12.0,3.64285714285714,1.0,9.0,4.5,1.0,28.0,4.5,1.0,3.0,1.3125,0.0,3.0,3.0,2.0,333.0,66.0,0.936329588014981,0.666666666666667,0.0,2.0,2.0,0.0,0.0
0.0,1.0,104.0,1.0,0.0,1.0,0.0,9.0,1.0,5.0,0.0,4.0,1.0,9.0,80.0,1.0,9.0,9.0,13.0,0.0,0.0,1.0,9.0,0.0,9.0,9.0,13.0,14.0,0.0,5.71,10.0,13.0,1.0,12.0,0.0,9.0,1.0,0.0,0.0,3.0,0.0,0.0,20.0,8.44444444444444,2.0,1.0,0.777777777777778,0.0,1.0,1.0,1.0,0.0,0.0,0.0,0.0,0.0,0.0,0.0,0.0,1.0,0.0,0.0,1.0,0.0,0.0,0.0
0.0,1.0,36.0,1.0,0.0,1.0,0.0,1.0,1.0,1.0,0.0,0.0,1.0,1.0,30.0,1.0,1.0,1.0,3.0,0.0,0.0,1.0,1.0,0.0,1.0,1.0,3.0,4.0,0.0,7.5,2.0,3.0,1.0,2.0,0.0,1.0,1.0,0.0,0.0,2.0,1.0,0.0,2.0,2.0,2.0,1.0,1.0,1.0,1.0,1.0,1.0,0.0,0.0,0.0,0.0,0.0,0.0,0.0,0.0,1.0,0.0,0.0,1.0,0.0,0.0,0.0
0.0,1.0,35.0,1.0,0.0,1.0,0.0,2.0,1.0,1.0,0.0,0.0,1.0,2.0,29.0,1.0,2.0,2.0,4.0,0.0,0.0,1.0,2.0,0.0,2.0,2.0,4.0,5.0,0.0,5.8,1.0,4.0,1.0,3.0,0.0,2.0,1.0,0.0,0.0,2.0,1.0,0.0,4.0,2.5,1.0,1.0,0.5,0.0,1.0,1.0,1.0,0.0,0.0,0.0,0.0,0.0,0.0,0.0,0.0,1.0,0.0,0.0,1.0,0.0,0.0,0.0
0.0,2.0,185.0,4.0,0.0,1.0,0.0,25.0,1.0,5.0,1.0,2.0,1.0,19.0,96.0,1.0,19.0,24.0,33.0,2.0,6.0,5.0,17.0,23.0,24.0,19.0,32.0,67.0,20.0,1.43,22.0,52.0,4.0,38.0,0.0,18.0,1.0,88.0,1.0,2.0,7.0,1.0,35.0,6.47368421052632,0.0,8.0,1.68421052631579,0.0,5.0,1.26315789473684,1.0,2.0,0.333333333333333,0.0,4.0,4.0,2.0,48.0,372.0,0.924324324324324,0.75,0.0,1.0,2.0,3.0,0.0
40.0,20.0,2132.0,81.0,3.0,4.0,17.0,530.0,7.0,24.0,4.0,2.0,4.0,66.0,334.0,3.0,70.0,275.0,224.0,1.0,64.0,84.0,26.0,1216.0,451.0,259.0,182.0,1593.0,968.0,0.21,253.0,1150.0,42.0,898.0,2.0,66.0,8.0,100.0,1.0,0.0,26.0,1.0,41.0,7.32857142857143,0.0,56.0,6.72857142857143,1.0,2488.0,66.9857142857143,0.0,8.0,1.22972972972973,0.0,8.0,8.0,3.0,1345.0,1025.0,0.850844277673546,0.75,0.0,2.0,3.0,6.0,1.0
0.0,7.0,56.0,3.0,0.0,2.0,0.0,4.0,2.0,9.0,0.0,0.0,2.0,2.0,28.0,1.0,2.0,4.0,6.0,0.0,2.0,3.0,2.0,9.0,4.0,4.0,6.0,20.0,9.0,1.4,8.0,15.0,3.0,10.0,2.0,2.0,2.0,0.0,1.0,0.0,3.0,2.0,3.0,3.0,3.0,6.0,5.5,5.0,3.0,2.0,1.0,1.0,0.75,0.0,0.0,0.0,0.0,0.0,0.0,0.839285714285714,0.0,0.0,2.0,0.0,0.0,0.0
0.0,2.0,82.0,1.0,0.0,1.0,0.0,11.0,1.0,2.0,0.0,0.0,1.0,11.0,29.0,1.0,11.0,11.0,18.0,0.0,2.0,1.0,11.0,10.0,11.0,11.0,18.0,39.0,10.0,0.74,14.0,28.0,1.0,16.0,0.0,11.0,1.0,77.0,1.0,0.0,1.0,2.0,4.0,0.909090909090909,0.0,3.0,1.18181818181818,0.0,1.0,1.0,1.0,0.0,0.0,0.0,1.0,1.0,1.0,2.0,1.0,0.853658536585366,1.0,0.0,3.0,1.0,1.0,0.0
0.0,3.0,69.0,1.0,0.0,1.0,0.0,7.0,1.0,3.0,0.0,0.0,1.0,7.0,32.0,1.0,7.0,7.0,11.0,0.0,1.0,1.0,7.0,12.0,7.0,7.0,11.0,29.0,10.0,1.1,8.0,21.0,1.0,13.0,0.0,7.0,1.0,14.0,1.0,0.0,0.0,2.0,4.0,2.28571428571429,1.0,2.0,1.14285714285714,1.0,1.0,1.0,1.0,0.0,0.0,0.0,0.0,0.0,0.0,0.0,0.0,0.608695652173913,0.0,0.0,2.0,0.0,1.0,0.0
3.0,38.0,359.0,23.0,0.0,6.0,0.0,96.0,11.0,43.0,0.0,2.0,8.0,7.0,47.0,1.0,7.0,54.0,36.0,0.0,4.0,28.0,4.0,216.0,79.0,42.0,37.0,281.0,174.0,0.17,35.0,211.0,18.0,158.0,3.0,7.0,14.0,50.0,2.0,0.0,10.0,1.0,16.0,9.28571428571429,5.0,18.0,8.85714285714286,5.0,25.0,13.5714285714286,1.0,5.0,2.88888888888889,0.0,3.0,3.0,2.0,121.0,83.0,0.545961002785515,0.666666666666667,0.0,3.0,2.0,1.0,0.0
0.0,1.0,32.0,1.0,0.0,1.0,0.0,1.0,1.0,1.0,0.0,0.0,1.0,1.0,27.0,1.0,1.0,1.0,3.0,0.0,0.0,1.0,1.0,0.0,1.0,1.0,3.0,4.0,0.0,6.75,1.0,3.0,1.0,2.0,0.0,1.0,1.0,0.0,1.0,2.0,2.0,1.0,1.0,1.0,1.0,1.0,1.0,1.0,1.0,1.0,1.0,0.0,0.0,0.0,0.0,0.0,0.0,0.0,0.0,0.78125,0.0,0.0,2.0,0.0,1.0,0.0
0.0,2.0,85.0,1.0,1.0,1.0,1.0,7.0,1.0,2.0,0.0,0.0,1.0,5.0,27.0,2.0,7.0,7.0,34.0,0.0,25.0,1.0,6.0,8.0,7.0,7.0,12.0,48.0,7.0,0.56,10.0,19.0,1.0,13.0,0.0,7.0,1.0,97.0,2.0,0.0,2.0,1.0,30.0,5.0,0.0,3.0,1.42857142857143,1.0,1.0,0.714285714285714,0.0,0.0,0.0,0.0,3.0,3.0,2.0,45.0,3.0,0.752941176470588,0.666666666666667,0.0,3.0,2.0,0.0,0.0
0.0,3.0,70.0,1.0,0.0,1.0,0.0,8.0,1.0,3.0,0.0,0.0,1.0,8.0,27.0,1.0,8.0,8.0,13.0,0.0,3.0,1.0,8.0,13.0,8.0,8.0,13.0,33.0,11.0,0.82,10.0,24.0,1.0,15.0,0.0,8.0,1.0,50.0,1.0,0.0,1.0,2.0,35.0,7.875,1.0,4.0,1.625,1.0,1.0,1.0,1.0,0.0,0.0,0.0,1.0,1.0,1.0,11.0,0.0,1.0,1.0,0.0,1.0,1.0,0.0,0.0
0.0,3.0,47.0,1.0,0.0,1.0,0.0,1.0,1.0,3.0,0.0,0.0,1.0,1.0,35.0,1.0,1.0,1.0,7.0,0.0,0.0,1.0,1.0,1.0,1.0,1.0,7.0,10.0,1.0,3.5,3.0,8.0,1.0,6.0,0.0,1.0,1.0,0.0,1.0,0.0,2.0,2.0,1.0,1.0,1.0,1.0,1.0,1.0,1.0,1.0,1.0,2.0,0.5,0.0,1.0,1.0,1.0,1.0,1.0,0.978723404255319,1.0,0.0,1.0,1.0,1.0,0.0
0.0,3.0,66.0,1.0,0.0,1.0,0.0,5.0,1.0,3.0,0.0,0.0,1.0,5.0,31.0,5.0,5.0,5.0,14.0,0.0,0.0,1.0,5.0,5.0,5.0,5.0,14.0,29.0,5.0,1.07,7.0,19.0,1.0,9.0,0.0,5.0,1.0,0.0,1.0,0.0,2.0,2.0,1.0,1.0,1.0,1.0,1.0,1.0,1.0,1.0,1.0,0.0,0.0,0.0,1.0,1.0,1.0,5.0,5.0,0.909090909090909,1.0,0.0,2.0,1.0,1.0,0.0
0.0,3.0,41.0,1.0,0.0,1.0,0.0,1.0,1.0,3.0,0.0,0.0,1.0,1.0,27.0,1.0,1.0,1.0,7.0,0.0,0.0,1.0,1.0,1.0,1.0,1.0,7.0,10.0,1.0,2.7,4.0,8.0,1.0,6.0,0.0,1.0,1.0,0.0,1.0,0.0,2.0,2.0,1.0,1.0,1.0,1.0,1.0,1.0,1.0,1.0,1.0,0.0,0.0,0.0,1.0,1.0,1.0,1.0,1.0,0.975609756097561,1.0,0.0,1.0,1.0,1.0,0.0
0.0,3.0,13.0,1.0,0.0,1.0,0.0,1.0,1.0,3.0,0.0,0.0,1.0,1.0,0.0,1.0,1.0,1.0,7.0,0.0,0.0,1.0,1.0,1.0,1.0,1.0,7.0,10.0,1.0,0.0,3.0,8.0,1.0,6.0,0.0,1.0,1.0,0.0,1.0,0.0,2.0,2.0,1.0,1.0,1.0,1.0,1.0,1.0,1.0,1.0,1.0,0.0,0.0,0.0,1.0,1.0,1.0,13.0,0.0,1.0,1.0,0.0,1.0,1.0,0.0,0.0
0.0,8.0,143.0,2.0,0.0,1.0,0.0,12.0,1.0,8.0,4.0,0.0,1.0,11.0,33.0,3.0,11.0,12.0,34.0,0.0,5.0,2.0,11.0,51.0,12.0,11.0,35.0,96.0,39.0,0.34,14.0,74.0,2.0,55.0,0.0,7.0,1.0,73.0,2.0,0.0,7.0,2.0,5.0,2.63636363636364,1.0,11.0,5.09090909090909,1.0,2.0,1.09090909090909,1.0,1.0,0.333333333333333,0.0,2.0,2.0,2.0,3.0,1.0,0.986013986013986,0.5,0.0,1.0,2.0,1.0,0.0
0.0,3.0,42.0,1.0,0.0,1.0,0.0,1.0,1.0,3.0,0.0,0.0,1.0,1.0,27.0,1.0,1.0,1.0,7.0,0.0,0.0,1.0,1.0,1.0,1.0,1.0,7.0,10.0,1.0,2.7,5.0,8.0,1.0,6.0,0.0,1.0,1.0,0.0,1.0,0.0,2.0,2.0,1.0,1.0,1.0,1.0,1.0,1.0,1.0,1.0,1.0,0.0,0.0,0.0,1.0,1.0,1.0,1.0,1.0,0.976190476190476,1.0,0.0,1.0,1.0,1.0,0.0
0.0,12.0,90.0,4.0,0.0,3.0,0.0,10.0,3.0,14.0,2.0,2.0,3.0,3.0,36.0,1.0,3.0,8.0,22.0,0.0,0.0,6.0,3.0,26.0,8.0,8.0,22.0,48.0,15.0,0.75,6.0,37.0,4.0,28.0,0.0,1.0,3.0,0.0,1.0,0.0,10.0,2.0,2.0,1.33333333333333,1.0,13.0,8.33333333333333,4.0,4.0,2.66666666666667,1.0,2.0,1.6,0.0,2.0,2.0,1.0,48.0,5.0,0.533333333333333,1.0,0.0,2.0,1.0,1.0,0.0
0.0,3.0,41.0,1.0,0.0,1.0,0.0,1.0,1.0,3.0,0.0,0.0,1.0,1.0,27.0,1.0,1.0,1.0,7.0,0.0,0.0,1.0,1.0,1.0,1.0,1.0,7.0,10.0,1.0,2.7,4.0,8.0,1.0,6.0,0.0,1.0,1.0,0.0,1.0,0.0,2.0,2.0,1.0,1.0,1.0,1.0,1.0,1.0,1.0,1.0,1.0,0.0,0.0,0.0,1.0,1.0,1.0,1.0,1.0,0.975609756097561,1.0,0.0,1.0,1.0,1.0,0.0
0.0,3.0,14.0,1.0,0.0,1.0,0.0,1.0,1.0,3.0,0.0,0.0,1.0,1.0,0.0,1.0,1.0,1.0,7.0,0.0,0.0,1.0,1.0,1.0,1.0,1.0,7.0,10.0,1.0,0.0,4.0,8.0,1.0,6.0,0.0,1.0,1.0,0.0,1.0,0.0,2.0,2.0,1.0,1.0,1.0,1.0,1.0,1.0,1.0,1.0,1.0,0.0,0.0,0.0,1.0,1.0,1.0,1.0,1.0,0.928571428571429,1.0,0.0,2.0,1.0,0.0,0.0
1.0,17.0,186.0,7.0,0.0,1.0,7.0,14.0,3.0,21.0,4.0,2.0,3.0,5.0,43.0,1.0,5.0,14.0,40.0,0.0,0.0,7.0,4.0,88.0,14.0,5.0,39.0,123.0,66.0,0.35,20.0,105.0,7.0,93.0,2.0,1.0,3.0,97.0,1.0,0.0,7.0,2.0,6.0,3.0,1.0,25.0,7.6,3.0,36.0,8.0,1.0,2.0,0.857142857142857,0.0,13.0,13.0,5.0,98.0,58.0,0.478494623655914,0.461538461538462,0.0,5.0,5.0,2.0,1.0
0.0,3.0,40.0,1.0,0.0,1.0,0.0,1.0,1.0,3.0,0.0,0.0,1.0,1.0,27.0,1.0,1.0,1.0,7.0,0.0,0.0,1.0,1.0,1.0,1.0,1.0,7.0,10.0,1.0,2.7,3.0,8.0,1.0,6.0,0.0,1.0,1.0,0.0,1.0,0.0,2.0,2.0,1.0,1.0,1.0,1.0,1.0,1.0,1.0,1.0,1.0,0.0,0.0,0.0,1.0,1.0,1.0,1.0,1.0,0.975,1.0,0.0,1.0,1.0,1.0,0.0
0.0,3.0,22.0,1.0,0.0,1.0,0.0,1.0,1.0,6.0,0.0,3.0,1.0,1.0,7.0,1.0,1.0,1.0,7.0,0.0,0.0,1.0,1.0,1.0,1.0,1.0,7.0,10.0,1.0,0.7,5.0,8.0,1.0,6.0,0.0,1.0,1.0,0.0,1.0,0.0,2.0,2.0,1.0,1.0,1.0,1.0,1.0,1.0,1.0,1.0,1.0,0.0,0.0,0.0,1.0,1.0,1.0,1.0,1.0,0.909090909090909,1.0,0.0,2.0,1.0,0.0,0.0
0.0,8.0,406.0,8.0,1.0,1.0,0.0,64.0,2.0,8.0,9.0,0.0,2.0,37.0,41.0,9.0,37.0,62.0,87.0,0.0,3.0,9.0,36.0,188.0,62.0,37.0,87.0,316.0,146.0,0.13,49.0,233.0,8.0,162.0,0.0,28.0,2.0,50.0,3.0,1.0,9.0,2.0,5.0,2.24324324324324,0.0,15.0,5.08108108108108,2.0,128.0,5.16216216216216,1.0,2.0,0.553191489361702,0.0,9.0,9.0,4.0,103.0,52.0,0.62807881773399,0.555555555555556,0.0,3.0,4.0,4.0,0.0
0.0,3.0,47.0,1.0,0.0,1.0,0.0,1.0,1.0,3.0,0.0,0.0,1.0,1.0,35.0,1.0,1.0,1.0,7.0,0.0,0.0,1.0,1.0,1.0,1.0,1.0,7.0,10.0,1.0,3.5,3.0,8.0,1.0,6.0,0.0,1.0,1.0,0.0,1.0,0.0,2.0,2.0,1.0,1.0,1.0,1.0,1.0,1.0,1.0,1.0,1.0,0.0,0.0,0.0,1.0,1.0,1.0,1.0,1.0,0.957446808510638,1.0,0.0,1.0,1.0,2.0,0.0
0.0,3.0,40.0,1.0,0.0,1.0,0.0,1.0,1.0,3.0,0.0,0.0,1.0,1.0,27.0,1.0,1.0,1.0,7.0,0.0,0.0,1.0,1.0,1.0,1.0,1.0,7.0,10.0,1.0,2.7,3.0,8.0,1.0,6.0,0.0,1.0,1.0,0.0,1.0,0.0,2.0,2.0,1.0,1.0,1.0,1.0,1.0,1.0,1.0,1.0,1.0,0.0,0.0,0.0,1.0,1.0,1.0,1.0,1.0,0.975,1.0,0.0,1.0,1.0,1.0,0.0
2.0,10.0,188.0,15.0,0.0,2.0,0.0,30.0,3.0,11.0,1.0,0.0,3.0,10.0,47.0,2.0,10.0,29.0,28.0,0.0,2.0,16.0,8.0,69.0,29.0,16.0,28.0,118.0,54.0,0.4,23.0,82.0,15.0,51.0,1.0,9.0,3.0,60.0,1.0,0.0,10.0,2.0,6.0,2.8,0.0,32.0,6.5,2.0,100.0,11.4,1.0,4.0,1.30769230769231,0.0,23.0,23.0,6.0,246.0,370.0,0.398936170212766,0.478260869565217,2.0,5.0,4.0,6.0,1.0
0.0,3.0,79.0,1.0,0.0,1.0,0.0,7.0,1.0,4.0,0.0,1.0,1.0,7.0,40.0,1.0,7.0,7.0,12.0,0.0,1.0,1.0,7.0,9.0,7.0,7.0,12.0,28.0,8.0,1.43,12.0,20.0,1.0,12.0,0.0,7.0,1.0,71.0,4.0,0.0,1.0,1.0,14.0,4.14285714285714,0.0,3.0,2.0,1.0,1.0,1.0,1.0,0.0,0.0,0.0,3.0,3.0,3.0,9.0,11.0,0.354430379746835,0.333333333333333,0.0,4.0,3.0,1.0,0.0
0.0,9.0,101.0,5.0,0.0,1.0,1.0,9.0,2.0,10.0,1.0,0.0,2.0,5.0,29.0,1.0,5.0,9.0,28.0,0.0,2.0,5.0,5.0,35.0,9.0,5.0,29.0,60.0,21.0,0.48,12.0,50.0,5.0,40.0,0.0,4.0,2.0,53.0,3.0,0.0,10.0,1.0,6.0,3.2,1.0,14.0,6.6,3.0,5.0,1.8,1.0,3.0,1.28571428571429,0.0,5.0,5.0,4.0,26.0,11.0,0.722772277227723,0.4,0.0,3.0,4.0,0.0,0.0
0.0,5.0,110.0,3.0,0.0,1.0,1.0,13.0,2.0,7.0,0.0,0.0,2.0,8.0,35.0,1.0,8.0,13.0,25.0,1.0,0.0,3.0,7.0,26.0,13.0,8.0,24.0,53.0,20.0,0.66,22.0,44.0,3.0,30.0,1.0,8.0,2.0,100.0,2.0,0.0,5.0,1.0,6.0,3.5,1.0,5.0,3.25,2.0,3.0,1.625,1.0,7.0,1.45454545454545,0.0,5.0,5.0,2.0,17.0,11.0,0.936363636363636,0.6,0.0,2.0,2.0,0.0,0.0
3.0,124.0,3332.0,410.0,4.0,2.0,133.0,474.0,26.0,150.0,0.0,25.0,6.0,17.0,495.0,3.0,17.0,103.0,719.0,2.0,4.0,438.0,8.0,1921.0,440.0,29.0,279.0,2790.0,973.0,0.18,67.0,1252.0,73.0,1160.0,2.0,17.0,28.0,100.0,2.0,0.0,99.0,1.0,37.0,5.0,0.0,187.0,13.1176470588235,0.0,759334.0,44670.5882352941,1.0,7.0,1.23809523809524,0.0,5.0,5.0,2.0,1578.0,1566.0,0.756602641056423,0.8,0.0,2.0,2.0,4.0,0.0
0.0,5.0,106.0,4.0,0.0,1.0,2.0,12.0,2.0,8.0,0.0,1.0,2.0,7.0,41.0,1.0,7.0,12.0,20.0,0.0,0.0,4.0,7.0,21.0,12.0,9.0,19.0,47.0,19.0,0.87,18.0,38.0,4.0,25.0,1.0,7.0,2.0,92.0,2.0,0.0,7.0,1.0,12.0,4.14285714285714,0.0,6.0,3.0,1.0,4.0,1.71428571428571,1.0,2.0,0.888888888888889,0.0,3.0,3.0,1.0,7.0,2.0,0.981132075471698,1.0,0.0,1.0,1.0,1.0,0.0
0.0,15.0,202.0,8.0,0.0,1.0,0.0,12.0,3.0,34.0,0.0,15.0,3.0,4.0,96.0,1.0,4.0,11.0,39.0,0.0,1.0,9.0,4.0,44.0,11.0,4.0,34.0,83.0,29.0,1.16,23.0,63.0,8.0,51.0,4.0,4.0,3.0,50.0,1.0,0.0,19.0,1.0,8.0,5.0,2.0,34.0,11.75,2.0,36.0,9.75,1.0,2.0,1.16666666666667,0.0,6.0,6.0,3.0,81.0,10.0,0.702970297029703,0.666666666666667,0.0,4.0,3.0,3.0,0.0
0.0,3.0,139.0,2.0,0.0,1.0,0.0,12.0,1.0,7.0,0.0,3.0,1.0,11.0,74.0,1.0,11.0,12.0,21.0,0.0,6.0,2.0,11.0,24.0,12.0,11.0,21.0,51.0,19.0,1.45,14.0,40.0,2.0,27.0,0.0,11.0,1.0,74.0,1.0,0.0,3.0,1.0,8.0,3.72727272727273,1.0,5.0,2.0,1.0,2.0,1.09090909090909,1.0,1.0,0.230769230769231,0.0,4.0,4.0,2.0,12.0,4.0,0.971223021582734,0.75,0.0,1.0,2.0,1.0,0.0
6.0,9.0,955.0,29.0,0.0,2.0,0.0,277.0,4.0,11.0,0.0,1.0,3.0,64.0,154.0,1.0,64.0,164.0,163.0,0.0,6.0,46.0,58.0,393.0,235.0,138.0,165.0,657.0,322.0,0.23,148.0,487.0,10.0,331.0,1.0,64.0,4.0,90.0,1.0,0.0,76.0,1.0,28.0,4.984375,1.0,24.0,4.890625,1.0,18.0,3.53125,1.0,3.0,0.893939393939394,0.0,5.0,5.0,2.0,139.0,109.0,0.680628272251309,0.8,0.0,3.0,2.0,4.0,0.0
0.0,0.0,43.0,0.0,0.0,0.0,0.0,0.0,0.0,0.0,0.0,0.0,0.0,0.0,31.0,1.0,0.0,0.0,11.0,0.0,9.0,0.0,0.0,9.0,0.0,0.0,11.0,12.0,0.0,2.58,1.0,11.0,0.0,10.0,0.0,0.0,0.0,0.0,0.0,1.0,0.0,0.0,0.0,0.0,0.0,0.0,0.0,0.0,0.0,0.0,0.0,0.0,0.0,0.0,0.0,0.0,0.0,0.0,0.0,0.697674418604651,0.0,0.0,4.0,0.0,0.0,0.0
1.0,2.0,53.0,1.0,0.0,1.0,1.0,4.0,1.0,3.0,1.0,0.0,1.0,4.0,34.0,1.0,4.0,4.0,7.0,0.0,0.0,1.0,3.0,3.0,4.0,4.0,7.0,14.0,2.0,2.43,5.0,9.0,1.0,4.0,0.0,3.0,1.0,75.0,1.0,0.0,1.0,1.0,3.0,1.75,0.0,2.0,1.0,0.0,1.0,1.0,1.0,0.0,0.0,0.0,0.0,0.0,0.0,0.0,0.0,0.641509433962264,0.0,0.0,2.0,0.0,0.0,0.0
0.0,3.0,99.0,2.0,0.0,1.0,2.0,14.0,1.0,3.0,0.0,0.0,1.0,10.0,38.0,1.0,10.0,14.0,25.0,0.0,5.0,2.0,10.0,15.0,14.0,10.0,25.0,48.0,14.0,0.79,13.0,39.0,2.0,26.0,0.0,10.0,1.0,82.0,1.0,0.0,4.0,1.0,4.0,2.7,2.0,2.0,1.2,1.0,2.0,1.2,1.0,1.0,0.333333333333333,0.0,1.0,1.0,1.0,14.0,9.0,0.616161616161616,1.0,0.0,4.0,1.0,1.0,0.0
0.0,4.0,319.0,4.0,0.0,1.0,1.0,46.0,1.0,6.0,0.0,2.0,1.0,32.0,112.0,1.0,32.0,46.0,54.0,5.0,9.0,4.0,27.0,74.0,46.0,41.0,55.0,156.0,67.0,0.72,51.0,122.0,4.0,81.0,0.0,32.0,1.0,89.0,1.0,2.0,5.0,2.0,16.0,5.8125,1.0,5.0,1.71875,1.0,4.0,1.40625,1.0,3.0,0.5,0.0,4.0,4.0,2.0,23.0,18.0,0.968652037617555,0.5,0.0,1.0,2.0,1.0,0.0
0.0,0.0,158.0,0.0,0.0,0.0,0.0,0.0,0.0,0.0,0.0,0.0,0.0,0.0,29.0,1.0,0.0,0.0,123.0,0.0,120.0,0.0,0.0,121.0,0.0,0.0,122.0,124.0,0.0,0.23,5.0,122.0,0.0,121.0,0.0,0.0,0.0,0.0,0.0,0.0,1.0,0.0,0.0,0.0,0.0,0.0,0.0,0.0,0.0,0.0,0.0,0.0,0.0,0.0,0.0,0.0,0.0,0.0,0.0,1.0,0.0,0.0,1.0,0.0,0.0,0.0
9.0,337.0,3729.0,1.0,0.0,1.0,0.0,11.0,1.0,337.0,11.0,0.0,1.0,11.0,0.0,1.0,11.0,11.0,16.0,0.0,0.0,1.0,2.0,3684.0,11.0,11.0,15.0,3710.0,18.0,0.0,19.0,33.0,1.0,21.0,0.0,0.0,1.0,0.0,1.0,0.0,0.0,1.0,7.0,1.36363636363636,0.0,6.0,2.0,1.0,1.0,1.0,1.0,0.0,0.0,0.0,2.0,2.0,2.0,5928.0,5944.0,0.99195494770716,0.5,0.0,1.0,2.0,2.0,0.0
0.0,1.0,63.0,1.0,5.0,1.0,0.0,20.0,1.0,1.0,0.0,0.0,1.0,20.0,31.0,4.0,20.0,20.0,15.0,0.0,5.0,1.0,15.0,20.0,20.0,20.0,27.0,31.0,20.0,1.0,2.0,47.0,1.0,31.0,0.0,20.0,1.0,100.0,1.0,3.0,0.0,2.0,4.0,0.75,0.0,2.0,1.3,1.0,1.0,1.0,1.0,0.0,0.0,0.0,0.0,0.0,0.0,0.0,0.0,1.0,0.0,0.0,1.0,0.0,0.0,0.0
20.0,5.0,2720.0,35.0,50.0,1.0,3.0,507.0,2.0,6.0,8.0,1.0,2.0,320.0,433.0,5.0,320.0,486.0,559.0,0.0,116.0,35.0,250.0,948.0,486.0,336.0,550.0,1876.0,782.0,0.23,419.0,1332.0,35.0,845.0,0.0,312.0,2.0,99.0,1.0,0.0,118.0,2.0,480.0,14.165625,0.0,54.0,2.93125,1.0,999999999.0,3125002.50625,1.0,4.0,0.245398773006135,0.0,99.0,99.0,8.0,2170.0,1776.0,0.620588235294118,0.464646464646465,3.0,4.0,5.0,8.0,6.0
0.0,9.0,433.0,13.0,0.0,1.0,0.0,89.0,2.0,10.0,28.0,0.0,2.0,30.0,41.0,2.0,30.0,73.0,99.0,0.0,5.0,15.0,30.0,187.0,73.0,44.0,75.0,329.0,148.0,0.12,63.0,223.0,13.0,148.0,0.0,2.0,3.0,60.0,1.0,0.0,18.0,1.0,19.0,4.36666666666667,1.0,18.0,6.2,2.0,312.0,12.5,1.0,3.0,1.09090909090909,0.0,11.0,11.0,4.0,281.0,255.0,0.674364896073903,0.545454545454545,0.0,4.0,4.0,1.0,0.0
31.0,8.0,2435.0,21.0,0.0,2.0,4.0,504.0,3.0,11.0,17.0,1.0,3.0,176.0,379.0,7.0,176.0,472.0,483.0,0.0,7.0,22.0,145.0,1002.0,474.0,273.0,469.0,1628.0,937.0,0.23,433.0,1406.0,19.0,952.0,1.0,159.0,3.0,81.0,2.0,1.0,31.0,2.0,70.0,5.24431818181818,0.0,20.0,4.84659090909091,1.0,600.0,10.3920454545455,1.0,3.0,0.864130434782609,0.0,31.0,31.0,7.0,193.0,187.0,0.55564681724846,0.387096774193548,3.0,4.0,4.0,8.0,4.0
18.0,7.0,824.0,16.0,0.0,1.0,1.0,183.0,2.0,7.0,12.0,0.0,2.0,83.0,52.0,2.0,83.0,165.0,222.0,0.0,1.0,20.0,65.0,370.0,171.0,102.0,172.0,661.0,277.0,0.08,112.0,449.0,14.0,303.0,0.0,71.0,2.0,79.0,3.0,0.0,16.0,2.0,12.0,2.43373493975904,0.0,16.0,4.6144578313253,1.0,56.0,2.93975903614458,1.0,4.0,0.534883720930233,0.0,16.0,16.0,5.0,371.0,305.0,0.553398058252427,0.625,0.0,6.0,5.0,0.0,1.0
0.0,8.0,636.0,6.0,1.0,2.0,4.0,120.0,3.0,11.0,12.0,2.0,3.0,43.0,150.0,1.0,43.0,109.0,124.0,0.0,1.0,7.0,42.0,231.0,109.0,84.0,100.0,413.0,192.0,0.36,76.0,292.0,6.0,186.0,0.0,31.0,3.0,86.0,4.0,0.0,16.0,1.0,21.0,4.32558139534884,0.0,14.0,6.16279069767442,1.0,10.0,2.88372093023256,1.0,2.0,0.733333333333333,0.0,14.0,14.0,5.0,73.0,54.0,0.509433962264151,0.5,0.0,5.0,5.0,4.0,1.0
1.0,4.0,145.0,2.0,0.0,1.0,1.0,11.0,1.0,7.0,4.0,1.0,1.0,10.0,56.0,2.0,10.0,11.0,35.0,0.0,1.0,2.0,9.0,29.0,11.0,10.0,32.0,63.0,16.0,0.89,26.0,48.0,2.0,37.0,1.0,6.0,1.0,72.0,2.0,0.0,8.0,2.0,6.0,2.7,1.0,13.0,4.4,1.0,1.0,1.0,1.0,0.0,0.0,0.0,7.0,7.0,3.0,49.0,22.0,0.717241379310345,0.571428571428571,0.0,2.0,3.0,1.0,0.0
0.0,4.0,162.0,3.0,0.0,1.0,0.0,30.0,2.0,4.0,3.0,0.0,2.0,20.0,38.0,1.0,20.0,30.0,31.0,0.0,0.0,3.0,20.0,45.0,30.0,20.0,31.0,94.0,40.0,0.4,32.0,71.0,3.0,48.0,0.0,17.0,2.0,0.0,2.0,0.0,9.0,1.0,25.0,2.75,0.0,13.0,3.5,1.0,2.0,1.1,1.0,1.0,0.181818181818182,0.0,5.0,5.0,3.0,15.0,16.0,0.327160493827161,0.6,0.0,5.0,3.0,2.0,0.0
0.0,6.0,458.0,5.0,0.0,1.0,2.0,74.0,2.0,8.0,7.0,1.0,2.0,41.0,94.0,4.0,41.0,69.0,95.0,3.0,4.0,6.0,38.0,162.0,69.0,41.0,89.0,293.0,141.0,0.32,79.0,230.0,5.0,160.0,0.0,34.0,2.0,91.0,3.0,3.0,19.0,2.0,35.0,6.51219512195122,0.0,14.0,4.24390243902439,1.0,8.0,1.8780487804878,1.0,3.0,0.565217391304348,0.0,15.0,15.0,5.0,98.0,28.0,0.395196506550218,0.6,0.0,4.0,5.0,4.0,0.0
2.0,4.0,95.0,2.0,0.0,1.0,0.0,10.0,1.0,5.0,1.0,0.0,1.0,8.0,32.0,1.0,8.0,10.0,27.0,0.0,0.0,2.0,6.0,21.0,10.0,8.0,23.0,54.0,16.0,0.59,11.0,39.0,2.0,28.0,0.0,7.0,1.0,0.0,2.0,0.0,7.0,1.0,3.0,1.25,0.0,9.0,5.5,3.0,2.0,1.25,1.0,1.0,0.4,0.0,3.0,3.0,2.0,3.0,6.0,0.91578947368421,0.666666666666667,0.0,2.0,2.0,1.0,0.0
0.0,10.0,203.0,7.0,0.0,2.0,0.0,28.0,3.0,14.0,9.0,2.0,3.0,9.0,69.0,1.0,9.0,24.0,36.0,0.0,0.0,7.0,9.0,59.0,24.0,18.0,30.0,107.0,43.0,0.64,27.0,73.0,7.0,48.0,1.0,0.0,3.0,0.0,1.0,0.0,13.0,1.0,19.0,7.22222222222222,3.0,11.0,7.55555555555556,4.0,12.0,3.33333333333333,1.0,2.0,1.18181818181818,0.0,7.0,7.0,4.0,37.0,34.0,0.394088669950739,0.285714285714286,0.0,4.0,4.0,1.0,0.0
0.0,4.0,50.0,1.0,0.0,1.0,0.0,2.0,1.0,4.0,2.0,0.0,1.0,2.0,33.0,1.0,2.0,2.0,9.0,0.0,0.0,1.0,2.0,4.0,2.0,2.0,8.0,15.0,3.0,2.2,3.0,11.0,1.0,8.0,0.0,0.0,1.0,0.0,1.0,0.0,6.0,1.0,3.0,2.0,1.0,5.0,4.0,3.0,1.0,1.0,1.0,0.0,0.0,0.0,6.0,6.0,2.0,10.0,16.0,0.88,0.833333333333333,0.0,2.0,2.0,0.0,0.0
4.0,7.0,328.0,4.0,0.0,1.0,2.0,52.0,2.0,8.0,9.0,0.0,2.0,28.0,37.0,4.0,28.0,50.0,90.0,0.0,2.0,5.0,24.0,143.0,50.0,30.0,78.0,250.0,96.0,0.15,42.0,174.0,4.0,123.0,0.0,19.0,2.0,61.0,2.0,0.0,10.0,2.0,7.0,2.71428571428571,0.0,12.0,6.39285714285714,1.0,8.0,1.96428571428571,1.0,2.0,0.666666666666667,0.0,9.0,9.0,5.0,136.0,36.0,0.454268292682927,0.444444444444444,0.0,4.0,5.0,2.0,1.0
5.0,9.0,577.0,5.0,0.0,1.0,1.0,79.0,2.0,13.0,20.0,2.0,2.0,33.0,137.0,2.0,33.0,69.0,137.0,3.0,5.0,7.0,25.0,209.0,69.0,36.0,119.0,351.0,150.0,0.39,92.0,269.0,5.0,199.0,1.0,13.0,2.0,92.0,2.0,0.0,22.0,2.0,8.0,3.21212121212121,0.0,20.0,6.93939393939394,2.0,8.0,2.33333333333333,1.0,2.0,0.805555555555556,0.0,19.0,19.0,5.0,180.0,123.0,0.386481802426343,0.421052631578947,0.0,3.0,5.0,5.0,3.0
0.0,11.0,530.0,5.0,0.0,1.0,0.0,92.0,2.0,12.0,20.0,0.0,2.0,47.0,30.0,26.0,47.0,88.0,108.0,0.0,8.0,5.0,47.0,273.0,88.0,47.0,121.0,418.0,169.0,0.07,82.0,290.0,5.0,204.0,1.0,27.0,2.0,16.0,1.0,0.0,17.0,2.0,24.0,3.85106382978723,2.0,11.0,4.91489361702128,3.0,6.0,1.82978723404255,1.0,1.0,0.594594594594595,0.0,15.0,15.0,4.0,73.0,93.0,0.615094339622641,0.533333333333333,0.0,4.0,4.0,0.0,1.0
1.0,7.0,177.0,3.0,0.0,1.0,1.0,21.0,2.0,9.0,7.0,0.0,2.0,13.0,38.0,4.0,13.0,21.0,43.0,0.0,3.0,3.0,12.0,62.0,21.0,13.0,37.0,110.0,47.0,0.35,29.0,84.0,3.0,63.0,1.0,6.0,2.0,77.0,2.0,0.0,11.0,2.0,5.0,3.23076923076923,2.0,9.0,5.92307692307692,2.0,4.0,1.69230769230769,1.0,1.0,0.444444444444444,0.0,10.0,10.0,4.0,35.0,39.0,0.548022598870056,0.5,0.0,4.0,4.0,1.0,1.0
5.0,8.0,226.0,3.0,0.0,1.0,0.0,31.0,2.0,9.0,19.0,0.0,2.0,19.0,0.0,1.0,19.0,31.0,81.0,0.0,0.0,3.0,14.0,114.0,31.0,19.0,65.0,191.0,50.0,0.0,35.0,115.0,3.0,85.0,0.0,0.0,2.0,0.0,1.0,0.0,12.0,1.0,7.0,2.52631578947368,1.0,15.0,6.94736842105263,3.0,3.0,1.52631578947368,1.0,2.0,0.666666666666667,0.0,10.0,10.0,4.0,285.0,26.0,0.716814159292035,0.6,0.0,2.0,4.0,1.0,1.0
2.0,6.0,251.0,5.0,0.0,1.0,5.0,41.0,2.0,7.0,3.0,0.0,2.0,20.0,46.0,3.0,20.0,38.0,68.0,1.0,3.0,7.0,17.0,88.0,39.0,26.0,63.0,167.0,66.0,0.28,39.0,129.0,5.0,93.0,0.0,17.0,2.0,91.0,2.0,6.0,14.0,2.0,12.0,4.35,1.0,10.0,4.35,1.0,6.0,1.85,1.0,3.0,0.75,0.0,8.0,8.0,5.0,30.0,29.0,0.310756972111554,0.25,0.0,5.0,5.0,7.0,0.0
16.0,15.0,1586.0,22.0,1.0,2.0,10.0,305.0,4.0,20.0,39.0,2.0,4.0,67.0,217.0,4.0,67.0,252.0,295.0,0.0,2.0,23.0,50.0,764.0,259.0,117.0,263.0,1132.0,532.0,0.19,243.0,795.0,17.0,562.0,2.0,28.0,5.0,95.0,3.0,0.0,35.0,2.0,24.0,3.6865671641791,1.0,29.0,8.92537313432836,1.0,962.0,20.6865671641791,1.0,4.0,1.23611111111111,0.0,74.0,74.0,7.0,1233.0,798.0,0.489281210592686,0.310810810810811,3.0,4.0,4.0,8.0,6.0
2.0,3.0,382.0,9.0,0.0,1.0,2.0,70.0,1.0,4.0,3.0,0.0,1.0,52.0,40.0,2.0,52.0,67.0,117.0,1.0,2.0,9.0,49.0,102.0,67.0,54.0,75.0,266.0,99.0,0.15,76.0,174.0,9.0,106.0,0.0,49.0,1.0,75.0,2.0,0.0,14.0,2.0,7.0,1.80769230769231,1.0,23.0,4.88461538461539,2.0,256.0,6.09615384615385,1.0,1.0,0.127272727272727,0.0,10.0,10.0,5.0,345.0,166.0,0.769633507853403,0.4,0.0,2.0,5.0,5.0,1.0
2.0,5.0,269.0,5.0,0.0,1.0,0.0,51.0,1.0,7.0,25.0,0.0,1.0,25.0,39.0,1.0,25.0,33.0,95.0,0.0,0.0,5.0,23.0,91.0,33.0,31.0,74.0,176.0,43.0,0.22,54.0,117.0,5.0,83.0,1.0,0.0,2.0,0.0,1.0,0.0,10.0,1.0,23.0,3.92,2.0,12.0,7.84,3.0,5.0,1.32,1.0,3.0,0.444444444444444,0.0,12.0,12.0,4.0,254.0,133.0,0.702602230483271,0.416666666666667,0.0,4.0,4.0,3.0,1.0
1.0,7.0,721.0,8.0,0.0,2.0,6.0,143.0,2.0,9.0,7.0,1.0,2.0,57.0,155.0,2.0,57.0,127.0,144.0,0.0,1.0,9.0,56.0,246.0,127.0,102.0,113.0,465.0,200.0,0.33,104.0,313.0,8.0,188.0,0.0,50.0,3.0,88.0,4.0,0.0,18.0,2.0,55.0,5.52631578947368,0.0,14.0,3.96491228070175,1.0,10.0,2.28070175438596,1.0,3.0,0.8,0.0,17.0,17.0,5.0,126.0,111.0,0.438280166435506,0.470588235294118,0.0,4.0,5.0,5.0,1.0
0.0,7.0,590.0,7.0,0.0,1.0,1.0,120.0,3.0,10.0,5.0,2.0,2.0,44.0,140.0,2.0,44.0,85.0,116.0,1.0,1.0,9.0,43.0,222.0,111.0,53.0,87.0,387.0,136.0,0.36,64.0,223.0,7.0,142.0,0.0,39.0,3.0,62.0,3.0,0.0,18.0,2.0,62.0,5.72727272727273,0.0,17.0,4.88636363636364,1.0,7.0,1.90909090909091,1.0,2.0,0.638297872340426,0.0,14.0,14.0,6.0,164.0,112.0,0.532203389830509,0.285714285714286,0.0,4.0,6.0,6.0,3.0
0.0,4.0,78.0,1.0,0.0,1.0,0.0,5.0,1.0,4.0,5.0,0.0,1.0,5.0,38.0,1.0,5.0,5.0,15.0,0.0,0.0,1.0,5.0,12.0,5.0,5.0,11.0,32.0,11.0,1.19,8.0,22.0,1.0,16.0,0.0,0.0,1.0,0.0,1.0,0.0,6.0,1.0,3.0,2.0,1.0,5.0,4.4,4.0,1.0,1.0,1.0,0.0,0.0,0.0,7.0,7.0,3.0,23.0,15.0,0.461538461538462,0.571428571428571,0.0,5.0,3.0,1.0,1.0
1.0,6.0,586.0,10.0,0.0,1.0,0.0,89.0,2.0,7.0,2.0,0.0,2.0,56.0,73.0,22.0,56.0,86.0,119.0,0.0,0.0,10.0,55.0,215.0,86.0,56.0,119.0,409.0,179.0,0.18,104.0,298.0,10.0,197.0,0.0,54.0,2.0,0.0,3.0,0.0,42.0,1.0,12.0,2.69642857142857,0.0,57.0,4.94642857142857,2.0,24.0,2.01785714285714,1.0,1.0,0.278481012658228,0.0,23.0,23.0,5.0,173.0,61.0,0.302047781569966,0.478260869565217,1.0,5.0,4.0,3.0,3.0
23.0,5.0,1640.0,8.0,5.0,1.0,20.0,306.0,2.0,6.0,12.0,0.0,2.0,182.0,253.0,40.0,182.0,290.0,417.0,0.0,24.0,9.0,154.0,604.0,290.0,222.0,359.0,1161.0,478.0,0.22,234.0,837.0,8.0,550.0,0.0,170.0,2.0,97.0,2.0,17.0,33.0,2.0,23.0,3.37362637362637,0.0,12.0,3.14285714285714,0.0,9.0,1.59340659340659,1.0,4.0,0.479820627802691,0.0,38.0,38.0,6.0,1036.0,1098.0,0.415853658536585,0.368421052631579,0.0,3.0,6.0,8.0,3.0
4.0,8.0,332.0,9.0,0.0,1.0,3.0,55.0,2.0,9.0,9.0,0.0,2.0,22.0,54.0,4.0,22.0,54.0,93.0,1.0,4.0,10.0,17.0,127.0,54.0,26.0,83.0,222.0,89.0,0.24,59.0,172.0,9.0,125.0,1.0,13.0,3.0,80.0,3.0,0.0,13.0,2.0,6.0,3.40909090909091,1.0,21.0,6.13636363636364,1.0,36.0,4.68181818181818,1.0,2.0,0.518518518518518,0.0,10.0,10.0,4.0,71.0,46.0,0.882530120481928,0.5,0.0,2.0,4.0,2.0,1.0
10.0,8.0,1089.0,58.0,1.0,1.0,13.0,208.0,2.0,8.0,0.0,0.0,2.0,93.0,56.0,5.0,95.0,172.0,244.0,2.0,56.0,59.0,82.0,599.0,199.0,138.0,224.0,900.0,354.0,0.06,135.0,578.0,34.0,409.0,0.0,95.0,2.0,100.0,1.0,8.0,15.0,2.0,24.0,3.21052631578947,0.0,48.0,2.63157894736842,1.0,72.0,2.88421052631579,0.0,4.0,0.415841584158416,0.0,58.0,58.0,5.0,1407.0,509.0,0.627180899908173,0.568965517241379,2.0,3.0,3.0,1.0,0.0
0.0,8.0,229.0,5.0,0.0,2.0,0.0,34.0,2.0,10.0,2.0,1.0,2.0,14.0,69.0,2.0,14.0,30.0,43.0,1.0,0.0,6.0,13.0,73.0,30.0,25.0,38.0,133.0,55.0,0.52,27.0,93.0,5.0,62.0,0.0,12.0,2.0,0.0,3.0,2.0,13.0,2.0,5.0,2.35714285714286,0.0,13.0,5.14285714285714,1.0,5.0,2.14285714285714,1.0,3.0,1.05882352941176,0.0,7.0,7.0,3.0,15.0,20.0,0.432314410480349,0.714285714285714,0.0,4.0,3.0,3.0,0.0
6.0,17.0,2724.0,28.0,0.0,2.0,4.0,476.0,4.0,24.0,15.0,3.0,4.0,99.0,424.0,3.0,99.0,431.0,395.0,11.0,1.0,31.0,82.0,1281.0,436.0,226.0,345.0,1840.0,882.0,0.23,465.0,1227.0,28.0,877.0,3.0,84.0,5.0,92.0,2.0,2.0,44.0,2.0,37.0,4.42424242424242,0.0,57.0,10.2626262626263,1.0,9721.0,120.555555555556,1.0,7.0,1.40776699029126,0.0,79.0,79.0,6.0,3094.0,1911.0,0.614537444933921,0.455696202531646,2.0,2.0,4.0,7.0,7.0
0.0,10.0,244.0,6.0,0.0,1.0,0.0,28.0,2.0,11.0,13.0,0.0,2.0,14.0,31.0,4.0,14.0,27.0,77.0,0.0,0.0,6.0,14.0,97.0,27.0,14.0,66.0,181.0,67.0,0.17,32.0,133.0,6.0,102.0,1.0,1.0,2.0,0.0,1.0,0.0,26.0,2.0,5.0,2.57142857142857,1.0,30.0,8.21428571428571,1.0,10.0,2.5,1.0,3.0,0.789473684210526,0.0,16.0,16.0,5.0,121.0,90.0,0.397540983606557,0.625,0.0,4.0,5.0,2.0,0.0
1.0,10.0,1162.0,68.0,0.0,1.0,1.0,274.0,4.0,13.0,68.0,1.0,3.0,72.0,131.0,3.0,72.0,201.0,273.0,0.0,1.0,69.0,71.0,545.0,260.0,103.0,214.0,875.0,394.0,0.15,190.0,608.0,17.0,412.0,1.0,4.0,4.0,100.0,1.0,0.0,61.0,2.0,33.0,4.0,0.0,40.0,7.875,1.0,1440.0,39.6527777777778,1.0,4.0,0.947368421052632,0.0,53.0,53.0,6.0,594.0,629.0,0.369191049913941,0.716981132075472,3.0,4.0,3.0,7.0,2.0
1.0,3.0,69.0,1.0,0.0,1.0,1.0,6.0,1.0,4.0,1.0,0.0,1.0,6.0,27.0,2.0,6.0,6.0,15.0,0.0,0.0,1.0,5.0,12.0,6.0,6.0,13.0,32.0,9.0,0.84,10.0,22.0,1.0,15.0,0.0,5.0,1.0,80.0,3.0,0.0,5.0,2.0,7.0,3.5,2.0,4.0,2.5,2.0,1.0,1.0,1.0,0.0,0.0,0.0,5.0,5.0,4.0,12.0,10.0,0.942028985507246,0.4,0.0,2.0,4.0,0.0,0.0
4.0,14.0,184.0,9.0,0.0,2.0,0.0,27.0,4.0,16.0,7.0,0.0,3.0,7.0,37.0,1.0,7.0,24.0,42.0,0.0,0.0,11.0,3.0,67.0,25.0,13.0,39.0,121.0,49.0,0.31,26.0,88.0,8.0,64.0,2.0,0.0,4.0,0.0,1.0,0.0,17.0,1.0,7.0,3.85714285714286,2.0,15.0,6.71428571428571,3.0,42.0,12.5714285714286,1.0,2.0,1.22222222222222,0.0,7.0,7.0,3.0,13.0,10.0,0.347826086956522,0.571428571428571,0.0,5.0,3.0,3.0,0.0
2.0,7.0,325.0,8.0,0.0,2.0,1.0,69.0,3.0,10.0,1.0,1.0,3.0,23.0,75.0,2.0,23.0,65.0,74.0,0.0,5.0,8.0,21.0,117.0,65.0,46.0,61.0,213.0,114.0,0.35,41.0,175.0,8.0,111.0,0.0,22.0,3.0,80.0,2.0,0.0,15.0,2.0,10.0,3.47826086956522,0.0,12.0,4.69565217391304,1.0,8.0,3.1304347826087,1.0,4.0,1.07692307692308,0.0,13.0,13.0,4.0,285.0,486.0,0.363076923076923,0.384615384615385,0.0,5.0,4.0,4.0,0.0
3.0,8.0,479.0,9.0,0.0,1.0,5.0,61.0,2.0,9.0,26.0,0.0,2.0,26.0,52.0,1.0,26.0,60.0,211.0,0.0,0.0,9.0,23.0,262.0,60.0,26.0,82.0,373.0,117.0,0.14,54.0,199.0,9.0,142.0,0.0,0.0,2.0,95.0,1.0,0.0,9.0,1.0,10.0,2.96153846153846,2.0,10.0,6.42307692307692,1.0,13.0,2.53846153846154,1.0,3.0,0.714285714285714,0.0,6.0,6.0,3.0,32.0,33.0,0.835073068893528,0.666666666666667,0.0,3.0,3.0,2.0,0.0
0.0,9.0,237.0,5.0,0.0,1.0,0.0,25.0,2.0,13.0,4.0,2.0,2.0,12.0,70.0,1.0,12.0,22.0,59.0,1.0,6.0,5.0,11.0,74.0,22.0,16.0,45.0,137.0,49.0,0.51,30.0,94.0,5.0,72.0,1.0,8.0,2.0,58.0,2.0,1.0,23.0,1.0,9.0,4.83333333333333,2.0,14.0,6.16666666666667,2.0,5.0,1.83333333333333,1.0,2.0,0.785714285714286,0.0,9.0,9.0,4.0,61.0,21.0,0.371308016877637,0.555555555555556,0.0,4.0,4.0,5.0,0.0
12.0,9.0,3184.0,18.0,1.0,1.0,10.0,616.0,3.0,11.0,6.0,1.0,3.0,225.0,521.0,8.0,225.0,563.0,629.0,27.0,17.0,19.0,185.0,1276.0,563.0,331.0,627.0,2224.0,1072.0,0.23,451.0,1699.0,18.0,1138.0,0.0,219.0,3.0,100.0,2.0,15.0,56.0,2.0,92.0,6.08888888888889,0.0,27.0,5.24888888888889,1.0,300.0,5.16444444444444,1.0,5.0,1.03846153846154,0.0,54.0,54.0,7.0,2209.0,1082.0,0.472178560201195,0.518518518518518,1.0,6.0,6.0,7.0,1.0
0.0,5.0,112.0,4.0,0.0,1.0,1.0,15.0,2.0,6.0,2.0,0.0,2.0,9.0,30.0,2.0,9.0,15.0,29.0,1.0,1.0,4.0,8.0,30.0,15.0,9.0,23.0,63.0,24.0,0.48,19.0,47.0,4.0,33.0,0.0,7.0,2.0,75.0,3.0,1.0,7.0,2.0,7.0,3.44444444444444,1.0,10.0,4.0,1.0,5.0,1.55555555555556,1.0,1.0,0.333333333333333,0.0,6.0,6.0,3.0,13.0,10.0,0.571428571428571,0.666666666666667,0.0,4.0,3.0,0.0,0.0
0.0,3.0,178.0,1.0,0.0,1.0,1.0,19.0,1.0,5.0,10.0,1.0,1.0,19.0,70.0,2.0,19.0,19.0,37.0,0.0,0.0,1.0,19.0,27.0,19.0,19.0,27.0,82.0,24.0,0.85,26.0,51.0,1.0,31.0,0.0,9.0,1.0,94.0,2.0,0.0,11.0,2.0,5.0,1.63157894736842,0.0,8.0,2.84210526315789,1.0,1.0,1.0,1.0,0.0,0.0,0.0,11.0,11.0,5.0,32.0,40.0,0.359550561797753,0.454545454545455,0.0,4.0,5.0,3.0,0.0
3.0,19.0,308.0,35.0,0.0,4.0,12.0,64.0,6.0,20.0,8.0,1.0,3.0,11.0,38.0,2.0,11.0,35.0,72.0,0.0,2.0,35.0,8.0,185.0,62.0,46.0,69.0,251.0,114.0,0.15,27.0,183.0,8.0,146.0,1.0,3.0,6.0,71.0,1.0,0.0,10.0,1.0,15.0,5.54545454545455,2.0,21.0,7.18181818181818,1.0,35.0,7.45454545454545,1.0,3.0,1.07142857142857,0.0,4.0,4.0,3.0,14.0,12.0,0.980519480519481,0.5,0.0,1.0,3.0,1.0,0.0
0.0,5.0,81.0,2.0,0.0,1.0,1.0,7.0,1.0,5.0,1.0,0.0,1.0,6.0,25.0,2.0,6.0,7.0,18.0,1.0,1.0,2.0,5.0,20.0,7.0,6.0,16.0,43.0,15.0,0.58,13.0,31.0,2.0,23.0,0.0,5.0,1.0,50.0,4.0,0.0,6.0,2.0,6.0,3.33333333333333,1.0,7.0,3.5,1.0,2.0,1.16666666666667,1.0,1.0,0.333333333333333,0.0,5.0,5.0,3.0,9.0,7.0,0.814814814814815,0.6,0.0,3.0,3.0,0.0,0.0
0.0,7.0,780.0,15.0,0.0,1.0,4.0,140.0,2.0,10.0,17.0,2.0,2.0,61.0,216.0,5.0,61.0,125.0,140.0,9.0,0.0,19.0,52.0,251.0,125.0,83.0,121.0,473.0,198.0,0.46,95.0,319.0,15.0,195.0,0.0,44.0,2.0,100.0,2.0,3.0,25.0,2.0,81.0,7.39344262295082,0.0,19.0,4.26229508196721,1.0,66.0,3.0327868852459,1.0,3.0,0.582089552238806,0.0,11.0,11.0,5.0,66.0,76.0,0.474358974358974,0.454545454545455,0.0,4.0,5.0,5.0,1.0
6.0,7.0,1825.0,8.0,1.0,1.0,21.0,344.0,2.0,9.0,6.0,1.0,2.0,163.0,333.0,6.0,163.0,318.0,391.0,24.0,15.0,9.0,132.0,662.0,318.0,189.0,378.0,1243.0,576.0,0.27,256.0,954.0,8.0,639.0,0.0,157.0,2.0,98.0,1.0,40.0,35.0,7.0,1220.0,14.1963190184049,0.0,22.0,4.49079754601227,0.0,10.0,2.0920245398773,1.0,5.0,0.794117647058823,0.0,45.0,45.0,7.0,1044.0,650.0,0.332602739726027,0.533333333333333,3.0,7.0,4.0,5.0,3.0
0.0,1.0,37.0,1.0,12.0,1.0,0.0,12.0,1.0,1.0,0.0,0.0,1.0,12.0,5.0,1.0,12.0,12.0,16.0,0.0,0.0,1.0,0.0,0.0,12.0,12.0,16.0,17.0,0.0,0.29,15.0,16.0,1.0,15.0,0.0,12.0,1.0,0.0,0.0,1.0,5.0,0.0,0.0,0.0,0.0,1.0,1.0,1.0,1.0,1.0,1.0,0.0,0.0,0.0,2.0,2.0,1.0,38.0,1.0,1.0,1.0,0.0,1.0,1.0,0.0,0.0
0.0,13.0,147.0,7.0,0.0,2.0,0.0,20.0,3.0,14.0,6.0,0.0,3.0,6.0,35.0,1.0,6.0,20.0,36.0,0.0,0.0,7.0,6.0,58.0,20.0,11.0,31.0,98.0,41.0,0.36,14.0,72.0,7.0,51.0,0.0,0.0,3.0,0.0,1.0,0.0,14.0,1.0,5.0,3.0,1.0,15.0,7.83333333333333,2.0,18.0,6.0,1.0,2.0,1.25,0.0,12.0,12.0,5.0,45.0,36.0,0.312925170068027,0.583333333333333,0.0,6.0,5.0,3.0,0.0
0.0,4.0,83.0,2.0,0.0,1.0,0.0,7.0,1.0,4.0,6.0,0.0,1.0,6.0,34.0,1.0,6.0,7.0,19.0,0.0,0.0,2.0,6.0,13.0,7.0,6.0,15.0,38.0,11.0,0.89,11.0,26.0,2.0,18.0,0.0,0.0,1.0,0.0,1.0,0.0,10.0,1.0,4.0,2.66666666666667,2.0,7.0,4.33333333333333,2.0,2.0,1.16666666666667,1.0,1.0,0.375,0.0,6.0,6.0,3.0,20.0,13.0,0.457831325301205,0.5,0.0,3.0,3.0,3.0,0.0
0.0,6.0,235.0,10.0,0.0,1.0,1.0,37.0,2.0,8.0,4.0,0.0,2.0,18.0,48.0,2.0,18.0,33.0,53.0,0.0,4.0,11.0,18.0,77.0,33.0,25.0,43.0,145.0,63.0,0.33,42.0,106.0,10.0,74.0,1.0,14.0,2.0,72.0,2.0,0.0,18.0,2.0,14.0,4.94444444444444,0.0,12.0,5.0,1.0,11.0,2.0,1.0,3.0,0.571428571428571,0.0,16.0,16.0,3.0,118.0,87.0,0.429787234042553,0.6875,0.0,3.0,3.0,3.0,0.0
2.0,5.0,669.0,9.0,0.0,1.0,2.0,101.0,1.0,6.0,65.0,0.0,1.0,77.0,37.0,6.0,77.0,101.0,228.0,0.0,1.0,9.0,75.0,240.0,101.0,79.0,160.0,505.0,169.0,0.07,127.0,329.0,9.0,223.0,0.0,12.0,1.0,97.0,2.0,0.0,29.0,2.0,10.0,2.11688311688312,0.0,17.0,4.50649350649351,1.0,48.0,2.0,1.0,2.0,0.238095238095238,0.0,15.0,15.0,3.0,643.0,151.0,0.732436472346786,0.6,0.0,2.0,3.0,3.0,1.0
2.0,13.0,523.0,18.0,0.0,2.0,4.0,120.0,4.0,16.0,2.0,1.0,4.0,26.0,69.0,4.0,26.0,104.0,101.0,1.0,3.0,22.0,23.0,240.0,104.0,56.0,91.0,377.0,193.0,0.18,78.0,284.0,18.0,191.0,1.0,24.0,5.0,67.0,2.0,0.0,17.0,2.0,12.0,5.03846153846154,1.0,21.0,6.53846153846154,1.0,96.0,9.65384615384615,1.0,4.0,1.16129032258065,0.0,22.0,22.0,7.0,420.0,507.0,0.367112810707457,0.363636363636364,3.0,6.0,4.0,7.0,1.0
15.0,13.0,1147.0,50.0,3.0,2.0,13.0,326.0,5.0,15.0,17.0,1.0,4.0,62.0,103.0,3.0,62.0,221.0,222.0,0.0,3.0,52.0,44.0,644.0,286.0,140.0,205.0,905.0,516.0,0.11,141.0,721.0,24.0,515.0,1.0,45.0,5.0,93.0,2.0,0.0,22.0,3.0,18.0,5.61290322580645,0.0,20.0,5.69354838709677,1.0,21672.0,401.0,1.0,5.0,1.0,0.0,29.0,29.0,5.0,1445.0,1170.0,0.483870967741935,0.482758620689655,1.0,3.0,4.0,7.0,2.0
0.0,1.0,12.0,1.0,1.0,1.0,0.0,1.0,1.0,1.0,0.0,0.0,1.0,1.0,4.0,1.0,1.0,1.0,4.0,0.0,0.0,1.0,0.0,0.0,1.0,1.0,4.0,5.0,0.0,0.8,3.0,4.0,1.0,3.0,0.0,1.0,1.0,0.0,0.0,1.0,2.0,0.0,1.0,1.0,1.0,1.0,1.0,1.0,1.0,1.0,1.0,0.0,0.0,0.0,1.0,1.0,1.0,12.0,0.0,1.0,1.0,0.0,1.0,1.0,0.0,0.0
1.0,6.0,90.0,2.0,0.0,1.0,2.0,7.0,1.0,6.0,5.0,0.0,1.0,5.0,31.0,1.0,5.0,7.0,29.0,0.0,0.0,2.0,4.0,23.0,7.0,5.0,23.0,50.0,13.0,0.62,10.0,36.0,2.0,28.0,0.0,0.0,1.0,80.0,1.0,0.0,12.0,1.0,5.0,3.4,0.0,6.0,3.8,2.0,2.0,1.4,1.0,1.0,0.571428571428571,0.0,13.0,13.0,4.0,106.0,64.0,0.644444444444444,0.384615384615385,0.0,3.0,4.0,1.0,0.0
34.0,12.0,3461.0,23.0,1.0,2.0,13.0,670.0,3.0,15.0,36.0,1.0,3.0,180.0,363.0,5.0,180.0,585.0,934.0,0.0,8.0,26.0,145.0,1846.0,585.0,326.0,580.0,2604.0,1335.0,0.14,501.0,1915.0,23.0,1353.0,1.0,144.0,4.0,92.0,2.0,0.0,30.0,2.0,108.0,5.91666666666667,0.0,38.0,5.31111111111111,1.0,20836.0,133.383333333333,1.0,5.0,0.897849462365591,0.0,88.0,88.0,6.0,1497.0,1361.0,0.340941924299335,0.443181818181818,2.0,5.0,4.0,5.0,16.0
4.0,7.0,708.0,21.0,0.0,1.0,2.0,137.0,2.0,8.0,2.0,0.0,2.0,61.0,43.0,2.0,61.0,124.0,172.0,2.0,7.0,23.0,55.0,306.0,126.0,76.0,120.0,538.0,264.0,0.08,127.0,384.0,19.0,260.0,1.0,59.0,2.0,87.0,2.0,0.0,18.0,2.0,10.0,2.49180327868852,0.0,19.0,5.29508196721311,1.0,374.0,8.27868852459016,1.0,4.0,0.671875,0.0,15.0,15.0,5.0,185.0,147.0,0.823446327683616,0.466666666666667,0.0,2.0,5.0,3.0,3.0
11.0,5.0,482.0,8.0,0.0,1.0,3.0,109.0,2.0,6.0,2.0,0.0,2.0,56.0,7.0,2.0,56.0,107.0,144.0,1.0,6.0,9.0,44.0,213.0,107.0,72.0,102.0,392.0,215.0,0.02,84.0,317.0,8.0,216.0,0.0,54.0,2.0,83.0,2.0,0.0,15.0,2.0,24.0,3.85714285714286,0.0,24.0,5.23214285714286,1.0,26.0,2.23214285714286,1.0,2.0,0.457627118644068,0.0,12.0,12.0,5.0,684.0,485.0,0.761410788381743,0.333333333333333,0.0,2.0,5.0,3.0,1.0
7.0,9.0,598.0,13.0,0.0,1.0,1.0,110.0,2.0,12.0,8.0,0.0,2.0,41.0,62.0,4.0,41.0,102.0,134.0,0.0,1.0,17.0,34.0,251.0,102.0,61.0,139.0,415.0,209.0,0.15,122.0,348.0,13.0,252.0,2.0,33.0,3.0,67.0,2.0,0.0,28.0,2.0,14.0,3.53658536585366,0.0,40.0,6.51219512195122,1.0,160.0,6.24390243902439,1.0,3.0,0.804347826086957,0.0,20.0,20.0,7.0,160.0,135.0,0.341137123745819,0.3,0.0,4.0,7.0,7.0,1.0
7.0,8.0,532.0,26.0,1.0,2.0,3.0,160.0,3.0,10.0,10.0,0.0,2.0,39.0,78.0,4.0,39.0,81.0,118.0,0.0,12.0,50.0,31.0,216.0,117.0,77.0,124.0,384.0,165.0,0.2,71.0,289.0,9.0,208.0,0.0,29.0,4.0,86.0,2.0,0.0,14.0,2.0,14.0,3.30769230769231,0.0,12.0,3.56410256410256,0.0,22.0,2.82051282051282,1.0,5.0,0.886363636363636,0.0,14.0,14.0,5.0,249.0,67.0,0.379699248120301,0.357142857142857,0.0,3.0,5.0,8.0,2.0
0.0,10.0,229.0,9.0,0.0,1.0,3.0,19.0,2.0,12.0,1.0,0.0,2.0,8.0,4.0,3.0,8.0,17.0,42.0,1.0,1.0,11.0,7.0,151.0,17.0,8.0,40.0,196.0,129.0,0.02,29.0,169.0,9.0,152.0,2.0,7.0,2.0,70.0,3.0,0.0,10.0,2.0,6.0,3.375,1.0,18.0,6.0,1.0,96.0,12.875,1.0,2.0,0.5,0.0,7.0,7.0,4.0,250.0,19.0,0.423580786026201,0.571428571428571,0.0,3.0,4.0,1.0,0.0
0.0,5.0,90.0,3.0,0.0,1.0,1.0,11.0,1.0,5.0,2.0,0.0,1.0,7.0,25.0,2.0,7.0,10.0,24.0,1.0,1.0,3.0,6.0,25.0,10.0,9.0,20.0,52.0,19.0,0.48,13.0,39.0,3.0,28.0,0.0,5.0,2.0,58.0,3.0,0.0,8.0,2.0,5.0,2.85714285714286,1.0,7.0,4.28571428571429,1.0,3.0,1.42857142857143,1.0,1.0,0.4,0.0,6.0,6.0,3.0,111.0,100.0,0.822222222222222,0.5,0.0,2.0,3.0,1.0,0.0
8.0,8.0,835.0,14.0,1.0,1.0,1.0,139.0,2.0,11.0,18.0,1.0,2.0,58.0,125.0,1.0,58.0,134.0,178.0,1.0,15.0,14.0,48.0,322.0,134.0,86.0,143.0,572.0,272.0,0.22,138.0,415.0,14.0,274.0,1.0,40.0,2.0,93.0,2.0,0.0,32.0,1.0,9.0,2.8448275862069,0.0,18.0,5.56896551724138,1.0,292.0,10.4827586206897,1.0,4.0,0.716666666666667,0.0,36.0,36.0,7.0,303.0,167.0,0.625149700598802,0.666666666666667,3.0,5.0,4.0,6.0,1.0
1.0,5.0,116.0,4.0,0.0,1.0,0.0,11.0,1.0,6.0,2.0,0.0,1.0,8.0,38.0,1.0,8.0,11.0,27.0,0.0,2.0,4.0,7.0,26.0,11.0,8.0,22.0,58.0,21.0,0.66,20.0,43.0,4.0,31.0,1.0,6.0,1.0,68.0,2.0,0.0,8.0,1.0,5.0,2.5,0.0,12.0,4.75,2.0,8.0,1.875,1.0,1.0,0.3,0.0,7.0,7.0,3.0,43.0,38.0,0.663793103448276,0.428571428571429,0.0,2.0,3.0,3.0,3.0
2.0,8.0,807.0,23.0,0.0,1.0,15.0,136.0,2.0,9.0,13.0,0.0,2.0,64.0,75.0,2.0,64.0,120.0,232.0,2.0,2.0,28.0,60.0,352.0,120.0,71.0,192.0,606.0,234.0,0.12,128.0,426.0,23.0,308.0,0.0,51.0,2.0,94.0,2.0,0.0,20.0,2.0,13.0,2.953125,0.0,33.0,5.390625,1.0,39744.0,622.8125,1.0,5.0,0.552238805970149,0.0,35.0,35.0,6.0,453.0,389.0,0.420074349442379,0.457142857142857,1.0,4.0,5.0,8.0,2.0
0.0,6.0,119.0,6.0,0.0,1.0,0.0,14.0,2.0,7.0,2.0,1.0,2.0,8.0,42.0,1.0,8.0,13.0,29.0,1.0,0.0,7.0,7.0,26.0,13.0,8.0,18.0,63.0,22.0,0.67,14.0,40.0,6.0,27.0,0.0,6.0,2.0,0.0,3.0,0.0,8.0,1.0,8.0,3.375,0.0,11.0,4.375,1.0,5.0,1.5,1.0,2.0,0.6,0.0,7.0,7.0,3.0,22.0,12.0,0.403361344537815,0.571428571428571,0.0,3.0,3.0,2.0,0.0
0.0,3.0,308.0,1.0,0.0,1.0,0.0,72.0,1.0,3.0,0.0,0.0,1.0,72.0,1.0,1.0,72.0,72.0,94.0,0.0,0.0,1.0,72.0,65.0,72.0,72.0,83.0,232.0,65.0,0.0,76.0,148.0,1.0,75.0,0.0,72.0,1.0,0.0,1.0,0.0,14.0,2.0,0.0,0.0,0.0,1.0,0.902777777777778,0.0,1.0,1.0,1.0,0.0,0.0,0.0,11.0,11.0,5.0,109.0,106.0,0.795454545454545,0.545454545454545,0.0,3.0,5.0,2.0,0.0
2.0,9.0,598.0,8.0,0.0,1.0,1.0,94.0,2.0,10.0,41.0,0.0,2.0,41.0,33.0,17.0,41.0,90.0,222.0,0.0,0.0,8.0,39.0,281.0,90.0,47.0,191.0,506.0,172.0,0.07,60.0,363.0,8.0,267.0,0.0,0.0,2.0,100.0,1.0,0.0,45.0,1.0,5.0,2.24390243902439,1.0,27.0,9.78048780487805,3.0,24.0,2.75609756097561,1.0,3.0,0.728813559322034,0.0,12.0,12.0,4.0,404.0,349.0,0.488294314381271,0.5,0.0,2.0,4.0,3.0,3.0
2.0,5.0,1072.0,7.0,0.0,1.0,7.0,197.0,1.0,5.0,14.0,0.0,1.0,130.0,37.0,12.0,130.0,191.0,336.0,25.0,16.0,8.0,103.0,425.0,191.0,135.0,247.0,853.0,319.0,0.04,187.0,566.0,7.0,387.0,0.0,116.0,2.0,92.0,3.0,2.0,20.0,2.0,9.0,1.60769230769231,0.0,16.0,3.94615384615385,0.0,16.0,1.56923076923077,1.0,3.0,0.342657342657343,0.0,13.0,13.0,5.0,208.0,169.0,0.446828358208955,0.384615384615385,0.0,3.0,5.0,3.0,2.0
2.0,7.0,251.0,9.0,0.0,1.0,10.0,60.0,2.0,7.0,14.0,0.0,2.0,22.0,38.0,1.0,22.0,46.0,55.0,0.0,1.0,10.0,20.0,104.0,53.0,26.0,56.0,185.0,81.0,0.21,28.0,137.0,7.0,89.0,0.0,8.0,3.0,92.0,1.0,0.0,10.0,2.0,24.0,9.5,1.0,7.0,2.31818181818182,1.0,22.0,3.36363636363636,1.0,5.0,1.0,0.0,2.0,2.0,1.0,32.0,0.0,0.49402390438247,1.0,0.0,3.0,1.0,3.0,0.0
0.0,4.0,139.0,1.0,0.0,1.0,0.0,11.0,1.0,6.0,0.0,2.0,1.0,11.0,68.0,1.0,11.0,11.0,24.0,0.0,5.0,1.0,11.0,21.0,11.0,11.0,22.0,55.0,19.0,1.24,16.0,41.0,1.0,29.0,0.0,11.0,1.0,60.0,1.0,0.0,5.0,1.0,22.0,9.27272727272727,0.0,8.0,2.36363636363636,1.0,1.0,1.0,1.0,0.0,0.0,0.0,4.0,4.0,1.0,183.0,44.0,1.0,1.0,0.0,1.0,1.0,0.0,0.0
0.0,2.0,185.0,2.0,0.0,1.0,5.0,23.0,1.0,4.0,0.0,1.0,1.0,20.0,73.0,3.0,22.0,23.0,33.0,2.0,8.0,2.0,20.0,37.0,23.0,22.0,37.0,83.0,22.0,0.88,29.0,59.0,2.0,37.0,0.0,22.0,1.0,100.0,1.0,1.0,10.0,2.0,95.0,11.0,0.0,4.0,1.81818181818182,1.0,1.0,0.909090909090909,0.0,0.0,0.0,0.0,12.0,12.0,2.0,160.0,384.0,0.427027027027027,0.833333333333333,0.0,3.0,2.0,2.0,0.0
0.0,4.0,193.0,10.0,0.0,1.0,5.0,42.0,2.0,6.0,2.0,1.0,2.0,18.0,54.0,2.0,18.0,31.0,34.0,1.0,1.0,15.0,17.0,63.0,35.0,26.0,38.0,116.0,40.0,0.47,23.0,78.0,8.0,53.0,0.0,16.0,2.0,87.0,1.0,6.0,16.0,2.0,15.0,3.0,0.0,11.0,1.83333333333333,1.0,15.0,2.16666666666667,1.0,3.0,0.619047619047619,0.0,4.0,4.0,2.0,196.0,3.0,0.989637305699482,0.75,0.0,1.0,2.0,1.0,0.0
0.0,1.0,37.0,1.0,1.0,1.0,0.0,1.0,1.0,1.0,0.0,0.0,1.0,1.0,30.0,1.0,1.0,1.0,4.0,0.0,0.0,1.0,0.0,0.0,1.0,1.0,4.0,5.0,0.0,6.0,2.0,4.0,1.0,3.0,0.0,1.0,1.0,0.0,0.0,28.0,3.0,0.0,2.0,2.0,2.0,1.0,1.0,1.0,1.0,1.0,1.0,0.0,0.0,0.0,0.0,0.0,0.0,0.0,0.0,1.0,0.0,0.0,1.0,0.0,0.0,0.0
0.0,1.0,33.0,1.0,9.0,1.0,0.0,9.0,1.0,1.0,0.0,0.0,1.0,9.0,11.0,1.0,9.0,9.0,12.0,0.0,0.0,1.0,0.0,0.0,9.0,9.0,12.0,13.0,0.0,0.85,9.0,12.0,1.0,11.0,0.0,9.0,1.0,0.0,0.0,1.0,1.0,0.0,22.0,4.77777777777778,0.0,1.0,1.0,1.0,1.0,1.0,1.0,0.0,0.0,0.0,1.0,1.0,1.0,33.0,0.0,1.0,1.0,0.0,1.0,1.0,0.0,0.0
0.0,1.0,85.0,1.0,8.0,1.0,0.0,8.0,1.0,7.0,0.0,6.0,1.0,8.0,63.0,1.0,8.0,8.0,11.0,0.0,0.0,1.0,0.0,0.0,8.0,8.0,11.0,12.0,0.0,5.25,10.0,11.0,1.0,10.0,0.0,8.0,1.0,0.0,0.0,1.0,1.0,0.0,0.0,0.0,0.0,1.0,0.75,0.0,1.0,1.0,1.0,0.0,0.0,0.0,1.0,1.0,1.0,85.0,0.0,1.0,1.0,0.0,1.0,1.0,0.0,0.0
0.0,1.0,329.0,1.0,40.0,1.0,1.0,52.0,1.0,4.0,0.0,3.0,1.0,52.0,216.0,1.0,52.0,52.0,65.0,0.0,0.0,1.0,12.0,1.0,52.0,52.0,65.0,66.0,0.0,3.27,47.0,65.0,1.0,64.0,0.0,52.0,1.0,100.0,0.0,3.0,11.0,0.0,566.0,32.9230769230769,0.0,1.0,0.884615384615385,0.0,1.0,1.0,1.0,0.0,0.0,0.0,15.0,15.0,5.0,188.0,284.0,0.401215805471125,0.733333333333333,0.0,6.0,5.0,3.0,0.0
0.0,1.0,51.0,1.0,6.0,1.0,0.0,6.0,1.0,2.0,0.0,1.0,1.0,6.0,34.0,1.0,6.0,6.0,8.0,0.0,0.0,1.0,0.0,0.0,6.0,6.0,8.0,9.0,0.0,3.78,8.0,8.0,1.0,7.0,0.0,6.0,1.0,0.0,1.0,2.0,0.0,1.0,5.0,2.16666666666667,0.0,1.0,1.0,1.0,1.0,1.0,1.0,0.0,0.0,0.0,1.0,1.0,1.0,51.0,0.0,1.0,1.0,0.0,1.0,1.0,0.0,0.0
0.0,9.0,117.0,7.0,0.0,2.0,0.0,14.0,4.0,14.0,0.0,3.0,4.0,4.0,57.0,2.0,4.0,14.0,20.0,0.0,1.0,7.0,4.0,22.0,14.0,7.0,24.0,50.0,18.0,1.14,10.0,42.0,7.0,26.0,1.0,4.0,4.0,0.0,1.0,1.0,4.0,1.0,13.0,6.25,2.0,6.0,3.75,0.0,10.0,4.25,1.0,5.0,2.57142857142857,0.0,4.0,4.0,2.0,34.0,43.0,0.504273504273504,0.75,0.0,2.0,2.0,2.0,0.0
0.0,1.0,45.0,1.0,0.0,1.0,0.0,2.0,1.0,1.0,0.0,0.0,1.0,2.0,34.0,1.0,2.0,2.0,7.0,0.0,0.0,1.0,2.0,0.0,2.0,2.0,7.0,8.0,0.0,4.25,3.0,7.0,1.0,6.0,0.0,2.0,1.0,0.0,0.0,12.0,3.0,0.0,5.0,3.5,2.0,1.0,1.0,1.0,1.0,1.0,1.0,6.0,1.2,0.0,0.0,0.0,0.0,0.0,0.0,0.711111111111111,0.0,0.0,3.0,0.0,0.0,0.0
0.0,4.0,46.0,1.0,0.0,1.0,0.0,2.0,1.0,5.0,0.0,0.0,1.0,2.0,28.0,1.0,2.0,2.0,8.0,1.0,0.0,1.0,1.0,5.0,2.0,2.0,8.0,15.0,4.0,1.87,4.0,12.0,1.0,9.0,0.0,2.0,1.0,0.0,3.0,0.0,2.0,1.0,5.0,4.5,4.0,4.0,3.0,2.0,1.0,1.0,1.0,0.0,0.0,0.0,1.0,1.0,1.0,1.0,1.0,0.847826086956522,1.0,0.0,2.0,1.0,1.0,1.0
0.0,13.0,73.0,9.0,0.0,4.0,0.0,10.0,5.0,14.0,0.0,0.0,5.0,2.0,31.0,1.0,2.0,10.0,13.0,0.0,0.0,9.0,2.0,20.0,10.0,7.0,13.0,38.0,13.0,0.82,5.0,26.0,9.0,20.0,0.0,2.0,5.0,0.0,2.0,0.0,8.0,1.0,9.0,5.0,1.0,7.0,4.0,1.0,24.0,12.5,1.0,2.0,1.5,0.0,1.0,1.0,1.0,11.0,12.0,0.835616438356164,1.0,0.0,2.0,1.0,0.0,0.0
0.0,5.0,117.0,9.0,0.0,1.0,2.0,19.0,2.0,5.0,0.0,0.0,2.0,11.0,31.0,1.0,11.0,19.0,29.0,0.0,5.0,9.0,11.0,32.0,19.0,16.0,29.0,73.0,23.0,0.42,14.0,52.0,9.0,37.0,0.0,11.0,2.0,84.0,1.0,1.0,9.0,2.0,21.0,7.81818181818182,1.0,7.0,1.81818181818182,1.0,24.0,3.09090909090909,1.0,2.0,0.461538461538462,0.0,1.0,1.0,1.0,14.0,3.0,0.555555555555556,1.0,0.0,2.0,1.0,1.0,0.0
18.0,23.0,1325.0,21.0,0.0,2.0,16.0,147.0,3.0,26.0,0.0,1.0,3.0,45.0,98.0,2.0,45.0,134.0,348.0,1.0,5.0,25.0,26.0,879.0,143.0,96.0,349.0,1095.0,568.0,0.09,149.0,917.0,18.0,786.0,2.0,45.0,3.0,87.0,2.0,1.0,24.0,2.0,27.0,12.1333333333333,1.0,64.0,14.4222222222222,1.0,1199.0,29.7111111111111,1.0,6.0,1.35416666666667,0.0,15.0,15.0,3.0,214.0,247.0,0.814339622641509,0.866666666666667,0.0,3.0,3.0,1.0,1.0
1.0,22.0,217.0,16.0,0.0,2.0,0.0,25.0,5.0,30.0,0.0,6.0,5.0,5.0,66.0,1.0,5.0,25.0,37.0,1.0,8.0,16.0,3.0,92.0,25.0,12.0,37.0,136.0,75.0,0.49,15.0,112.0,16.0,91.0,1.0,5.0,5.0,47.0,1.0,0.0,9.0,2.0,35.0,12.8,1.0,14.0,6.0,1.0,26.0,8.4,1.0,3.0,1.57142857142857,0.0,1.0,1.0,1.0,0.0,18.0,0.80184331797235,1.0,0.0,2.0,1.0,5.0,0.0
0.0,4.0,190.0,6.0,0.0,1.0,0.0,36.0,1.0,4.0,0.0,0.0,1.0,30.0,28.0,2.0,30.0,36.0,43.0,0.0,1.0,6.0,30.0,55.0,36.0,33.0,44.0,130.0,40.0,0.22,32.0,84.0,6.0,49.0,0.0,30.0,1.0,6.0,2.0,0.0,8.0,2.0,7.0,3.63333333333333,1.0,3.0,2.9,1.0,6.0,1.2,1.0,2.0,0.242424242424242,0.0,2.0,2.0,2.0,8.0,8.0,0.478947368421053,0.5,0.0,4.0,2.0,0.0,0.0
0.0,1.0,174.0,3.0,0.0,1.0,3.0,27.0,1.0,3.0,2.0,2.0,1.0,25.0,96.0,1.0,25.0,27.0,38.0,0.0,0.0,3.0,25.0,17.0,27.0,27.0,37.0,60.0,12.0,1.6,18.0,49.0,3.0,41.0,0.0,23.0,1.0,97.0,1.0,2.0,9.0,1.0,24.0,5.16,0.0,4.0,1.2,1.0,3.0,1.08,1.0,1.0,0.111111111111111,0.0,3.0,3.0,2.0,5.0,12.0,0.298850574712644,0.666666666666667,0.0,6.0,2.0,1.0,0.0
1.0,5.0,108.0,2.0,0.0,1.0,0.0,9.0,1.0,7.0,1.0,1.0,1.0,8.0,43.0,1.0,8.0,9.0,21.0,0.0,4.0,2.0,7.0,25.0,9.0,8.0,19.0,53.0,16.0,0.81,12.0,35.0,2.0,25.0,0.0,7.0,1.0,75.0,2.0,0.0,11.0,1.0,11.0,4.625,0.0,8.0,4.0,1.0,2.0,1.125,1.0,1.0,0.3,0.0,9.0,9.0,2.0,55.0,65.0,0.981481481481482,0.888888888888889,0.0,1.0,2.0,2.0,0.0
2.0,6.0,519.0,5.0,0.0,1.0,1.0,127.0,2.0,7.0,0.0,0.0,2.0,51.0,34.0,10.0,51.0,97.0,95.0,10.0,5.0,6.0,39.0,200.0,97.0,71.0,95.0,360.0,165.0,0.09,125.0,260.0,5.0,173.0,1.0,51.0,2.0,93.0,3.0,8.0,15.0,2.0,15.0,5.33333333333333,0.0,13.0,5.33333333333333,1.0,5.0,1.90196078431373,1.0,2.0,0.774193548387097,0.0,13.0,13.0,2.0,749.0,235.0,0.855491329479769,0.846153846153846,0.0,2.0,2.0,1.0,1.0
1.0,3.0,52.0,1.0,0.0,1.0,4.0,2.0,1.0,3.0,0.0,0.0,1.0,2.0,35.0,1.0,2.0,2.0,9.0,0.0,1.0,1.0,1.0,6.0,2.0,2.0,9.0,14.0,2.0,2.5,3.0,11.0,1.0,8.0,0.0,2.0,1.0,80.0,1.0,0.0,0.0,1.0,2.0,1.5,1.0,2.0,1.5,1.0,1.0,1.0,1.0,0.0,0.0,0.0,0.0,0.0,0.0,0.0,0.0,0.557692307692308,0.0,0.0,4.0,0.0,1.0,0.0
0.0,2.0,42.0,1.0,0.0,1.0,20.0,1.0,1.0,3.0,0.0,1.0,1.0,1.0,13.0,1.0,1.0,1.0,23.0,0.0,0.0,1.0,1.0,20.0,1.0,1.0,23.0,25.0,0.0,0.52,4.0,23.0,1.0,21.0,0.0,1.0,1.0,100.0,1.0,0.0,0.0,1.0,0.0,0.0,0.0,1.0,1.0,1.0,1.0,1.0,1.0,0.0,0.0,0.0,0.0,0.0,0.0,0.0,0.0,1.0,0.0,0.0,1.0,0.0,0.0,0.0
2.0,8.0,188.0,7.0,0.0,1.0,0.0,28.0,2.0,9.0,2.0,0.0,2.0,13.0,37.0,1.0,13.0,23.0,36.0,3.0,4.0,7.0,8.0,80.0,28.0,16.0,31.0,131.0,45.0,0.28,20.0,76.0,7.0,55.0,0.0,11.0,2.0,82.0,2.0,0.0,20.0,1.0,13.0,6.0,1.0,16.0,5.0,1.0,8.0,2.07692307692308,1.0,2.0,0.666666666666667,0.0,13.0,13.0,2.0,148.0,148.0,0.882978723404255,0.769230769230769,0.0,2.0,2.0,0.0,0.0
0.0,1.0,20.0,1.0,0.0,1.0,0.0,1.0,1.0,1.0,0.0,0.0,1.0,1.0,12.0,1.0,1.0,1.0,4.0,0.0,0.0,1.0,1.0,0.0,1.0,1.0,4.0,5.0,0.0,2.4,3.0,4.0,1.0,3.0,0.0,1.0,1.0,0.0,0.0,1.0,2.0,0.0,3.0,3.0,3.0,1.0,1.0,1.0,1.0,1.0,1.0,0.0,0.0,0.0,0.0,0.0,0.0,0.0,0.0,1.0,0.0,0.0,1.0,0.0,0.0,0.0
2.0,8.0,188.0,7.0,0.0,1.0,0.0,28.0,2.0,9.0,2.0,0.0,2.0,13.0,37.0,1.0,13.0,23.0,36.0,3.0,4.0,7.0,8.0,80.0,28.0,16.0,31.0,131.0,45.0,0.28,20.0,76.0,7.0,55.0,0.0,11.0,2.0,82.0,2.0,1.0,20.0,1.0,13.0,6.07692307692308,1.0,16.0,5.15384615384615,1.0,8.0,2.07692307692308,1.0,2.0,0.666666666666667,0.0,8.0,8.0,2.0,229.0,41.0,0.978723404255319,0.625,0.0,1.0,2.0,1.0,0.0
3.0,11.0,142.0,7.0,0.0,2.0,0.0,20.0,3.0,13.0,1.0,1.0,2.0,7.0,40.0,1.0,7.0,17.0,25.0,1.0,0.0,7.0,3.0,57.0,20.0,12.0,20.0,91.0,34.0,0.44,11.0,54.0,7.0,38.0,0.0,6.0,3.0,0.0,3.0,0.0,19.0,1.0,11.0,6.85714285714286,1.0,16.0,5.85714285714286,1.0,8.0,3.0,1.0,3.0,1.44444444444444,0.0,8.0,8.0,2.0,46.0,50.0,0.873239436619718,0.875,0.0,2.0,2.0,0.0,0.0
0.0,3.0,40.0,1.0,0.0,1.0,0.0,10.0,1.0,3.0,0.0,0.0,1.0,7.0,0.0,1.0,7.0,7.0,14.0,0.0,2.0,4.0,7.0,9.0,7.0,7.0,14.0,31.0,9.0,0.0,9.0,23.0,1.0,15.0,0.0,7.0,1.0,42.0,1.0,0.0,1.0,2.0,11.0,2.42857142857143,1.0,4.0,2.14285714285714,1.0,1.0,1.0,1.0,0.0,0.0,0.0,2.0,2.0,2.0,40.0,0.0,0.975,0.5,0.0,1.0,2.0,1.0,0.0
1.0,1.0,83.0,1.0,0.0,1.0,14.0,1.0,1.0,1.0,0.0,0.0,1.0,1.0,30.0,1.0,1.0,1.0,23.0,0.0,1.0,1.0,0.0,22.0,1.0,1.0,22.0,44.0,15.0,0.68,9.0,37.0,1.0,33.0,0.0,1.0,1.0,100.0,1.0,0.0,0.0,1.0,0.0,0.0,0.0,1.0,1.0,1.0,1.0,1.0,1.0,0.0,0.0,0.0,1.0,1.0,1.0,6.0,0.0,0.373493975903614,1.0,0.0,4.0,1.0,0.0,1.0
0.0,4.0,36.0,2.0,0.0,1.0,1.0,6.0,2.0,4.0,0.0,0.0,2.0,4.0,0.0,2.0,4.0,6.0,16.0,0.0,1.0,2.0,4.0,8.0,6.0,4.0,13.0,28.0,7.0,0.0,8.0,20.0,2.0,14.0,0.0,4.0,2.0,75.0,2.0,1.0,7.0,1.0,7.0,3.25,0.0,4.0,2.0,1.0,2.0,1.5,1.0,1.0,0.714285714285714,0.0,1.0,1.0,1.0,5.0,3.0,1.0,1.0,0.0,1.0,1.0,0.0,0.0
0.0,2.0,230.0,4.0,0.0,1.0,0.0,33.0,1.0,7.0,2.0,4.0,1.0,25.0,112.0,1.0,25.0,31.0,38.0,2.0,3.0,4.0,23.0,31.0,32.0,30.0,39.0,84.0,25.0,1.33,34.0,64.0,3.0,47.0,0.0,23.0,1.0,92.0,1.0,4.0,6.0,1.0,27.0,4.44,0.0,6.0,1.44,0.0,4.0,1.28,1.0,2.0,0.333333333333333,0.0,5.0,5.0,2.0,179.0,236.0,0.860869565217391,0.8,0.0,2.0,2.0,1.0,0.0
0.0,1.0,41.0,1.0,0.0,1.0,0.0,3.0,1.0,1.0,0.0,0.0,1.0,3.0,34.0,1.0,3.0,3.0,5.0,0.0,0.0,1.0,3.0,0.0,3.0,3.0,5.0,6.0,0.0,5.67,1.0,5.0,1.0,4.0,0.0,3.0,1.0,0.0,0.0,0.0,0.0,0.0,0.0,0.0,0.0,0.0,0.0,0.0,1.0,1.0,1.0,0.0,0.0,0.0,0.0,0.0,0.0,0.0,0.0,0.658536585365854,0.0,0.0,2.0,0.0,0.0,0.0
0.0,1.0,33.0,1.0,0.0,1.0,9.0,2.0,1.0,1.0,0.0,0.0,1.0,2.0,12.0,1.0,2.0,2.0,14.0,0.0,0.0,1.0,2.0,9.0,2.0,2.0,14.0,15.0,0.0,0.8,6.0,14.0,1.0,13.0,0.0,2.0,1.0,100.0,0.0,1.0,2.0,0.0,1.0,1.0,1.0,1.0,0.5,0.0,1.0,1.0,1.0,0.0,0.0,0.0,0.0,0.0,0.0,0.0,0.0,1.0,0.0,0.0,1.0,0.0,0.0,0.0
0.0,4.0,303.0,2.0,1.0,1.0,0.0,31.0,1.0,6.0,0.0,2.0,1.0,28.0,129.0,1.0,28.0,31.0,47.0,0.0,11.0,2.0,27.0,58.0,31.0,28.0,46.0,130.0,55.0,0.99,44.0,101.0,2.0,71.0,0.0,28.0,1.0,83.0,1.0,0.0,5.0,2.0,20.0,7.71428571428571,2.0,11.0,2.07142857142857,1.0,2.0,1.03571428571429,1.0,1.0,0.1,0.0,3.0,3.0,2.0,35.0,24.0,0.617161716171617,0.666666666666667,0.0,3.0,2.0,2.0,0.0
0.0,3.0,84.0,1.0,0.0,1.0,0.0,8.0,1.0,3.0,1.0,0.0,1.0,8.0,31.0,2.0,8.0,8.0,17.0,0.0,4.0,1.0,8.0,13.0,8.0,8.0,17.0,40.0,13.0,0.78,13.0,30.0,1.0,20.0,0.0,7.0,1.0,60.0,2.0,20.0,2.0,1.0,24.0,6.625,1.0,5.0,2.25,1.0,1.0,1.0,1.0,0.0,0.0,0.0,1.0,1.0,1.0,1.0,1.0,0.404761904761905,1.0,0.0,4.0,1.0,1.0,0.0
0.0,1.0,39.0,1.0,0.0,1.0,0.0,2.0,1.0,1.0,0.0,0.0,1.0,2.0,31.0,1.0,2.0,2.0,5.0,0.0,0.0,1.0,2.0,0.0,2.0,2.0,5.0,6.0,0.0,5.17,2.0,5.0,1.0,4.0,0.0,2.0,1.0,0.0,0.0,6.0,1.0,0.0,2.0,1.5,1.0,1.0,1.0,1.0,1.0,1.0,1.0,0.0,0.0,0.0,0.0,0.0,0.0,0.0,0.0,0.692307692307692,0.0,0.0,2.0,0.0,0.0,0.0
2.0,7.0,252.0,10.0,0.0,1.0,0.0,36.0,2.0,9.0,3.0,1.0,2.0,18.0,65.0,1.0,18.0,33.0,47.0,3.0,2.0,10.0,13.0,90.0,36.0,24.0,44.0,158.0,56.0,0.41,29.0,100.0,10.0,70.0,0.0,15.0,2.0,80.0,2.0,1.0,26.0,1.0,15.0,4.66666666666667,0.0,19.0,5.0,1.0,32.0,3.11111111111111,1.0,4.0,0.8,0.0,11.0,11.0,2.0,384.0,132.0,0.98015873015873,0.727272727272727,0.0,1.0,2.0,1.0,0.0
0.0,1.0,39.0,1.0,1.0,1.0,0.0,1.0,1.0,1.0,0.0,0.0,1.0,1.0,31.0,1.0,1.0,1.0,4.0,0.0,0.0,1.0,0.0,0.0,1.0,1.0,4.0,5.0,0.0,6.2,3.0,4.0,1.0,3.0,0.0,1.0,1.0,0.0,0.0,0.0,1.0,0.0,0.0,0.0,0.0,0.0,0.0,0.0,1.0,1.0,1.0,0.0,0.0,0.0,0.0,0.0,0.0,0.0,0.0,0.692307692307692,0.0,0.0,2.0,0.0,0.0,0.0
1.0,3.0,69.0,1.0,0.0,1.0,3.0,6.0,1.0,3.0,0.0,0.0,1.0,6.0,36.0,1.0,6.0,6.0,12.0,0.0,1.0,1.0,5.0,9.0,6.0,6.0,12.0,25.0,6.0,1.44,8.0,18.0,1.0,11.0,0.0,6.0,1.0,79.0,1.0,0.0,0.0,1.0,2.0,1.0,0.0,2.0,1.33333333333333,1.0,1.0,1.0,1.0,0.0,0.0,0.0,0.0,0.0,0.0,0.0,0.0,0.478260869565217,0.0,0.0,3.0,0.0,1.0,0.0
0.0,1.0,46.0,1.0,1.0,1.0,0.0,1.0,1.0,1.0,0.0,0.0,1.0,1.0,39.0,1.0,1.0,1.0,5.0,0.0,0.0,1.0,0.0,0.0,1.0,1.0,5.0,5.0,0.0,7.8,2.0,5.0,1.0,4.0,0.0,1.0,1.0,0.0,0.0,1.0,1.0,0.0,1.0,1.0,1.0,1.0,1.0,1.0,1.0,1.0,1.0,5.0,1.25,0.0,0.0,0.0,0.0,0.0,0.0,0.957446808510638,0.0,0.0,1.0,0.0,1.0,0.0
0.0,6.0,56.0,3.0,0.0,1.0,0.0,4.0,2.0,6.0,0.0,0.0,2.0,2.0,35.0,1.0,2.0,4.0,7.0,0.0,1.0,3.0,2.0,6.0,4.0,2.0,7.0,18.0,5.0,1.94,3.0,12.0,3.0,7.0,0.0,2.0,2.0,0.0,1.0,0.0,2.0,2.0,3.0,2.5,2.0,4.0,3.0,2.0,3.0,2.0,1.0,2.0,1.5,0.0,1.0,1.0,1.0,1.0,1.0,0.964285714285714,1.0,0.0,1.0,1.0,2.0,0.0
0.0,10.0,66.0,4.0,0.0,1.0,0.0,5.0,3.0,12.0,0.0,0.0,3.0,2.0,31.0,1.0,2.0,5.0,11.0,0.0,1.0,4.0,2.0,14.0,5.0,2.0,11.0,29.0,9.0,1.07,6.0,20.0,4.0,14.0,1.0,2.0,3.0,0.0,1.0,0.0,4.0,2.0,4.0,3.5,3.0,11.0,6.5,2.0,5.0,3.0,1.0,2.0,1.5,0.0,5.0,5.0,3.0,23.0,16.0,0.606060606060606,0.6,0.0,4.0,3.0,1.0,0.0
0.0,1.0,40.0,1.0,0.0,1.0,0.0,2.0,1.0,1.0,0.0,0.0,1.0,2.0,31.0,1.0,2.0,2.0,6.0,0.0,0.0,1.0,2.0,0.0,2.0,2.0,6.0,7.0,0.0,4.43,2.0,6.0,1.0,5.0,0.0,2.0,1.0,0.0,0.0,1.0,2.0,0.0,1.0,1.0,1.0,1.0,1.0,1.0,1.0,1.0,1.0,0.0,0.0,0.0,0.0,0.0,0.0,0.0,0.0,0.725,0.0,0.0,2.0,0.0,1.0,0.0
0.0,12.0,96.0,8.0,0.0,1.0,0.0,11.0,3.0,13.0,0.0,0.0,3.0,3.0,37.0,1.0,3.0,10.0,21.0,0.0,1.0,9.0,3.0,25.0,10.0,3.0,21.0,50.0,16.0,0.74,9.0,37.0,8.0,27.0,1.0,3.0,4.0,0.0,1.0,0.0,5.0,2.0,5.0,3.33333333333333,2.0,19.0,7.33333333333333,1.0,8.0,3.33333333333333,1.0,5.0,3.0,0.0,5.0,5.0,2.0,19.0,19.0,0.375,0.6,0.0,3.0,2.0,1.0,0.0
0.0,19.0,85.0,7.0,0.0,1.0,0.0,8.0,4.0,20.0,0.0,0.0,4.0,2.0,27.0,1.0,2.0,8.0,23.0,0.0,1.0,7.0,2.0,30.0,8.0,2.0,23.0,52.0,16.0,0.52,6.0,39.0,7.0,32.0,1.0,2.0,4.0,0.0,1.0,0.0,6.0,2.0,8.0,5.0,2.0,17.0,9.5,2.0,14.0,7.5,1.0,2.0,1.5,0.0,2.0,2.0,1.0,86.0,1.0,1.0,1.0,0.0,1.0,1.0,0.0,0.0
0.0,1.0,38.0,1.0,1.0,1.0,0.0,1.0,1.0,1.0,0.0,0.0,1.0,1.0,28.0,1.0,1.0,1.0,5.0,0.0,0.0,1.0,0.0,0.0,1.0,1.0,5.0,6.0,0.0,4.67,4.0,5.0,1.0,4.0,0.0,1.0,1.0,0.0,0.0,32.0,1.0,0.0,3.0,3.0,3.0,0.0,0.0,0.0,1.0,1.0,1.0,0.0,0.0,0.0,1.0,1.0,1.0,1.0,1.0,0.763157894736842,1.0,0.0,3.0,1.0,1.0,0.0
7.0,18.0,619.0,28.0,0.0,3.0,5.0,118.0,5.0,24.0,0.0,3.0,5.0,19.0,157.0,1.0,19.0,101.0,96.0,0.0,7.0,32.0,12.0,255.0,101.0,60.0,103.0,386.0,191.0,0.41,76.0,294.0,28.0,199.0,2.0,19.0,6.0,86.0,1.0,1.0,23.0,1.0,17.0,6.10526315789474,2.0,29.0,8.36842105263158,1.0,16640.0,1052.47368421053,1.0,5.0,1.61904761904762,0.0,22.0,22.0,5.0,167.0,128.0,0.554119547657512,0.409090909090909,2.0,4.0,3.0,4.0,3.0
0.0,3.0,52.0,1.0,0.0,1.0,0.0,3.0,1.0,3.0,0.0,0.0,1.0,3.0,31.0,1.0,3.0,3.0,8.0,0.0,2.0,1.0,3.0,4.0,3.0,3.0,8.0,16.0,4.0,1.94,5.0,12.0,1.0,8.0,0.0,3.0,1.0,33.0,1.0,0.0,0.0,1.0,5.0,3.66666666666667,2.0,3.0,1.66666666666667,1.0,1.0,1.0,1.0,0.0,0.0,0.0,0.0,0.0,0.0,0.0,0.0,1.0,0.0,0.0,1.0,0.0,0.0,0.0
0.0,1.0,40.0,1.0,1.0,1.0,0.0,1.0,1.0,10.0,0.0,9.0,1.0,1.0,34.0,1.0,1.0,1.0,3.0,0.0,0.0,1.0,0.0,0.0,1.0,1.0,3.0,4.0,0.0,8.5,2.0,3.0,1.0,2.0,0.0,1.0,1.0,0.0,0.0,1.0,0.0,0.0,2.0,2.0,2.0,1.0,1.0,1.0,1.0,1.0,1.0,3.0,0.75,0.0,1.0,1.0,1.0,40.0,0.0,1.0,1.0,0.0,1.0,1.0,0.0,0.0
3.0,3.0,69.0,2.0,0.0,1.0,0.0,8.0,1.0,3.0,1.0,0.0,1.0,6.0,30.0,1.0,6.0,8.0,16.0,0.0,2.0,2.0,3.0,10.0,8.0,6.0,16.0,30.0,7.0,1.0,9.0,23.0,2.0,16.0,0.0,5.0,1.0,83.0,1.0,0.0,3.0,1.0,6.0,2.83333333333333,2.0,4.0,2.66666666666667,1.0,1.0,1.0,1.0,0.0,0.0,0.0,0.0,0.0,0.0,0.0,0.0,0.507246376811594,0.0,0.0,3.0,0.0,2.0,0.0
11.0,12.0,455.0,21.0,1.0,2.0,4.0,93.0,3.0,14.0,3.0,0.0,3.0,25.0,60.0,1.0,25.0,68.0,87.0,0.0,4.0,21.0,13.0,222.0,85.0,52.0,90.0,340.0,171.0,0.18,57.0,261.0,7.0,198.0,1.0,22.0,4.0,89.0,2.0,0.0,25.0,1.0,18.0,6.12,1.0,31.0,6.92,1.0,21.0,3.6,1.0,3.0,1.11111111111111,0.0,8.0,8.0,5.0,178.0,143.0,0.404395604395604,0.375,0.0,6.0,5.0,4.0,0.0
3.0,4.0,86.0,2.0,0.0,1.0,0.0,12.0,2.0,5.0,0.0,0.0,2.0,7.0,29.0,1.0,7.0,11.0,19.0,0.0,3.0,2.0,4.0,19.0,11.0,7.0,19.0,46.0,14.0,0.63,11.0,33.0,2.0,22.0,0.0,7.0,2.0,66.0,1.0,0.0,4.0,1.0,4.0,3.0,2.0,4.0,2.28571428571429,1.0,2.0,1.42857142857143,1.0,1.0,0.555555555555556,0.0,1.0,1.0,1.0,3.0,3.0,0.511627906976744,1.0,0.0,3.0,1.0,3.0,0.0
6.0,14.0,352.0,25.0,0.0,1.0,0.0,66.0,4.0,15.0,2.0,0.0,2.0,17.0,44.0,1.0,17.0,42.0,80.0,0.0,3.0,26.0,11.0,185.0,62.0,20.0,82.0,272.0,130.0,0.16,39.0,212.0,7.0,170.0,1.0,15.0,4.0,76.0,2.0,0.0,20.0,1.0,18.0,5.94117647058824,1.0,32.0,6.70588235294118,1.0,48.0,5.17647058823529,1.0,3.0,1.26315789473684,0.0,8.0,8.0,4.0,74.0,53.0,0.295454545454545,0.625,0.0,5.0,4.0,4.0,0.0
0.0,6.0,157.0,7.0,0.0,1.0,0.0,16.0,2.0,9.0,1.0,2.0,2.0,10.0,60.0,1.0,10.0,16.0,26.0,2.0,4.0,7.0,8.0,39.0,16.0,14.0,24.0,78.0,28.0,0.77,19.0,52.0,7.0,36.0,0.0,9.0,2.0,80.0,2.0,0.0,18.0,1.0,12.0,4.0,1.0,11.0,4.9,1.0,12.0,2.1,1.0,4.0,1.0,0.0,8.0,8.0,1.0,55.0,144.0,1.0,1.0,0.0,1.0,1.0,0.0,0.0
0.0,1.0,32.0,1.0,0.0,1.0,0.0,1.0,1.0,1.0,0.0,0.0,1.0,1.0,27.0,1.0,1.0,1.0,3.0,0.0,0.0,1.0,1.0,0.0,1.0,1.0,3.0,4.0,0.0,6.75,1.0,3.0,1.0,2.0,0.0,1.0,1.0,0.0,0.0,0.0,0.0,0.0,0.0,0.0,0.0,0.0,0.0,0.0,1.0,1.0,1.0,0.0,0.0,0.0,0.0,0.0,0.0,0.0,0.0,1.0,0.0,0.0,1.0,0.0,0.0,0.0
0.0,1.0,158.0,3.0,0.0,1.0,4.0,7.0,1.0,13.0,1.0,11.0,1.0,5.0,103.0,2.0,5.0,7.0,27.0,0.0,0.0,3.0,5.0,15.0,7.0,7.0,23.0,45.0,12.0,2.29,10.0,35.0,3.0,27.0,0.0,4.0,1.0,81.0,1.0,2.0,15.0,1.0,9.0,3.2,1.0,3.0,1.0,0.0,3.0,1.4,1.0,1.0,0.375,0.0,8.0,8.0,1.0,121.0,37.0,0.734177215189873,1.0,0.0,2.0,1.0,1.0,0.0
0.0,10.0,125.0,10.0,0.0,3.0,32.0,14.0,4.0,10.0,4.0,0.0,4.0,4.0,35.0,1.0,4.0,14.0,44.0,0.0,0.0,10.0,4.0,61.0,14.0,13.0,44.0,80.0,26.0,0.44,10.0,70.0,10.0,55.0,0.0,0.0,4.0,98.0,1.0,0.0,12.0,1.0,10.0,4.25,2.0,5.0,2.25,1.0,10.0,3.5,1.0,2.0,1.16666666666667,0.0,7.0,7.0,2.0,59.0,35.0,0.768,0.857142857142857,0.0,2.0,2.0,1.0,0.0
0.0,2.0,28.0,1.0,0.0,1.0,1.0,2.0,1.0,2.0,0.0,0.0,1.0,2.0,12.0,2.0,2.0,2.0,8.0,0.0,0.0,1.0,2.0,3.0,2.0,2.0,8.0,12.0,1.0,1.0,4.0,9.0,1.0,7.0,0.0,2.0,1.0,100.0,1.0,50.0,4.0,2.0,5.0,3.5,2.0,3.0,2.0,1.0,1.0,1.0,1.0,0.0,0.0,0.0,0.0,0.0,0.0,0.0,0.0,0.857142857142857,0.0,0.0,2.0,0.0,1.0,0.0
0.0,2.0,53.0,1.0,2.0,1.0,1.0,4.0,1.0,2.0,0.0,0.0,1.0,4.0,31.0,2.0,4.0,4.0,11.0,0.0,0.0,1.0,2.0,5.0,4.0,4.0,12.0,18.0,2.0,1.72,4.0,14.0,1.0,11.0,0.0,4.0,1.0,100.0,1.0,5.0,5.0,2.0,2.0,1.5,1.0,3.0,1.5,0.0,1.0,1.0,1.0,0.0,0.0,0.0,0.0,0.0,0.0,0.0,0.0,0.943396226415094,0.0,0.0,2.0,0.0,0.0,0.0
3.0,7.0,198.0,3.0,0.0,1.0,0.0,29.0,2.0,8.0,0.0,0.0,2.0,16.0,40.0,4.0,16.0,28.0,48.0,0.0,10.0,4.0,13.0,67.0,28.0,18.0,52.0,132.0,48.0,0.3,28.0,100.0,3.0,66.0,0.0,16.0,2.0,75.0,2.0,1.0,5.0,2.0,6.0,3.3125,0.0,5.0,2.5625,0.0,4.0,1.8125,1.0,2.0,0.714285714285714,0.0,2.0,2.0,2.0,2.0,2.0,0.378787878787879,0.5,0.0,5.0,2.0,3.0,0.0
0.0,3.0,44.0,1.0,0.0,1.0,0.0,2.0,1.0,3.0,0.0,0.0,1.0,2.0,29.0,1.0,2.0,2.0,6.0,0.0,0.0,1.0,2.0,2.0,2.0,2.0,6.0,11.0,2.0,2.64,4.0,8.0,1.0,5.0,0.0,2.0,1.0,0.0,2.0,2.0,2.0,1.0,5.0,3.0,1.0,3.0,2.5,2.0,1.0,1.0,1.0,0.0,0.0,0.0,0.0,0.0,0.0,0.0,0.0,0.659090909090909,0.0,0.0,3.0,0.0,2.0,0.0
0.0,3.0,67.0,1.0,0.0,1.0,0.0,7.0,1.0,3.0,0.0,0.0,1.0,7.0,28.0,2.0,7.0,7.0,14.0,0.0,4.0,1.0,7.0,11.0,7.0,7.0,14.0,30.0,7.0,0.93,9.0,21.0,1.0,12.0,0.0,7.0,1.0,66.0,1.0,0.0,1.0,1.0,1.0,1.0,1.0,1.0,1.0,1.0,1.0,1.0,1.0,0.0,0.0,0.0,0.0,0.0,0.0,0.0,0.0,0.552238805970149,0.0,0.0,2.0,0.0,1.0,0.0
1.0,8.0,279.0,7.0,0.0,1.0,0.0,36.0,2.0,13.0,0.0,3.0,2.0,18.0,73.0,1.0,18.0,36.0,40.0,0.0,1.0,7.0,17.0,108.0,36.0,20.0,41.0,170.0,89.0,0.43,36.0,130.0,7.0,95.0,1.0,18.0,2.0,22.0,2.0,0.0,5.0,1.0,15.0,4.38888888888889,1.0,13.0,3.38888888888889,2.0,14.0,2.33333333333333,1.0,3.0,1.04761904761905,0.0,3.0,3.0,2.0,290.0,11.0,0.996415770609319,0.666666666666667,0.0,1.0,2.0,1.0,0.0
0.0,3.0,139.0,3.0,0.0,1.0,0.0,20.0,1.0,5.0,0.0,1.0,1.0,17.0,48.0,1.0,17.0,20.0,26.0,0.0,0.0,3.0,17.0,29.0,20.0,17.0,24.0,74.0,27.0,0.65,17.0,51.0,3.0,31.0,0.0,17.0,1.0,0.0,2.0,0.0,3.0,1.0,4.0,1.64705882352941,0.0,5.0,1.52941176470588,0.0,2.0,1.11764705882353,1.0,1.0,0.210526315789474,0.0,4.0,4.0,2.0,173.0,34.0,0.992805755395683,0.75,0.0,1.0,2.0,1.0,0.0
0.0,6.0,191.0,4.0,0.0,1.0,0.0,29.0,2.0,8.0,0.0,2.0,2.0,17.0,52.0,1.0,17.0,29.0,33.0,0.0,1.0,4.0,17.0,61.0,29.0,20.0,31.0,116.0,52.0,0.45,23.0,83.0,4.0,54.0,0.0,17.0,2.0,41.0,2.0,0.0,5.0,1.0,5.0,2.47058823529412,0.0,12.0,2.41176470588235,0.0,4.0,1.70588235294118,1.0,2.0,0.684210526315789,0.0,3.0,3.0,2.0,195.0,4.0,0.994764397905759,0.666666666666667,0.0,1.0,2.0,1.0,0.0
0.0,8.0,230.0,5.0,0.0,2.0,0.0,40.0,2.0,10.0,0.0,2.0,2.0,17.0,51.0,1.0,17.0,36.0,34.0,0.0,2.0,5.0,17.0,93.0,40.0,32.0,32.0,154.0,73.0,0.33,25.0,105.0,5.0,69.0,0.0,17.0,2.0,44.0,2.0,0.0,5.0,1.0,6.0,2.88235294117647,1.0,12.0,2.70588235294118,1.0,8.0,2.52941176470588,1.0,2.0,0.894736842105263,0.0,3.0,3.0,2.0,242.0,12.0,0.995652173913044,0.666666666666667,0.0,1.0,2.0,1.0,0.0
0.0,4.0,68.0,1.0,0.0,1.0,0.0,5.0,1.0,4.0,1.0,0.0,1.0,5.0,34.0,1.0,5.0,5.0,13.0,2.0,0.0,1.0,3.0,11.0,5.0,5.0,12.0,27.0,5.0,1.26,7.0,17.0,1.0,11.0,0.0,4.0,1.0,0.0,3.0,0.0,10.0,1.0,6.0,3.2,1.0,8.0,3.8,1.0,1.0,1.0,1.0,0.0,0.0,0.0,6.0,6.0,1.0,19.0,17.0,0.764705882352941,1.0,0.0,2.0,1.0,0.0,0.0
16.0,5.0,909.0,5.0,0.0,1.0,1.0,150.0,1.0,6.0,3.0,0.0,1.0,112.0,141.0,1.0,112.0,144.0,199.0,1.0,19.0,7.0,95.0,319.0,144.0,122.0,199.0,597.0,269.0,0.24,172.0,468.0,5.0,329.0,0.0,109.0,1.0,95.0,1.0,0.0,21.0,1.0,68.0,6.52678571428571,0.0,16.0,3.13392857142857,1.0,4.0,1.23214285714286,1.0,3.0,0.254385964912281,0.0,27.0,27.0,5.0,249.0,182.0,0.677667766776678,0.703703703703704,2.0,2.0,3.0,5.0,1.0
0.0,1.0,38.0,1.0,0.0,1.0,0.0,4.0,1.0,1.0,0.0,0.0,1.0,2.0,25.0,1.0,4.0,4.0,5.0,0.0,4.0,1.0,4.0,2.0,4.0,4.0,4.0,10.0,2.0,2.5,3.0,6.0,1.0,4.0,0.0,4.0,1.0,87.0,1.0,0.0,0.0,1.0,1.0,0.5,0.0,1.0,1.0,1.0,1.0,0.5,0.0,0.0,0.0,0.0,0.0,0.0,0.0,0.0,0.0,0.736842105263158,0.0,0.0,3.0,0.0,1.0,0.0
1.0,6.0,123.0,1.0,0.0,1.0,0.0,10.0,1.0,12.0,1.0,5.0,1.0,10.0,63.0,5.0,10.0,10.0,9.0,0.0,0.0,1.0,9.0,28.0,10.0,10.0,17.0,47.0,15.0,1.34,13.0,32.0,1.0,21.0,0.0,9.0,1.0,0.0,1.0,0.0,6.0,2.0,4.0,1.3,0.0,6.0,3.1,1.0,1.0,1.0,1.0,0.0,0.0,0.0,1.0,1.0,1.0,2.0,2.0,0.463414634146341,1.0,0.0,3.0,1.0,2.0,0.0
1.0,4.0,131.0,2.0,0.0,1.0,1.0,10.0,1.0,7.0,0.0,3.0,1.0,9.0,64.0,1.0,9.0,10.0,18.0,0.0,2.0,2.0,8.0,22.0,10.0,9.0,17.0,53.0,20.0,1.21,14.0,37.0,2.0,25.0,0.0,9.0,1.0,59.0,1.0,0.0,0.0,2.0,6.0,2.66666666666667,0.0,4.0,1.88888888888889,1.0,2.0,1.11111111111111,1.0,9.0,1.0,0.0,0.0,0.0,0.0,0.0,0.0,0.99236641221374,0.0,0.0,1.0,0.0,1.0,0.0
0.0,5.0,60.0,2.0,0.0,1.0,0.0,3.0,2.0,6.0,0.0,0.0,2.0,2.0,33.0,1.0,2.0,3.0,12.0,0.0,1.0,2.0,2.0,6.0,3.0,2.0,12.0,19.0,5.0,1.74,8.0,17.0,2.0,13.0,1.0,2.0,2.0,0.0,1.0,0.0,1.0,2.0,3.0,2.5,2.0,5.0,3.5,2.0,2.0,1.5,1.0,1.0,0.75,0.0,3.0,3.0,3.0,7.0,6.0,0.583333333333333,0.333333333333333,0.0,4.0,3.0,0.0,0.0
2.0,6.0,746.0,11.0,2.0,1.0,6.0,177.0,2.0,7.0,9.0,0.0,2.0,76.0,118.0,1.0,76.0,159.0,194.0,0.0,6.0,13.0,72.0,322.0,159.0,109.0,165.0,529.0,259.0,0.22,100.0,424.0,11.0,296.0,0.0,67.0,2.0,85.0,1.0,0.0,0.0,4.0,94.0,11.3552631578947,1.0,7.0,2.09210526315789,1.0,35.0,2.52631578947368,1.0,3.0,0.615384615384615,0.0,10.0,10.0,4.0,148.0,37.0,0.333780160857909,0.3,0.0,5.0,4.0,0.0,0.0
1.0,3.0,114.0,4.0,2.0,1.0,1.0,21.0,1.0,4.0,0.0,0.0,1.0,15.0,10.0,4.0,15.0,19.0,40.0,0.0,5.0,5.0,12.0,28.0,19.0,17.0,37.0,81.0,24.0,0.12,23.0,61.0,4.0,40.0,0.0,15.0,1.0,75.0,2.0,1.0,3.0,1.0,6.0,2.86666666666667,1.0,10.0,2.26666666666667,1.0,6.0,1.4,1.0,2.0,0.318181818181818,0.0,7.0,7.0,3.0,221.0,92.0,0.684210526315789,0.571428571428571,0.0,2.0,3.0,1.0,0.0
0.0,1.0,43.0,1.0,0.0,1.0,0.0,2.0,1.0,1.0,0.0,0.0,1.0,2.0,32.0,1.0,2.0,2.0,6.0,0.0,0.0,1.0,2.0,0.0,2.0,2.0,6.0,7.0,0.0,4.57,4.0,6.0,1.0,5.0,0.0,2.0,1.0,0.0,0.0,1.0,2.0,0.0,1.0,1.0,1.0,1.0,1.0,1.0,1.0,1.0,1.0,0.0,0.0,0.0,0.0,0.0,0.0,0.0,0.0,0.976744186046512,0.0,0.0,1.0,0.0,1.0,0.0
0.0,9.0,121.0,15.0,0.0,3.0,0.0,23.0,3.0,11.0,8.0,1.0,3.0,8.0,27.0,1.0,8.0,23.0,15.0,0.0,0.0,15.0,8.0,53.0,23.0,22.0,16.0,79.0,45.0,0.34,15.0,61.0,15.0,37.0,0.0,0.0,3.0,0.0,1.0,0.0,0.0,1.0,171.0,51.0,2.0,6.0,3.0,1.0,15.0,2.875,1.0,3.0,1.0,0.0,2.0,2.0,1.0,8.0,75.0,1.0,1.0,0.0,1.0,1.0,0.0,0.0
0.0,7.0,63.0,3.0,0.0,2.0,0.0,7.0,2.0,7.0,0.0,0.0,2.0,3.0,28.0,1.0,3.0,7.0,13.0,0.0,1.0,3.0,3.0,13.0,7.0,5.0,13.0,29.0,8.0,0.97,6.0,21.0,3.0,13.0,0.0,3.0,2.0,0.0,1.0,0.0,0.0,1.0,3.0,3.0,3.0,4.0,3.0,1.0,3.0,2.33333333333333,1.0,3.0,1.83333333333333,0.0,0.0,0.0,0.0,0.0,0.0,0.603174603174603,0.0,0.0,2.0,0.0,0.0,0.0
0.0,6.0,365.0,5.0,6.0,1.0,0.0,76.0,2.0,6.0,0.0,0.0,2.0,42.0,7.0,9.0,42.0,73.0,110.0,2.0,14.0,5.0,34.0,151.0,73.0,55.0,120.0,300.0,114.0,0.02,62.0,234.0,5.0,160.0,0.0,42.0,2.0,84.0,2.0,3.0,7.0,2.0,11.0,2.28571428571429,0.0,5.0,1.9047619047619,0.0,8.0,1.88095238095238,1.0,3.0,0.634615384615385,0.0,0.0,0.0,0.0,0.0,0.0,1.0,0.0,0.0,1.0,0.0,0.0,0.0
0.0,5.0,213.0,4.0,0.0,1.0,0.0,37.0,2.0,7.0,0.0,1.0,2.0,24.0,25.0,2.0,24.0,36.0,50.0,2.0,5.0,4.0,22.0,65.0,36.0,28.0,55.0,141.0,53.0,0.18,47.0,108.0,4.0,75.0,0.0,24.0,2.0,72.0,1.0,0.0,1.0,2.0,6.0,2.54166666666667,0.0,11.0,3.08333333333333,0.0,5.0,1.58333333333333,1.0,3.0,0.555555555555556,0.0,0.0,0.0,0.0,0.0,0.0,1.0,0.0,0.0,1.0,0.0,0.0,0.0
0.0,3.0,103.0,2.0,0.0,1.0,0.0,15.0,1.0,3.0,0.0,0.0,1.0,14.0,31.0,1.0,14.0,15.0,21.0,0.0,1.0,2.0,14.0,21.0,15.0,14.0,22.0,55.0,18.0,0.56,17.0,40.0,2.0,23.0,0.0,14.0,1.0,7.0,1.0,0.0,0.0,2.0,3.0,1.78571428571429,1.0,3.0,2.0,1.0,2.0,1.07142857142857,1.0,1.0,0.166666666666667,0.0,0.0,0.0,0.0,0.0,0.0,0.70873786407767,0.0,0.0,2.0,0.0,0.0,0.0
1.0,28.0,2348.0,390.0,0.0,5.0,17.0,780.0,11.0,33.0,63.0,6.0,6.0,63.0,464.0,1.0,63.0,405.0,376.0,0.0,0.0,428.0,62.0,1504.0,695.0,285.0,282.0,1905.0,1023.0,0.24,94.0,1305.0,136.0,1029.0,0.0,0.0,12.0,96.0,1.0,0.0,3.0,1.0,13.0,3.88888888888889,1.0,6.0,2.95238095238095,1.0,118144.0,2961.07936507937,1.0,6.0,1.07692307692308,0.0,3.0,3.0,2.0,20.0,1.0,0.517461669505963,0.666666666666667,0.0,2.0,2.0,2.0,2.0
1.0,4.0,131.0,2.0,0.0,1.0,1.0,10.0,1.0,7.0,0.0,3.0,1.0,9.0,64.0,1.0,9.0,10.0,18.0,0.0,2.0,2.0,8.0,22.0,10.0,9.0,17.0,53.0,20.0,1.21,14.0,37.0,2.0,25.0,0.0,9.0,1.0,59.0,1.0,0.0,0.0,2.0,6.0,2.66666666666667,0.0,4.0,1.88888888888889,1.0,2.0,1.11111111111111,1.0,1.0,0.272727272727273,0.0,0.0,0.0,0.0,0.0,0.0,1.0,0.0,0.0,1.0,0.0,0.0,0.0
0.0,3.0,55.0,1.0,0.0,1.0,0.0,2.0,1.0,3.0,0.0,0.0,1.0,2.0,37.0,1.0,2.0,2.0,8.0,0.0,1.0,1.0,2.0,2.0,2.0,2.0,8.0,13.0,2.0,2.85,5.0,10.0,1.0,7.0,0.0,2.0,1.0,0.0,2.0,0.0,0.0,1.0,1.0,1.0,1.0,2.0,2.0,2.0,1.0,1.0,1.0,0.0,0.0,0.0,0.0,0.0,0.0,0.0,0.0,0.981818181818182,0.0,0.0,1.0,0.0,1.0,0.0
0.0,3.0,53.0,1.0,0.0,1.0,0.0,2.0,1.0,3.0,0.0,0.0,1.0,2.0,36.0,1.0,2.0,2.0,8.0,0.0,1.0,1.0,2.0,2.0,2.0,2.0,8.0,13.0,2.0,2.77,4.0,10.0,1.0,7.0,0.0,2.0,1.0,0.0,2.0,0.0,0.0,1.0,2.0,1.5,1.0,2.0,1.5,1.0,1.0,1.0,1.0,0.0,0.0,0.0,0.0,0.0,0.0,0.0,0.0,1.0,0.0,0.0,1.0,0.0,0.0,0.0
19.0,17.0,810.0,66.0,1.0,4.0,15.0,291.0,5.0,19.0,22.0,0.0,5.0,35.0,59.0,6.0,35.0,175.0,144.0,0.0,8.0,95.0,15.0,460.0,183.0,124.0,150.0,658.0,362.0,0.09,106.0,512.0,66.0,351.0,1.0,13.0,8.0,92.0,1.0,2.0,4.0,2.0,19.0,5.6,1.0,37.0,3.54285714285714,1.0,268563.0,7680.74285714286,1.0,9.0,1.5,0.0,8.0,8.0,3.0,565.0,334.0,0.565432098765432,0.375,0.0,3.0,3.0,1.0,1.0
1.0,5.0,274.0,6.0,0.0,1.0,0.0,55.0,2.0,6.0,1.0,0.0,2.0,34.0,40.0,8.0,34.0,53.0,52.0,8.0,2.0,6.0,25.0,101.0,53.0,41.0,62.0,187.0,69.0,0.21,47.0,131.0,6.0,74.0,0.0,33.0,2.0,94.0,2.0,2.0,3.0,2.0,7.0,1.52941176470588,0.0,11.0,2.76470588235294,0.0,12.0,1.76470588235294,1.0,4.0,0.534883720930233,0.0,0.0,0.0,0.0,0.0,0.0,1.0,0.0,0.0,1.0,0.0,0.0,0.0
0.0,5.0,133.0,4.0,0.0,2.0,0.0,41.0,2.0,7.0,12.0,1.0,2.0,12.0,48.0,1.0,12.0,21.0,19.0,0.0,0.0,6.0,12.0,31.0,21.0,20.0,20.0,72.0,30.0,0.67,13.0,50.0,4.0,28.0,0.0,0.0,3.0,0.0,1.0,0.0,0.0,1.0,18.0,5.66666666666667,1.0,5.0,3.16666666666667,1.0,4.0,1.75,1.0,3.0,1.07142857142857,0.0,1.0,1.0,1.0,2.0,28.0,0.473684210526316,1.0,0.0,4.0,1.0,0.0,0.0
0.0,0.0,33.0,0.0,0.0,0.0,0.0,0.0,0.0,0.0,0.0,0.0,0.0,0.0,28.0,1.0,0.0,0.0,2.0,0.0,0.0,0.0,0.0,0.0,0.0,0.0,2.0,3.0,0.0,9.33,2.0,2.0,0.0,1.0,0.0,0.0,0.0,0.0,2.0,0.0,0.0,1.0,0.0,0.0,0.0,0.0,0.0,0.0,0.0,0.0,0.0,5.0,1.66666666666667,0.0,2.0,2.0,1.0,66.0,33.0,1.0,1.0,0.0,1.0,1.0,0.0,0.0
2.0,7.0,725.0,12.0,1.0,1.0,1.0,68.0,2.0,18.0,3.0,9.0,2.0,31.0,378.0,1.0,31.0,59.0,84.0,0.0,7.0,17.0,28.0,154.0,61.0,35.0,84.0,274.0,127.0,1.38,74.0,211.0,12.0,147.0,1.0,28.0,2.0,81.0,1.0,0.0,12.0,1.0,41.0,6.51612903225806,1.0,26.0,4.35483870967742,1.0,53.0,3.64516129032258,1.0,3.0,0.666666666666667,0.0,14.0,14.0,3.0,1332.0,607.0,0.900689655172414,0.428571428571429,0.0,2.0,3.0,1.0,1.0
12.0,9.0,898.0,17.0,0.0,2.0,2.0,162.0,3.0,14.0,2.0,2.0,3.0,54.0,197.0,1.0,54.0,147.0,133.0,0.0,9.0,17.0,42.0,370.0,149.0,86.0,134.0,573.0,314.0,0.34,138.0,448.0,17.0,303.0,1.0,52.0,3.0,84.0,1.0,0.0,11.0,3.0,14.0,3.62962962962963,0.0,28.0,5.2037037037037,1.0,195.0,8.72222222222222,1.0,5.0,1.14285714285714,0.0,20.0,20.0,3.0,1813.0,910.0,0.959910913140312,0.65,0.0,1.0,3.0,2.0,2.0
0.0,0.0,34.0,0.0,0.0,0.0,0.0,0.0,0.0,0.0,0.0,0.0,0.0,0.0,28.0,1.0,0.0,0.0,3.0,0.0,0.0,0.0,0.0,0.0,0.0,0.0,3.0,4.0,0.0,7.0,2.0,3.0,0.0,2.0,0.0,0.0,0.0,0.0,2.0,0.0,0.0,1.0,0.0,0.0,0.0,0.0,0.0,0.0,0.0,0.0,0.0,0.0,0.0,0.0,2.0,2.0,1.0,68.0,34.0,1.0,1.0,0.0,1.0,1.0,0.0,0.0
0.0,3.0,35.0,1.0,0.0,1.0,0.0,1.0,1.0,3.0,0.0,0.0,1.0,1.0,28.0,1.0,1.0,1.0,3.0,0.0,0.0,1.0,1.0,1.0,1.0,1.0,3.0,6.0,1.0,4.67,1.0,4.0,1.0,2.0,0.0,1.0,1.0,0.0,2.0,0.0,0.0,1.0,2.0,2.0,2.0,1.0,1.0,1.0,1.0,1.0,1.0,0.0,0.0,0.0,2.0,2.0,1.0,70.0,35.0,1.0,1.0,0.0,1.0,1.0,0.0,0.0
0.0,0.0,33.0,0.0,0.0,0.0,0.0,0.0,0.0,0.0,0.0,0.0,0.0,0.0,28.0,1.0,0.0,0.0,2.0,0.0,0.0,0.0,0.0,0.0,0.0,0.0,2.0,3.0,0.0,9.33,2.0,2.0,0.0,1.0,0.0,0.0,0.0,0.0,2.0,0.0,0.0,1.0,0.0,0.0,0.0,0.0,0.0,0.0,0.0,0.0,0.0,0.0,0.0,0.0,2.0,2.0,1.0,66.0,33.0,1.0,1.0,0.0,1.0,1.0,0.0,0.0
0.0,5.0,240.0,6.0,0.0,1.0,11.0,34.0,2.0,10.0,0.0,5.0,2.0,14.0,131.0,1.0,14.0,22.0,31.0,0.0,1.0,7.0,14.0,48.0,22.0,14.0,30.0,88.0,31.0,1.49,22.0,61.0,6.0,38.0,0.0,14.0,2.0,82.0,1.0,0.0,2.0,2.0,22.0,6.64285714285714,1.0,4.0,1.71428571428571,1.0,24.0,2.85714285714286,1.0,1.0,0.375,0.0,2.0,2.0,1.0,480.0,240.0,1.0,1.0,0.0,1.0,1.0,0.0,1.0
0.0,5.0,67.0,2.0,0.0,1.0,0.0,6.0,2.0,5.0,0.0,0.0,2.0,4.0,32.0,1.0,4.0,6.0,13.0,0.0,1.0,2.0,4.0,11.0,6.0,4.0,13.0,29.0,9.0,1.1,6.0,22.0,2.0,15.0,0.0,4.0,2.0,0.0,1.0,0.0,0.0,3.0,2.0,1.0,0.0,3.0,1.5,1.0,2.0,1.5,1.0,1.0,0.666666666666667,0.0,2.0,2.0,2.0,69.0,2.0,0.955223880597015,0.5,0.0,1.0,2.0,1.0,1.0
1.0,5.0,278.0,11.0,0.0,1.0,12.0,75.0,2.0,5.0,1.0,0.0,2.0,36.0,4.0,2.0,36.0,64.0,64.0,0.0,7.0,12.0,35.0,117.0,66.0,44.0,64.0,226.0,88.0,0.02,48.0,152.0,11.0,90.0,0.0,35.0,2.0,90.0,1.0,0.0,7.0,1.0,75.0,8.5,1.0,9.0,1.66666666666667,0.0,15.0,2.02777777777778,1.0,4.0,0.58974358974359,0.0,5.0,5.0,2.0,547.0,269.0,0.971223021582734,0.8,0.0,1.0,2.0,1.0,0.0
0.0,0.0,33.0,0.0,0.0,0.0,0.0,0.0,0.0,0.0,0.0,0.0,0.0,0.0,28.0,1.0,0.0,0.0,2.0,0.0,0.0,0.0,0.0,0.0,0.0,0.0,2.0,3.0,0.0,9.33,2.0,2.0,0.0,1.0,0.0,0.0,0.0,0.0,2.0,0.0,0.0,1.0,0.0,0.0,0.0,0.0,0.0,0.0,0.0,0.0,0.0,0.0,0.0,0.0,2.0,2.0,1.0,66.0,33.0,1.0,1.0,0.0,1.0,1.0,0.0,0.0
0.0,6.0,66.0,3.0,0.0,1.0,0.0,13.0,2.0,6.0,0.0,0.0,2.0,7.0,0.0,1.0,7.0,11.0,19.0,0.0,5.0,3.0,7.0,24.0,11.0,7.0,19.0,55.0,22.0,0.0,11.0,41.0,3.0,29.0,0.0,7.0,2.0,45.0,1.0,0.0,0.0,3.0,4.0,2.14285714285714,1.0,6.0,2.42857142857143,1.0,4.0,1.71428571428571,1.0,1.0,0.555555555555556,0.0,1.0,1.0,1.0,66.0,0.0,1.0,1.0,0.0,1.0,1.0,0.0,0.0
0.0,4.0,27.0,4.0,0.0,1.0,0.0,9.0,3.0,4.0,1.0,0.0,2.0,2.0,0.0,1.0,4.0,6.0,5.0,0.0,3.0,4.0,4.0,12.0,8.0,4.0,4.0,22.0,8.0,0.0,5.0,12.0,2.0,8.0,0.0,3.0,4.0,75.0,1.0,0.0,0.0,1.0,3.0,1.0,0.0,1.0,1.0,1.0,4.0,1.5,0.0,1.0,0.666666666666667,0.0,2.0,2.0,1.0,54.0,27.0,1.0,1.0,0.0,1.0,1.0,0.0,0.0
0.0,1.0,139.0,1.0,0.0,1.0,5.0,29.0,1.0,2.0,0.0,1.0,1.0,29.0,70.0,1.0,29.0,29.0,41.0,0.0,0.0,1.0,29.0,5.0,29.0,29.0,41.0,42.0,0.0,1.67,27.0,41.0,1.0,40.0,0.0,29.0,1.0,100.0,0.0,1.0,7.0,0.0,46.0,4.20689655172414,0.0,1.0,0.655172413793103,0.0,1.0,1.0,1.0,0.0,0.0,0.0,7.0,7.0,2.0,287.0,147.0,1.0,0.857142857142857,0.0,1.0,2.0,0.0,1.0
0.0,8.0,120.0,3.0,0.0,1.0,0.0,13.0,2.0,9.0,0.0,0.0,2.0,6.0,43.0,1.0,6.0,13.0,30.0,0.0,4.0,3.0,6.0,32.0,13.0,6.0,28.0,67.0,22.0,0.64,10.0,50.0,3.0,36.0,0.0,6.0,2.0,50.0,2.0,0.0,9.0,1.0,9.0,4.83333333333333,1.0,8.0,5.66666666666667,1.0,4.0,2.33333333333333,2.0,1.0,1.0,1.0,5.0,5.0,2.0,29.0,5.0,0.683333333333333,0.6,0.0,3.0,2.0,1.0,0.0
0.0,4.0,84.0,3.0,0.0,1.0,0.0,7.0,1.0,5.0,0.0,1.0,1.0,5.0,43.0,1.0,5.0,7.0,16.0,0.0,3.0,3.0,5.0,12.0,7.0,5.0,16.0,34.0,10.0,1.26,7.0,26.0,3.0,18.0,0.0,5.0,1.0,46.0,2.0,0.0,7.0,1.0,7.0,4.0,2.0,5.0,3.6,1.0,3.0,1.4,1.0,1.0,0.428571428571429,0.0,6.0,6.0,2.0,22.0,18.0,0.797619047619048,0.666666666666667,0.0,2.0,2.0,0.0,1.0
0.0,7.0,71.0,2.0,0.0,1.0,0.0,7.0,2.0,7.0,0.0,0.0,2.0,3.0,35.0,1.0,3.0,6.0,13.0,0.0,1.0,3.0,3.0,13.0,6.0,3.0,13.0,30.0,9.0,1.17,7.0,22.0,2.0,15.0,0.0,3.0,2.0,0.0,2.0,0.0,4.0,1.0,7.0,3.0,1.0,9.0,5.33333333333333,3.0,2.0,2.0,2.0,1.0,1.0,1.0,1.0,1.0,1.0,4.0,4.0,0.943661971830986,1.0,0.0,2.0,1.0,0.0,0.0
0.0,4.0,64.0,2.0,0.0,1.0,0.0,5.0,1.0,4.0,0.0,0.0,1.0,4.0,35.0,1.0,4.0,5.0,10.0,0.0,1.0,2.0,4.0,7.0,5.0,4.0,10.0,23.0,7.0,1.52,7.0,17.0,2.0,11.0,0.0,4.0,1.0,0.0,2.0,0.0,2.0,1.0,4.0,1.75,1.0,5.0,3.5,3.0,2.0,1.25,1.0,1.0,0.5,0.0,0.0,0.0,0.0,0.0,0.0,0.953125,0.0,0.0,1.0,0.0,1.0,0.0
0.0,31.0,159.0,18.0,0.0,2.0,1.0,38.0,8.0,34.0,4.0,0.0,5.0,4.0,11.0,1.0,4.0,21.0,20.0,0.0,0.0,21.0,4.0,101.0,33.0,7.0,22.0,133.0,70.0,0.08,15.0,92.0,12.0,69.0,2.0,0.0,10.0,75.0,1.0,0.0,1.0,1.0,9.0,5.0,2.0,15.0,6.75,2.0,271.0,76.5,1.0,4.0,2.66666666666667,0.0,6.0,6.0,2.0,197.0,38.0,0.955974842767296,0.833333333333333,0.0,1.0,2.0,1.0,0.0
0.0,3.0,27.0,1.0,0.0,1.0,1.0,4.0,1.0,3.0,0.0,0.0,1.0,4.0,1.0,1.0,4.0,4.0,11.0,0.0,0.0,1.0,4.0,5.0,4.0,4.0,10.0,20.0,4.0,0.05,6.0,14.0,1.0,9.0,0.0,4.0,1.0,75.0,2.0,0.0,0.0,1.0,8.0,6.0,4.0,2.0,1.5,1.0,1.0,1.0,1.0,0.0,0.0,0.0,3.0,3.0,2.0,13.0,4.0,0.37037037037037,0.666666666666667,0.0,4.0,2.0,0.0,1.0
2.0,6.0,201.0,4.0,0.0,1.0,1.0,38.0,2.0,6.0,6.0,0.0,2.0,20.0,37.0,1.0,20.0,36.0,43.0,1.0,0.0,6.0,17.0,70.0,36.0,20.0,48.0,134.0,57.0,0.28,30.0,105.0,4.0,68.0,0.0,14.0,2.0,100.0,2.0,1.0,3.0,1.0,22.0,4.2,0.0,6.0,3.4,1.0,4.0,1.8,1.0,2.0,0.681818181818182,0.0,4.0,4.0,3.0,27.0,7.0,0.90547263681592,0.5,0.0,2.0,3.0,1.0,0.0
1.0,3.0,112.0,1.0,0.0,1.0,1.0,18.0,1.0,3.0,3.0,0.0,1.0,18.0,30.0,1.0,18.0,18.0,26.0,0.0,0.0,1.0,17.0,19.0,18.0,18.0,26.0,62.0,18.0,0.48,20.0,44.0,1.0,25.0,0.0,15.0,1.0,100.0,3.0,0.0,0.0,1.0,2.0,0.166666666666667,0.0,2.0,1.11111111111111,1.0,1.0,1.0,1.0,0.0,0.0,0.0,1.0,1.0,1.0,8.0,0.0,0.929203539823009,1.0,0.0,2.0,1.0,0.0,0.0
1.0,6.0,102.0,12.0,0.0,2.0,5.0,20.0,3.0,6.0,1.0,0.0,2.0,7.0,27.0,1.0,7.0,11.0,24.0,0.0,3.0,12.0,6.0,32.0,20.0,12.0,24.0,61.0,18.0,0.44,14.0,42.0,3.0,31.0,0.0,6.0,3.0,76.0,1.0,0.0,2.0,1.0,10.0,4.71428571428571,1.0,4.0,2.0,1.0,6.0,1.85714285714286,1.0,1.0,0.444444444444444,0.0,4.0,4.0,3.0,35.0,42.0,0.450980392156863,0.5,0.0,3.0,3.0,1.0,0.0
0.0,3.0,39.0,1.0,0.0,1.0,0.0,1.0,1.0,3.0,0.0,0.0,1.0,1.0,31.0,1.0,1.0,1.0,4.0,0.0,0.0,1.0,1.0,1.0,1.0,1.0,4.0,7.0,1.0,4.43,2.0,5.0,1.0,3.0,0.0,1.0,1.0,0.0,1.0,0.0,2.0,2.0,1.0,1.0,1.0,3.0,3.0,3.0,1.0,1.0,1.0,0.0,0.0,0.0,1.0,1.0,1.0,39.0,0.0,1.0,1.0,0.0,1.0,1.0,0.0,0.0
0.0,5.0,176.0,3.0,0.0,1.0,1.0,30.0,1.0,5.0,4.0,0.0,1.0,21.0,31.0,1.0,21.0,30.0,42.0,0.0,0.0,3.0,21.0,57.0,30.0,21.0,47.0,116.0,44.0,0.27,29.0,91.0,3.0,60.0,0.0,17.0,1.0,100.0,2.0,0.0,0.0,1.0,7.0,2.19047619047619,0.0,4.0,2.61904761904762,1.0,3.0,1.42857142857143,1.0,2.0,0.565217391304348,0.0,0.0,0.0,0.0,0.0,0.0,1.0,0.0,0.0,1.0,0.0,0.0,0.0
30.0,15.0,2129.0,96.0,0.0,2.0,14.0,356.0,4.0,25.0,34.0,9.0,4.0,75.0,745.0,17.0,75.0,283.0,233.0,0.0,4.0,123.0,45.0,905.0,319.0,143.0,262.0,1245.0,658.0,0.6,174.0,920.0,82.0,672.0,1.0,41.0,5.0,96.0,1.0,14.0,8.0,2.0,11.0,3.22666666666667,1.0,39.0,3.57333333333333,0.0,194041.0,4511.70666666667,1.0,6.0,0.602150537634409,0.0,15.0,15.0,3.0,301.0,86.0,0.356035697510568,0.4,0.0,5.0,3.0,4.0,5.0
2.0,24.0,438.0,44.0,0.0,1.0,22.0,89.0,7.0,26.0,0.0,1.0,3.0,13.0,53.0,2.0,13.0,42.0,59.0,0.0,5.0,44.0,11.0,287.0,86.0,13.0,61.0,359.0,208.0,0.15,26.0,269.0,24.0,226.0,0.0,13.0,7.0,78.0,2.0,0.0,1.0,1.0,26.0,5.92307692307692,0.0,22.0,4.0,1.0,50.0,7.15384615384615,1.0,4.0,1.0,0.0,3.0,3.0,3.0,59.0,39.0,0.664383561643836,0.333333333333333,0.0,3.0,3.0,4.0,0.0
1.0,13.0,89.0,9.0,0.0,3.0,0.0,13.0,4.0,14.0,0.0,0.0,4.0,3.0,33.0,1.0,3.0,12.0,14.0,0.0,0.0,10.0,2.0,26.0,12.0,9.0,15.0,48.0,23.0,0.69,8.0,38.0,9.0,25.0,1.0,3.0,4.0,0.0,2.0,0.0,0.0,1.0,2.0,1.33333333333333,1.0,6.0,3.66666666666667,1.0,17.0,6.66666666666667,1.0,3.0,2.0,0.0,0.0,0.0,0.0,0.0,0.0,0.359550561797753,0.0,0.0,3.0,0.0,1.0,0.0
0.0,6.0,153.0,3.0,0.0,1.0,0.0,13.0,2.0,15.0,7.0,9.0,2.0,7.0,95.0,1.0,7.0,13.0,9.0,0.0,0.0,3.0,7.0,26.0,13.0,9.0,9.0,49.0,20.0,1.94,9.0,29.0,3.0,15.0,0.0,0.0,2.0,0.0,1.0,0.0,0.0,1.0,7.0,2.85714285714286,1.0,4.0,2.42857142857143,2.0,3.0,1.85714285714286,1.0,2.0,1.11111111111111,0.0,2.0,2.0,1.0,153.0,0.0,1.0,1.0,0.0,1.0,1.0,0.0,0.0
8.0,9.0,549.0,9.0,1.0,1.0,0.0,100.0,3.0,11.0,12.0,1.0,3.0,36.0,81.0,7.0,36.0,90.0,136.0,0.0,21.0,11.0,27.0,246.0,92.0,51.0,136.0,407.0,185.0,0.2,61.0,321.0,9.0,231.0,0.0,24.0,3.0,76.0,2.0,0.0,11.0,2.0,11.0,3.63888888888889,0.0,17.0,4.83333333333333,0.0,256.0,10.0,1.0,4.0,0.886363636363636,0.0,23.0,23.0,6.0,447.0,236.0,0.493624772313297,0.304347826086957,2.0,3.0,4.0,3.0,1.0
0.0,1.0,37.0,1.0,1.0,1.0,0.0,1.0,1.0,1.0,0.0,0.0,1.0,1.0,31.0,1.0,1.0,1.0,4.0,0.0,0.0,1.0,0.0,0.0,1.0,1.0,4.0,5.0,0.0,6.2,2.0,4.0,1.0,3.0,0.0,1.0,1.0,0.0,0.0,2.0,1.0,0.0,1.0,1.0,1.0,1.0,1.0,1.0,1.0,1.0,1.0,0.0,0.0,0.0,1.0,1.0,1.0,37.0,0.0,1.0,1.0,0.0,1.0,1.0,0.0,0.0
1.0,14.0,134.0,10.0,0.0,1.0,4.0,21.0,3.0,14.0,4.0,0.0,3.0,6.0,31.0,3.0,6.0,20.0,29.0,0.0,0.0,11.0,5.0,59.0,20.0,6.0,36.0,95.0,39.0,0.33,9.0,75.0,10.0,48.0,0.0,2.0,4.0,50.0,1.0,0.0,3.0,2.0,6.0,2.83333333333333,0.0,16.0,5.33333333333333,1.0,17.0,5.0,1.0,8.0,2.7,0.0,0.0,0.0,0.0,0.0,0.0,1.0,0.0,0.0,1.0,0.0,0.0,0.0
16.0,24.0,1550.0,249.0,23.0,2.0,26.0,412.0,8.0,28.0,22.0,2.0,6.0,47.0,208.0,3.0,47.0,271.0,191.0,0.0,10.0,286.0,8.0,907.0,357.0,101.0,191.0,1230.0,729.0,0.17,146.0,920.0,174.0,681.0,1.0,25.0,9.0,96.0,1.0,0.0,19.0,1.0,39.0,4.65957446808511,0.0,57.0,4.31914893617021,1.0,999999999.0,21276598.106383,1.0,9.0,1.07843137254902,0.0,7.0,7.0,3.0,167.0,55.0,0.885161290322581,0.428571428571429,0.0,2.0,3.0,1.0,2.0
0.0,4.0,78.0,2.0,0.0,1.0,1.0,7.0,1.0,11.0,0.0,6.0,1.0,5.0,40.0,1.0,5.0,7.0,12.0,0.0,2.0,2.0,5.0,15.0,7.0,5.0,12.0,30.0,12.0,1.33,8.0,24.0,2.0,16.0,0.0,5.0,1.0,53.0,1.0,0.0,1.0,3.0,3.0,1.6,0.0,6.0,2.6,0.0,2.0,1.4,1.0,3.0,0.875,0.0,0.0,0.0,0.0,0.0,0.0,0.987179487179487,0.0,0.0,1.0,0.0,1.0,0.0
2.0,7.0,1473.0,8.0,2.0,1.0,3.0,196.0,2.0,16.0,25.0,7.0,2.0,81.0,707.0,1.0,81.0,181.0,180.0,0.0,3.0,10.0,77.0,435.0,181.0,108.0,169.0,648.0,366.0,1.09,123.0,535.0,8.0,364.0,0.0,56.0,2.0,84.0,1.0,0.0,1.0,3.0,16.0,3.50617283950617,0.0,9.0,2.95061728395062,1.0,40.0,3.50617283950617,1.0,3.0,0.710843373493976,0.0,0.0,0.0,0.0,0.0,0.0,0.992532247114732,0.0,0.0,1.0,0.0,1.0,0.0
0.0,3.0,9.0,1.0,0.0,1.0,1.0,1.0,1.0,3.0,0.0,0.0,1.0,1.0,0.0,1.0,1.0,1.0,4.0,0.0,0.0,1.0,1.0,2.0,1.0,1.0,4.0,7.0,1.0,0.0,2.0,5.0,1.0,3.0,0.0,1.0,1.0,100.0,2.0,0.0,0.0,1.0,7.0,7.0,7.0,1.0,1.0,1.0,1.0,1.0,1.0,0.0,0.0,0.0,0.0,0.0,0.0,0.0,0.0,0.777777777777778,0.0,0.0,2.0,0.0,0.0,0.0
0.0,13.0,93.0,3.0,0.0,1.0,0.0,7.0,2.0,13.0,0.0,0.0,2.0,3.0,31.0,3.0,3.0,7.0,23.0,0.0,4.0,3.0,3.0,27.0,7.0,3.0,24.0,57.0,17.0,0.54,6.0,41.0,3.0,32.0,0.0,3.0,2.0,25.0,1.0,0.0,9.0,2.0,8.0,4.66666666666667,2.0,14.0,7.66666666666667,4.0,4.0,2.66666666666667,1.0,2.0,0.857142857142857,0.0,1.0,1.0,1.0,93.0,0.0,1.0,1.0,0.0,1.0,1.0,0.0,0.0
0.0,2.0,44.0,1.0,0.0,1.0,0.0,3.0,1.0,2.0,0.0,0.0,1.0,3.0,31.0,1.0,3.0,3.0,6.0,0.0,0.0,1.0,3.0,0.0,3.0,3.0,6.0,10.0,0.0,3.1,4.0,6.0,1.0,2.0,0.0,3.0,1.0,0.0,2.0,0.0,0.0,1.0,0.0,0.0,0.0,0.0,0.0,0.0,1.0,1.0,1.0,0.0,0.0,0.0,0.0,0.0,0.0,0.0,0.0,1.0,0.0,0.0,1.0,0.0,0.0,0.0
0.0,1.0,103.0,1.0,13.0,1.0,0.0,13.0,1.0,5.0,0.0,4.0,1.0,13.0,70.0,1.0,13.0,13.0,22.0,0.0,0.0,1.0,0.0,0.0,13.0,13.0,22.0,23.0,0.0,3.04,10.0,22.0,1.0,21.0,0.0,13.0,1.0,0.0,0.0,0.0,7.0,0.0,0.0,0.0,0.0,1.0,1.0,1.0,1.0,1.0,1.0,0.0,0.0,0.0,1.0,1.0,1.0,103.0,0.0,1.0,1.0,0.0,1.0,1.0,0.0,0.0
0.0,10.0,92.0,6.0,0.0,2.0,0.0,13.0,4.0,18.0,3.0,7.0,4.0,3.0,49.0,1.0,3.0,13.0,12.0,0.0,0.0,6.0,3.0,21.0,13.0,7.0,12.0,38.0,22.0,1.29,5.0,34.0,6.0,21.0,0.0,0.0,4.0,0.0,1.0,0.0,6.0,1.0,16.0,12.6666666666667,10.0,13.0,10.0,8.0,5.0,4.0,3.0,3.0,2.2,1.0,3.0,3.0,3.0,94.0,2.0,0.956521739130435,0.333333333333333,0.0,1.0,3.0,2.0,0.0
10.0,6.0,391.0,5.0,5.0,1.0,2.0,62.0,2.0,7.0,1.0,0.0,2.0,37.0,48.0,3.0,37.0,61.0,83.0,4.0,9.0,5.0,18.0,149.0,61.0,53.0,87.0,266.0,118.0,0.18,77.0,205.0,5.0,141.0,0.0,36.0,2.0,86.0,2.0,0.0,2.0,2.0,10.0,3.2972972972973,0.0,9.0,3.08108108108108,0.0,5.0,1.67567567567568,1.0,4.0,0.829268292682927,0.0,0.0,0.0,0.0,0.0,0.0,1.0,0.0,0.0,1.0,0.0,0.0,0.0
0.0,5.0,130.0,3.0,0.0,1.0,8.0,15.0,1.0,5.0,1.0,0.0,1.0,11.0,30.0,1.0,11.0,14.0,38.0,0.0,3.0,3.0,11.0,43.0,14.0,13.0,37.0,82.0,28.0,0.37,18.0,65.0,3.0,50.0,0.0,10.0,1.0,85.0,1.0,0.0,4.0,1.0,9.0,5.09090909090909,2.0,9.0,3.45454545454545,0.0,3.0,1.27272727272727,1.0,2.0,0.538461538461538,0.0,1.0,1.0,1.0,2.0,1.0,0.715384615384615,1.0,0.0,2.0,1.0,2.0,1.0
0.0,5.0,121.0,5.0,0.0,1.0,1.0,17.0,1.0,5.0,1.0,0.0,1.0,11.0,28.0,1.0,11.0,15.0,30.0,0.0,3.0,7.0,11.0,38.0,15.0,11.0,29.0,77.0,30.0,0.36,16.0,59.0,5.0,43.0,0.0,10.0,2.0,68.0,1.0,0.0,4.0,1.0,10.0,4.09090909090909,2.0,10.0,3.27272727272727,0.0,8.0,1.63636363636364,1.0,2.0,0.461538461538462,0.0,2.0,2.0,2.0,15.0,6.0,0.702479338842975,0.5,0.0,3.0,2.0,0.0,1.0
0.0,6.0,580.0,8.0,0.0,1.0,3.0,107.0,2.0,6.0,26.0,0.0,2.0,62.0,33.0,27.0,62.0,102.0,162.0,0.0,1.0,9.0,62.0,329.0,102.0,66.0,201.0,502.0,183.0,0.07,46.0,384.0,8.0,290.0,0.0,36.0,2.0,79.0,4.0,0.0,25.0,2.0,7.0,3.32258064516129,1.0,27.0,4.75806451612903,1.0,72.0,2.70967741935484,1.0,3.0,0.395604395604396,0.0,11.0,11.0,4.0,131.0,52.0,0.498275862068966,0.636363636363636,0.0,2.0,4.0,2.0,3.0
0.0,8.0,156.0,8.0,0.0,2.0,0.0,27.0,2.0,8.0,0.0,0.0,2.0,10.0,33.0,2.0,10.0,23.0,38.0,2.0,2.0,9.0,8.0,52.0,23.0,17.0,38.0,105.0,37.0,0.31,20.0,75.0,8.0,50.0,0.0,10.0,3.0,16.0,3.0,0.0,12.0,2.0,5.0,2.7,1.0,20.0,5.2,2.0,15.0,3.1,1.0,2.0,0.846153846153846,0.0,4.0,4.0,2.0,15.0,3.0,0.987179487179487,0.5,0.0,1.0,2.0,1.0,0.0
0.0,3.0,49.0,1.0,0.0,1.0,0.0,2.0,1.0,3.0,0.0,0.0,1.0,2.0,31.0,1.0,2.0,2.0,10.0,1.0,0.0,1.0,1.0,2.0,2.0,2.0,10.0,15.0,2.0,2.07,4.0,12.0,1.0,9.0,0.0,2.0,1.0,0.0,2.0,0.0,5.0,1.0,4.0,2.5,1.0,2.0,1.5,1.0,1.0,1.0,1.0,0.0,0.0,0.0,0.0,0.0,0.0,0.0,0.0,1.0,0.0,0.0,1.0,0.0,0.0,0.0
0.0,8.0,384.0,14.0,0.0,1.0,8.0,79.0,2.0,8.0,3.0,0.0,2.0,35.0,33.0,10.0,35.0,79.0,107.0,0.0,4.0,14.0,35.0,195.0,79.0,50.0,119.0,318.0,131.0,0.1,34.0,250.0,14.0,177.0,0.0,32.0,2.0,93.0,1.0,1.0,18.0,2.0,7.0,2.68571428571429,0.0,21.0,4.51428571428571,0.0,90.0,5.17142857142857,1.0,8.0,0.765957446808511,0.0,3.0,3.0,1.0,13.0,12.0,1.0,1.0,0.0,1.0,1.0,0.0,0.0
0.0,1.0,42.0,1.0,4.0,1.0,0.0,4.0,1.0,1.0,0.0,0.0,1.0,4.0,31.0,1.0,4.0,4.0,8.0,0.0,0.0,1.0,0.0,0.0,4.0,4.0,8.0,9.0,0.0,3.44,3.0,8.0,1.0,7.0,0.0,4.0,1.0,0.0,0.0,1.0,1.0,0.0,2.0,1.0,0.0,1.0,1.0,1.0,1.0,1.0,1.0,0.0,0.0,0.0,0.0,0.0,0.0,0.0,0.0,1.0,0.0,0.0,1.0,0.0,0.0,0.0
0.0,7.0,63.0,4.0,0.0,1.0,0.0,6.0,2.0,7.0,0.0,0.0,2.0,3.0,31.0,1.0,3.0,6.0,9.0,0.0,3.0,4.0,3.0,14.0,6.0,3.0,9.0,29.0,13.0,1.07,4.0,22.0,4.0,15.0,0.0,3.0,2.0,33.0,3.0,0.0,0.0,1.0,4.0,2.66666666666667,1.0,5.0,3.33333333333333,2.0,8.0,3.33333333333333,1.0,1.0,0.6,0.0,0.0,0.0,0.0,0.0,0.0,1.0,0.0,0.0,1.0,0.0,0.0,0.0
0.0,11.0,205.0,18.0,0.0,1.0,2.0,37.0,3.0,11.0,1.0,0.0,3.0,11.0,35.0,2.0,11.0,34.0,66.0,0.0,3.0,21.0,11.0,89.0,34.0,13.0,68.0,154.0,62.0,0.23,17.0,130.0,18.0,98.0,0.0,10.0,3.0,72.0,1.0,0.0,23.0,2.0,11.0,2.63636363636364,0.0,24.0,5.18181818181818,0.0,52.0,6.45454545454545,1.0,3.0,0.857142857142857,0.0,0.0,0.0,0.0,0.0,0.0,1.0,0.0,0.0,1.0,0.0,0.0,0.0
0.0,1.0,62.0,1.0,17.0,1.0,0.0,17.0,1.0,1.0,0.0,0.0,1.0,17.0,31.0,4.0,17.0,17.0,24.0,0.0,0.0,1.0,0.0,0.0,17.0,17.0,24.0,28.0,0.0,1.11,4.0,24.0,1.0,20.0,0.0,17.0,1.0,0.0,0.0,36.0,2.0,0.0,9.0,3.11764705882353,0.0,1.0,0.823529411764706,0.0,1.0,1.0,1.0,0.0,0.0,0.0,0.0,0.0,0.0,0.0,0.0,1.0,0.0,0.0,1.0,0.0,0.0,0.0
0.0,7.0,63.0,4.0,0.0,1.0,0.0,6.0,2.0,7.0,0.0,0.0,2.0,3.0,31.0,1.0,3.0,6.0,9.0,0.0,3.0,4.0,3.0,14.0,6.0,3.0,9.0,29.0,13.0,1.07,4.0,22.0,4.0,15.0,0.0,3.0,2.0,33.0,3.0,0.0,0.0,1.0,10.0,4.66666666666667,1.0,5.0,3.33333333333333,2.0,8.0,3.33333333333333,1.0,1.0,0.6,0.0,0.0,0.0,0.0,0.0,0.0,1.0,0.0,0.0,1.0,0.0,0.0,0.0
0.0,7.0,122.0,5.0,0.0,1.0,3.0,15.0,2.0,8.0,3.0,0.0,2.0,8.0,32.0,1.0,8.0,15.0,36.0,0.0,0.0,5.0,8.0,43.0,15.0,10.0,38.0,78.0,28.0,0.41,13.0,66.0,5.0,50.0,0.0,5.0,2.0,70.0,3.0,1.0,8.0,1.0,4.0,2.375,1.0,13.0,3.875,1.0,9.0,2.375,1.0,2.0,0.9,0.0,0.0,0.0,0.0,0.0,0.0,1.0,0.0,0.0,1.0,0.0,0.0,0.0
0.0,1.0,80.0,1.0,0.0,1.0,0.0,30.0,1.0,1.0,0.0,0.0,1.0,30.0,31.0,1.0,30.0,30.0,47.0,0.0,15.0,1.0,30.0,45.0,30.0,30.0,47.0,48.0,45.0,0.65,2.0,92.0,1.0,61.0,0.0,30.0,1.0,93.0,1.0,0.0,0.0,2.0,1.0,1.0,1.0,2.0,1.5,1.0,1.0,1.0,1.0,0.0,0.0,0.0,0.0,0.0,0.0,0.0,0.0,1.0,0.0,0.0,1.0,0.0,0.0,0.0
0.0,3.0,71.0,1.0,0.0,1.0,0.0,10.0,1.0,3.0,0.0,0.0,1.0,10.0,31.0,1.0,10.0,10.0,15.0,0.0,0.0,1.0,10.0,10.0,10.0,10.0,15.0,36.0,10.0,0.86,5.0,25.0,1.0,14.0,0.0,10.0,1.0,0.0,1.0,0.0,18.0,2.0,3.0,1.5,0.0,2.0,1.9,1.0,1.0,1.0,1.0,0.0,0.0,0.0,0.0,0.0,0.0,0.0,0.0,1.0,0.0,0.0,1.0,0.0,0.0,0.0
0.0,1.0,39.0,1.0,1.0,1.0,0.0,1.0,1.0,1.0,0.0,0.0,1.0,1.0,31.0,1.0,1.0,1.0,5.0,0.0,0.0,1.0,0.0,0.0,1.0,1.0,5.0,6.0,0.0,5.17,3.0,5.0,1.0,4.0,0.0,1.0,1.0,0.0,0.0,1.0,1.0,0.0,5.0,5.0,5.0,0.0,0.0,0.0,1.0,1.0,1.0,0.0,0.0,0.0,0.0,0.0,0.0,0.0,0.0,1.0,0.0,0.0,1.0,0.0,0.0,0.0
0.0,3.0,41.0,1.0,0.0,1.0,0.0,2.0,1.0,3.0,0.0,0.0,1.0,2.0,31.0,1.0,2.0,2.0,4.0,0.0,0.0,1.0,2.0,2.0,2.0,2.0,4.0,9.0,2.0,3.44,2.0,6.0,1.0,3.0,0.0,2.0,1.0,0.0,3.0,0.0,0.0,1.0,13.0,7.0,1.0,2.0,2.0,2.0,1.0,1.0,1.0,0.0,0.0,0.0,0.0,0.0,0.0,0.0,0.0,1.0,0.0,0.0,1.0,0.0,0.0,0.0
17.0,14.0,1457.0,47.0,21.0,1.0,28.0,447.0,4.0,15.0,7.0,0.0,4.0,78.0,43.0,22.0,78.0,304.0,261.0,0.0,40.0,66.0,40.0,921.0,304.0,97.0,285.0,1313.0,706.0,0.03,112.0,991.0,47.0,691.0,0.0,71.0,6.0,96.0,1.0,18.0,19.0,2.0,30.0,5.19230769230769,1.0,28.0,5.61538461538461,0.0,12387329.0,158824.692307692,1.0,5.0,0.95049504950495,0.0,0.0,0.0,0.0,0.0,0.0,0.989704873026767,0.0,0.0,1.0,0.0,1.0,2.0
0.0,3.0,37.0,1.0,0.0,1.0,0.0,1.0,1.0,3.0,0.0,0.0,1.0,1.0,31.0,1.0,1.0,1.0,3.0,0.0,0.0,1.0,1.0,1.0,1.0,1.0,3.0,6.0,1.0,5.17,1.0,4.0,1.0,2.0,0.0,1.0,1.0,0.0,3.0,0.0,0.0,1.0,3.0,3.0,3.0,2.0,2.0,2.0,1.0,1.0,1.0,0.0,0.0,0.0,0.0,0.0,0.0,0.0,0.0,1.0,0.0,0.0,1.0,0.0,0.0,0.0
0.0,0.0,34.0,0.0,0.0,0.0,0.0,0.0,0.0,0.0,0.0,0.0,0.0,0.0,31.0,1.0,0.0,0.0,2.0,0.0,0.0,0.0,0.0,0.0,0.0,0.0,2.0,3.0,0.0,10.33,1.0,2.0,0.0,1.0,0.0,0.0,0.0,0.0,2.0,2.0,0.0,1.0,0.0,0.0,0.0,0.0,0.0,0.0,0.0,0.0,0.0,0.0,0.0,0.0,0.0,0.0,0.0,0.0,0.0,1.0,0.0,0.0,1.0,0.0,0.0,0.0
0.0,3.0,56.0,1.0,0.0,1.0,0.0,4.0,1.0,3.0,0.0,0.0,1.0,4.0,31.0,1.0,4.0,4.0,9.0,0.0,3.0,1.0,4.0,7.0,4.0,4.0,9.0,21.0,7.0,1.48,5.0,16.0,1.0,11.0,0.0,4.0,1.0,50.0,3.0,2.0,0.0,1.0,6.0,4.25,3.0,5.0,2.0,1.0,1.0,1.0,1.0,0.0,0.0,0.0,0.0,0.0,0.0,0.0,0.0,1.0,0.0,0.0,1.0,0.0,0.0,0.0
0.0,3.0,43.0,1.0,0.0,1.0,0.0,2.0,1.0,3.0,0.0,0.0,1.0,2.0,31.0,1.0,2.0,2.0,5.0,0.0,1.0,1.0,2.0,2.0,2.0,2.0,5.0,10.0,2.0,3.1,3.0,7.0,1.0,4.0,0.0,2.0,1.0,0.0,2.0,0.0,0.0,1.0,2.0,2.0,2.0,2.0,1.5,1.0,1.0,1.0,1.0,0.0,0.0,0.0,0.0,0.0,0.0,0.0,0.0,1.0,0.0,0.0,1.0,0.0,0.0,0.0
0.0,3.0,57.0,1.0,0.0,1.0,0.0,4.0,1.0,3.0,0.0,0.0,1.0,4.0,31.0,1.0,4.0,4.0,10.0,0.0,3.0,1.0,4.0,6.0,4.0,4.0,10.0,21.0,6.0,1.48,6.0,16.0,1.0,11.0,0.0,4.0,1.0,50.0,2.0,0.0,0.0,1.0,5.0,2.75,2.0,4.0,1.75,1.0,1.0,1.0,1.0,0.0,0.0,0.0,0.0,0.0,0.0,0.0,0.0,1.0,0.0,0.0,1.0,0.0,0.0,0.0
0.0,3.0,37.0,1.0,0.0,1.0,0.0,1.0,1.0,3.0,0.0,0.0,1.0,1.0,31.0,1.0,1.0,1.0,3.0,0.0,0.0,1.0,1.0,1.0,1.0,1.0,3.0,6.0,1.0,5.17,1.0,4.0,1.0,2.0,0.0,1.0,1.0,0.0,1.0,6.0,0.0,1.0,5.0,5.0,5.0,3.0,3.0,3.0,1.0,1.0,1.0,0.0,0.0,0.0,0.0,0.0,0.0,0.0,0.0,1.0,0.0,0.0,1.0,0.0,0.0,0.0
0.0,0.0,34.0,0.0,0.0,0.0,0.0,0.0,0.0,0.0,0.0,0.0,0.0,0.0,31.0,1.0,0.0,0.0,2.0,0.0,0.0,0.0,0.0,0.0,0.0,0.0,2.0,3.0,0.0,10.33,1.0,2.0,0.0,1.0,0.0,0.0,0.0,0.0,3.0,0.0,0.0,1.0,0.0,0.0,0.0,0.0,0.0,0.0,0.0,0.0,0.0,0.0,0.0,0.0,0.0,0.0,0.0,0.0,0.0,1.0,0.0,0.0,1.0,0.0,0.0,0.0
0.0,3.0,41.0,1.0,0.0,1.0,0.0,2.0,1.0,3.0,0.0,0.0,1.0,2.0,31.0,1.0,2.0,2.0,4.0,0.0,0.0,1.0,2.0,2.0,2.0,2.0,4.0,9.0,2.0,3.44,2.0,6.0,1.0,3.0,0.0,2.0,1.0,0.0,4.0,0.0,0.0,1.0,6.0,3.0,0.0,5.0,3.5,2.0,1.0,1.0,1.0,0.0,0.0,0.0,0.0,0.0,0.0,0.0,0.0,1.0,0.0,0.0,1.0,0.0,0.0,0.0
0.0,3.0,42.0,1.0,0.0,1.0,0.0,2.0,1.0,3.0,0.0,0.0,1.0,2.0,31.0,1.0,2.0,2.0,5.0,0.0,1.0,1.0,2.0,2.0,2.0,2.0,5.0,10.0,2.0,3.1,2.0,7.0,1.0,4.0,0.0,2.0,1.0,0.0,2.0,3.0,0.0,1.0,7.0,5.5,4.0,2.0,1.5,1.0,1.0,1.0,1.0,0.0,0.0,0.0,0.0,0.0,0.0,0.0,0.0,1.0,0.0,0.0,1.0,0.0,0.0,0.0
0.0,3.0,68.0,1.0,0.0,1.0,0.0,6.0,1.0,3.0,0.0,0.0,1.0,6.0,31.0,1.0,6.0,6.0,13.0,0.0,4.0,1.0,6.0,10.0,6.0,6.0,13.0,30.0,10.0,1.03,8.0,23.0,1.0,16.0,0.0,6.0,1.0,62.0,3.0,0.0,1.0,1.0,8.0,4.83333333333333,1.0,6.0,2.33333333333333,1.0,1.0,1.0,1.0,0.0,0.0,0.0,0.0,0.0,0.0,0.0,0.0,1.0,0.0,0.0,1.0,0.0,0.0,0.0
0.0,0.0,34.0,0.0,0.0,0.0,0.0,0.0,0.0,0.0,0.0,0.0,0.0,0.0,31.0,1.0,0.0,0.0,2.0,0.0,0.0,0.0,0.0,0.0,0.0,0.0,2.0,3.0,0.0,10.33,1.0,2.0,0.0,1.0,0.0,0.0,0.0,0.0,3.0,0.0,0.0,1.0,0.0,0.0,0.0,0.0,0.0,0.0,0.0,0.0,0.0,0.0,0.0,0.0,0.0,0.0,0.0,0.0,0.0,1.0,0.0,0.0,1.0,0.0,0.0,0.0
0.0,3.0,37.0,1.0,0.0,1.0,0.0,1.0,1.0,3.0,0.0,0.0,1.0,1.0,31.0,1.0,1.0,1.0,3.0,0.0,0.0,1.0,1.0,1.0,1.0,1.0,3.0,6.0,1.0,5.17,1.0,4.0,1.0,2.0,0.0,1.0,1.0,0.0,4.0,0.0,0.0,1.0,6.0,6.0,6.0,2.0,2.0,2.0,1.0,1.0,1.0,0.0,0.0,0.0,0.0,0.0,0.0,0.0,0.0,1.0,0.0,0.0,1.0,0.0,0.0,0.0
0.0,0.0,34.0,0.0,0.0,0.0,0.0,0.0,0.0,0.0,0.0,0.0,0.0,0.0,31.0,1.0,0.0,0.0,2.0,0.0,0.0,0.0,0.0,0.0,0.0,0.0,2.0,3.0,0.0,10.33,1.0,2.0,0.0,1.0,0.0,0.0,0.0,0.0,2.0,0.0,0.0,1.0,0.0,0.0,0.0,0.0,0.0,0.0,0.0,0.0,0.0,0.0,0.0,0.0,0.0,0.0,0.0,0.0,0.0,1.0,0.0,0.0,1.0,0.0,0.0,0.0
0.0,0.0,34.0,0.0,0.0,0.0,0.0,0.0,0.0,0.0,0.0,0.0,0.0,0.0,31.0,1.0,0.0,0.0,2.0,0.0,0.0,0.0,0.0,0.0,0.0,0.0,2.0,3.0,0.0,10.33,1.0,2.0,0.0,1.0,0.0,0.0,0.0,0.0,2.0,0.0,0.0,1.0,0.0,0.0,0.0,0.0,0.0,0.0,0.0,0.0,0.0,0.0,0.0,0.0,0.0,0.0,0.0,0.0,0.0,1.0,0.0,0.0,1.0,0.0,0.0,0.0
0.0,5.0,78.0,2.0,0.0,1.0,0.0,11.0,1.0,5.0,0.0,0.0,1.0,7.0,31.0,1.0,7.0,10.0,13.0,0.0,3.0,3.0,7.0,18.0,10.0,7.0,13.0,41.0,17.0,0.76,7.0,30.0,2.0,19.0,0.0,7.0,2.0,42.0,1.0,0.0,0.0,1.0,7.0,2.71428571428571,1.0,4.0,2.14285714285714,1.0,2.0,1.42857142857143,1.0,1.0,0.555555555555556,0.0,1.0,1.0,1.0,11.0,0.0,1.0,1.0,0.0,1.0,1.0,0.0,1.0
0.0,3.0,43.0,1.0,0.0,1.0,0.0,2.0,1.0,3.0,0.0,0.0,1.0,2.0,31.0,1.0,2.0,2.0,5.0,0.0,1.0,1.0,2.0,3.0,2.0,2.0,5.0,11.0,3.0,2.82,2.0,8.0,1.0,5.0,0.0,2.0,1.0,0.0,2.0,2.0,0.0,1.0,5.0,3.5,2.0,3.0,2.0,1.0,1.0,1.0,1.0,1.0,0.2,0.0,0.0,0.0,0.0,0.0,0.0,1.0,0.0,0.0,1.0,0.0,0.0,0.0
0.0,3.0,45.0,1.0,0.0,1.0,0.0,3.0,1.0,3.0,0.0,0.0,1.0,3.0,31.0,1.0,3.0,3.0,5.0,0.0,0.0,1.0,3.0,3.0,3.0,3.0,5.0,12.0,3.0,2.58,3.0,8.0,1.0,4.0,0.0,3.0,1.0,0.0,2.0,0.0,0.0,1.0,2.0,2.0,2.0,2.0,1.66666666666667,1.0,1.0,1.0,1.0,0.0,0.0,0.0,0.0,0.0,0.0,0.0,0.0,1.0,0.0,0.0,1.0,0.0,0.0,0.0
0.0,3.0,39.0,1.0,0.0,1.0,0.0,1.0,1.0,3.0,0.0,0.0,1.0,1.0,31.0,1.0,1.0,1.0,4.0,0.0,0.0,1.0,1.0,1.0,1.0,1.0,4.0,7.0,1.0,4.43,2.0,5.0,1.0,3.0,0.0,1.0,1.0,0.0,3.0,0.0,0.0,1.0,5.0,5.0,5.0,2.0,2.0,2.0,1.0,1.0,1.0,0.0,0.0,0.0,0.0,0.0,0.0,0.0,0.0,1.0,0.0,0.0,1.0,0.0,0.0,0.0
0.0,4.0,76.0,4.0,0.0,1.0,0.0,14.0,2.0,4.0,0.0,0.0,2.0,7.0,31.0,1.0,7.0,13.0,13.0,0.0,3.0,5.0,7.0,17.0,13.0,7.0,13.0,38.0,14.0,0.82,8.0,27.0,4.0,17.0,0.0,7.0,2.0,52.0,1.0,3.0,0.0,1.0,17.0,6.42857142857143,0.0,5.0,2.28571428571429,1.0,2.0,1.28571428571429,1.0,1.0,0.444444444444444,0.0,0.0,0.0,0.0,0.0,0.0,1.0,0.0,0.0,1.0,0.0,0.0,0.0
0.0,3.0,45.0,1.0,0.0,1.0,0.0,2.0,1.0,3.0,0.0,0.0,1.0,2.0,31.0,1.0,2.0,2.0,6.0,0.0,1.0,1.0,2.0,3.0,2.0,2.0,6.0,12.0,3.0,2.58,3.0,9.0,1.0,6.0,0.0,2.0,1.0,0.0,2.0,0.0,1.0,1.0,6.0,5.0,4.0,3.0,2.0,1.0,1.0,1.0,1.0,0.0,0.0,0.0,0.0,0.0,0.0,0.0,0.0,1.0,0.0,0.0,1.0,0.0,0.0,0.0
0.0,3.0,39.0,1.0,0.0,1.0,0.0,1.0,1.0,3.0,0.0,0.0,1.0,1.0,31.0,1.0,1.0,1.0,4.0,0.0,0.0,1.0,1.0,1.0,1.0,1.0,4.0,7.0,1.0,4.43,2.0,5.0,1.0,3.0,0.0,1.0,1.0,0.0,3.0,0.0,0.0,1.0,5.0,5.0,5.0,2.0,2.0,2.0,1.0,1.0,1.0,0.0,0.0,0.0,0.0,0.0,0.0,0.0,0.0,1.0,0.0,0.0,1.0,0.0,0.0,0.0
0.0,1.0,45.0,1.0,7.0,1.0,0.0,7.0,1.0,1.0,0.0,0.0,1.0,7.0,31.0,1.0,7.0,7.0,11.0,0.0,0.0,1.0,0.0,0.0,7.0,7.0,11.0,12.0,0.0,2.58,3.0,11.0,1.0,10.0,0.0,7.0,1.0,0.0,0.0,1.0,1.0,0.0,4.0,1.28571428571429,0.0,1.0,0.857142857142857,0.0,1.0,1.0,1.0,0.0,0.0,0.0,0.0,0.0,0.0,0.0,0.0,1.0,0.0,0.0,1.0,0.0,0.0,0.0
0.0,7.0,63.0,4.0,0.0,1.0,0.0,6.0,2.0,7.0,0.0,0.0,2.0,3.0,31.0,1.0,3.0,6.0,9.0,0.0,3.0,4.0,3.0,14.0,6.0,3.0,9.0,29.0,13.0,1.07,4.0,22.0,4.0,15.0,0.0,3.0,2.0,33.0,3.0,0.0,0.0,1.0,5.0,3.0,1.0,5.0,3.33333333333333,2.0,8.0,3.33333333333333,1.0,1.0,0.6,0.0,0.0,0.0,0.0,0.0,0.0,1.0,0.0,0.0,1.0,0.0,0.0,0.0
2.0,25.0,849.0,102.0,0.0,3.0,56.0,184.0,6.0,25.0,5.0,0.0,4.0,25.0,36.0,3.0,25.0,109.0,169.0,0.0,10.0,132.0,23.0,575.0,154.0,84.0,174.0,771.0,386.0,0.05,45.0,560.0,57.0,452.0,0.0,20.0,7.0,98.0,1.0,0.0,33.0,2.0,57.0,4.88,0.0,36.0,5.4,0.0,184.0,11.24,1.0,6.0,1.31034482758621,0.0,2.0,2.0,1.0,57.0,0.0,1.0,1.0,0.0,1.0,1.0,0.0,1.0
0.0,3.0,45.0,1.0,0.0,1.0,0.0,2.0,1.0,3.0,0.0,0.0,1.0,2.0,31.0,1.0,2.0,2.0,6.0,0.0,2.0,1.0,2.0,3.0,2.0,2.0,6.0,12.0,3.0,2.58,3.0,9.0,1.0,6.0,0.0,2.0,1.0,0.0,1.0,0.0,0.0,1.0,3.0,2.5,2.0,3.0,2.0,1.0,1.0,1.0,1.0,0.0,0.0,0.0,0.0,0.0,0.0,0.0,0.0,1.0,0.0,0.0,1.0,0.0,0.0,0.0
0.0,1.0,47.0,1.0,4.0,1.0,0.0,4.0,1.0,1.0,0.0,0.0,1.0,4.0,31.0,1.0,4.0,4.0,11.0,0.0,0.0,1.0,0.0,0.0,4.0,4.0,11.0,12.0,0.0,2.58,5.0,11.0,1.0,10.0,0.0,4.0,1.0,0.0,0.0,1.0,2.0,0.0,5.0,3.25,2.0,1.0,0.75,0.0,1.0,1.0,1.0,0.0,0.0,0.0,0.0,0.0,0.0,0.0,0.0,1.0,0.0,0.0,1.0,0.0,0.0,0.0
0.0,3.0,41.0,1.0,0.0,1.0,0.0,2.0,1.0,3.0,0.0,0.0,1.0,2.0,31.0,1.0,2.0,2.0,4.0,0.0,0.0,1.0,2.0,2.0,2.0,2.0,4.0,9.0,2.0,3.44,2.0,6.0,1.0,3.0,0.0,2.0,1.0,0.0,3.0,0.0,0.0,1.0,1.0,1.0,1.0,2.0,2.0,2.0,1.0,1.0,1.0,0.0,0.0,0.0,0.0,0.0,0.0,0.0,0.0,1.0,0.0,0.0,1.0,0.0,0.0,0.0
1.0,6.0,457.0,12.0,0.0,1.0,2.0,92.0,2.0,6.0,1.0,0.0,2.0,49.0,32.0,12.0,49.0,90.0,133.0,2.0,18.0,12.0,46.0,182.0,90.0,65.0,138.0,371.0,148.0,0.09,56.0,286.0,12.0,191.0,0.0,48.0,2.0,81.0,1.0,1.0,25.0,2.0,6.0,2.36734693877551,1.0,14.0,3.77551020408163,1.0,20.0,2.06122448979592,1.0,4.0,0.612903225806452,0.0,1.0,1.0,1.0,1.0,1.0,0.989059080962801,1.0,0.0,1.0,1.0,1.0,0.0
0.0,1.0,44.0,1.0,4.0,1.0,0.0,4.0,1.0,1.0,0.0,0.0,1.0,4.0,31.0,1.0,4.0,4.0,9.0,0.0,0.0,1.0,0.0,0.0,4.0,4.0,9.0,10.0,0.0,3.1,4.0,9.0,1.0,8.0,0.0,4.0,1.0,0.0,0.0,1.0,2.0,0.0,3.0,1.75,0.0,1.0,0.5,0.0,1.0,1.0,1.0,0.0,0.0,0.0,0.0,0.0,0.0,0.0,0.0,1.0,0.0,0.0,1.0,0.0,0.0,0.0
0.0,3.0,41.0,1.0,0.0,1.0,0.0,2.0,1.0,3.0,0.0,0.0,1.0,2.0,31.0,1.0,2.0,2.0,4.0,0.0,0.0,1.0,2.0,2.0,2.0,2.0,4.0,9.0,2.0,3.44,2.0,6.0,1.0,3.0,0.0,2.0,1.0,0.0,3.0,0.0,0.0,1.0,2.0,1.5,1.0,2.0,2.0,2.0,1.0,1.0,1.0,0.0,0.0,0.0,0.0,0.0,0.0,0.0,0.0,1.0,0.0,0.0,1.0,0.0,0.0,0.0
1.0,24.0,236.0,14.0,0.0,4.0,2.0,63.0,7.0,25.0,3.0,0.0,7.0,7.0,31.0,1.0,7.0,47.0,59.0,0.0,2.0,25.0,6.0,136.0,47.0,26.0,61.0,192.0,93.0,0.16,14.0,154.0,14.0,109.0,0.0,4.0,9.0,71.0,1.0,0.0,8.0,2.0,9.0,4.28571428571429,2.0,9.0,5.28571428571429,1.0,205.0,37.0,1.0,4.0,2.33333333333333,0.0,0.0,0.0,0.0,0.0,0.0,1.0,0.0,0.0,1.0,0.0,0.0,0.0
20.0,18.0,506.0,28.0,0.0,2.0,13.0,49.0,2.0,19.0,21.0,0.0,2.0,22.0,24.0,1.0,22.0,42.0,70.0,0.0,0.0,28.0,2.0,328.0,49.0,39.0,70.0,418.0,1585.0,0.06,64.0,1655.0,21.0,1614.0,0.0,1.0,2.0,96.0,1.0,0.0,1.0,1.0,16.0,1.22727272727273,0.0,5.0,1.63636363636364,1.0,5180.0,236.409090909091,1.0,8.0,1.0,0.0,1.0,1.0,1.0,108.0,108.0,1.0,1.0,0.0,1.0,1.0,0.0,0.0
2.0,8.0,543.0,20.0,0.0,2.0,9.0,113.0,2.0,8.0,21.0,0.0,2.0,44.0,32.0,19.0,44.0,103.0,118.0,0.0,0.0,21.0,42.0,330.0,103.0,70.0,141.0,471.0,216.0,0.07,41.0,357.0,20.0,258.0,0.0,23.0,3.0,94.0,2.0,1.0,12.0,2.0,8.0,3.15909090909091,1.0,21.0,4.11363636363636,1.0,2057.0,49.5909090909091,1.0,4.0,0.46875,0.0,5.0,5.0,1.0,30.0,30.0,0.998154981549816,1.0,0.0,1.0,1.0,1.0,1.0
0.0,3.0,43.0,1.0,0.0,1.0,0.0,8.0,1.0,3.0,0.0,0.0,1.0,2.0,31.0,1.0,2.0,2.0,5.0,1.0,0.0,7.0,1.0,2.0,2.0,2.0,5.0,10.0,2.0,3.1,3.0,7.0,1.0,4.0,0.0,2.0,4.0,0.0,2.0,1.0,3.0,1.0,3.0,2.5,2.0,2.0,1.5,1.0,1.0,1.0,1.0,0.0,0.0,0.0,0.0,0.0,0.0,0.0,0.0,1.0,0.0,0.0,1.0,0.0,0.0,0.0
0.0,1.0,44.0,1.0,6.0,1.0,0.0,6.0,1.0,1.0,0.0,0.0,1.0,6.0,31.0,1.0,6.0,6.0,10.0,0.0,0.0,1.0,0.0,0.0,6.0,6.0,10.0,11.0,0.0,2.82,3.0,10.0,1.0,9.0,0.0,6.0,1.0,0.0,0.0,1.0,1.0,0.0,2.0,1.16666666666667,0.0,1.0,1.0,1.0,1.0,1.0,1.0,0.0,0.0,0.0,1.0,1.0,1.0,1.0,0.0,1.0,1.0,0.0,1.0,1.0,0.0,1.0
0.0,7.0,64.0,4.0,0.0,1.0,0.0,6.0,2.0,7.0,0.0,0.0,2.0,3.0,32.0,1.0,3.0,6.0,9.0,0.0,3.0,4.0,3.0,14.0,6.0,3.0,9.0,29.0,13.0,1.1,4.0,22.0,4.0,15.0,0.0,3.0,2.0,33.0,3.0,0.0,0.0,1.0,23.0,9.0,1.0,5.0,3.33333333333333,2.0,8.0,3.33333333333333,1.0,1.0,0.6,0.0,0.0,0.0,0.0,0.0,0.0,1.0,0.0,0.0,1.0,0.0,0.0,0.0
71.0,13.0,1608.0,29.0,0.0,2.0,32.0,347.0,3.0,13.0,3.0,0.0,3.0,86.0,86.0,2.0,86.0,264.0,282.0,0.0,14.0,41.0,15.0,1045.0,281.0,150.0,294.0,1410.0,848.0,0.06,115.0,1142.0,13.0,885.0,0.0,83.0,4.0,94.0,1.0,0.0,11.0,2.0,29.0,5.58139534883721,0.0,29.0,5.74418604651163,0.0,648.0,12.8488372093023,1.0,4.0,1.14606741573034,0.0,8.0,8.0,1.0,45.0,20.0,0.994402985074627,1.0,0.0,1.0,1.0,2.0,3.0
0.0,1.0,41.0,1.0,3.0,1.0,0.0,3.0,1.0,1.0,0.0,0.0,1.0,3.0,31.0,1.0,3.0,3.0,7.0,0.0,0.0,1.0,0.0,0.0,3.0,3.0,7.0,8.0,0.0,3.88,3.0,7.0,1.0,6.0,0.0,3.0,1.0,0.0,0.0,1.0,1.0,0.0,3.0,2.33333333333333,1.0,0.0,0.0,0.0,1.0,1.0,1.0,0.0,0.0,0.0,0.0,0.0,0.0,0.0,0.0,1.0,0.0,0.0,1.0,0.0,0.0,0.0
0.0,3.0,41.0,1.0,0.0,1.0,0.0,2.0,1.0,3.0,0.0,0.0,1.0,2.0,31.0,1.0,2.0,2.0,4.0,0.0,0.0,1.0,2.0,2.0,2.0,2.0,4.0,9.0,2.0,3.44,2.0,6.0,1.0,3.0,0.0,2.0,1.0,0.0,3.0,0.0,0.0,1.0,4.0,2.5,1.0,2.0,2.0,2.0,1.0,1.0,1.0,0.0,0.0,0.0,0.0,0.0,0.0,0.0,0.0,1.0,0.0,0.0,1.0,0.0,0.0,0.0
3.0,16.0,221.0,9.0,0.0,1.0,0.0,37.0,4.0,16.0,0.0,0.0,4.0,8.0,31.0,1.0,8.0,32.0,66.0,1.0,13.0,12.0,4.0,101.0,32.0,8.0,70.0,176.0,80.0,0.18,15.0,150.0,9.0,122.0,0.0,8.0,5.0,65.0,1.0,1.0,21.0,2.0,10.0,4.5,1.0,23.0,9.875,1.0,16.0,5.625,1.0,4.0,1.9,0.0,0.0,0.0,0.0,0.0,0.0,1.0,0.0,0.0,1.0,0.0,0.0,0.0
0.0,4.0,59.0,1.0,0.0,1.0,0.0,4.0,1.0,4.0,0.0,0.0,1.0,4.0,31.0,1.0,4.0,4.0,11.0,0.0,5.0,1.0,4.0,8.0,4.0,4.0,11.0,24.0,8.0,1.29,5.0,19.0,1.0,14.0,0.0,4.0,1.0,60.0,1.0,0.0,0.0,1.0,6.0,3.25,2.0,6.0,2.25,1.0,1.0,1.0,1.0,0.0,0.0,0.0,0.0,0.0,0.0,0.0,0.0,1.0,0.0,0.0,1.0,0.0,0.0,0.0
0.0,3.0,54.0,1.0,0.0,1.0,0.0,5.0,1.0,3.0,0.0,0.0,1.0,5.0,31.0,1.0,5.0,5.0,8.0,0.0,1.0,1.0,5.0,5.0,5.0,5.0,8.0,19.0,5.0,1.63,5.0,13.0,1.0,7.0,0.0,5.0,1.0,19.0,2.0,0.0,0.0,1.0,2.0,1.2,1.0,3.0,1.8,1.0,1.0,1.0,1.0,0.0,0.0,0.0,0.0,0.0,0.0,0.0,0.0,1.0,0.0,0.0,1.0,0.0,0.0,0.0
0.0,3.0,50.0,1.0,0.0,1.0,0.0,4.0,1.0,3.0,0.0,0.0,1.0,4.0,31.0,1.0,4.0,4.0,7.0,0.0,1.0,1.0,4.0,4.0,4.0,4.0,7.0,16.0,4.0,1.94,4.0,11.0,1.0,6.0,0.0,4.0,1.0,25.0,2.0,0.0,0.0,1.0,2.0,1.25,1.0,2.0,1.5,1.0,1.0,1.0,1.0,0.0,0.0,0.0,0.0,0.0,0.0,0.0,0.0,1.0,0.0,0.0,1.0,0.0,0.0,0.0
0.0,0.0,34.0,0.0,0.0,0.0,0.0,0.0,0.0,0.0,0.0,0.0,0.0,0.0,31.0,1.0,0.0,0.0,2.0,0.0,0.0,0.0,0.0,0.0,0.0,0.0,2.0,3.0,0.0,10.33,1.0,2.0,0.0,1.0,0.0,0.0,0.0,0.0,2.0,0.0,0.0,1.0,0.0,0.0,0.0,0.0,0.0,0.0,0.0,0.0,0.0,0.0,0.0,0.0,0.0,0.0,0.0,0.0,0.0,1.0,0.0,0.0,1.0,0.0,0.0,0.0
0.0,0.0,34.0,0.0,0.0,0.0,0.0,0.0,0.0,0.0,0.0,0.0,0.0,0.0,31.0,1.0,0.0,0.0,2.0,0.0,0.0,0.0,0.0,0.0,0.0,0.0,2.0,3.0,0.0,10.33,1.0,2.0,0.0,1.0,0.0,0.0,0.0,0.0,2.0,0.0,0.0,1.0,0.0,0.0,0.0,0.0,0.0,0.0,0.0,0.0,0.0,0.0,0.0,0.0,0.0,0.0,0.0,0.0,0.0,1.0,0.0,0.0,1.0,0.0,0.0,0.0
0.0,0.0,34.0,0.0,0.0,0.0,0.0,0.0,0.0,0.0,0.0,0.0,0.0,0.0,31.0,1.0,0.0,0.0,2.0,0.0,0.0,0.0,0.0,0.0,0.0,0.0,2.0,3.0,0.0,10.33,1.0,2.0,0.0,1.0,0.0,0.0,0.0,0.0,2.0,0.0,0.0,1.0,0.0,0.0,0.0,0.0,0.0,0.0,0.0,0.0,0.0,0.0,0.0,0.0,0.0,0.0,0.0,0.0,0.0,1.0,0.0,0.0,1.0,0.0,0.0,0.0
0.0,0.0,34.0,0.0,0.0,0.0,0.0,0.0,0.0,0.0,0.0,0.0,0.0,0.0,31.0,1.0,0.0,0.0,2.0,0.0,0.0,0.0,0.0,0.0,0.0,0.0,2.0,3.0,0.0,10.33,1.0,2.0,0.0,1.0,0.0,0.0,0.0,0.0,2.0,0.0,0.0,1.0,0.0,0.0,0.0,0.0,0.0,0.0,0.0,0.0,0.0,0.0,0.0,0.0,0.0,0.0,0.0,0.0,0.0,1.0,0.0,0.0,1.0,0.0,0.0,0.0
0.0,3.0,49.0,1.0,0.0,1.0,0.0,3.0,1.0,3.0,0.0,0.0,1.0,3.0,31.0,1.0,3.0,3.0,7.0,0.0,2.0,1.0,3.0,4.0,3.0,3.0,7.0,15.0,4.0,2.07,4.0,11.0,1.0,7.0,0.0,3.0,1.0,33.0,2.0,0.0,0.0,1.0,3.0,2.33333333333333,2.0,3.0,1.66666666666667,1.0,1.0,1.0,1.0,0.0,0.0,0.0,0.0,0.0,0.0,0.0,0.0,1.0,0.0,0.0,1.0,0.0,0.0,0.0
0.0,0.0,34.0,0.0,0.0,0.0,0.0,0.0,0.0,0.0,0.0,0.0,0.0,0.0,31.0,1.0,0.0,0.0,2.0,0.0,0.0,0.0,0.0,0.0,0.0,0.0,2.0,3.0,0.0,10.33,1.0,2.0,0.0,1.0,0.0,0.0,0.0,0.0,2.0,0.0,0.0,1.0,0.0,0.0,0.0,0.0,0.0,0.0,0.0,0.0,0.0,0.0,0.0,0.0,0.0,0.0,0.0,0.0,0.0,1.0,0.0,0.0,1.0,0.0,0.0,0.0
0.0,0.0,34.0,0.0,0.0,0.0,0.0,0.0,0.0,0.0,0.0,0.0,0.0,0.0,31.0,1.0,0.0,0.0,2.0,0.0,0.0,0.0,0.0,0.0,0.0,0.0,2.0,3.0,0.0,10.33,1.0,2.0,0.0,1.0,0.0,0.0,0.0,0.0,2.0,0.0,0.0,1.0,0.0,0.0,0.0,0.0,0.0,0.0,0.0,0.0,0.0,0.0,0.0,0.0,0.0,0.0,0.0,0.0,0.0,1.0,0.0,0.0,1.0,0.0,0.0,0.0
0.0,0.0,34.0,0.0,0.0,0.0,0.0,0.0,0.0,0.0,0.0,0.0,0.0,0.0,31.0,1.0,0.0,0.0,2.0,0.0,0.0,0.0,0.0,0.0,0.0,0.0,2.0,3.0,0.0,10.33,1.0,2.0,0.0,1.0,0.0,0.0,0.0,0.0,2.0,0.0,0.0,1.0,0.0,0.0,0.0,0.0,0.0,0.0,0.0,0.0,0.0,0.0,0.0,0.0,0.0,0.0,0.0,0.0,0.0,1.0,0.0,0.0,1.0,0.0,0.0,0.0
0.0,0.0,34.0,0.0,0.0,0.0,0.0,0.0,0.0,0.0,0.0,0.0,0.0,0.0,31.0,1.0,0.0,0.0,2.0,0.0,0.0,0.0,0.0,0.0,0.0,0.0,2.0,3.0,0.0,10.33,1.0,2.0,0.0,1.0,0.0,0.0,0.0,0.0,2.0,0.0,0.0,1.0,0.0,0.0,0.0,0.0,0.0,0.0,0.0,0.0,0.0,0.0,0.0,0.0,0.0,0.0,0.0,0.0,0.0,1.0,0.0,0.0,1.0,0.0,0.0,0.0
0.0,0.0,34.0,0.0,0.0,0.0,0.0,0.0,0.0,0.0,0.0,0.0,0.0,0.0,31.0,1.0,0.0,0.0,2.0,0.0,0.0,0.0,0.0,0.0,0.0,0.0,2.0,3.0,0.0,10.33,1.0,2.0,0.0,1.0,0.0,0.0,0.0,0.0,2.0,0.0,0.0,1.0,0.0,0.0,0.0,0.0,0.0,0.0,0.0,0.0,0.0,0.0,0.0,0.0,0.0,0.0,0.0,0.0,0.0,1.0,0.0,0.0,1.0,0.0,0.0,0.0
0.0,0.0,34.0,0.0,0.0,0.0,0.0,0.0,0.0,0.0,0.0,0.0,0.0,0.0,31.0,1.0,0.0,0.0,2.0,0.0,0.0,0.0,0.0,0.0,0.0,0.0,2.0,3.0,0.0,10.33,1.0,2.0,0.0,1.0,0.0,0.0,0.0,0.0,2.0,0.0,0.0,1.0,0.0,0.0,0.0,0.0,0.0,0.0,0.0,0.0,0.0,0.0,0.0,0.0,0.0,0.0,0.0,0.0,0.0,1.0,0.0,0.0,1.0,0.0,0.0,0.0
0.0,0.0,34.0,0.0,0.0,0.0,0.0,0.0,0.0,0.0,0.0,0.0,0.0,0.0,31.0,1.0,0.0,0.0,2.0,0.0,0.0,0.0,0.0,0.0,0.0,0.0,2.0,3.0,0.0,10.33,1.0,2.0,0.0,1.0,0.0,0.0,0.0,0.0,2.0,0.0,0.0,1.0,0.0,0.0,0.0,0.0,0.0,0.0,0.0,0.0,0.0,0.0,0.0,0.0,0.0,0.0,0.0,0.0,0.0,1.0,0.0,0.0,1.0,0.0,0.0,0.0
0.0,0.0,34.0,0.0,0.0,0.0,0.0,0.0,0.0,0.0,0.0,0.0,0.0,0.0,31.0,1.0,0.0,0.0,2.0,0.0,0.0,0.0,0.0,0.0,0.0,0.0,2.0,3.0,0.0,10.33,1.0,2.0,0.0,1.0,0.0,0.0,0.0,0.0,2.0,0.0,0.0,1.0,0.0,0.0,0.0,0.0,0.0,0.0,0.0,0.0,0.0,0.0,0.0,0.0,0.0,0.0,0.0,0.0,0.0,1.0,0.0,0.0,1.0,0.0,0.0,0.0
0.0,3.0,65.0,1.0,0.0,1.0,0.0,6.0,1.0,3.0,0.0,0.0,1.0,6.0,31.0,1.0,6.0,6.0,12.0,0.0,3.0,1.0,6.0,8.0,6.0,6.0,12.0,27.0,8.0,1.15,8.0,20.0,1.0,13.0,0.0,6.0,1.0,61.0,2.0,0.0,1.0,1.0,6.0,2.66666666666667,1.0,4.0,2.16666666666667,1.0,1.0,1.0,1.0,0.0,0.0,0.0,0.0,0.0,0.0,0.0,0.0,1.0,0.0,0.0,1.0,0.0,0.0,0.0
0.0,0.0,34.0,0.0,0.0,0.0,0.0,0.0,0.0,0.0,0.0,0.0,0.0,0.0,31.0,1.0,0.0,0.0,2.0,0.0,0.0,0.0,0.0,0.0,0.0,0.0,2.0,3.0,0.0,10.33,1.0,2.0,0.0,1.0,0.0,0.0,0.0,0.0,2.0,0.0,0.0,1.0,0.0,0.0,0.0,0.0,0.0,0.0,0.0,0.0,0.0,0.0,0.0,0.0,0.0,0.0,0.0,0.0,0.0,1.0,0.0,0.0,1.0,0.0,0.0,0.0
0.0,0.0,34.0,0.0,0.0,0.0,0.0,0.0,0.0,0.0,0.0,0.0,0.0,0.0,31.0,1.0,0.0,0.0,2.0,0.0,0.0,0.0,0.0,0.0,0.0,0.0,2.0,3.0,0.0,10.33,1.0,2.0,0.0,1.0,0.0,0.0,0.0,0.0,2.0,0.0,0.0,1.0,0.0,0.0,0.0,0.0,0.0,0.0,0.0,0.0,0.0,0.0,0.0,0.0,0.0,0.0,0.0,0.0,0.0,1.0,0.0,0.0,1.0,0.0,0.0,0.0
0.0,3.0,44.0,1.0,0.0,1.0,0.0,2.0,1.0,3.0,0.0,0.0,1.0,2.0,31.0,1.0,2.0,2.0,6.0,0.0,1.0,1.0,2.0,2.0,2.0,2.0,6.0,11.0,2.0,2.82,3.0,8.0,1.0,5.0,0.0,2.0,1.0,0.0,2.0,0.0,1.0,1.0,2.0,2.0,2.0,2.0,1.5,1.0,1.0,1.0,1.0,0.0,0.0,0.0,0.0,0.0,0.0,0.0,0.0,1.0,0.0,0.0,1.0,0.0,0.0,0.0
0.0,2.0,59.0,1.0,0.0,1.0,15.0,3.0,1.0,2.0,0.0,0.0,1.0,3.0,31.0,1.0,3.0,3.0,20.0,0.0,0.0,1.0,3.0,16.0,3.0,3.0,20.0,25.0,1.0,1.24,4.0,21.0,1.0,17.0,0.0,3.0,1.0,100.0,1.0,20.0,15.0,1.0,2.0,1.0,0.0,3.0,1.33333333333333,0.0,1.0,1.0,1.0,0.0,0.0,0.0,0.0,0.0,0.0,0.0,0.0,1.0,0.0,0.0,1.0,0.0,0.0,0.0
0.0,0.0,34.0,0.0,0.0,0.0,0.0,0.0,0.0,0.0,0.0,0.0,0.0,0.0,31.0,1.0,0.0,0.0,2.0,0.0,0.0,0.0,0.0,0.0,0.0,0.0,2.0,3.0,0.0,10.33,1.0,2.0,0.0,1.0,0.0,0.0,0.0,0.0,2.0,0.0,0.0,1.0,0.0,0.0,0.0,0.0,0.0,0.0,0.0,0.0,0.0,0.0,0.0,0.0,0.0,0.0,0.0,0.0,0.0,1.0,0.0,0.0,1.0,0.0,0.0,0.0
0.0,19.0,130.0,10.0,0.0,1.0,2.0,25.0,6.0,25.0,3.0,7.0,6.0,3.0,54.0,1.0,3.0,18.0,39.0,0.0,1.0,17.0,3.0,59.0,18.0,3.0,42.0,73.0,43.0,0.74,5.0,85.0,10.0,67.0,0.0,0.0,8.0,77.0,1.0,0.0,0.0,1.0,4.0,2.66666666666667,1.0,3.0,1.66666666666667,1.0,68.0,24.0,2.0,2.0,1.66666666666667,1.0,1.0,1.0,1.0,6.0,1.0,0.984615384615385,1.0,0.0,1.0,1.0,1.0,0.0
0.0,4.0,234.0,4.0,0.0,1.0,4.0,38.0,1.0,4.0,31.0,0.0,1.0,31.0,33.0,1.0,31.0,38.0,61.0,0.0,0.0,4.0,31.0,84.0,38.0,31.0,61.0,166.0,63.0,0.2,36.0,124.0,4.0,86.0,0.0,0.0,1.0,100.0,1.0,0.0,9.0,1.0,22.0,4.06451612903226,0.0,10.0,3.45161290322581,1.0,6.0,1.29032258064516,1.0,2.0,0.303030303030303,0.0,0.0,0.0,0.0,0.0,0.0,1.0,0.0,0.0,1.0,0.0,0.0,0.0
0.0,1.0,64.0,1.0,30.0,1.0,0.0,30.0,1.0,1.0,0.0,0.0,1.0,30.0,31.0,1.0,30.0,30.0,32.0,0.0,0.0,1.0,0.0,0.0,30.0,30.0,32.0,33.0,0.0,0.94,1.0,32.0,1.0,31.0,0.0,30.0,1.0,0.0,0.0,1.0,0.0,0.0,7.0,0.733333333333333,0.0,1.0,1.0,1.0,1.0,1.0,1.0,0.0,0.0,0.0,0.0,0.0,0.0,0.0,0.0,1.0,0.0,0.0,1.0,0.0,0.0,0.0
0.0,3.0,41.0,1.0,0.0,1.0,0.0,2.0,1.0,3.0,0.0,0.0,1.0,2.0,31.0,1.0,2.0,2.0,4.0,0.0,0.0,1.0,2.0,2.0,2.0,2.0,4.0,9.0,2.0,3.44,2.0,6.0,1.0,3.0,0.0,2.0,1.0,0.0,2.0,8.0,0.0,1.0,13.0,11.0,9.0,1.0,1.0,1.0,1.0,1.0,1.0,0.0,0.0,0.0,0.0,0.0,0.0,0.0,0.0,1.0,0.0,0.0,1.0,0.0,0.0,0.0
0.0,1.0,49.0,1.0,10.0,1.0,0.0,10.0,1.0,1.0,0.0,0.0,1.0,10.0,31.0,1.0,10.0,10.0,15.0,0.0,0.0,1.0,0.0,0.0,10.0,10.0,15.0,16.0,0.0,1.94,3.0,15.0,1.0,14.0,0.0,10.0,1.0,0.0,0.0,1.0,10.0,0.0,5.0,2.4,0.0,1.0,1.0,1.0,1.0,1.0,1.0,0.0,0.0,0.0,0.0,0.0,0.0,0.0,0.0,1.0,0.0,0.0,1.0,0.0,0.0,0.0
0.0,1.0,40.0,1.0,2.0,1.0,0.0,2.0,1.0,1.0,0.0,0.0,1.0,2.0,31.0,1.0,2.0,2.0,6.0,0.0,0.0,1.0,0.0,0.0,2.0,2.0,6.0,7.0,0.0,4.43,3.0,6.0,1.0,5.0,0.0,2.0,1.0,0.0,0.0,11.0,2.0,0.0,1.0,0.5,0.0,1.0,1.0,1.0,1.0,1.0,1.0,0.0,0.0,0.0,0.0,0.0,0.0,0.0,0.0,1.0,0.0,0.0,1.0,0.0,0.0,0.0
0.0,16.0,117.0,1.0,0.0,1.0,0.0,5.0,1.0,19.0,3.0,5.0,1.0,5.0,27.0,1.0,5.0,5.0,25.0,0.0,0.0,1.0,5.0,73.0,5.0,5.0,23.0,93.0,8.0,0.29,12.0,31.0,1.0,27.0,1.0,2.0,1.0,0.0,2.0,0.0,8.0,1.0,14.0,4.8,0.0,8.0,6.0,1.0,1.0,1.0,1.0,0.0,0.0,0.0,0.0,0.0,0.0,0.0,0.0,0.547008547008547,0.0,0.0,3.0,0.0,0.0,0.0
7.0,7.0,150.0,7.0,0.0,1.0,5.0,18.0,2.0,8.0,9.0,0.0,2.0,9.0,28.0,2.0,9.0,16.0,43.0,0.0,0.0,7.0,2.0,53.0,18.0,12.0,43.0,94.0,33.0,0.3,28.0,76.0,5.0,58.0,0.0,0.0,2.0,83.0,2.0,0.0,6.0,1.0,5.0,2.88888888888889,1.0,10.0,5.0,1.0,13.0,2.66666666666667,1.0,2.0,0.75,0.0,1.0,1.0,1.0,2.0,2.0,1.0,1.0,0.0,1.0,1.0,0.0,0.0
2.0,4.0,84.0,3.0,0.0,1.0,0.0,14.0,1.0,4.0,0.0,0.0,1.0,9.0,27.0,1.0,9.0,13.0,17.0,0.0,5.0,4.0,7.0,18.0,13.0,9.0,17.0,45.0,16.0,0.6,12.0,33.0,3.0,20.0,0.0,9.0,2.0,75.0,2.0,0.0,0.0,1.0,5.0,2.55555555555556,1.0,4.0,2.22222222222222,1.0,3.0,1.33333333333333,1.0,1.0,0.363636363636364,0.0,0.0,0.0,0.0,0.0,0.0,1.0,0.0,0.0,1.0,0.0,0.0,0.0
2.0,6.0,123.0,1.0,0.0,1.0,1.0,9.0,1.0,6.0,0.0,0.0,1.0,9.0,27.0,1.0,9.0,9.0,40.0,0.0,0.0,1.0,7.0,41.0,9.0,9.0,40.0,78.0,26.0,0.35,18.0,66.0,1.0,55.0,0.0,9.0,1.0,55.0,2.0,0.0,11.0,1.0,2.0,0.777777777777778,0.0,7.0,4.0,1.0,1.0,1.0,1.0,1.0,0.272727272727273,0.0,1.0,1.0,1.0,1.0,3.0,0.552845528455285,1.0,0.0,2.0,1.0,1.0,0.0
0.0,6.0,37.0,1.0,0.0,1.0,0.0,4.0,1.0,6.0,0.0,0.0,1.0,4.0,0.0,1.0,4.0,4.0,10.0,2.0,0.0,1.0,2.0,16.0,4.0,4.0,10.0,29.0,14.0,0.0,8.0,24.0,1.0,19.0,0.0,4.0,1.0,0.0,2.0,0.0,1.0,1.0,0.0,0.0,0.0,6.0,3.25,1.0,1.0,1.0,1.0,0.0,0.0,0.0,0.0,0.0,0.0,0.0,0.0,1.0,0.0,0.0,1.0,0.0,0.0,0.0
0.0,3.0,21.0,1.0,0.0,1.0,0.0,3.0,1.0,3.0,0.0,0.0,1.0,3.0,0.0,1.0,3.0,3.0,7.0,2.0,0.0,1.0,1.0,3.0,3.0,3.0,7.0,14.0,3.0,0.0,7.0,10.0,1.0,6.0,0.0,3.0,1.0,0.0,2.0,0.0,1.0,1.0,0.0,0.0,0.0,1.0,0.666666666666667,0.0,1.0,1.0,1.0,0.0,0.0,0.0,0.0,0.0,0.0,0.0,0.0,1.0,0.0,0.0,1.0,0.0,0.0,0.0
0.0,8.0,19.0,1.0,0.0,1.0,0.0,1.0,1.0,8.0,1.0,0.0,1.0,1.0,0.0,1.0,1.0,1.0,8.0,0.0,0.0,1.0,1.0,6.0,1.0,1.0,8.0,15.0,5.0,0.0,4.0,13.0,1.0,11.0,0.0,0.0,1.0,0.0,2.0,0.0,4.0,1.0,2.0,2.0,2.0,3.0,3.0,3.0,1.0,1.0,1.0,0.0,0.0,0.0,0.0,0.0,0.0,0.0,0.0,1.0,0.0,0.0,1.0,0.0,0.0,0.0
0.0,9.0,26.0,2.0,0.0,1.0,0.0,2.0,2.0,9.0,0.0,0.0,2.0,1.0,8.0,1.0,1.0,2.0,6.0,0.0,0.0,2.0,1.0,6.0,2.0,1.0,6.0,14.0,4.0,0.57,4.0,10.0,2.0,7.0,0.0,1.0,2.0,0.0,2.0,0.0,2.0,1.0,1.0,1.0,1.0,4.0,4.0,4.0,2.0,2.0,2.0,1.0,1.0,1.0,2.0,2.0,2.0,27.0,1.0,0.884615384615385,0.5,0.0,2.0,2.0,0.0,0.0
0.0,2.0,54.0,1.0,0.0,1.0,0.0,6.0,1.0,3.0,0.0,0.0,1.0,6.0,27.0,1.0,6.0,6.0,10.0,0.0,2.0,1.0,6.0,5.0,6.0,6.0,10.0,22.0,5.0,1.23,5.0,15.0,1.0,8.0,0.0,6.0,1.0,58.0,1.0,0.0,0.0,1.0,1.0,0.833333333333333,0.0,2.0,1.0,0.0,1.0,1.0,1.0,2.0,0.222222222222222,0.0,0.0,0.0,0.0,0.0,0.0,0.814814814814815,0.0,0.0,2.0,0.0,0.0,0.0
0.0,0.0,33.0,0.0,0.0,0.0,1.0,0.0,0.0,0.0,0.0,0.0,0.0,0.0,27.0,1.0,0.0,0.0,3.0,0.0,0.0,0.0,0.0,1.0,0.0,0.0,3.0,4.0,0.0,6.75,2.0,3.0,0.0,2.0,0.0,0.0,0.0,0.0,1.0,0.0,0.0,1.0,0.0,0.0,0.0,0.0,0.0,0.0,0.0,0.0,0.0,0.0,0.0,0.0,0.0,0.0,0.0,0.0,0.0,1.0,0.0,0.0,1.0,0.0,0.0,0.0
0.0,3.0,11.0,1.0,0.0,1.0,0.0,2.0,1.0,3.0,0.0,0.0,1.0,2.0,0.0,1.0,2.0,2.0,4.0,0.0,0.0,1.0,2.0,2.0,2.0,2.0,4.0,9.0,2.0,0.0,2.0,6.0,1.0,3.0,0.0,2.0,1.0,0.0,1.0,0.0,2.0,1.0,1.0,1.0,1.0,1.0,1.0,1.0,1.0,1.0,1.0,0.0,0.0,0.0,0.0,0.0,0.0,0.0,0.0,1.0,0.0,0.0,1.0,0.0,0.0,0.0
0.0,3.0,27.0,1.0,0.0,1.0,0.0,2.0,1.0,3.0,0.0,0.0,1.0,2.0,10.0,1.0,2.0,2.0,6.0,0.0,1.0,1.0,2.0,2.0,2.0,2.0,6.0,11.0,2.0,0.91,6.0,8.0,1.0,5.0,0.0,2.0,1.0,0.0,1.0,0.0,0.0,1.0,1.0,1.0,1.0,1.0,1.0,1.0,1.0,1.0,1.0,0.0,0.0,0.0,0.0,0.0,0.0,0.0,0.0,1.0,0.0,0.0,1.0,0.0,0.0,0.0
0.0,1.0,5.0,1.0,0.0,1.0,0.0,1.0,1.0,1.0,0.0,0.0,1.0,1.0,0.0,1.0,1.0,1.0,3.0,0.0,0.0,1.0,1.0,0.0,1.0,1.0,3.0,4.0,0.0,0.0,1.0,3.0,1.0,2.0,0.0,1.0,1.0,0.0,0.0,0.0,0.0,0.0,1.0,1.0,1.0,0.0,0.0,0.0,1.0,1.0,1.0,0.0,0.0,0.0,0.0,0.0,0.0,0.0,0.0,1.0,0.0,0.0,1.0,0.0,0.0,0.0
0.0,1.0,5.0,1.0,0.0,1.0,0.0,1.0,1.0,1.0,0.0,0.0,1.0,1.0,0.0,1.0,1.0,1.0,3.0,0.0,0.0,1.0,1.0,0.0,1.0,1.0,3.0,4.0,0.0,0.0,1.0,3.0,1.0,2.0,0.0,1.0,1.0,0.0,0.0,0.0,0.0,0.0,1.0,1.0,1.0,0.0,0.0,0.0,1.0,1.0,1.0,0.0,0.0,0.0,0.0,0.0,0.0,0.0,0.0,1.0,0.0,0.0,1.0,0.0,0.0,0.0
0.0,6.0,42.0,1.0,0.0,1.0,0.0,1.0,1.0,6.0,1.0,0.0,1.0,1.0,28.0,1.0,1.0,1.0,6.0,0.0,0.0,1.0,1.0,4.0,1.0,1.0,6.0,11.0,3.0,2.55,3.0,9.0,1.0,7.0,0.0,0.0,1.0,0.0,2.0,0.0,2.0,1.0,2.0,2.0,2.0,2.0,2.0,2.0,1.0,1.0,1.0,0.0,0.0,0.0,0.0,0.0,0.0,0.0,0.0,0.642857142857143,0.0,0.0,2.0,0.0,1.0,0.0
0.0,3.0,9.0,1.0,0.0,1.0,0.0,1.0,1.0,3.0,0.0,0.0,1.0,1.0,0.0,1.0,1.0,1.0,4.0,0.0,0.0,1.0,1.0,1.0,1.0,1.0,3.0,7.0,1.0,0.0,2.0,4.0,1.0,2.0,0.0,1.0,1.0,0.0,1.0,0.0,0.0,1.0,0.0,0.0,0.0,1.0,1.0,1.0,1.0,1.0,1.0,0.0,0.0,0.0,1.0,1.0,1.0,9.0,0.0,1.0,1.0,0.0,1.0,1.0,0.0,0.0
0.0,1.0,22.0,1.0,0.0,1.0,0.0,2.0,1.0,1.0,0.0,0.0,1.0,2.0,0.0,9.0,2.0,2.0,12.0,0.0,0.0,1.0,2.0,0.0,2.0,2.0,12.0,21.0,0.0,0.0,1.0,12.0,1.0,1.0,0.0,2.0,1.0,0.0,1.0,0.0,0.0,1.0,0.0,0.0,0.0,0.0,0.0,0.0,1.0,1.0,1.0,0.0,0.0,0.0,0.0,0.0,0.0,0.0,0.0,1.0,0.0,0.0,1.0,0.0,0.0,0.0
0.0,3.0,52.0,2.0,0.0,1.0,0.0,5.0,1.0,3.0,0.0,0.0,1.0,4.0,28.0,1.0,4.0,5.0,8.0,0.0,1.0,2.0,4.0,7.0,5.0,4.0,8.0,19.0,6.0,1.47,5.0,14.0,2.0,8.0,0.0,4.0,1.0,0.0,1.0,0.0,0.0,1.0,2.0,1.25,1.0,2.0,1.75,1.0,2.0,1.25,1.0,1.0,0.5,0.0,0.0,0.0,0.0,0.0,0.0,1.0,0.0,0.0,1.0,0.0,0.0,0.0
0.0,13.0,96.0,3.0,0.0,1.0,1.0,5.0,2.0,14.0,0.0,0.0,2.0,3.0,32.0,1.0,3.0,5.0,25.0,2.0,0.0,3.0,1.0,30.0,5.0,3.0,24.0,53.0,19.0,0.6,11.0,43.0,3.0,37.0,1.0,3.0,2.0,66.0,2.0,1.0,5.0,1.0,3.0,2.33333333333333,2.0,13.0,6.33333333333333,1.0,4.0,2.0,1.0,1.0,0.6,0.0,1.0,1.0,1.0,1.0,1.0,0.354166666666667,1.0,0.0,5.0,1.0,2.0,0.0
0.0,1.0,84.0,1.0,0.0,1.0,0.0,36.0,1.0,1.0,0.0,0.0,1.0,36.0,29.0,1.0,36.0,36.0,42.0,0.0,0.0,1.0,36.0,0.0,36.0,36.0,42.0,44.0,0.0,0.66,11.0,42.0,1.0,41.0,0.0,36.0,1.0,0.0,0.0,0.0,0.0,0.0,0.0,0.0,0.0,1.0,0.555555555555556,0.0,1.0,1.0,1.0,0.0,0.0,0.0,0.0,0.0,0.0,0.0,0.0,0.630952380952381,0.0,0.0,2.0,0.0,1.0,0.0
0.0,3.0,26.0,2.0,0.0,1.0,0.0,5.0,1.0,3.0,0.0,0.0,1.0,4.0,0.0,4.0,4.0,5.0,10.0,0.0,1.0,2.0,4.0,5.0,5.0,4.0,11.0,23.0,6.0,0.0,3.0,17.0,2.0,8.0,0.0,4.0,1.0,0.0,1.0,0.0,0.0,1.0,2.0,1.25,1.0,2.0,1.25,1.0,2.0,1.25,1.0,1.0,0.333333333333333,0.0,0.0,0.0,0.0,0.0,0.0,1.0,0.0,0.0,1.0,0.0,0.0,0.0
0.0,1.0,24.0,1.0,0.0,1.0,0.0,14.0,1.0,1.0,0.0,0.0,1.0,14.0,0.0,1.0,14.0,14.0,18.0,0.0,0.0,1.0,14.0,0.0,14.0,14.0,18.0,19.0,0.0,0.0,5.0,18.0,1.0,17.0,0.0,14.0,1.0,0.0,0.0,0.0,0.0,0.0,4.0,1.14285714285714,0.0,1.0,0.785714285714286,0.0,1.0,1.0,1.0,0.0,0.0,0.0,0.0,0.0,0.0,0.0,0.0,1.0,0.0,0.0,1.0,0.0,0.0,0.0
1.0,12.0,371.0,5.0,1.0,1.0,1.0,26.0,2.0,18.0,0.0,2.0,2.0,17.0,77.0,2.0,17.0,26.0,82.0,0.0,3.0,5.0,15.0,172.0,26.0,17.0,91.0,226.0,120.0,0.34,68.0,211.0,5.0,188.0,2.0,17.0,2.0,53.0,3.0,0.0,2.0,1.0,3.0,1.47058823529412,0.0,20.0,7.64705882352941,1.0,9.0,1.82352941176471,1.0,2.0,0.5,0.0,0.0,0.0,0.0,0.0,0.0,0.665768194070081,0.0,0.0,2.0,0.0,0.0,0.0
0.0,1.0,33.0,1.0,0.0,1.0,0.0,1.0,1.0,1.0,0.0,0.0,1.0,1.0,28.0,1.0,1.0,1.0,3.0,0.0,0.0,1.0,1.0,0.0,1.0,1.0,3.0,4.0,0.0,7.0,1.0,3.0,1.0,2.0,0.0,1.0,1.0,0.0,0.0,1.0,0.0,0.0,1.0,1.0,1.0,1.0,1.0,1.0,1.0,1.0,1.0,0.0,0.0,0.0,0.0,0.0,0.0,0.0,0.0,0.848484848484849,0.0,0.0,2.0,0.0,0.0,0.0
0.0,3.0,54.0,2.0,0.0,1.0,0.0,5.0,1.0,3.0,0.0,0.0,1.0,4.0,28.0,1.0,4.0,5.0,8.0,0.0,1.0,2.0,4.0,7.0,5.0,4.0,7.0,21.0,6.0,1.33,5.0,13.0,2.0,7.0,0.0,4.0,1.0,25.0,1.0,0.0,0.0,2.0,2.0,1.25,1.0,3.0,1.75,1.0,2.0,1.25,1.0,1.0,0.5,0.0,0.0,0.0,0.0,0.0,0.0,0.518518518518518,0.0,0.0,2.0,0.0,0.0,0.0
0.0,5.0,57.0,1.0,0.0,1.0,0.0,3.0,1.0,5.0,0.0,0.0,1.0,3.0,29.0,1.0,3.0,3.0,10.0,1.0,0.0,1.0,2.0,11.0,3.0,3.0,8.0,23.0,4.0,1.26,5.0,12.0,1.0,8.0,0.0,3.0,1.0,0.0,3.0,0.0,1.0,1.0,1.0,0.333333333333333,0.0,3.0,2.33333333333333,2.0,1.0,1.0,1.0,0.0,0.0,0.0,2.0,2.0,1.0,23.0,25.0,0.614035087719298,1.0,0.0,2.0,1.0,0.0,0.0
0.0,6.0,18.0,1.0,0.0,1.0,0.0,1.0,1.0,8.0,0.0,2.0,1.0,1.0,2.0,1.0,1.0,1.0,7.0,0.0,0.0,1.0,1.0,4.0,1.0,1.0,7.0,11.0,2.0,0.18,5.0,9.0,1.0,7.0,0.0,1.0,1.0,0.0,2.0,0.0,3.0,1.0,0.0,0.0,0.0,7.0,7.0,7.0,1.0,1.0,1.0,0.0,0.0,0.0,2.0,2.0,2.0,2.0,2.0,0.777777777777778,0.5,0.0,4.0,2.0,0.0,0.0
0.0,3.0,45.0,1.0,0.0,1.0,0.0,2.0,1.0,3.0,0.0,0.0,1.0,2.0,35.0,1.0,2.0,2.0,4.0,0.0,0.0,1.0,2.0,2.0,2.0,2.0,4.0,9.0,2.0,3.89,2.0,6.0,1.0,3.0,0.0,2.0,1.0,0.0,1.0,0.0,0.0,1.0,0.0,0.0,0.0,1.0,1.0,1.0,1.0,1.0,1.0,0.0,0.0,0.0,0.0,0.0,0.0,0.0,0.0,1.0,0.0,0.0,1.0,0.0,0.0,0.0
0.0,9.0,23.0,2.0,0.0,1.0,0.0,2.0,2.0,10.0,0.0,0.0,2.0,1.0,0.0,1.0,1.0,2.0,11.0,0.0,0.0,2.0,1.0,6.0,2.0,1.0,10.0,18.0,3.0,0.0,5.0,13.0,2.0,10.0,1.0,1.0,2.0,0.0,2.0,0.0,6.0,1.0,2.0,2.0,2.0,8.0,8.0,8.0,2.0,2.0,2.0,1.0,1.0,1.0,1.0,1.0,1.0,1.0,1.0,0.91304347826087,1.0,0.0,1.0,1.0,2.0,0.0
0.0,2.0,8.0,1.0,0.0,1.0,0.0,2.0,1.0,2.0,0.0,0.0,1.0,2.0,0.0,1.0,2.0,2.0,4.0,1.0,0.0,1.0,1.0,1.0,2.0,2.0,4.0,6.0,1.0,0.0,2.0,5.0,1.0,3.0,0.0,2.0,1.0,0.0,1.0,0.0,0.0,1.0,1.0,0.5,0.0,2.0,1.5,1.0,1.0,1.0,1.0,4.0,0.8,0.0,0.0,0.0,0.0,0.0,0.0,1.0,0.0,0.0,1.0,0.0,0.0,0.0
1.0,2.0,17.0,1.0,0.0,1.0,1.0,3.0,1.0,2.0,1.0,0.0,1.0,3.0,0.0,1.0,3.0,3.0,6.0,0.0,0.0,1.0,2.0,3.0,3.0,3.0,6.0,12.0,2.0,0.0,5.0,8.0,1.0,4.0,0.0,2.0,1.0,66.0,1.0,0.0,0.0,1.0,1.0,0.333333333333333,0.0,1.0,1.0,1.0,1.0,1.0,1.0,0.0,0.0,0.0,0.0,0.0,0.0,0.0,0.0,1.0,0.0,0.0,1.0,0.0,0.0,0.0
0.0,4.0,41.0,1.0,0.0,1.0,1.0,1.0,1.0,4.0,0.0,0.0,1.0,1.0,27.0,1.0,1.0,1.0,7.0,0.0,0.0,1.0,1.0,3.0,1.0,1.0,7.0,11.0,2.0,2.45,3.0,9.0,1.0,7.0,0.0,1.0,1.0,0.0,1.0,0.0,1.0,2.0,0.0,0.0,0.0,2.0,2.0,2.0,1.0,1.0,1.0,0.0,0.0,0.0,0.0,0.0,0.0,0.0,0.0,0.951219512195122,0.0,0.0,1.0,0.0,1.0,0.0
0.0,5.0,114.0,6.0,0.0,1.0,3.0,20.0,2.0,6.0,7.0,0.0,2.0,12.0,11.0,2.0,12.0,20.0,30.0,0.0,1.0,6.0,12.0,44.0,20.0,12.0,30.0,84.0,30.0,0.13,19.0,60.0,6.0,38.0,0.0,5.0,2.0,85.0,1.0,0.0,1.0,1.0,4.0,2.66666666666667,2.0,5.0,2.75,1.0,24.0,3.16666666666667,1.0,2.0,0.6875,0.0,1.0,1.0,1.0,114.0,0.0,1.0,1.0,0.0,1.0,1.0,0.0,0.0
0.0,5.0,114.0,6.0,0.0,1.0,3.0,20.0,2.0,6.0,7.0,0.0,2.0,12.0,11.0,2.0,12.0,20.0,30.0,0.0,1.0,6.0,12.0,44.0,20.0,12.0,30.0,84.0,30.0,0.13,19.0,60.0,6.0,38.0,0.0,5.0,2.0,85.0,1.0,0.0,1.0,1.0,4.0,2.66666666666667,2.0,5.0,2.75,1.0,24.0,3.16666666666667,1.0,2.0,0.6,0.0,2.0,2.0,1.0,116.0,2.0,1.0,1.0,0.0,1.0,1.0,0.0,0.0
1.0,2.0,17.0,1.0,0.0,1.0,1.0,3.0,1.0,2.0,1.0,0.0,1.0,3.0,0.0,1.0,3.0,3.0,6.0,0.0,0.0,1.0,2.0,3.0,3.0,3.0,6.0,12.0,2.0,0.0,5.0,8.0,1.0,4.0,0.0,2.0,1.0,66.0,1.0,0.0,0.0,1.0,1.0,0.333333333333333,0.0,1.0,1.0,1.0,1.0,1.0,1.0,0.0,0.0,0.0,0.0,0.0,0.0,0.0,0.0,1.0,0.0,0.0,1.0,0.0,0.0,0.0
0.0,3.0,28.0,1.0,0.0,1.0,1.0,1.0,1.0,6.0,1.0,3.0,1.0,1.0,13.0,1.0,1.0,1.0,6.0,0.0,0.0,1.0,1.0,2.0,1.0,1.0,6.0,9.0,1.0,1.44,6.0,7.0,1.0,5.0,0.0,0.0,1.0,0.0,2.0,0.0,1.0,1.0,1.0,1.0,1.0,2.0,2.0,2.0,1.0,1.0,1.0,0.0,0.0,0.0,0.0,0.0,0.0,0.0,0.0,1.0,0.0,0.0,1.0,0.0,0.0,0.0
0.0,0.0,14.0,0.0,0.0,0.0,0.0,0.0,0.0,0.0,0.0,0.0,0.0,0.0,8.0,1.0,0.0,0.0,3.0,0.0,1.0,0.0,0.0,0.0,0.0,0.0,3.0,4.0,0.0,2.0,2.0,3.0,0.0,2.0,0.0,0.0,0.0,0.0,1.0,0.0,0.0,1.0,0.0,0.0,0.0,0.0,0.0,0.0,0.0,0.0,0.0,0.0,0.0,0.0,1.0,1.0,1.0,14.0,0.0,1.0,1.0,0.0,1.0,1.0,0.0,0.0
0.0,3.0,28.0,1.0,0.0,1.0,1.0,1.0,1.0,6.0,1.0,3.0,1.0,1.0,13.0,1.0,1.0,1.0,6.0,0.0,0.0,1.0,1.0,2.0,1.0,1.0,6.0,9.0,1.0,1.44,6.0,7.0,1.0,5.0,0.0,0.0,1.0,0.0,2.0,0.0,1.0,1.0,1.0,1.0,1.0,2.0,2.0,2.0,1.0,1.0,1.0,0.0,0.0,0.0,1.0,1.0,1.0,28.0,0.0,1.0,1.0,0.0,1.0,1.0,0.0,0.0
0.0,3.0,17.0,1.0,0.0,1.0,0.0,2.0,1.0,3.0,0.0,0.0,1.0,2.0,0.0,1.0,2.0,2.0,6.0,0.0,1.0,1.0,2.0,3.0,2.0,2.0,6.0,11.0,3.0,0.0,6.0,9.0,1.0,6.0,0.0,2.0,1.0,0.0,2.0,0.0,0.0,1.0,4.0,2.5,1.0,2.0,1.5,1.0,1.0,1.0,1.0,0.0,0.0,0.0,0.0,0.0,0.0,0.0,0.0,1.0,0.0,0.0,1.0,0.0,0.0,0.0
0.0,3.0,7.0,1.0,0.0,1.0,0.0,1.0,1.0,3.0,0.0,0.0,1.0,1.0,0.0,1.0,1.0,1.0,3.0,0.0,0.0,1.0,1.0,1.0,1.0,1.0,3.0,6.0,1.0,0.0,1.0,4.0,1.0,2.0,0.0,1.0,1.0,0.0,1.0,0.0,0.0,1.0,0.0,0.0,0.0,1.0,1.0,1.0,1.0,1.0,1.0,0.0,0.0,0.0,0.0,0.0,0.0,0.0,0.0,1.0,0.0,0.0,1.0,0.0,0.0,0.0
0.0,1.0,5.0,1.0,0.0,1.0,0.0,1.0,1.0,1.0,0.0,0.0,1.0,1.0,0.0,1.0,1.0,1.0,3.0,0.0,0.0,1.0,1.0,0.0,1.0,1.0,3.0,4.0,0.0,0.0,1.0,3.0,1.0,2.0,0.0,1.0,1.0,0.0,0.0,0.0,0.0,0.0,1.0,1.0,1.0,1.0,1.0,1.0,1.0,1.0,1.0,0.0,0.0,0.0,0.0,0.0,0.0,0.0,0.0,1.0,0.0,0.0,1.0,0.0,0.0,0.0
0.0,3.0,28.0,1.0,0.0,1.0,1.0,1.0,1.0,6.0,1.0,3.0,1.0,1.0,13.0,1.0,1.0,1.0,6.0,0.0,0.0,1.0,1.0,2.0,1.0,1.0,6.0,9.0,1.0,1.44,6.0,7.0,1.0,5.0,0.0,0.0,1.0,0.0,2.0,0.0,1.0,1.0,1.0,1.0,1.0,2.0,2.0,2.0,1.0,1.0,1.0,0.0,0.0,0.0,0.0,0.0,0.0,0.0,0.0,1.0,0.0,0.0,1.0,0.0,0.0,0.0
0.0,37.0,93.0,1.0,0.0,1.0,0.0,1.0,1.0,37.0,1.0,0.0,1.0,1.0,37.0,1.0,1.0,1.0,16.0,0.0,0.0,1.0,1.0,35.0,1.0,1.0,16.0,52.0,34.0,0.71,4.0,50.0,1.0,48.0,0.0,0.0,1.0,0.0,2.0,0.0,33.0,1.0,1.0,1.0,1.0,5.0,5.0,5.0,1.0,1.0,1.0,0.0,0.0,0.0,13.0,13.0,4.0,13.0,9.0,0.397849462365591,0.307692307692308,0.0,5.0,4.0,3.0,0.0
0.0,0.0,5.0,0.0,0.0,0.0,1.0,0.0,0.0,0.0,0.0,0.0,0.0,0.0,0.0,1.0,0.0,0.0,3.0,0.0,0.0,0.0,0.0,1.0,0.0,0.0,3.0,4.0,0.0,0.0,1.0,3.0,0.0,2.0,0.0,0.0,0.0,0.0,2.0,0.0,0.0,1.0,0.0,0.0,0.0,0.0,0.0,0.0,0.0,0.0,0.0,0.0,0.0,0.0,0.0,0.0,0.0,0.0,0.0,0.8,0.0,0.0,2.0,0.0,0.0,0.0
0.0,3.0,12.0,1.0,0.0,1.0,0.0,1.0,1.0,3.0,0.0,0.0,1.0,1.0,0.0,1.0,1.0,1.0,5.0,0.0,0.0,1.0,1.0,1.0,1.0,1.0,5.0,8.0,1.0,0.0,4.0,6.0,1.0,4.0,0.0,1.0,1.0,0.0,2.0,0.0,1.0,1.0,1.0,1.0,1.0,2.0,2.0,2.0,1.0,1.0,1.0,0.0,0.0,0.0,0.0,0.0,0.0,0.0,0.0,0.833333333333333,0.0,0.0,2.0,0.0,0.0,0.0
0.0,2.0,35.0,1.0,0.0,1.0,0.0,1.0,1.0,2.0,0.0,0.0,1.0,1.0,27.0,1.0,1.0,1.0,5.0,0.0,0.0,1.0,1.0,0.0,1.0,1.0,5.0,6.0,0.0,4.5,2.0,5.0,1.0,3.0,0.0,1.0,1.0,0.0,2.0,0.0,1.0,1.0,0.0,0.0,0.0,0.0,0.0,0.0,1.0,1.0,1.0,0.0,0.0,0.0,0.0,0.0,0.0,0.0,0.0,1.0,0.0,0.0,1.0,0.0,0.0,0.0
0.0,3.0,25.0,1.0,0.0,1.0,0.0,3.0,1.0,3.0,1.0,0.0,1.0,3.0,0.0,2.0,3.0,3.0,11.0,1.0,0.0,1.0,2.0,3.0,3.0,3.0,11.0,19.0,3.0,0.0,6.0,14.0,1.0,9.0,0.0,2.0,1.0,0.0,4.0,0.0,3.0,1.0,2.0,1.33333333333333,0.0,4.0,2.33333333333333,0.0,1.0,1.0,1.0,0.0,0.0,0.0,1.0,1.0,1.0,0.0,9.0,0.76,1.0,0.0,2.0,1.0,1.0,0.0
0.0,3.0,28.0,1.0,0.0,1.0,1.0,1.0,1.0,6.0,1.0,3.0,1.0,1.0,13.0,1.0,1.0,1.0,6.0,0.0,0.0,1.0,1.0,2.0,1.0,1.0,6.0,9.0,1.0,1.44,6.0,7.0,1.0,5.0,0.0,0.0,1.0,0.0,2.0,0.0,1.0,1.0,1.0,1.0,1.0,2.0,2.0,2.0,1.0,1.0,1.0,0.0,0.0,0.0,0.0,0.0,0.0,0.0,0.0,1.0,0.0,0.0,1.0,0.0,0.0,0.0
0.0,3.0,28.0,1.0,0.0,1.0,1.0,1.0,1.0,6.0,1.0,3.0,1.0,1.0,13.0,1.0,1.0,1.0,6.0,0.0,0.0,1.0,1.0,2.0,1.0,1.0,6.0,9.0,1.0,1.44,6.0,7.0,1.0,5.0,0.0,0.0,1.0,0.0,2.0,0.0,1.0,1.0,1.0,1.0,1.0,2.0,2.0,2.0,1.0,1.0,1.0,0.0,0.0,0.0,1.0,1.0,1.0,28.0,0.0,1.0,1.0,0.0,1.0,1.0,0.0,0.0
0.0,1.0,5.0,1.0,0.0,1.0,0.0,1.0,1.0,1.0,0.0,0.0,1.0,1.0,0.0,1.0,1.0,1.0,3.0,0.0,0.0,1.0,1.0,0.0,1.0,1.0,3.0,4.0,0.0,0.0,1.0,3.0,1.0,2.0,0.0,1.0,1.0,0.0,1.0,0.0,0.0,1.0,1.0,1.0,1.0,0.0,0.0,0.0,1.0,1.0,1.0,0.0,0.0,0.0,0.0,0.0,0.0,0.0,0.0,1.0,0.0,0.0,1.0,0.0,0.0,0.0
0.0,3.0,7.0,1.0,0.0,1.0,0.0,1.0,1.0,3.0,0.0,0.0,1.0,1.0,0.0,1.0,1.0,1.0,3.0,0.0,0.0,1.0,1.0,1.0,1.0,1.0,3.0,6.0,1.0,0.0,1.0,4.0,1.0,2.0,0.0,1.0,1.0,0.0,1.0,0.0,0.0,1.0,0.0,0.0,0.0,1.0,1.0,1.0,1.0,1.0,1.0,0.0,0.0,0.0,0.0,0.0,0.0,0.0,0.0,1.0,0.0,0.0,1.0,0.0,0.0,0.0
0.0,3.0,28.0,1.0,0.0,1.0,1.0,1.0,1.0,6.0,1.0,3.0,1.0,1.0,13.0,1.0,1.0,1.0,6.0,0.0,0.0,1.0,1.0,2.0,1.0,1.0,6.0,9.0,1.0,1.44,6.0,7.0,1.0,5.0,0.0,0.0,1.0,0.0,2.0,0.0,1.0,1.0,1.0,1.0,1.0,2.0,2.0,2.0,1.0,1.0,1.0,0.0,0.0,0.0,0.0,0.0,0.0,0.0,0.0,1.0,0.0,0.0,1.0,0.0,0.0,0.0
0.0,3.0,28.0,1.0,0.0,1.0,1.0,1.0,1.0,6.0,1.0,3.0,1.0,1.0,13.0,1.0,1.0,1.0,6.0,0.0,0.0,1.0,1.0,2.0,1.0,1.0,6.0,9.0,1.0,1.44,6.0,7.0,1.0,5.0,0.0,0.0,1.0,0.0,2.0,0.0,1.0,1.0,1.0,1.0,1.0,2.0,2.0,2.0,1.0,1.0,1.0,0.0,0.0,0.0,1.0,1.0,1.0,28.0,0.0,1.0,1.0,0.0,1.0,1.0,0.0,0.0
0.0,3.0,28.0,1.0,0.0,1.0,1.0,1.0,1.0,6.0,1.0,3.0,1.0,1.0,13.0,1.0,1.0,1.0,6.0,0.0,0.0,1.0,1.0,2.0,1.0,1.0,6.0,9.0,1.0,1.44,6.0,7.0,1.0,5.0,0.0,0.0,1.0,0.0,2.0,0.0,1.0,1.0,1.0,1.0,1.0,2.0,2.0,2.0,1.0,1.0,1.0,0.0,0.0,0.0,0.0,0.0,0.0,0.0,0.0,1.0,0.0,0.0,1.0,0.0,0.0,0.0
2.0,9.0,142.0,5.0,0.0,2.0,2.0,12.0,2.0,12.0,2.0,0.0,2.0,6.0,38.0,2.0,6.0,11.0,36.0,0.0,3.0,6.0,4.0,41.0,11.0,9.0,35.0,80.0,27.0,0.47,25.0,62.0,5.0,49.0,2.0,4.0,2.0,66.0,2.0,0.0,4.0,1.0,4.0,2.0,1.0,11.0,5.5,1.0,8.0,2.33333333333333,1.0,2.0,0.888888888888889,0.0,1.0,1.0,1.0,1.0,1.0,0.309859154929577,1.0,0.0,4.0,1.0,3.0,0.0
0.0,0.0,4.0,0.0,0.0,0.0,0.0,0.0,0.0,0.0,0.0,0.0,0.0,0.0,0.0,1.0,0.0,0.0,2.0,0.0,0.0,0.0,0.0,0.0,0.0,0.0,2.0,3.0,0.0,0.0,1.0,2.0,0.0,1.0,0.0,0.0,0.0,0.0,1.0,0.0,0.0,1.0,0.0,0.0,0.0,0.0,0.0,0.0,0.0,0.0,0.0,0.0,0.0,0.0,1.0,1.0,1.0,4.0,0.0,1.0,1.0,0.0,1.0,1.0,0.0,0.0
1.0,12.0,243.0,8.0,0.0,2.0,4.0,28.0,2.0,15.0,2.0,1.0,2.0,12.0,38.0,3.0,12.0,28.0,45.0,1.0,4.0,8.0,10.0,105.0,28.0,18.0,49.0,168.0,67.0,0.23,37.0,116.0,8.0,80.0,1.0,10.0,2.0,80.0,2.0,0.0,4.0,2.0,4.0,2.16666666666667,0.0,8.0,3.25,1.0,48.0,5.75,1.0,4.0,1.4375,0.0,1.0,1.0,1.0,74.0,0.0,0.934156378600823,1.0,0.0,2.0,1.0,0.0,0.0
0.0,10.0,66.0,3.0,0.0,1.0,0.0,7.0,2.0,13.0,0.0,0.0,2.0,3.0,1.0,1.0,3.0,7.0,22.0,2.0,5.0,3.0,1.0,25.0,7.0,3.0,22.0,48.0,24.0,0.02,17.0,46.0,3.0,38.0,3.0,3.0,2.0,19.0,2.0,0.0,6.0,1.0,4.0,2.33333333333333,0.0,13.0,7.66666666666667,3.0,4.0,3.0,1.0,1.0,0.8,0.0,5.0,5.0,2.0,77.0,11.0,0.984848484848485,0.8,0.0,1.0,2.0,1.0,0.0
0.0,9.0,119.0,1.0,0.0,1.0,0.0,7.0,1.0,10.0,0.0,0.0,1.0,7.0,30.0,2.0,7.0,7.0,24.0,0.0,2.0,1.0,7.0,48.0,7.0,7.0,24.0,73.0,40.0,0.41,16.0,64.0,1.0,55.0,0.0,7.0,1.0,83.0,2.0,0.0,2.0,1.0,2.0,0.571428571428571,0.0,10.0,5.57142857142857,2.0,1.0,1.0,1.0,0.0,0.0,0.0,3.0,3.0,2.0,56.0,60.0,0.38655462184874,0.666666666666667,0.0,6.0,2.0,0.0,0.0
6.0,5.0,241.0,6.0,2.0,1.0,1.0,38.0,2.0,6.0,12.0,0.0,2.0,25.0,50.0,6.0,25.0,38.0,64.0,1.0,2.0,6.0,16.0,80.0,38.0,29.0,64.0,161.0,55.0,0.31,30.0,119.0,6.0,78.0,0.0,13.0,2.0,93.0,2.0,1.0,8.0,2.0,6.0,1.36,0.0,10.0,2.28,0.0,10.0,1.64,1.0,3.0,0.46875,0.0,1.0,1.0,1.0,1.0,0.0,0.302904564315353,1.0,0.0,4.0,1.0,4.0,0.0
0.0,10.0,62.0,1.0,0.0,1.0,0.0,2.0,1.0,12.0,0.0,0.0,1.0,2.0,28.0,1.0,2.0,2.0,10.0,0.0,0.0,1.0,2.0,17.0,2.0,2.0,10.0,26.0,13.0,1.08,8.0,23.0,1.0,20.0,1.0,2.0,1.0,0.0,2.0,0.0,1.0,1.0,1.0,0.5,0.0,4.0,2.5,1.0,1.0,1.0,1.0,0.0,0.0,0.0,0.0,0.0,0.0,0.0,0.0,0.580645161290323,0.0,0.0,2.0,0.0,1.0,0.0
0.0,4.0,59.0,1.0,0.0,1.0,0.0,3.0,1.0,4.0,0.0,0.0,1.0,3.0,32.0,1.0,3.0,3.0,9.0,0.0,1.0,1.0,3.0,8.0,3.0,3.0,9.0,21.0,8.0,1.52,6.0,17.0,1.0,13.0,0.0,3.0,1.0,33.0,2.0,0.0,5.0,1.0,1.0,0.666666666666667,0.0,5.0,2.66666666666667,1.0,1.0,1.0,1.0,0.0,0.0,0.0,1.0,1.0,1.0,1.0,1.0,0.491525423728814,1.0,0.0,3.0,1.0,2.0,0.0
1.0,6.0,100.0,3.0,0.0,1.0,0.0,9.0,1.0,6.0,0.0,0.0,1.0,7.0,36.0,1.0,7.0,9.0,19.0,1.0,0.0,3.0,5.0,26.0,9.0,7.0,18.0,53.0,22.0,0.68,11.0,40.0,3.0,30.0,0.0,7.0,1.0,0.0,3.0,0.0,8.0,1.0,5.0,1.14285714285714,0.0,8.0,3.57142857142857,2.0,3.0,1.28571428571429,1.0,2.0,0.666666666666667,0.0,3.0,3.0,2.0,5.0,8.0,0.47,0.666666666666667,0.0,4.0,2.0,6.0,0.0
0.0,6.0,87.0,2.0,0.0,1.0,0.0,9.0,2.0,6.0,0.0,0.0,2.0,6.0,30.0,1.0,6.0,9.0,13.0,0.0,1.0,2.0,6.0,22.0,9.0,6.0,13.0,45.0,19.0,0.67,12.0,32.0,2.0,22.0,0.0,6.0,2.0,83.0,3.0,0.0,4.0,1.0,3.0,2.33333333333333,1.0,5.0,4.0,1.0,2.0,1.5,1.0,1.0,0.625,0.0,1.0,1.0,1.0,1.0,1.0,0.528735632183908,1.0,0.0,3.0,1.0,2.0,0.0
0.0,11.0,105.0,2.0,0.0,1.0,0.0,5.0,1.0,12.0,0.0,0.0,1.0,4.0,32.0,1.0,4.0,5.0,28.0,0.0,2.0,2.0,4.0,35.0,5.0,4.0,29.0,57.0,24.0,0.56,16.0,53.0,2.0,47.0,1.0,4.0,1.0,25.0,2.0,0.0,4.0,1.0,2.0,1.25,0.0,12.0,6.0,1.0,2.0,1.25,1.0,1.0,0.5,0.0,1.0,1.0,1.0,1.0,1.0,0.323809523809524,1.0,0.0,3.0,1.0,5.0,0.0
0.0,6.0,30.0,2.0,0.0,1.0,0.0,4.0,1.0,6.0,0.0,0.0,1.0,3.0,0.0,1.0,3.0,4.0,11.0,1.0,0.0,2.0,2.0,12.0,4.0,3.0,10.0,24.0,8.0,0.0,6.0,18.0,2.0,13.0,0.0,3.0,1.0,0.0,3.0,0.0,2.0,1.0,1.0,0.333333333333333,0.0,5.0,3.66666666666667,3.0,2.0,1.33333333333333,1.0,1.0,0.6,0.0,1.0,1.0,1.0,1.0,1.0,0.967741935483871,1.0,0.0,1.0,1.0,1.0,0.0
0.0,11.0,90.0,2.0,0.0,1.0,0.0,6.0,2.0,12.0,0.0,0.0,2.0,4.0,30.0,2.0,4.0,6.0,18.0,1.0,0.0,2.0,3.0,34.0,6.0,4.0,16.0,54.0,15.0,0.56,6.0,31.0,2.0,23.0,0.0,4.0,2.0,0.0,3.0,0.0,2.0,1.0,1.0,0.5,0.0,6.0,3.0,0.0,2.0,1.5,1.0,1.0,0.571428571428571,0.0,1.0,1.0,1.0,1.0,1.0,0.989010989010989,1.0,0.0,1.0,1.0,1.0,0.0
0.0,6.0,23.0,2.0,0.0,1.0,0.0,3.0,2.0,6.0,0.0,0.0,2.0,2.0,0.0,1.0,2.0,3.0,8.0,1.0,0.0,2.0,1.0,6.0,3.0,2.0,7.0,17.0,4.0,0.0,6.0,11.0,2.0,7.0,0.0,2.0,2.0,0.0,3.0,0.0,2.0,1.0,1.0,0.5,0.0,3.0,3.0,3.0,2.0,1.5,1.0,1.0,0.75,0.0,2.0,2.0,2.0,3.0,2.0,0.826086956521739,0.5,0.0,3.0,2.0,0.0,0.0
0.0,7.0,91.0,2.0,0.0,1.0,0.0,9.0,2.0,7.0,0.0,0.0,2.0,6.0,31.0,1.0,6.0,9.0,13.0,1.0,0.0,2.0,5.0,30.0,9.0,6.0,12.0,52.0,21.0,0.6,8.0,33.0,2.0,23.0,0.0,6.0,2.0,0.0,3.0,0.0,4.0,1.0,1.0,0.833333333333333,0.0,8.0,5.16666666666667,2.0,2.0,1.5,1.0,1.0,0.625,0.0,2.0,2.0,1.0,5.0,6.0,0.582417582417582,1.0,0.0,2.0,1.0,0.0,0.0
1.0,7.0,136.0,2.0,0.0,1.0,0.0,10.0,1.0,7.0,0.0,0.0,1.0,9.0,40.0,3.0,9.0,10.0,41.0,1.0,0.0,2.0,7.0,43.0,10.0,9.0,37.0,83.0,32.0,0.48,13.0,69.0,2.0,57.0,0.0,9.0,1.0,0.0,3.0,0.0,13.0,2.0,5.0,1.33333333333333,0.0,12.0,4.55555555555556,1.0,2.0,1.11111111111111,1.0,2.0,0.461538461538462,0.0,6.0,6.0,3.0,16.0,9.0,0.647058823529412,0.5,0.0,4.0,3.0,5.0,0.0
0.0,7.0,138.0,2.0,0.0,1.0,0.0,9.0,1.0,11.0,0.0,4.0,1.0,8.0,62.0,1.0,8.0,9.0,20.0,1.0,1.0,2.0,7.0,45.0,9.0,8.0,19.0,69.0,39.0,0.9,10.0,58.0,2.0,48.0,0.0,8.0,1.0,75.0,3.0,0.0,2.0,1.0,2.0,0.75,0.0,6.0,2.5,0.0,2.0,1.125,1.0,1.0,0.3,0.0,2.0,2.0,1.0,4.0,6.0,0.971014492753623,1.0,0.0,1.0,1.0,1.0,0.0
0.0,6.0,87.0,2.0,0.0,1.0,0.0,6.0,2.0,8.0,0.0,1.0,2.0,4.0,38.0,1.0,4.0,6.0,18.0,2.0,2.0,2.0,2.0,17.0,6.0,4.0,18.0,39.0,13.0,0.97,10.0,31.0,2.0,24.0,0.0,4.0,2.0,62.0,2.0,12.0,4.0,1.0,33.0,10.75,0.0,13.0,4.25,1.0,2.0,1.5,1.0,1.0,0.666666666666667,0.0,3.0,3.0,3.0,7.0,5.0,0.390804597701149,0.333333333333333,0.0,4.0,3.0,3.0,0.0
0.0,5.0,32.0,1.0,0.0,1.0,0.0,4.0,1.0,5.0,0.0,0.0,1.0,4.0,0.0,1.0,4.0,4.0,8.0,0.0,0.0,1.0,4.0,14.0,4.0,4.0,8.0,27.0,14.0,0.0,5.0,22.0,1.0,17.0,0.0,4.0,1.0,0.0,2.0,0.0,1.0,1.0,0.0,0.0,0.0,3.0,2.75,2.0,1.0,1.0,1.0,0.0,0.0,0.0,5.0,5.0,3.0,49.0,17.0,0.71875,0.6,0.0,2.0,3.0,0.0,0.0
0.0,3.0,50.0,1.0,0.0,1.0,0.0,3.0,1.0,3.0,0.0,0.0,1.0,3.0,29.0,1.0,3.0,3.0,8.0,1.0,0.0,1.0,2.0,5.0,3.0,3.0,7.0,16.0,4.0,1.81,5.0,11.0,1.0,7.0,0.0,3.0,1.0,0.0,3.0,0.0,1.0,1.0,1.0,0.333333333333333,0.0,3.0,2.33333333333333,2.0,1.0,1.0,1.0,0.0,0.0,0.0,2.0,2.0,1.0,17.0,18.0,0.58,1.0,0.0,3.0,1.0,1.0,0.0
4.0,5.0,105.0,2.0,0.0,1.0,0.0,10.0,1.0,6.0,0.0,0.0,1.0,8.0,27.0,1.0,8.0,10.0,28.0,0.0,2.0,2.0,4.0,28.0,10.0,8.0,29.0,59.0,21.0,0.46,19.0,50.0,2.0,39.0,0.0,8.0,1.0,56.0,2.0,0.0,4.0,1.0,5.0,2.625,1.0,6.0,3.875,1.0,2.0,1.25,1.0,1.0,0.4,0.0,1.0,1.0,1.0,1.0,1.0,0.80952380952381,1.0,0.0,2.0,1.0,1.0,0.0
0.0,9.0,187.0,2.0,0.0,1.0,0.0,11.0,1.0,13.0,0.0,2.0,1.0,10.0,61.0,1.0,10.0,11.0,15.0,1.0,1.0,2.0,9.0,78.0,11.0,10.0,14.0,105.0,75.0,0.58,21.0,89.0,2.0,77.0,0.0,10.0,1.0,70.0,3.0,0.0,1.0,1.0,1.0,0.5,0.0,4.0,2.7,2.0,2.0,1.1,1.0,1.0,0.25,0.0,2.0,2.0,1.0,4.0,6.0,0.550802139037433,1.0,0.0,4.0,1.0,3.0,0.0
0.0,5.0,91.0,1.0,0.0,1.0,0.0,7.0,1.0,6.0,0.0,0.0,1.0,7.0,30.0,3.0,7.0,7.0,21.0,1.0,1.0,1.0,6.0,24.0,7.0,7.0,21.0,50.0,18.0,0.6,11.0,39.0,1.0,30.0,0.0,7.0,1.0,19.0,3.0,0.0,5.0,2.0,2.0,1.28571428571429,0.0,8.0,3.85714285714286,2.0,1.0,1.0,1.0,0.0,0.0,0.0,2.0,2.0,1.0,91.0,0.0,1.0,1.0,0.0,1.0,1.0,0.0,0.0
0.0,3.0,101.0,1.0,0.0,1.0,0.0,12.0,1.0,3.0,0.0,0.0,1.0,12.0,34.0,1.0,12.0,12.0,22.0,1.0,2.0,1.0,11.0,16.0,12.0,12.0,21.0,51.0,16.0,0.67,16.0,37.0,1.0,24.0,0.0,12.0,1.0,37.0,2.0,0.0,7.0,1.0,2.0,1.25,1.0,6.0,3.41666666666667,1.0,1.0,1.0,1.0,0.0,0.0,0.0,2.0,2.0,1.0,4.0,3.0,0.445544554455446,1.0,0.0,3.0,1.0,4.0,0.0
0.0,3.0,95.0,1.0,0.0,1.0,0.0,12.0,1.0,3.0,0.0,0.0,1.0,12.0,30.0,1.0,12.0,12.0,20.0,0.0,2.0,1.0,12.0,17.0,12.0,12.0,20.0,50.0,17.0,0.6,15.0,37.0,1.0,24.0,0.0,12.0,1.0,45.0,2.0,0.0,5.0,1.0,2.0,1.08333333333333,1.0,5.0,2.83333333333333,1.0,1.0,1.0,1.0,0.0,0.0,0.0,2.0,2.0,2.0,2.0,3.0,0.6,0.5,0.0,2.0,2.0,5.0,0.0
0.0,6.0,66.0,1.0,0.0,1.0,0.0,3.0,1.0,7.0,0.0,0.0,1.0,3.0,29.0,1.0,3.0,3.0,13.0,0.0,1.0,1.0,3.0,13.0,3.0,3.0,13.0,27.0,10.0,1.07,10.0,23.0,1.0,19.0,1.0,3.0,1.0,33.0,2.0,0.0,4.0,1.0,1.0,1.0,1.0,7.0,4.0,1.0,1.0,1.0,1.0,0.0,0.0,0.0,2.0,2.0,2.0,10.0,3.0,0.439393939393939,0.5,0.0,3.0,2.0,4.0,0.0
4.0,14.0,216.0,9.0,0.0,2.0,3.0,27.0,3.0,16.0,0.0,0.0,3.0,9.0,16.0,2.0,9.0,26.0,62.0,2.0,8.0,9.0,3.0,92.0,26.0,17.0,64.0,165.0,67.0,0.1,35.0,131.0,9.0,105.0,2.0,9.0,3.0,63.0,2.0,0.0,5.0,1.0,10.0,4.55555555555556,2.0,14.0,7.11111111111111,2.0,26.0,5.11111111111111,1.0,4.0,1.66666666666667,0.0,1.0,1.0,1.0,30.0,22.0,0.587962962962963,1.0,0.0,3.0,1.0,0.0,0.0
0.0,15.0,43.0,2.0,0.0,1.0,2.0,4.0,2.0,19.0,0.0,1.0,2.0,2.0,2.0,2.0,2.0,4.0,11.0,0.0,0.0,2.0,2.0,17.0,4.0,2.0,11.0,31.0,12.0,0.06,10.0,23.0,2.0,18.0,3.0,2.0,2.0,0.0,2.0,0.0,4.0,2.0,2.0,2.0,2.0,11.0,6.5,2.0,2.0,2.0,2.0,1.0,1.0,1.0,1.0,1.0,1.0,1.0,1.0,0.883720930232558,1.0,0.0,2.0,1.0,1.0,0.0
0.0,3.0,7.0,1.0,0.0,1.0,0.0,1.0,1.0,3.0,0.0,0.0,1.0,1.0,0.0,1.0,1.0,1.0,3.0,0.0,0.0,1.0,1.0,1.0,1.0,1.0,3.0,6.0,1.0,0.0,1.0,4.0,1.0,2.0,0.0,1.0,1.0,0.0,1.0,0.0,1.0,1.0,1.0,1.0,1.0,1.0,1.0,1.0,1.0,1.0,1.0,0.0,0.0,0.0,0.0,0.0,0.0,0.0,0.0,1.0,0.0,0.0,1.0,0.0,0.0,0.0
2.0,9.0,288.0,6.0,0.0,1.0,0.0,33.0,2.0,10.0,0.0,0.0,2.0,22.0,27.0,1.0,22.0,33.0,63.0,0.0,0.0,6.0,20.0,160.0,33.0,22.0,66.0,221.0,119.0,0.12,40.0,185.0,6.0,151.0,0.0,22.0,2.0,0.0,2.0,0.0,1.0,1.0,2.0,0.363636363636364,0.0,7.0,4.81818181818182,2.0,32.0,2.72727272727273,1.0,1.0,0.333333333333333,0.0,0.0,0.0,0.0,0.0,0.0,0.895833333333333,0.0,0.0,2.0,0.0,0.0,0.0
0.0,17.0,80.0,2.0,0.0,1.0,0.0,4.0,1.0,22.0,0.0,0.0,1.0,3.0,0.0,1.0,3.0,4.0,14.0,0.0,0.0,2.0,3.0,45.0,4.0,3.0,15.0,59.0,40.0,0.0,21.0,55.0,2.0,51.0,5.0,3.0,1.0,0.0,2.0,0.0,1.0,1.0,3.0,1.33333333333333,0.0,7.0,5.0,1.0,2.0,1.33333333333333,1.0,1.0,0.666666666666667,0.0,0.0,0.0,0.0,0.0,0.0,1.0,0.0,0.0,1.0,0.0,0.0,0.0
1.0,8.0,172.0,3.0,0.0,1.0,0.0,13.0,1.0,11.0,1.0,1.0,1.0,9.0,52.0,3.0,9.0,13.0,38.0,3.0,1.0,3.0,5.0,56.0,13.0,9.0,37.0,95.0,39.0,0.55,25.0,76.0,3.0,60.0,0.0,8.0,1.0,33.0,2.0,0.0,5.0,2.0,11.0,2.44444444444444,0.0,11.0,5.0,1.0,4.0,1.55555555555556,1.0,1.0,0.538461538461538,0.0,4.0,4.0,2.0,400.0,228.0,1.0,0.5,0.0,1.0,2.0,0.0,0.0
0.0,7.0,60.0,4.0,0.0,1.0,0.0,5.0,3.0,7.0,0.0,0.0,3.0,2.0,34.0,1.0,2.0,5.0,7.0,0.0,0.0,4.0,2.0,8.0,5.0,2.0,7.0,20.0,7.0,1.7,6.0,14.0,4.0,8.0,0.0,2.0,3.0,0.0,2.0,0.0,1.0,1.0,2.0,2.0,2.0,2.0,1.5,1.0,8.0,4.5,1.0,1.0,0.75,0.0,1.0,1.0,1.0,60.0,0.0,1.0,1.0,0.0,1.0,1.0,0.0,0.0
0.0,3.0,7.0,1.0,0.0,1.0,0.0,1.0,1.0,3.0,1.0,0.0,1.0,1.0,0.0,1.0,1.0,1.0,3.0,0.0,0.0,1.0,1.0,1.0,1.0,1.0,3.0,6.0,1.0,0.0,1.0,4.0,1.0,2.0,0.0,0.0,1.0,0.0,1.0,0.0,0.0,1.0,0.0,0.0,0.0,2.0,2.0,2.0,1.0,1.0,1.0,0.0,0.0,0.0,0.0,0.0,0.0,0.0,0.0,1.0,0.0,0.0,1.0,0.0,0.0,0.0
0.0,9.0,104.0,3.0,0.0,1.0,0.0,12.0,2.0,10.0,0.0,0.0,2.0,7.0,5.0,1.0,7.0,12.0,42.0,2.0,4.0,3.0,5.0,48.0,12.0,7.0,38.0,85.0,25.0,0.06,14.0,63.0,3.0,50.0,0.0,7.0,2.0,64.0,2.0,0.0,6.0,1.0,3.0,1.42857142857143,0.0,11.0,4.42857142857143,1.0,3.0,1.71428571428571,1.0,2.0,1.0,0.0,7.0,7.0,2.0,98.0,52.0,0.769230769230769,0.714285714285714,0.0,2.0,2.0,0.0,0.0
0.0,4.0,98.0,4.0,0.0,1.0,0.0,19.0,1.0,4.0,0.0,0.0,1.0,11.0,31.0,1.0,11.0,16.0,21.0,0.0,3.0,7.0,11.0,23.0,16.0,11.0,21.0,54.0,17.0,0.57,14.0,38.0,4.0,25.0,0.0,11.0,2.0,45.0,1.0,0.0,1.0,1.0,4.0,1.81818181818182,0.0,4.0,1.72727272727273,1.0,2.0,1.09090909090909,1.0,1.0,0.230769230769231,0.0,1.0,1.0,1.0,5.0,5.0,1.0,1.0,0.0,1.0,1.0,0.0,0.0
0.0,4.0,84.0,3.0,0.0,1.0,0.0,14.0,1.0,4.0,0.0,0.0,1.0,9.0,31.0,1.0,9.0,12.0,17.0,0.0,2.0,5.0,9.0,18.0,12.0,9.0,17.0,43.0,13.0,0.72,11.0,30.0,3.0,19.0,0.0,9.0,2.0,33.0,1.0,0.0,1.0,1.0,3.0,1.55555555555556,0.0,3.0,1.55555555555556,1.0,2.0,1.11111111111111,1.0,1.0,0.272727272727273,0.0,0.0,0.0,0.0,0.0,0.0,1.0,0.0,0.0,1.0,0.0,0.0,0.0
0.0,4.0,82.0,1.0,0.0,1.0,0.0,8.0,1.0,4.0,0.0,0.0,1.0,7.0,31.0,1.0,7.0,7.0,19.0,0.0,0.0,2.0,7.0,19.0,7.0,7.0,19.0,42.0,12.0,0.74,10.0,31.0,1.0,23.0,0.0,7.0,1.0,0.0,2.0,0.0,4.0,1.0,1.0,0.142857142857143,0.0,6.0,3.71428571428571,1.0,1.0,1.0,1.0,0.0,0.0,0.0,0.0,0.0,0.0,0.0,0.0,1.0,0.0,0.0,1.0,0.0,0.0,0.0
1.0,6.0,117.0,2.0,0.0,1.0,0.0,11.0,1.0,6.0,1.0,0.0,1.0,10.0,31.0,1.0,10.0,11.0,22.0,0.0,0.0,2.0,9.0,46.0,11.0,10.0,22.0,74.0,39.0,0.42,13.0,61.0,2.0,49.0,0.0,9.0,1.0,0.0,2.0,0.0,5.0,1.0,9.0,1.0,0.0,6.0,3.6,1.0,2.0,1.1,1.0,1.0,0.25,0.0,1.0,1.0,1.0,2.0,5.0,0.888888888888889,1.0,0.0,2.0,1.0,0.0,0.0
0.0,15.0,638.0,29.0,0.0,1.0,0.0,58.0,4.0,24.0,0.0,2.0,4.0,15.0,132.0,0.0,0.0,56.0,55.0,0.0,0.0,29.0,0.0,162.0,58.0,17.0,52.0,235.0,158.0,0.56,88.0,210.0,29.0,158.0,4.0,0.0,4.0,0.0,0.0,0.0,0.0,0.0,7.0,3.86666666666667,1.0,30.0,4.33333333333333,1.0,130560.0,8705.86666666667,1.0,4.0,0.9375,0.0,1.0,1.0,1.0,638.0,0.0,1.0,1.0,0.0,1.0,1.0,0.0,0.0
0.0,8.0,27.0,2.0,0.0,1.0,0.0,3.0,2.0,9.0,1.0,0.0,2.0,2.0,1.0,1.0,2.0,3.0,11.0,0.0,0.0,2.0,2.0,11.0,3.0,2.0,11.0,21.0,7.0,0.05,5.0,18.0,2.0,14.0,1.0,1.0,2.0,0.0,1.0,0.0,2.0,1.0,2.0,1.5,1.0,11.0,6.5,2.0,2.0,1.5,1.0,1.0,0.75,0.0,1.0,1.0,1.0,28.0,0.0,1.0,1.0,0.0,1.0,1.0,0.0,0.0
