classname , numberOfVersionsUntil, numberOfFixesUntil, numberOfRefactoringsUntil, numberOfAuthorsUntil, linesAddedUntil, maxLinesAddedUntil, avgLinesAddedUntil, linesRemovedUntil, maxLinesRemovedUntil, avgLinesRemovedUntil, codeChurnUntil:, maxCodeChurnUntil, avgCodeChurnUntil, ageWithRespectTo, weightedAgeWithRespectTo, bugs , nonTrivialBugs , majorBugs , criticalBugs , highPriorityBugs , 
org::eclipse::mylyn::internal::trac::core::util::TracUtil ,7,1,0,2,22,10,3.14286,8,3,1.14286,14,10,2,38.2857,10.5779,0,0,0,0,0, 
org::eclipse::mylyn::internal::sandbox::bridge::bugs::ProgressQueryHitCollector ,14,0,0,3,60,33,4.28571,45,26,3.21429,15,7,1.07143,91.7143,43.4024,0,0,0,0,0, 
org::eclipse::mylyn::internal::jira::core::model::filter::DateRangeFilter ,10,0,0,2,13,5,1.3,15,5,1.5,-2,4,-0.2,110.714,56.3626,0,0,0,0,0, 
org::eclipse::mylyn::internal::wikitext::textile::core::phrase::EscapeTextilePhraseModifier ,3,0,0,2,6,4,2,8,6,2.66667,-2,0,-0.666667,32.7143,5.42857,0,0,0,0,0, 
org::eclipse::mylyn::internal::java::ui::search::JavaImplementorsProvider ,4,0,0,2,7,4,1.75,7,4,1.75,0,3,0,92.4286,60.1428,0,0,0,0,0, 
org::eclipse::mylyn::internal::jira::core::wsdl::beans::RemoteVersion ,9,0,0,2,219,191,24.3333,240,212,26.6667,-21,7,-2.33333,110.714,24.015,0,0,0,0,0, 
org::eclipse::mylyn::tasklist::tests::Person ,3,1,1,2,1,1,0.333333,0,0,0,1,1,0.333333,190.571,9,0,0,0,0,0, 
org::eclipse::mylyn::internal::bugzilla::ui::actions::ViewFavoriteAction ,3,0,1,1,0,0,0,0,0,0,0,0,0,164,0,0,0,0,0,0, 
org::eclipse::mylyn::internal::tasks::ui::actions::SynchronizeSelectedAction ,39,0,0,3,281,98,7.20513,245,37,6.28205,36,61,0.923077,139.429,40.9451,0,0,0,0,0, 
org::eclipse::mylyn::internal::jira::core::model::Subtask ,6,0,0,2,10,5,1.66667,9,4,1.5,1,4,0.166667,93.2857,41.2714,0,0,0,0,0, 
org::eclipse::mylyn::internal::tasks::core::TaskComment ,6,0,0,2,14,4,2.33333,11,4,1.83333,3,3,0.5,45.2857,8,0,0,0,0,0, 
org::eclipse::mylyn::internal::tasks::core::TaskDataStorageManager ,8,0,0,2,22,8,2.75,19,8,2.375,3,4,0.375,46.5714,8.61688,0,0,0,0,0, 
org::eclipse::mylyn::internal::hypertext::ui::editors::WebResourceContentProvider ,3,0,0,1,0,0,0,0,0,0,0,0,0,151,0,0,0,0,0,0, 
org::eclipse::mylyn::internal::team::ccvs::CvsActiveChangeSetProvider ,4,0,0,1,2,2,0.5,34,32,8.5,-32,0,-8,118.857,26.2857,0,0,0,0,0, 
org::eclipse::mylyn::internal::monitor::ui::ShellLifecycleListener ,11,0,2,3,78,14,7.09091,63,14,5.72727,15,12,1.36364,90.7143,23.4853,0,0,0,0,0, 
org::eclipse::mylyn::internal::bugzilla::core::MultiBugReportFactory ,21,0,0,3,112,58,5.33333,109,58,5.19048,3,58,0.142857,103,23.6952,0,0,0,0,0, 
org::eclipse::mylyn::internal::sandbox::ui::commands::ContextCapturePauseHandler ,3,0,0,1,5,4,1.66667,2,1,0.666667,3,3,1,43,16.4571,0,0,0,0,0, 
org::eclipse::mylyn::internal::tasks::ui::editors::RepositoryTaskOutlinePage ,32,0,2,3,103,23,3.21875,71,9,2.21875,32,21,1,139.571,58.4175,0,0,0,0,0, 
org::eclipse::mylyn::ide::ui::AbstractFocusMarkerViewAction ,10,0,0,2,155,102,15.5,154,104,15.4,1,102,0.1,43,3.29217,0,0,0,0,0, 
org::eclipse::mylyn::wikitext::core::parser::markup::token::EntityReferenceReplacementToken ,5,1,0,2,7,4,1.4,6,4,1.2,1,1,0.2,32.7143,9.55102,0,0,0,0,0, 
org::eclipse::mylyn::internal::tasks::ui::editors::TaskListChangeAdapter ,6,0,1,3,7,4,1.16667,7,3,1.16667,0,3,0,47.4286,18.7755,0,0,0,0,0, 
org::eclipse::mylyn::internal::wikitext::tasks::ui::WikiTextContextStructureBridge ,2,0,0,1,1,1,0.5,5,5,2.5,-4,0,-2,8,7,0,0,0,0,0, 
org::eclipse::mylyn::internal::wikitext::ui::util::css::CssParser ,3,1,1,1,21,16,7,11,9,3.66667,10,7,3.33333,7.42857,1.65986,0,0,0,0,0, 
org::eclipse::mylyn::internal::tasks::ui::views::TaskRepositoryLabelProvider ,26,0,0,3,147,45,5.65385,109,43,4.19231,38,21,1.46154,139.571,28.2323,0,0,0,0,0, 
org::eclipse::mylyn::internal::bugzilla::core::BugzillaFlagMapper ,5,0,0,2,35,15,7,14,9,2.8,21,14,4.2,13.5714,4.30612,0,0,0,0,0, 
org::eclipse::mylyn::internal::bugzilla::ui::editor::BugzillaPeoplePart ,10,1,0,3,133,90,13.3,21,5,2.1,112,89,11.2,42,2.67025,0,0,0,0,0, 
org::eclipse::mylyn::internal::tasks::bugs::TasksBugsPlugin ,13,0,0,2,99,43,7.61538,55,42,4.23077,44,42,3.38462,47.5714,8.95094,0,0,0,0,0, 
org::eclipse::mylyn::internal::xplanner::ui::wizard::XPlannerTaskMapping ,1,0,0,1,0,0,0,0,0,0,0,0,0,6.42857,0,0,0,0,0,0, 
org::eclipse::mylyn::tasks::tests::connector::MockTask ,4,0,0,2,6,4,1.5,3,1,0.75,3,3,0.75,49.8571,23.119,0,0,0,0,0, 
org::eclipse::mylyn::internal::commons::ui::NotificationPopupColors ,3,0,0,1,7,5,2.33333,3,2,1,4,4,1.33333,45.8571,26.102,0,0,0,0,0, 
org::eclipse::mylyn::internal::jira::core::service::web::rss::JiraRssSessionCallback ,7,0,0,2,28,8,4,22,8,3.14286,6,5,0.857143,54,24.7653,1,1,0,0,0, 
org::eclipse::mylyn::zest::tests::swt::LayoutExample ,2,0,0,1,2,2,1,2,2,1,0,0,0,80.5714,0,0,0,0,0,0, 
org::xplanner::soap::XPlanner::XPlannerHttpSender ,7,2,0,3,25,11,3.57143,11,4,1.57143,14,7,2,88,44.3086,0,0,0,0,0, 
org::eclipse::mylyn::internal::pde::ui::Messages ,3,0,0,1,31,31,10.3333,31,31,10.3333,0,31,0,19.1429,5.14286,0,0,0,0,0, 
org::eclipse::mylyn::internal::bugzilla::ui::search::BugzillaSeveritySearchSorter ,7,0,0,2,15,6,2.14286,17,8,2.42857,-2,3,-0.285714,148.571,82.3333,0,0,0,0,0, 
org::eclipse::mylyn::internal::sandbox::ui::planner::TaskActivityLabelProvider ,7,0,1,3,11,4,1.57143,8,2,1.14286,3,3,0.428571,44.7143,11.1299,0,0,0,0,0, 
org::eclipse::mylyn::internal::tasks::core::sync::SynchronizeRepositoriesJob ,23,0,0,3,121,27,5.26087,71,15,3.08696,50,21,2.17391,48.7143,15.2243,0,0,0,0,0, 
org::eclipse::mylyn::internal::wikitext::ui::util::OutlineItemAdapterFactory ,1,0,0,1,0,0,0,0,0,0,0,0,0,8.57143,0,0,0,0,0,0, 
org::eclipse::mylyn::internal::wikitext::ui::util::css::editor::CssScanner ,1,0,0,1,0,0,0,0,0,0,0,0,0,6.42857,0,0,0,0,0,0, 
org::eclipse::mylyn::internal::wikitext::textile::core::token::FootnoteReferenceReplacementToken ,6,0,0,2,35,19,5.83333,19,11,3.16667,16,8,2.66667,32.7143,18.6735,0,0,0,0,0, 
org::eclipse::mylyn::internal::xplanner::ui::XPlannerClientFacade ,1,0,0,1,0,0,0,0,0,0,0,0,0,6.42857,0,1,1,0,0,0, 
org::eclipse::mylyn::internal::tasks::ui::dialogs::UiLegendControl ,4,0,0,2,68,63,17,67,65,16.75,1,3,0.25,39.5714,24.3761,0,0,0,0,0, 
org::eclipse::mylyn::internal::tasks::bugs::TaskContributorManager ,15,0,0,2,74,33,4.93333,40,9,2.66667,34,24,2.26667,47.5714,13.7529,0,0,0,0,0, 
org::eclipse::mylyn::wikitext::confluence::core::Main ,3,0,0,1,3,2,1,4,4,1.33333,-1,1,-0.333333,32.7143,1.71429,0,0,0,0,0, 
org::eclipse::mylyn::internal::tasks::core::sync::Messages ,2,1,0,1,0,0,0,2,2,1,-2,0,-1,14.7143,0,0,0,0,0,0, 
org::eclipse::mylyn::internal::trac::core::TracWikiHandler ,13,0,0,2,88,40,6.76923,30,11,2.30769,58,40,4.46154,84.7143,19.0731,0,0,0,0,0, 
org::eclipse::mylyn::internal::bugzilla::core::SaxConfigurationContentHandler ,15,0,0,3,495,112,33,310,156,20.6667,185,61,12.3333,148.571,75.0346,1,0,0,0,1, 
org::eclipse::mylyn::internal::team::ccvs::CvsCommitWorkflowProvider ,4,0,0,1,4,3,1,4,3,1,0,0,0,118.857,19.7143,0,0,0,0,0, 
org::eclipse::mylyn::examples::monitor::study::SubmitFeedbackPage ,12,0,4,2,45,20,3.75,37,12,3.08333,8,8,0.666667,109.857,44.1079,0,0,0,0,0, 
org::eclipse::mylyn::internal::sandbox::bridge::bugs::BugzillaMylynSearchJob ,5,0,0,2,6,4,1.2,3,1,0.6,3,3,0.6,88,54.5952,0,0,0,0,0, 
org::eclipse::mylyn::context::core::InterestComparator ,8,0,0,2,23,7,2.875,21,9,2.625,2,3,0.25,139.714,66.1242,0,0,0,0,0, 
org::eclipse::mylyn::internal::context::ui::ContextEditorManager ,14,0,0,2,215,108,15.3571,156,60,11.1429,59,94,4.21429,47.4286,6.12691,1,1,0,0,0, 
org::eclipse::mylyn::internal::tasks::ui::TaskHyperlink ,4,0,0,2,10,5,2.5,6,4,1.5,4,4,1,39.8571,19.7857,0,0,0,0,0, 
org::eclipse::mylyn::internal::wikitext::confluence::core::phrase::SimplePhraseModifier ,3,0,0,2,5,3,1.66667,5,3,1.66667,0,0,0,32.7143,6.05714,0,0,0,0,0, 
org::eclipse::mylyn::internal::sandbox::ui::planner::TaskActivityContentProvider ,5,0,0,2,17,9,3.4,13,8,2.6,4,3,0.8,46,7.95798,0,0,0,0,0, 
org::eclipse::mylyn::internal::monitor::ui::CheckActivityJob ,5,0,3,1,139,131,27.8,134,131,26.8,5,131,1,22.7143,0.219938,0,0,0,0,0, 
org::eclipse::mylyn::tasks::ui::TaskHyperlinkPresenter ,2,0,0,1,0,0,0,5,5,2.5,-5,0,-2.5,18,0,1,1,0,0,0, 
org::eclipse::mylyn::internal::trac::core::TracClientFactory ,13,0,0,2,40,10,3.07692,39,15,3,1,5,0.0769231,133,59.9536,0,0,0,0,0, 
org::eclipse::mylyn::internal::tasks::ui::ChangeActivityHandleOperation ,4,0,0,3,6,4,1.5,3,1,0.75,3,3,0.75,27.8571,6.19048,0,0,0,0,0, 
org::eclipse::mylyn::internal::tasks::core::AbstractTask ,34,0,1,3,208,83,6.11765,300,106,8.82353,-92,71,-2.70588,45.1429,6.77816,0,0,0,0,0, 
org::eclipse::mylyn::internal::xplanner::ui::wizard::NewXPlannerTaskPage ,1,0,0,1,0,0,0,0,0,0,0,0,0,6.42857,0,2,2,0,0,0, 
org::eclipse::mylyn::internal::wikitext::ui::viewer::TextHover ,3,1,0,2,14,13,4.66667,14,13,4.66667,0,0,0,32.7143,2.17347,0,0,0,0,0, 
org::eclipse::mylyn::internal::tasks::ui::TaskListSynchronizationScheduler ,22,0,0,3,142,50,6.45455,186,115,8.45454,-44,13,-2,133.571,66.2012,0,0,0,0,0, 
org::eclipse::mylyn::internal::wikitext::ui::viewer::ImageManager ,5,1,0,1,149,127,29.8,19,11,3.8,130,127,26,24.7143,9.25312,1,0,0,0,0, 
org::eclipse::mylyn::internal::bugzilla::ui::editor::BugSubmissionHandler ,14,0,0,2,111,37,7.92857,96,24,6.85714,15,13,1.07143,133.571,7.74517,0,0,0,0,0, 
org::eclipse::mylyn::internal::trac::ui::WebHyperlink ,6,0,0,3,19,9,3.16667,13,9,2.16667,6,4,1,105.571,74.3684,0,0,0,0,0, 
org::eclipse::mylyn::internal::tasks::ui::notifications::TaskListNotificationReminder ,9,0,0,2,17,4,1.88889,25,16,2.77778,-8,3,-0.888889,66.8571,26.3193,0,0,0,0,0, 
org::eclipse::mylyn::wikitext::core::util::Messages ,2,0,0,1,1,1,0.5,1,1,0.5,0,0,0,19.8571,2,0,0,0,0,0, 
org::eclipse::mylyn::tasks::ui::editors::TaskEditor ,148,3,5,3,1921,340,12.9797,1555,335,10.5068,366,130,2.47297,118.714,53.4594,8,5,0,0,1, 
org::eclipse::mylyn::internal::tasks::core::TaskExternalizationException ,4,0,0,2,8,6,2,6,4,1.5,2,5,0.5,90.4286,58.125,0,0,0,0,0, 
org::eclipse::mylyn::monitor::core::AbstractMonitorLog ,16,0,2,3,45,8,2.8125,35,5,2.1875,10,4,0.625,109.857,48.0794,0,0,0,0,0, 
org::eclipse::mylyn::internal::provisional::commons::ui::CommonThemes ,3,0,0,2,14,10,4.66667,11,10,3.66667,3,3,1,45.8571,27.6531,0,0,0,0,0, 
org::eclipse::mylyn::internal::tasks::ui::actions::AbstractTaskAction ,13,0,0,3,47,13,3.61538,43,11,3.30769,4,3,0.307692,91.8571,36.7234,0,0,0,0,0, 
org::eclipse::mylyn::internal::trac::wiki::TracWikiPageHistoryPageSource ,3,0,0,2,5,4,1.66667,2,1,0.666667,3,3,1,81.8571,58.8,0,0,0,0,0, 
org::eclipse::mylyn::wikitext::core::parser::outline::OutlineParser ,14,1,0,2,104,38,7.42857,51,21,3.64286,53,17,3.78571,32.7143,11.4258,0,0,0,0,0, 
org::eclipse::mylyn::internal::wikitext::twiki::core::block::ListBlock ,2,0,0,1,6,6,3,6,6,3,0,0,0,23.8571,4,0,0,0,0,0, 
org::eclipse::mylyn::internal::context::ui::HighlighterImageDescriptor ,6,0,0,2,22,8,3.66667,22,8,3.66667,0,4,0,139.714,83.948,0,0,0,0,0, 
org::eclipse::mylyn::internal::tasks::ui::actions::TaskSelectionDialog ,52,0,0,3,1225,388,23.5577,755,373,14.5192,470,250,9.03846,136.571,76.8238,0,0,0,0,0, 
org::eclipse::mylyn::internal::jira::core::wsdl::beans::RemoteSecurityLevel ,1,0,0,1,0,0,0,0,0,0,0,0,0,19,0,0,0,0,0,0, 
org::eclipse::mylyn::internal::tasks::ui::actions::NewQueryAction ,20,0,2,3,124,47,6.2,49,11,2.45,75,45,3.75,139.571,69.841,0,0,0,0,0, 
org::eclipse::mylyn::internal::jira::core::JiraTaskDataHandler ,6,0,0,3,59,26,9.83333,133,86,22.1667,-74,10,-12.3333,114.571,2.39709,0,0,0,0,0, 
org::eclipse::mylyn::internal::trac::ui::TracImages ,9,0,0,2,19,5,2.11111,16,5,1.77778,3,4,0.333333,95.5714,59.2406,0,0,0,0,0, 
org::eclipse::mylyn::internal::tasks::core::LocalTask ,13,0,0,3,29,6,2.23077,21,4,1.61538,8,5,0.615385,91.8571,16.9212,0,0,0,0,0, 
org::eclipse::mylyn::internal::tasks::ui::wizards::TaskDataImportWizard ,45,0,2,3,460,92,10.2222,694,278,15.4222,-234,41,-5.2,139.571,67.8391,0,0,0,0,0, 
org::eclipse::mylyn::tasks::core::sync::SubmitJob ,12,0,0,2,65,25,5.41667,25,13,2.08333,40,25,3.33333,46.1429,5.15824,0,0,0,0,0, 
org::eclipse::mylyn::internal::tasks::ui::OpenRepositoryTaskJob ,32,0,0,3,250,77,7.8125,268,73,8.375,-18,69,-0.5625,120.143,65.3257,0,0,0,0,0, 
org::eclipse::mylyn::wikitext::ui::annotation::TitleAnnotation ,5,1,0,2,7,4,1.4,6,4,1.2,1,1,0.2,32.7143,9.55102,0,0,0,0,0, 
org::eclipse::mylyn::internal::context::ui::BrowseFilteredListener ,21,0,0,2,222,55,10.5714,171,33,8.14286,51,28,2.42857,139.714,55.9492,0,0,0,0,0, 
org::eclipse::mylyn::internal::bugzilla::core::history::Messages ,1,0,0,1,0,0,0,0,0,0,0,0,0,13.1429,0,0,0,0,0,0, 
org::eclipse::mylyn::internal::wikitext::twiki::core::token::ImpliedEmailLinkReplacementToken ,4,1,0,1,13,10,3.25,3,2,0.75,10,10,2.5,23.8571,13.5494,0,0,0,0,0, 
org::eclipse::mylyn::internal::bugzilla::ui::editor::BugzillaCcAttributeEditor ,4,0,0,2,8,4,2,4,2,1,4,3,1,41.2857,7.96429,0,0,0,0,0, 
org::eclipse::mylyn::internal::sandbox::ui::hyperlinks::AbstractResourceHyperlinkExtension ,3,0,0,2,5,4,1.66667,2,1,0.666667,3,3,1,33.8571,7.31429,0,0,0,0,0, 
org::eclipse::mylyn::internal::context::core::InteractionContextRelation ,9,0,0,2,20,5,2.22222,20,5,2.22222,0,3,0,94.2857,34.0357,0,0,0,0,0, 
org::eclipse::mylyn::internal::tasks::ui::commands::NewSubTaskHandler ,4,0,0,2,5,4,1.25,3,1,0.75,2,3,0.5,49,25.9429,0,0,0,0,0, 
org::eclipse::mylyn::internal::wikitext::mediawiki::core::token::HyperlinkInternalReplacementToken ,3,0,0,2,8,4,2.66667,8,4,2.66667,0,0,0,32.7143,7.28571,0,0,0,0,0, 
org::eclipse::mylyn::internal::jira::core::model::Comment ,11,0,0,2,55,28,5,37,22,3.36364,18,11,1.63636,110.714,71.3351,0,0,0,0,0, 
org::eclipse::mylyn::internal::sandbox::ui::actions::LinkActiveSearchWithEditorAction ,8,0,0,2,13,4,1.625,9,4,1.125,4,3,0.5,48.8571,11.4725,0,0,0,0,0, 
org::eclipse::mylyn::internal::tasks::ui::dialogs::TaskListSortDialog ,7,1,0,3,53,29,7.57143,277,251,39.5714,-224,14,-32,44.7143,27.5337,0,0,0,0,0, 
org::eclipse::mylyn::examples::monitor::study::MylynUserStudyExamplePlugin ,7,0,0,2,43,27,6.14286,33,24,4.71429,10,4,1.42857,88,35.0266,0,0,0,0,0, 
org::eclipse::mylyn::internal::xplanner::ui::wizard::XPlannerRepositorySettingsPage ,1,0,0,1,0,0,0,0,0,0,0,0,0,6.42857,0,1,1,0,0,0, 
org::eclipse::mylyn::zest::core::viewers::internal::GraphItemStyler ,9,0,1,1,96,48,10.6667,84,48,9.33333,12,5,1.33333,103.714,3.6994,0,0,0,0,0, 
org::eclipse::mylyn::internal::bugzilla::ui::editor::BugzillaKeywordAttributeEditor ,5,0,0,2,23,11,4.6,3,1,0.6,20,10,4,42,4.0559,0,0,0,0,0, 
org::eclipse::mylyn::wikitext::core::parser::markup::Processor ,5,1,0,2,24,14,4.8,7,5,1.4,17,13,3.4,32.7143,18.119,0,0,0,0,0, 
org::eclipse::mylyn::internal::tasks::ui::commands::TaskListToolTipHandler ,4,0,0,2,6,4,1.5,3,1,0.75,3,3,0.75,44,24.119,0,0,0,0,0, 
org::eclipse::mylyn::internal::wikitext::ui::util::HyperlinkDetectorDelegate ,1,0,1,1,0,0,0,0,0,0,0,0,0,3.85714,0,0,0,0,0,0, 
org::eclipse::mylyn::tasks::core::data::AbstractTaskAttachmentSource ,4,0,0,2,7,4,1.75,2,1,0.5,5,3,1.25,45.8571,18.2857,0,0,0,0,0, 
org::eclipse::mylyn::internal::bugzilla::ui::wizard::WizardAttributesPage ,4,0,1,2,10,10,2.5,2,2,0.5,8,8,2,164,6.85714,0,0,0,0,0, 
org::eclipse::mylyn::internal::wikitext::core::parser::builder::Messages ,2,0,0,1,1,1,0.5,1,1,0.5,0,0,0,19.8571,2,0,0,0,0,0, 
org::eclipse::mylyn::context::ui::AbstractAutoFocusViewAction ,23,0,0,3,92,20,4,94,48,4.08696,-2,7,-0.0869565,91,30.3292,0,0,0,0,0, 
org::eclipse::mylyn::internal::wikitext::tasks::ui::editor::TWikiMarkupTaskEditorExtension ,2,0,0,1,2,2,1,2,2,1,0,0,0,14.7143,7.57143,0,0,0,0,0, 
org::eclipse::mylyn::internal::bugzilla::ui::BugzillaHyperLink ,12,0,0,2,13,2,1.08333,14,2,1.16667,-1,0,-0.0833333,154.143,30.5824,0,0,0,0,0, 
org::eclipse::mylyn::context::ui::AbstractFocusViewAction ,40,0,0,2,397,63,9.925,234,28,5.85,163,63,4.075,91,38.4887,1,0,0,0,1, 
org::eclipse::mylyn::internal::java::ui::InterestUpdateDeltaListener ,14,0,1,2,54,18,3.85714,40,7,2.85714,14,13,1,92.4286,25.8492,0,0,0,0,0, 
org::eclipse::mylyn::internal::tasks::ui::AddExistingTaskJob ,51,1,3,3,187,59,3.66667,172,41,3.37255,15,18,0.294118,120.571,53.1199,1,1,0,0,0, 
org::eclipse::mylyn::internal::bugzilla::core::BugzillaVersion ,4,0,0,2,27,16,6.75,5,2,1.25,22,14,5.5,6.71429,2.56614,1,1,0,0,0, 
org::eclipse::mylyn::internal::trac::ui::editor::TracTaskEditorPage ,4,0,0,2,7,4,1.75,4,2,1,3,3,0.75,39.5714,14.449,1,0,0,0,0, 
org::eclipse::mylyn::internal::jira::core::wsdl::beans::RemoteProjectRole ,9,0,0,2,189,162,21,206,179,22.8889,-17,7,-1.88889,110.714,24.5745,0,0,0,0,0, 
org::eclipse::mylyn::context::tests::support::ResourceHelper ,9,0,2,2,23,11,2.55556,18,6,2,5,5,0.555556,131.714,58.3975,0,0,0,0,0, 
org::eclipse::mylyn::internal::tasks::ui::editors::EditorBusyIndicator ,9,0,0,2,86,67,9.55556,126,119,14,-40,7,-4.44444,90.4286,25.6213,0,0,0,0,0, 
org::eclipse::mylyn::internal::team::ui::actions::ApplyPatchAction ,29,0,0,3,318,47,10.9655,341,47,11.7586,-23,18,-0.793103,122.857,18.9618,0,0,0,0,0, 
org::eclipse::mylyn::tasks::ui::editors::BrowserFormPage ,8,0,0,2,43,24,5.375,12,5,1.5,31,19,3.875,50.5714,18.6213,0,0,0,0,0, 
org::eclipse::mylyn::internal::sandbox::ui::views::ActiveSearchQuickView ,6,0,0,2,8,5,1.33333,6,2,1,2,3,0.333333,48.8571,19.125,0,0,0,0,0, 
org::eclipse::mylyn::zest::core::viewers::AbstractZoomableViewer ,1,0,1,1,0,0,0,0,0,0,0,0,0,103.714,0,0,0,0,0,0, 
org::eclipse::mylyn::internal::wikitext::core::parser::builder::SplittingMarkupToEclipseToc ,4,1,0,2,6,4,1.5,2,1,0.5,4,4,1,32.7143,19.0476,0,0,0,0,0, 
org::eclipse::mylyn::internal::tasks::ui::deprecated::AbstractRepositoryQueryWizard ,6,0,0,2,8,4,1.33333,9,5,1.5,-1,3,-0.166667,44.5714,10.0357,0,0,0,0,0, 
org::eclipse::mylyn::internal::tasks::bugs::wizards::ReportErrorWizard ,11,0,0,2,31,17,2.81818,20,10,1.81818,11,7,1,42.8571,8.88479,0,0,0,0,0, 
org::eclipse::mylyn::internal::web::ui::WebResource ,5,0,0,2,22,16,4.4,23,17,4.6,-1,3,-0.2,92.4286,17.539,0,0,0,0,0, 
org::eclipse::mylyn::internal::tasks::ui::workingsets::WorkingSetLabelComparator ,3,0,0,2,5,4,1.66667,3,2,1,2,2,0.666667,55.5714,29.0286,0,0,0,0,0, 
org::eclipse::mylyn::tasks::core::sync::SubmitJobEvent ,5,0,0,2,14,8,2.8,2,1,0.4,12,8,2.4,46.1429,12.4184,0,0,0,0,0, 
org::eclipse::mylyn::internal::tasks::ui::util::AttachmentUtil ,10,0,0,2,78,39,7.8,244,71,24.4,-166,18,-16.6,39.5714,9.99817,1,0,0,0,0, 
org::eclipse::mylyn::wikitext::core::parser::markup::phrase::HtmlStartTagPhraseModifier ,7,1,0,2,26,11,3.71429,5,2,0.714286,21,10,3,32.7143,13.5549,0,0,0,0,0, 
org::eclipse::mylyn::internal::jira::core::model::LinkType ,6,0,0,1,9,5,1.5,8,4,1.33333,1,4,0.166667,110.714,62.9365,0,0,0,0,0, 
org::eclipse::mylyn::internal::tasks::ui::editors::RepositoryCompletionProcessor ,21,1,0,3,309,217,14.7143,140,74,6.66667,169,143,8.04762,53.7143,3.23347,0,0,0,0,0, 
org::eclipse::mylyn::internal::tasks::ui::workingsets::TaskWorkingSetUpdater ,37,0,1,3,395,94,10.6757,186,47,5.02703,209,92,5.64865,91.2857,16.9031,1,0,0,0,0, 
org::eclipse::mylyn::internal::wikitext::ui::editor::help::Messages ,2,0,0,1,1,1,0.5,1,1,0.5,0,0,0,19.8571,2,1,0,0,0,0, 
org::eclipse::mylyn::internal::web::ui::WebResourceUiBridge ,18,0,0,2,55,12,3.05556,61,9,3.38889,-6,8,-0.333333,145.857,46.3273,0,0,0,0,0, 
org::eclipse::mylyn::internal::web::tasks::WebRepositoryConnector ,61,3,0,4,628,122,10.2951,473,152,7.7541,155,31,2.54098,92.4286,33.4472,0,0,0,0,0, 
org::eclipse::mylyn::internal::tasks::core::AutomaticRepositoryTaskContainer ,4,0,0,2,7,4,1.75,4,2,1,3,3,0.75,37,16.3265,0,0,0,0,0, 
org::eclipse::mylyn::tasks::ui::wizards::RepositoryQueryWizard ,8,0,0,3,27,13,3.375,16,5,2,11,9,1.375,44.5714,9.59788,0,0,0,0,0, 
org::eclipse::mylyn::internal::wikitext::textile::core::block::QuoteBlock ,3,0,0,2,18,16,6,12,10,4,6,6,2,32.7143,2.95238,0,0,0,0,0, 
org::eclipse::mylyn::internal::tasks::core::RepositoryPerson ,4,0,0,2,6,4,1.5,3,1,0.75,3,3,0.75,45.2857,23.619,0,0,0,0,0, 
org::eclipse::mylyn::internal::team::ui::properties::TeamPropertiesLinkProvider ,8,0,0,3,18,5,2.25,11,3,1.375,7,4,0.875,71.7143,33.2063,0,0,0,0,0, 
org::eclipse::mylyn::internal::tasks::core::UnmatchedTaskContainer ,10,0,0,2,21,8,2.1,63,36,6.3,-42,3,-4.2,60,27.1292,0,0,0,0,0, 
org::eclipse::mylyn::internal::ide::ui::IdeUiBridgePlugin ,15,0,0,2,76,24,5.06667,102,49,6.8,-26,23,-1.73333,92.4286,37.782,0,0,0,0,0, 
org::eclipse::mylyn::internal::wikitext::ui::editor::syntax::MarkupDamagerRepairer ,2,0,0,1,3,3,1.5,3,3,1.5,0,0,0,32.7143,1.71429,0,0,0,0,0, 
org::eclipse::mylyn::internal::context::core::InteractionContextExternalizer ,27,1,1,3,241,45,8.92593,172,26,6.37037,69,43,2.55556,94.2857,46.0213,0,0,0,0,0, 
org::eclipse::mylyn::internal::tasks::core::TaskAttachment ,6,0,0,2,16,6,2.66667,13,6,2.16667,3,3,0.5,45.2857,7,0,0,0,0,0, 
org::eclipse::mylyn::internal::jira::core::wsdl::beans::RemoteIssue ,8,0,0,2,774,734,96.75,876,836,109.5,-102,7,-12.75,110.714,21.4956,0,0,0,0,0, 
org::eclipse::mylyn::internal::tasks::ui::actions::GroupSubTasksAction ,8,0,0,2,36,12,4.5,33,10,4.125,3,2,0.375,78.8571,32.2937,0,0,0,0,0, 
org::eclipse::mylyn::internal::context::ui::commands::CopyContextHandler ,7,0,0,2,26,13,3.71429,34,18,4.85714,-8,3,-1.14286,43.8571,11.1319,0,0,0,0,0, 
org::eclipse::mylyn::tasks::core::data::TaskData ,13,0,0,2,51,18,3.92308,33,16,2.53846,18,15,1.38462,47.1429,14.2465,0,0,0,0,0, 
org::eclipse::mylyn::internal::tasks::bugs::PluginRepositoryMappingManager ,9,0,0,2,96,51,10.6667,61,22,6.77778,35,29,3.88889,47.5714,16.8557,0,0,0,0,0, 
org::eclipse::mylyn::wikitext::core::parser::markup::token::PatternLineBreakReplacementToken ,6,1,0,2,7,2,1.16667,4,2,0.666667,3,2,0.5,32.7143,13.7959,0,0,0,0,0, 
org::eclipse::mylyn::internal::wikitext::mediawiki::core::block::ParagraphBlock ,5,0,0,2,27,21,5.4,12,6,2.4,15,17,3,32.7143,22.5503,0,0,0,0,0, 
org::eclipse::mylyn::internal::tasks::ui::editors::LongTextAttributeEditor ,13,0,0,2,30,6,2.30769,16,3,1.23077,14,4,1.07692,61.2857,22.5286,0,0,0,0,0, 
org::eclipse::mylyn::internal::wikitext::mediawiki::core::MediaWikiIdGenerationStrategy ,2,1,0,1,1,1,0.5,1,1,0.5,0,0,0,9.85714,1.14286,0,0,0,0,0, 
org::eclipse::mylyn::wikitext::textile::core::TextileLanguage ,12,1,0,2,248,73,20.6667,226,122,18.8333,22,73,1.83333,32.7143,18.3957,1,0,0,0,0, 
org::eclipse::mylyn::internal::java::ui::editor::FocusedJavaProposalProcessor ,16,0,2,2,54,20,3.375,35,5,2.1875,19,16,1.1875,92.5714,58.1799,0,0,0,0,0, 
org::eclipse::mylyn::xplanner::wsdl::soap::domain::DomainData ,6,0,0,2,139,135,23.1667,145,141,24.1667,-6,0,-1,93.7143,38.7009,0,0,0,0,0, 
org::eclipse::mylyn::internal::bugzilla::core::GzipGetMethod ,13,0,0,3,57,16,4.38462,96,35,7.38462,-39,7,-3,49.8571,8.09774,0,0,0,0,0, 
org::eclipse::mylyn::internal::tasks::ui::editors::TaskUrlHyperlink ,6,0,0,2,8,4,1.33333,5,2,0.833333,3,3,0.5,90.4286,47.4643,0,0,0,0,0, 
org::eclipse::mylyn::internal::tasks::ui::OfflineCachingStorage ,14,0,1,3,36,9,2.57143,36,9,2.57143,0,5,0,91.1429,28.7698,0,0,0,0,0, 
org::eclipse::mylyn::tasks::core::data::TaskDataModelListener ,6,0,0,2,10,4,1.66667,3,1,0.5,7,3,1.16667,46.5714,14.1714,0,0,0,0,0, 
org::eclipse::mylyn::wikitext::core::util::IgnoreDtdEntityResolver ,5,1,0,2,6,2,1.2,6,3,1.2,0,1,0,32.7143,12.7143,0,0,0,0,0, 
org::eclipse::mylyn::internal::tasks::ui::DialogErrorReporter ,5,0,0,2,14,11,2.8,7,5,1.4,7,11,1.4,40.7143,15.3673,0,0,0,0,0, 
org::eclipse::mylyn::tasks::ui::wizards::NewTaskWizard ,42,0,1,3,418,113,9.95238,382,108,9.09524,36,108,0.857143,108.143,38.9269,0,0,0,0,0, 
org::eclipse::mylyn::internal::wikitext::twiki::core::token::LinkReplacementToken ,3,0,0,1,7,6,2.33333,7,6,2.33333,0,0,0,23.8571,4.73469,0,0,0,0,0, 
org::eclipse::mylyn::internal::bugzilla::ui::search::SavedQueryFile ,3,0,1,1,0,0,0,0,0,0,0,0,0,164,0,0,0,0,0,0, 
org::eclipse::mylyn::internal::tasks::ui::editors::RepositoryTaskEditorDropListener ,9,0,0,2,18,4,2,17,6,1.88889,1,3,0.111111,45.8571,6.29365,0,0,0,0,0, 
org::eclipse::mylyn::internal::wikitext::ui::editor::validation::AnnotationMarkupValidator ,3,0,0,2,14,13,4.66667,13,12,4.33333,1,1,0.333333,32.7143,2.5102,1,0,0,0,0, 
org::eclipse::mylyn::context::core::ContextCore ,9,1,0,2,36,15,4,9,5,1,27,15,3,48.8571,5.69841,0,0,0,0,0, 
org::eclipse::mylyn::internal::tasks::ui::search::SearchHitCollector ,20,0,0,3,181,111,9.05,172,63,8.6,9,48,0.45,131.143,87.8406,0,0,0,0,0, 
org::eclipse::mylyn::internal::wikitext::tracwiki::core::token::LineBreakToken ,3,0,0,2,3,2,1,3,2,1,0,0,0,32.7143,5.42857,0,0,0,0,0, 
org::eclipse::mylyn::internal::tasks::ui::views::TaskKeyComparator ,13,1,0,3,100,69,7.69231,35,19,2.69231,65,50,5,139.571,71.5786,1,0,1,0,1, 
org::eclipse::mylyn::internal::tasks::ui::util::DownloadAttachmentJob ,3,0,0,2,10,6,3.33333,6,5,2,4,3,1.33333,39.5714,20.2,0,0,0,0,0, 
org::eclipse::mylyn::zest::layouts::algorithms::CompositeLayoutAlgorithm ,3,0,0,1,11,6,3.66667,15,10,5,-4,0,-1.33333,121.714,24.7403,0,0,0,0,0, 
org::eclipse::mylyn::internal::tasks::ui::preferences::Messages ,1,0,0,1,0,0,0,0,0,0,0,0,0,14.5714,0,0,0,0,0,0, 
org::eclipse::mylyn::internal::provisional::commons::ui::ScalingHyperlink ,3,0,0,2,5,4,1.66667,2,1,0.666667,3,3,1,39.8571,15.6286,0,0,0,0,0, 
org::eclipse::mylyn::internal::jira::core::model::Resolution ,12,0,0,2,26,7,2.16667,60,25,5,-34,7,-2.83333,110.714,60.7967,0,0,0,0,0, 
org::eclipse::mylyn::bugzilla::deprecated::BugzillaRepositoryQuery ,3,0,0,3,4,4,1.33333,1,1,0.333333,3,3,1,39.5714,13,0,0,0,0,0, 
org::eclipse::mylyn::wikitext::core::parser::markup::token::PatternEntityReferenceReplacementToken ,6,1,0,2,10,4,1.66667,6,3,1,4,2,0.666667,32.7143,10.1714,0,0,0,0,0, 
org::eclipse::mylyn::internal::tasks::ui::wizards::TaskDataImportWizardPage ,37,0,2,3,402,138,10.8649,535,120,14.4595,-133,98,-3.59459,139.571,32.5199,0,0,0,0,0, 
org::eclipse::mylyn::internal::jira::core::service::JiraClientData ,9,0,0,2,84,65,9.33333,80,65,8.88889,4,65,0.444444,96.8571,7.40136,0,0,0,0,0, 
org::eclipse::mylyn::wikitext::ui::annotation::ClassAnnotation ,5,1,0,2,4,1,0.8,4,2,0.8,0,1,0,32.7143,15.4286,0,0,0,0,0, 
org::eclipse::mylyn::internal::tasks::bugs::actions::NewTaskFromMarkerHandler ,6,0,0,2,20,7,3.33333,20,12,3.33333,0,3,0,40.7143,12.9,0,0,0,0,0, 
org::eclipse::mylyn::internal::jira::core::model::filter::ComponentFilter ,6,0,0,1,13,5,2.16667,14,6,2.33333,-1,4,-0.166667,110.714,49.7143,0,0,0,0,0, 
org::eclipse::mylyn::internal::context::ui::ContextUiImages ,18,1,0,2,62,15,3.44444,91,47,5.05556,-29,4,-1.61111,139.143,80.7166,2,2,0,0,0, 
org::eclipse::mylyn::internal::tasks::core::DefaultTaskMapping ,3,0,0,2,8,7,2.66667,2,1,0.666667,6,6,2,37.1429,12.7679,0,0,0,0,0, 
org::eclipse::mylyn::internal::tasks::ui::commands::OpenSelectedTaskHandler ,7,0,0,2,15,5,2.14286,11,4,1.57143,4,3,0.571429,46,9.09524,0,0,0,0,0, 
org::eclipse::mylyn::internal::tasks::ui::ComboSelectionDialog ,6,0,0,2,9,4,1.5,14,5,2.33333,-5,2,-0.833333,139.571,58.3016,0,0,0,0,0, 
org::eclipse::mylyn::internal::tasks::ui::actions::CompareAttachmentsAction ,14,0,0,2,91,52,6.5,94,58,6.71429,-3,3,-0.214286,57,17.2465,0,0,0,0,0, 
org::eclipse::mylyn::zest::core::viewers::internal::AbstractStructuredGraphViewer ,9,1,1,1,105,34,11.6667,114,48,12.6667,-9,8,-1,103.714,3.12381,0,0,0,0,0, 
org::eclipse::mylyn::internal::tasks::core::OfflineDataStore ,14,0,0,3,38,10,2.71429,28,5,2,10,9,0.714286,118.714,34.5714,0,0,0,0,0, 
org::eclipse::mylyn::wikitext::core::parser::builder::MultiplexingDocumentBuilder ,6,1,0,2,26,22,4.33333,25,22,4.16667,1,1,0.166667,32.7143,4.21429,0,0,0,0,0, 
org::eclipse::mylyn::internal::wikitext::tasks::ui::actions::ToggleActiveFoldingEditorActionDelegate ,2,0,0,1,2,2,1,2,2,1,0,0,0,8,0.285714,0,0,0,0,0, 
org::eclipse::mylyn::internal::web::tasks::WebContentProposalProvider ,5,0,0,3,7,4,1.4,3,1,0.6,4,3,0.8,87.2857,50.4082,0,0,0,0,0, 
org::eclipse::mylyn::internal::wikitext::tasks::ui::WikiTextTasksUiPlugin ,3,0,0,1,6,5,2,1,1,0.333333,5,5,1.66667,8,3.47619,0,0,0,0,0, 
org::eclipse::mylyn::internal::tasks::ui::ScheduleDatePicker ,15,0,1,3,112,37,7.46667,94,43,6.26667,18,24,1.2,59,12.5268,0,0,0,0,0, 
org::eclipse::mylyn::internal::tasks::core::UncategorizedTaskContainer ,9,0,0,3,10,4,1.11111,13,5,1.44444,-3,3,-0.333333,60,28.1857,0,0,0,0,0, 
org::eclipse::mylyn::internal::tasks::ui::editors::PreviewAttributeEditor ,14,0,0,2,53,13,3.78571,37,9,2.64286,16,7,1.14286,57.2857,22.3315,1,1,0,0,0, 
org::eclipse::mylyn::wikitext::core::validation::DocumentLocalReferenceValidationRule ,1,0,0,1,0,0,0,0,0,0,0,0,0,16.4286,0,0,0,0,0,0, 
org::eclipse::mylyn::internal::bugzilla::ui::actions::AddFavoriteAction ,2,0,1,1,0,0,0,0,0,0,0,0,0,164,0,0,0,0,0,0, 
org::eclipse::mylyn::internal::sandbox::dev::MylynDevPlugin ,5,0,0,2,18,13,3.6,3,1,0.6,15,13,3,70.7143,39.746,0,0,0,0,0, 
org::eclipse::mylyn::internal::sandbox::ui::views::ContextHierarchyView ,10,0,0,2,20,7,2,24,13,2.4,-4,3,-0.4,48.8571,9.16429,0,0,0,0,0, 
org::eclipse::mylyn::internal::hypertext::ui::editors::WebElementsEditorFactory ,8,0,1,1,18,11,2.25,9,6,1.125,9,5,1.125,164,1.20635,0,0,0,0,0, 
org::eclipse::mylyn::internal::bugzilla::core::BugzillaAttributeMapper ,18,0,0,2,228,54,12.6667,70,34,3.88889,158,37,8.77778,42,5.4693,1,1,0,0,0, 
org::eclipse::mylyn::internal::tasks::ui::util::TaskDataSnapshotOperation ,1,0,0,1,0,0,0,0,0,0,0,0,0,5.14286,0,0,0,0,0,0, 
org::eclipse::mylyn::internal::sandbox::ui::views::RelatedElementsPopupDialog ,12,0,0,2,31,13,2.58333,21,5,1.75,10,8,0.833333,48.8571,8.05991,0,0,0,0,0, 
org::eclipse::mylyn::internal::tasks::ui::actions::AddRepositoryAction ,24,0,2,3,119,60,4.95833,72,28,3,47,59,1.95833,139.571,74.2521,1,0,0,0,0, 
org::eclipse::mylyn::internal::xplanner::ui::XPlannerRepositoryConnector ,1,0,0,1,0,0,0,0,0,0,0,0,0,6.42857,0,1,1,0,0,0, 
org::eclipse::mylyn::internal::context::ui::wizards::ContextRetrieveWizard ,14,0,0,3,25,4,1.78571,22,5,1.57143,3,3,0.214286,50.2857,11.4857,0,0,0,0,0, 
org::eclipse::mylyn::zest::core::widgets::internal::GraphLabel ,8,0,1,1,82,63,10.25,20,5,2.5,62,59,7.75,103.714,18.8728,0,0,0,0,0, 
org::eclipse::mylyn::internal::pde::ui::PdeUiBridge ,22,1,1,2,123,16,5.59091,143,16,6.5,-20,3,-0.909091,92.4286,46.1324,0,0,0,0,0, 
org::eclipse::mylyn::internal::tasks::ui::util::TaskDataExportOperation ,17,0,0,3,370,161,21.7647,522,230,30.7059,-152,31,-8.94118,46,23.6676,0,0,0,0,0, 
org::eclipse::mylyn::internal::sandbox::ui::actions::ToggleRelationshipProviderAction ,8,0,0,2,11,5,1.375,9,4,1.125,2,1,0.25,48.8571,15.3117,0,0,0,0,0, 
org::eclipse::mylyn::internal::jira::core::JiraFieldData ,1,0,0,1,0,0,0,0,0,0,0,0,0,18.8571,0,0,0,0,0,0, 
org::eclipse::mylyn::internal::wikitext::textile::core::validation::TextileReferenceValidationRule ,1,0,0,1,0,0,0,0,0,0,0,0,0,16.4286,0,0,0,0,0,0, 
org::eclipse::mylyn::internal::tasks::ui::editors::TaskEditorCommentPart ,52,0,0,2,1666,455,32.0385,1331,359,25.5962,335,191,6.44231,61.2857,31.5154,1,1,0,0,0, 
org::eclipse::mylyn::internal::context::ui::wizards::Messages ,3,0,0,1,2,1,0.666667,2,1,0.666667,0,0,0,14.8571,0.142857,0,0,0,0,0, 
org::eclipse::mylyn::internal::java::ui::editor::AbstractEditorHyperlinkDetector ,5,0,0,1,8,5,1.6,7,4,1.4,1,4,0.2,162.571,111.875,0,0,0,0,0, 
org::eclipse::mylyn::internal::wikitext::tracwiki::core::block::QuoteBlock ,3,0,0,2,8,7,2.66667,8,7,2.66667,0,0,0,32.7143,3.10714,0,0,0,0,0, 
org::eclipse::mylyn::internal::sandbox::ui::actions::OpenActiveSearchQuickView ,4,0,0,2,6,4,1.5,2,1,0.5,4,3,1,48.8571,21.7143,0,0,0,0,0, 
org::eclipse::mylyn::internal::wikitext::ui::editor::preferences::Messages ,2,0,0,1,1,1,0.5,1,1,0.5,0,0,0,19.8571,2,1,0,0,0,0, 
org::eclipse::mylyn::internal::web::tasks::WebConnectorUi ,16,1,0,2,38,6,2.375,35,8,2.1875,3,4,0.1875,90.4286,41.0752,0,0,0,0,0, 
org::eclipse::mylyn::internal::jira::core::JiraClientFactory ,11,0,1,3,43,14,3.90909,45,20,4.09091,-2,4,-0.181818,48.7143,10.8339,0,0,0,0,0, 
org::eclipse::mylyn::internal::jira::core::service::web::JiraWebSessionCallback ,19,1,0,2,121,56,6.36842,41,5,2.15789,80,53,4.21053,110.714,59.5679,0,0,0,0,0, 
org::eclipse::mylyn::internal::context::ui::actions::FocusTaskListAction ,30,1,0,4,172,40,5.73333,127,32,4.23333,45,13,1.5,119,56.2533,1,0,1,0,1, 
org::eclipse::mylyn::wikitext::core::util::anttask::MarkupToDocbookTask ,10,1,0,2,79,30,7.9,49,28,4.9,30,12,3,32.7143,8.9783,0,0,0,0,0, 
org::eclipse::mylyn::internal::tasks::ui::properties::Messages ,1,0,0,1,0,0,0,0,0,0,0,0,0,14.7143,0,0,0,0,0,0, 
org::eclipse::mylyn::tasks::ui::SynchronizeChangedTasksJob ,4,1,2,2,3,2,0.75,3,2,0.75,0,0,0,91.7143,0.285714,0,0,0,0,0, 
org::eclipse::mylyn::internal::wikitext::tracwiki::core::token::BangEscapeToken ,3,0,0,2,4,3,1.33333,4,3,1.33333,0,0,0,32.7143,4.5,0,0,0,0,0, 
org::eclipse::mylyn::internal::tasks::ui::ScheduleTaskMenuContributor ,64,2,1,3,641,113,10.0156,636,226,9.9375,5,48,0.078125,125,68.7078,0,0,0,0,0, 
org::eclipse::mylyn::internal::jira::core::model::filter::RelativeDateRangeFilter ,9,0,0,2,13,5,1.44444,24,15,2.66667,-11,4,-1.22222,110.714,53.1868,0,0,0,0,0, 
org::eclipse::mylyn::internal::bugzilla::core::BugzillaClientManager ,27,0,1,3,94,10,3.48148,75,10,2.77778,19,7,0.703704,123.857,66.9574,1,0,0,0,0, 
org::eclipse::mylyn::internal::tasks::core::TaskRepositoriesExternalizer ,20,0,2,3,128,39,6.4,67,10,3.35,61,34,3.05,139.143,51.2042,0,0,0,0,0, 
org::eclipse::mylyn::internal::tasks::ui::TasksReminderDialog ,15,0,1,3,60,15,4,62,15,4.13333,-2,4,-0.133333,139.571,77.1762,0,0,0,0,0, 
org::eclipse::mylyn::internal::monitor::ui::WorkbenchUserActivityMonitor ,5,0,0,2,6,4,1.2,7,4,1.4,-1,3,-0.2,90.7143,56.5,0,0,0,0,0, 
org::eclipse::mylyn::internal::wikitext::ui::util::css::SparseCharSequence ,1,0,0,1,0,0,0,0,0,0,0,0,0,5.42857,0,0,0,0,0,0, 
org::eclipse::mylyn::internal::wikitext::tracwiki::core::phrase::EscapePhraseModifier ,3,0,0,2,9,5,3,15,11,5,-6,0,-2,32.7143,6.66667,0,0,0,0,0, 
org::eclipse::mylyn::internal::tasks::ui::editors::TaskEditorActionPart ,46,0,0,3,534,121,11.6087,463,178,10.0652,71,91,1.54348,61.2857,17.9572,3,3,0,0,0, 
org::eclipse::mylyn::zest::layouts::constraints::BasicEdgeConstraints ,2,0,1,1,2,2,1,2,2,1,0,0,0,135.857,43.7143,0,0,0,0,0, 
org::eclipse::mylyn::internal::jira::core::wsdl::soap::RemoteValidationException ,9,0,0,2,106,76,11.7778,107,77,11.8889,-1,7,-0.111111,110.714,27.686,0,0,0,0,0, 
org::eclipse::mylyn::internal::sandbox::ui::IncomingTaskListContentProvider ,14,0,0,3,80,21,5.71429,50,7,3.57143,30,19,2.14286,79,28.0554,0,0,0,0,0, 
org::eclipse::mylyn::internal::tasks::ui::actions::CloneTaskAction ,20,0,0,3,152,42,7.6,149,65,7.45,3,22,0.15,77.7143,25.6767,0,0,0,0,0, 
org::eclipse::mylyn::tasks::ui::TaskHyperlink ,16,0,0,3,101,60,6.3125,81,60,5.0625,20,60,1.25,105.143,14.9265,0,0,0,0,0, 
org::eclipse::mylyn::internal::resources::ui::ResourcesUiPreferenceInitializer ,11,1,0,2,39,20,3.54545,31,6,2.81818,8,17,0.727273,92.4286,32.6154,0,0,0,0,0, 
org::eclipse::mylyn::internal::compatibility::Messages ,1,0,0,1,0,0,0,0,0,0,0,0,0,19.1429,0,0,0,0,0,0, 
org::eclipse::mylyn::internal::xplanner::ui::XPlannerTaskDataHandler ,1,0,0,1,0,0,0,0,0,0,0,0,0,6.42857,0,1,1,0,0,0, 
org::eclipse::mylyn::internal::tasks::core::DateRange ,15,1,1,3,300,192,20,246,108,16.4,54,183,3.6,45.4286,5.54333,0,0,0,0,0, 
org::eclipse::mylyn::internal::web::ui::WebUiUtil ,17,1,0,2,144,34,8.47059,86,30,5.05882,58,34,3.41176,145.857,42.3879,0,0,0,0,0, 
org::eclipse::mylyn::internal::jira::core::service::web::JiraWebClient ,20,1,0,2,431,102,21.55,399,104,19.95,32,21,1.6,54,17.9466,0,0,0,0,0, 
org::eclipse::mylyn::internal::bugzilla::core::BugzillaQueryHit ,11,1,0,2,15,5,1.36364,61,42,5.54545,-46,3,-4.18182,132.714,18.7143,0,0,0,0,0, 
org::eclipse::mylyn::internal::context::core::SaxContextContentHandler ,30,0,3,2,246,96,8.2,179,96,5.96667,67,96,2.23333,109.857,38.3304,1,1,0,0,0, 
org::eclipse::mylyn::internal::tasks::ui::commands::RemoteTaskSelectionDialog ,52,0,2,3,251,68,4.82692,289,67,5.55769,-38,64,-0.730769,120.571,30.9158,0,0,0,0,0, 
org::eclipse::mylyn::internal::tasks::ui::notifications::TaskListNotificationQueryIncoming ,10,0,0,2,14,4,1.4,68,49,6.8,-54,3,-5.4,66.8571,29.0204,0,0,0,0,0, 
org::eclipse::mylyn::wikitext::tests::ClassTraversal ,7,1,0,1,19,11,2.71429,4,1,0.571429,15,10,2.14286,16.7143,10.1729,0,0,0,0,0, 
org::eclipse::mylyn::internal::trac::ui::TracSearchHandler ,6,0,0,2,8,4,1.33333,5,1,0.833333,3,3,0.5,39.5714,15.0536,0,0,0,0,0, 
org::eclipse::mylyn::tasks::core::TaskRepository ,80,0,2,3,1609,322,20.1125,1001,332,12.5125,608,129,7.6,139.714,63.973,1,1,0,0,0, 
org::eclipse::mylyn::internal::jira::core::JiraField ,1,0,0,1,0,0,0,0,0,0,0,0,0,18.8571,0,0,0,0,0,0, 
org::eclipse::mylyn::bugzilla::deprecated::BugzillaCompareStructureCreator ,3,0,0,3,8,8,2.66667,3,3,1,5,5,1.66667,39.5714,13,0,0,0,0,0, 
org::eclipse::mylyn::internal::jira::core::wsdl::soap::RemoteException ,9,0,0,2,103,74,11.4444,106,77,11.7778,-3,7,-0.333333,110.714,27.9168,0,0,0,0,0, 
org::eclipse::mylyn::internal::bugzilla::core::SaxMultiBugReportContentHandler ,46,0,0,4,1114,300,24.2174,778,300,16.913,336,300,7.30435,103,44.58,1,0,0,0,1, 
org::eclipse::mylyn::internal::tasks::ui::wizards::NewQueryWizard ,21,1,2,3,41,5,1.95238,40,5,1.90476,1,4,0.047619,139.571,40.9512,0,0,0,0,0, 
org::eclipse::mylyn::internal::wikitext::ui::util::WikiTextUiResources ,2,0,0,2,3,3,1.5,3,3,1.5,0,0,0,26.5714,6.71429,0,0,0,0,0, 
org::eclipse::mylyn::internal::jira::core::model::IssueLink ,7,0,0,2,45,31,6.42857,14,6,2,31,30,4.42857,110.714,26.8794,0,0,0,0,0, 
org::eclipse::mylyn::internal::jira::core::model::IssueType ,14,0,0,2,41,11,2.92857,64,25,4.57143,-23,11,-1.64286,110.714,54.7213,0,0,0,0,0, 
org::eclipse::mylyn::internal::tasks::bugs::AttributeTaskMapper ,19,0,0,2,177,99,9.31579,73,24,3.84211,104,99,5.47368,47.5714,6.69169,1,0,0,0,0, 
org::eclipse::mylyn::internal::tasks::ui::util::SelectionProviderAdapter ,4,0,0,2,30,24,7.5,8,6,2,22,18,5.5,57.8571,47.6429,0,0,0,0,0, 
org::eclipse::mylyn::internal::tasks::ui::editors::ContentOutlineTools ,10,0,0,3,20,5,2,19,4,1.9,1,4,0.1,139.571,64.8286,0,0,0,0,0, 
org::eclipse::mylyn::internal::jira::core::service::soap::JiraSoapServiceLocator ,5,0,0,2,12,7,2.4,6,3,1.2,6,4,1.2,54,29.0833,0,0,0,0,0, 
org::eclipse::mylyn::internal::bugzilla::ui::search::BugzillaSearchOperation ,7,0,0,2,14,6,2,13,6,1.85714,1,1,0.142857,148.571,14.1429,0,0,0,0,0, 
org::eclipse::mylyn::internal::wikitext::ui::editor::dnd::DndConfigurationStrategy ,2,1,0,1,1,1,0.5,1,1,0.5,0,0,0,7.71429,0.142857,0,0,0,0,0, 
org::eclipse::mylyn::internal::xplanner::ui::editor::XPlannerUserStoryEditor ,1,0,0,1,0,0,0,0,0,0,0,0,0,6.42857,0,1,1,0,0,0, 
org::eclipse::mylyn::internal::sandbox::ui::JavaContextLabelProvider ,5,0,0,2,9,5,1.8,7,4,1.4,2,1,0.4,48.8571,18.3175,0,0,0,0,0, 
org::eclipse::mylyn::internal::tasks::ui::actions::TaskDeactivateAction ,25,1,2,2,46,8,1.84,44,8,1.76,2,3,0.08,139.571,69.1118,0,0,0,0,0, 
org::eclipse::mylyn::internal::tasks::ui::actions::AbstractTaskRepositoryAction ,16,0,0,2,113,43,7.0625,72,43,4.5,41,43,2.5625,107.857,36.9545,0,0,0,0,0, 
org::eclipse::mylyn::internal::tasks::ui::views::TaskRepositoriesTableLabelProvider ,2,0,0,2,0,0,0,0,0,0,0,0,0,131.571,0,0,0,0,0,0, 
org::eclipse::mylyn::internal::tasks::ui::TaskArchiveFilter ,18,0,0,3,48,11,2.66667,37,8,2.05556,11,8,0.611111,139.571,78.2351,0,0,0,0,0, 
org::eclipse::mylyn::internal::tasks::ui::views::TaskListToolTipHandler ,62,4,0,2,1290,255,20.8065,1011,319,16.3065,279,100,4.5,139.571,42.357,0,0,0,0,0, 
org::eclipse::mylyn::internal::tasks::ui::actions::CommentActionGroup ,1,0,0,1,0,0,0,0,0,0,0,0,0,6.85714,0,0,0,0,0,0, 
org::eclipse::mylyn::internal::tasks::core::data::TaskDataState ,15,0,0,2,151,36,10.0667,92,44,6.13333,59,19,3.93333,47.1429,2.7474,0,0,0,0,0, 
org::eclipse::mylyn::internal::tasks::ui::actions::TaskListSortAction ,5,0,0,3,16,7,3.2,4,1,0.8,12,6,2.4,44.7143,28.0089,0,0,0,0,0, 
org::eclipse::mylyn::internal::tasks::ui::actions::SynchronizeAllAction ,11,0,0,3,16,4,1.45455,16,4,1.45455,0,3,0,139.429,84.4286,0,0,0,0,0, 
org::eclipse::mylyn::wikitext::core::parser::LinkAttributes ,5,1,0,2,33,28,6.6,3,2,0.6,30,28,6,32.7143,3.03896,0,0,0,0,0, 
org::eclipse::mylyn::internal::jira::core::model::ServerInfo ,12,0,0,2,49,12,4.08333,20,5,1.66667,29,10,2.41667,110.714,42.8134,0,0,0,0,0, 
org::eclipse::mylyn::internal::monitor::usage::editors::UsageSummaryReportEditorPart ,26,0,1,3,445,278,17.1154,414,283,15.9231,31,278,1.19231,103.571,4.49567,0,0,0,0,0, 
org::eclipse::mylyn::internal::sandbox::dev::IntrospectObjectAction ,22,0,0,2,48,7,2.18182,41,7,1.86364,7,4,0.318182,92,30.2321,0,0,0,0,0, 
org::eclipse::mylyn::internal::wikitext::ui::viewer::AnnotationHyperlinkDetector ,4,0,0,2,26,20,6.5,19,17,4.75,7,4,1.75,32.7143,2.22527,0,0,0,0,0, 
org::eclipse::mylyn::internal::tasks::ui::wizards::NewLocalCategoryWizard ,7,0,0,2,11,4,1.57143,9,2,1.28571,2,3,0.285714,133,69.8571,0,0,0,0,0, 
org::eclipse::mylyn::internal::wikitext::ui::editor::commands::ShowQuickOutlineCommand ,1,0,0,1,0,0,0,0,0,0,0,0,0,4,0,1,0,0,0,0, 
org::eclipse::mylyn::internal::jira::core::model::filter::NobodyFilter ,7,0,0,1,10,5,1.42857,8,4,1.14286,2,4,0.285714,110.714,58.7,0,0,0,0,0, 
org::eclipse::mylyn::internal::java::ui::editor::ActiveFoldingListener ,47,0,3,2,442,185,9.40425,637,269,13.5532,-195,7,-4.14894,164,35.6639,2,2,0,0,0, 
org::eclipse::mylyn::internal::tasks::ui::util::TaskComparator ,5,2,0,1,71,35,14.2,4,3,0.8,67,32,13.4,9.57143,4.84507,0,0,0,0,0, 
org::eclipse::mylyn::internal::tests::report::Build ,3,0,0,2,15,10,5,1,1,0.333333,14,10,4.66667,65.2857,24.4286,0,0,0,0,0, 
org::eclipse::mylyn::zest::layouts::constraints::LabelLayoutConstraint ,2,0,1,1,2,2,1,2,2,1,0,0,0,135.857,43.7143,0,0,0,0,0, 
org::eclipse::mylyn::internal::bugzilla::ui::editor::BugzillaTaskEditorPageFactory ,6,0,0,3,12,4,2,8,3,1.33333,4,3,0.666667,42,8.10714,0,0,0,0,0, 
org::eclipse::mylyn::internal::context::ui::actions::ContextActiveActionFilter ,7,0,2,1,35,26,5,35,26,5,0,26,0,102.714,12.8286,0,0,0,0,0, 
org::eclipse::mylyn::internal::context::ui::actions::AbstractInterestManipulationAction ,26,1,0,2,138,16,5.30769,120,17,4.61538,18,8,0.692308,139.714,58.205,0,0,0,0,0, 
org::eclipse::mylyn::internal::jira::core::TaskSchema ,1,0,0,1,0,0,0,0,0,0,0,0,0,18.8571,0,0,0,0,0,0, 
org::eclipse::mylyn::internal::wikitext::ui::util::css::DescendantSelector ,2,1,1,1,1,1,0.5,1,1,0.5,0,0,0,7.42857,0.571429,0,0,0,0,0, 
org::eclipse::mylyn::internal::wikitext::textile::core::block::PreformattedBlock ,3,0,0,2,11,9,3.66667,11,9,3.66667,0,0,0,32.7143,3.74026,0,0,0,0,0, 
org::eclipse::mylyn::internal::java::ui::search::Messages ,1,0,0,1,0,0,0,0,0,0,0,0,0,14.8571,0,0,0,0,0,0, 
org::eclipse::mylyn::internal::bugzilla::ui::BugzillaResultMatchAdapter ,15,0,1,2,42,6,2.8,34,6,2.26667,8,3,0.533333,164,25.9694,0,0,0,0,0, 
org::eclipse::mylyn::internal::context::ui::preferences::ContextUiPreferencePage ,22,0,0,2,157,57,7.13636,645,511,29.3182,-488,29,-22.1818,137.286,70.0409,0,0,0,0,0, 
org::eclipse::mylyn::internal::monitor::core::collection::DataOverviewCollector ,8,0,1,2,73,37,9.125,46,34,5.75,27,17,3.375,109.857,68.6634,0,0,0,0,0, 
org::eclipse::mylyn::internal::web::ui::WebUiBridgePlugin ,18,0,1,2,70,21,3.88889,45,9,2.5,25,12,1.38889,92.4286,35.1571,0,0,0,0,0, 
org::eclipse::mylyn::internal::wikitext::textile::core::validation::Messages ,2,0,0,1,1,1,0.5,1,1,0.5,0,0,0,19.8571,2,0,0,0,0,0, 
org::eclipse::mylyn::internal::jira::ui::editor::JiraTaskEditorPageFactory ,16,1,0,2,43,16,2.6875,25,4,1.5625,18,14,1.125,50.4286,8.35548,0,0,0,0,0, 
org::eclipse::mylyn::internal::sandbox::dev::InterestDecrementAction ,4,0,0,2,7,4,1.75,4,2,1,3,3,0.75,70.8571,38.8367,0,0,0,0,0, 
upload::UsageAnalysis ,9,0,0,1,141,111,15.6667,30,16,3.33333,111,95,12.3333,103.714,11.773,0,0,0,0,0, 
org::eclipse::mylyn::internal::tasks::core::TaskActivityUtil ,15,1,1,3,149,53,9.93333,39,10,2.6,110,52,7.33333,81,33.0892,0,0,0,0,0, 
org::eclipse::mylyn::internal::context::ui::actions::TaskContextAction ,10,0,0,2,26,5,2.6,26,5,2.6,0,3,0,118.714,49.1593,0,0,0,0,0, 
org::eclipse::mylyn::internal::resources::ui::ResourceChangeMonitor ,24,1,1,2,294,92,12.25,142,61,5.91667,152,47,6.33333,92.4286,61.1934,0,0,0,0,0, 
org::eclipse::mylyn::wikitext::core::parser::markup::Block ,4,0,0,2,33,31,8.25,34,28,8.5,-1,3,-0.25,32.7143,3.27273,0,0,0,0,0, 
org::eclipse::mylyn::internal::sandbox::ui::hyperlinks::DefaultResourceHyperlink ,3,0,0,2,5,4,1.66667,2,1,0.666667,3,3,1,31.8571,5.31429,0,0,0,0,0, 
org::eclipse::mylyn::internal::xplanner::core::Messages ,1,0,0,1,0,0,0,0,0,0,0,0,0,6.42857,0,0,0,0,0,0, 
org::eclipse::mylyn::internal::jira::core::service::FilterDefinitionConverter ,1,0,0,1,0,0,0,0,0,0,0,0,0,2.71429,0,1,1,0,0,1, 
org::eclipse::mylyn::internal::team::ui::ContextActiveChangeSetManager ,35,0,2,2,240,55,6.85714,183,37,5.22857,57,18,1.62857,92.4286,48.1458,1,1,0,0,0, 
org::eclipse::mylyn::internal::trac::core::model::TracSeverity ,7,0,0,2,9,4,1.28571,6,1,0.857143,3,3,0.428571,133,87.1746,0,0,0,0,0, 
org::eclipse::mylyn::internal::trac::ui::TracHyperlinkDetector ,12,0,0,3,69,27,5.75,149,68,12.4167,-80,11,-6.66667,105.714,39.3271,0,0,0,0,0, 
org::eclipse::mylyn::internal::context::ui::views::ContextNodeOpenListener ,14,0,0,2,110,38,7.85714,43,6,3.07143,67,34,4.78571,139.714,44.0506,0,0,0,0,0, 
org::eclipse::mylyn::internal::xplanner::core::service::XPlannerService ,1,0,0,1,0,0,0,0,0,0,0,0,0,6.42857,0,0,0,0,0,0, 
org::eclipse::mylyn::internal::tasks::ui::actions::AbstractChangeCompletionAction ,8,0,0,2,28,8,3.5,22,7,2.75,6,3,0.75,90.2857,50.6633,0,0,0,0,0, 
org::eclipse::mylyn::internal::team::ccvs::Messages ,1,0,0,1,0,0,0,0,0,0,0,0,0,19.1429,0,0,0,0,0,0, 
org::eclipse::mylyn::internal::tasks::ui::editors::TaskEditorNewCommentPart ,15,1,0,2,62,17,4.13333,357,313,23.8,-295,17,-19.6667,61.2857,23.4977,0,0,0,0,0, 
org::eclipse::mylyn::internal::bugzilla::core::BugzillaRepositoryConnector ,169,11,4,3,2469,474,14.6095,2181,267,12.9053,288,421,1.70414,131.571,43.9193,0,0,0,0,0, 
org::eclipse::mylyn::internal::tasks::ui::editors::RepositoryTextViewer ,13,0,0,3,69,21,5.30769,105,88,8.07692,-36,20,-2.76923,139.571,50.3147,1,1,0,0,0, 
org::eclipse::mylyn::internal::context::ui::actions::InterestIncrementAction ,6,1,0,1,8,4,1.33333,8,4,1.33333,0,3,0,139.714,82.625,0,0,0,0,0, 
org::eclipse::mylyn::tasks::ui::editors::LayoutHint ,4,0,0,2,55,31,13.75,2,1,0.5,53,30,13.25,45.8571,26.3065,0,0,0,0,0, 
org::eclipse::mylyn::internal::wikitext::ui::Messages ,2,0,0,1,1,1,0.5,1,1,0.5,0,0,0,19.8571,2,1,0,0,0,0, 
org::eclipse::mylyn::internal::bugs::java::AbstractHyperlinkDetector ,3,0,0,1,0,0,0,0,0,0,0,0,0,162.571,0,0,0,0,0,0, 
org::xplanner::soap::XPlanner::XPlannerSoapBindingStub ,6,0,0,2,2073,2058,345.5,1970,1956,328.333,103,102,17.1667,93.7143,39.0684,0,0,0,0,0, 
org::eclipse::mylyn::internal::context::ui::commands::AttachContextHandler ,6,0,0,2,6,4,1,20,15,3.33333,-14,3,-2.33333,43.8571,11.9286,1,1,0,0,0, 
org::eclipse::mylyn::internal::trac::core::util::TracXmlRpcClientRequest ,4,0,0,2,6,4,1.5,3,1,0.75,3,3,0.75,62.8571,39.2381,0,0,0,0,0, 
org::eclipse::mylyn::internal::wikitext::confluence::core::phrase::SimpleWrappedPhraseModifier ,7,0,0,2,38,19,5.42857,22,11,3.14286,16,15,2.28571,32.7143,8.0188,0,0,0,0,0, 
org::eclipse::mylyn::internal::monitor::usage::UsageStatisticsSummary ,5,0,0,2,7,4,1.4,7,4,1.4,0,3,0,90.7143,53.6122,0,0,0,0,0, 
org::eclipse::mylyn::zest::layouts::progress::ProgressEvent ,2,0,0,2,1,1,0.5,1,1,0.5,0,0,0,184.857,92.7143,0,0,0,0,0, 
org::eclipse::mylyn::internal::tasks::core::sync::SubmitTaskJob ,17,0,0,3,57,11,3.35294,46,9,2.70588,11,8,0.647059,46.1429,9.48872,1,0,0,0,0, 
org::eclipse::mylyn::wikitext::core::parser::builder::HtmlDocumentBuilder ,15,2,0,2,775,214,51.6667,413,170,27.5333,362,128,24.1333,32.7143,15.503,1,0,0,0,0, 
org::eclipse::mylyn::internal::wikitext::twiki::core::block::HeadingBlock ,2,0,0,1,2,2,1,2,2,1,0,0,0,23.8571,4,0,0,0,0,0, 
org::eclipse::mylyn::internal::tasks::ui::notifications::Messages ,1,0,0,1,0,0,0,0,0,0,0,0,0,14.5714,0,0,0,0,0,0, 
org::eclipse::mylyn::internal::jira::core::service::web::rss::JiraRssReader ,5,0,0,2,9,5,1.8,14,11,2.8,-5,4,-1,54,30.0476,0,0,0,0,0, 
org::eclipse::mylyn::internal::examples::jira::JiraClientExample ,2,0,0,1,0,0,0,4,4,2,-4,0,-2,23.8571,0,0,0,0,0,0, 
org::eclipse::mylyn::internal::tasks::ui::actions::DisconnectRepositoryAction ,2,0,0,1,1,1,0.5,1,1,0.5,0,0,0,14.2857,5.28571,1,1,0,0,0, 
org::eclipse::mylyn::internal::tasks::ui::actions::SearchForRepositoryTask ,4,0,0,2,6,4,1.5,3,1,0.75,3,3,0.75,81.1429,52.8571,0,0,0,0,0, 
org::eclipse::mylyn::internal::tasks::ui::notifications::TaskListNotifier ,8,0,0,3,25,5,3.125,16,5,2,9,4,1.125,41.1429,7.86857,0,0,0,0,0, 
org::eclipse::mylyn::internal::sandbox::dev::InterestDebuggingDecorator ,15,0,1,2,28,6,1.86667,23,4,1.53333,5,4,0.333333,92,36.3878,0,0,0,0,0, 
org::eclipse::mylyn::monitor::ui::AbstractPartTracker ,6,0,0,2,9,4,1.5,8,5,1.33333,1,3,0.166667,90.7143,42.4921,0,0,0,0,0, 
org::eclipse::mylyn::internal::jira::core::wsdl::beans::RemoteComponent ,9,0,0,2,98,70,10.8889,104,76,11.5556,-6,7,-0.666667,110.714,28.2668,0,0,0,0,0, 
org::eclipse::mylyn::internal::wikitext::core::Messages ,2,1,0,1,1,1,0.5,1,1,0.5,0,0,0,9.57143,0.857143,0,0,0,0,0, 
org::eclipse::mylyn::internal::tasks::ui::workingsets::TaskWorkingSetElementAdapter ,11,0,0,2,20,5,1.81818,14,3,1.27273,6,4,0.545455,91.2857,35.9286,0,0,0,0,0, 
org::eclipse::mylyn::internal::trac::core::model::TracComment ,7,0,0,2,9,4,1.28571,6,1,0.857143,3,3,0.428571,133,95.5397,0,0,0,0,0, 
org::eclipse::mylyn::wikitext::ui::viewer::MarkupViewerConfiguration ,5,1,0,2,5,2,1,4,2,0.8,1,1,0.2,32.7143,14.5429,0,0,0,0,0, 
org::eclipse::mylyn::internal::monitor::ui::PerspectiveChangeMonitor ,8,0,0,2,28,8,3.5,23,8,2.875,5,5,0.625,90.7143,54.8469,0,0,0,0,0, 
org::eclipse::mylyn::internal::jira::core::service::JiraAuthenticationException ,10,0,0,3,38,26,3.8,37,26,3.7,1,26,0.1,97.8571,15.3421,0,0,0,0,0, 
org::eclipse::mylyn::wikitext::core::util::anttask::MarkupTask ,6,1,0,2,128,89,21.3333,16,8,2.66667,112,89,18.6667,32.7143,7.55692,0,0,0,0,0, 
org::eclipse::mylyn::zest::layouts::algorithms::internal::CycleChecker ,2,0,0,2,5,5,2.5,5,5,2.5,0,0,0,184.857,92.7143,0,0,0,0,0, 
org::eclipse::mylyn::internal::tasks::ui::editors::TaskEditorPlanningPart ,20,1,1,3,423,265,21.15,198,104,9.9,225,161,11.25,61,20.283,2,1,0,0,0, 
org::eclipse::mylyn::internal::provisional::commons::ui::WorkbenchActionSupport ,1,0,0,1,0,0,0,0,0,0,0,0,0,9,0,0,0,0,0,0, 
org::eclipse::mylyn::internal::bugzilla::core::RepositoryReportFactory ,32,0,0,2,261,94,8.15625,372,151,11.625,-111,30,-3.46875,148.571,10.1839,0,0,0,0,0, 
org::eclipse::mylyn::internal::wikitext::mediawiki::core::token::EntityReferenceReplacementToken ,3,0,0,2,4,2,1.33333,4,2,1.33333,0,0,0,32.7143,7.28571,0,0,0,0,0, 
org::eclipse::mylyn::internal::commons::net::PollingOutputStream ,2,0,0,1,1,1,0.5,0,0,0,1,1,0.5,45.8571,19.2857,0,0,0,0,0, 
org::eclipse::mylyn::internal::java::ui::JavaUiBridge ,47,0,3,2,220,22,4.68085,269,42,5.7234,-49,13,-1.04255,164,51.0389,0,0,0,0,0, 
org::eclipse::mylyn::internal::wikitext::confluence::core::phrase::ImagePhraseModifier ,4,0,0,2,5,3,1.25,5,3,1.25,0,0,0,32.7143,6.11429,0,0,0,0,0, 
org::eclipse::mylyn::internal::wikitext::ui::editor::help::CheatSheetContent ,5,1,0,2,10,7,2,10,6,2,0,1,0,32.7143,3.94286,0,0,0,0,0, 
org::eclipse::mylyn::tasks::ui::wizards::AbstractRepositorySettingsPage ,77,1,2,3,2200,348,28.5714,1366,352,17.7403,834,172,10.8312,118.714,54.4022,0,0,0,0,0, 
org::eclipse::mylyn::internal::wikitext::mediawiki::core::token::LineBreakToken ,3,0,0,2,3,2,1,3,2,1,0,0,0,32.7143,5.42857,0,0,0,0,0, 
org::eclipse::mylyn::internal::wikitext::ui::viewer::annotation::ImageAnnotation ,3,0,0,1,13,11,4.33333,2,2,0.666667,11,11,3.66667,24.7143,9.69231,0,0,0,0,0, 
org::eclipse::mylyn::internal::pde::ui::junit::TaskContextPdeJUnitTabGroup ,9,1,0,2,16,4,1.77778,18,10,2,-2,3,-0.222222,91.5714,46.375,0,0,0,0,0, 
org::eclipse::mylyn::internal::wikitext::mediawiki::core::token::HyperlinkReplacementToken ,3,0,0,2,5,3,1.66667,5,3,1.66667,0,0,0,32.7143,6.17143,0,0,0,0,0, 
org::eclipse::mylyn::internal::wikitext::tasks::ui::util::bugzilla::BugzillaGeneratedCommentBlock ,1,0,0,1,0,0,0,0,0,0,0,0,0,6,0,0,0,0,0,0, 
org::eclipse::mylyn::internal::java::tasks::JavaStackTraceHyperlinkDetector ,4,0,0,1,56,53,14,36,33,9,20,20,5,47.5714,25.352,0,0,0,0,0, 
org::eclipse::mylyn::zest::layouts::algorithms::RadialLayoutAlgorithm ,4,1,1,2,20,10,5,9,6,2.25,11,9,2.75,184.857,43.2714,0,0,0,0,0, 
org::eclipse::mylyn::internal::tasks::ui::actions::OpenTaskSearchAction ,5,0,0,2,23,17,4.6,9,4,1.8,14,14,2.8,90,47.0124,0,0,0,0,0, 
org::eclipse::mylyn::zest::core::widgets::GraphConnection ,18,0,1,1,415,145,23.0556,285,137,15.8333,130,54,7.22222,103.714,6.83511,0,0,0,0,0, 
org::eclipse::mylyn::internal::trac::core::client::TracXmlRpcClient ,14,0,0,2,280,101,20,177,101,12.6429,103,76,7.35714,39.5714,19.2005,3,2,1,1,1, 
org::eclipse::mylyn::wikitext::core::parser::Attributes ,5,1,0,2,21,14,4.2,9,4,1.8,12,10,2.4,32.7143,4.85034,0,0,0,0,0, 
org::eclipse::mylyn::wikitext::ui::annotation::AnchorHrefAnnotation ,5,1,0,2,5,2,1,4,2,0.8,1,1,0.2,32.7143,12.6857,0,0,0,0,0, 
org::eclipse::mylyn::internal::wikitext::twiki::core::block::LiteralBlock ,3,0,0,1,4,3,1.33333,4,3,1.33333,0,0,0,23.8571,5.28571,0,0,0,0,0, 
org::eclipse::mylyn::internal::wikitext::ui::editor::reconciler::MultiReconcilingStrategy ,3,0,0,1,10,9,3.33333,10,9,3.33333,0,0,0,32.7143,1.71429,0,0,0,0,0, 
org::eclipse::mylyn::internal::jira::core::WorkLogConverter ,3,0,0,1,32,18,10.6667,22,14,7.33333,10,10,3.33333,15.7143,8.1875,1,1,0,0,0, 
org::eclipse::mylyn::internal::team::ui::actions::Messages ,1,0,0,1,0,0,0,0,0,0,0,0,0,14.8571,0,0,0,0,0,0, 
org::eclipse::mylyn::internal::tasks::ui::editors::RepositoryTaskOutlineNode ,17,0,0,3,106,23,6.23529,95,26,5.58824,11,9,0.647059,139.571,58.8612,0,0,0,0,0, 
org::eclipse::mylyn::internal::jira::core::wsdl::beans::RemoteEntity ,9,0,0,2,92,65,10.2222,95,68,10.5556,-3,7,-0.333333,110.714,28.795,0,0,0,0,0, 
org::eclipse::mylyn::context::tests::support::DomContextReader ,27,0,4,3,166,33,6.14815,94,13,3.48148,72,30,2.66667,131.714,71.8365,0,0,0,0,0, 
org::eclipse::mylyn::internal::tasks::core::WeekDateRange ,9,1,1,3,163,72,18.1111,30,9,3.33333,133,63,14.7778,44.7143,21.4373,0,0,0,0,0, 
org::eclipse::mylyn::context::tests::support::FileTool ,4,0,0,2,13,8,3.25,13,9,3.25,0,1,0,131.714,52.3736,0,0,0,0,0, 
org::eclipse::mylyn::internal::commons::net::InfiniteSubProgressMonitor ,2,0,0,1,0,0,0,0,0,0,0,0,0,45.8571,0,0,0,0,0,0, 
org::eclipse::mylyn::internal::jira::core::wsdl::beans::RemoteComment ,9,0,0,2,347,255,38.5556,316,287,35.1111,31,61,3.44444,110.714,25.0799,0,0,0,0,0, 
org::eclipse::mylyn::internal::wikitext::tasks::ui::util::bugzilla::BugzillaQuoteBlock ,2,0,0,1,1,1,0.5,1,1,0.5,0,0,0,6,1.42857,0,0,0,0,0, 
org::eclipse::mylyn::internal::tasks::ui::CategorizedPresentation ,5,0,0,2,7,4,1.4,4,1,0.8,3,3,0.6,81,54.6531,0,0,0,0,0, 
org::eclipse::mylyn::internal::jira::core::wsdl::beans::AbstractNamedRemoteEntity ,9,0,0,2,127,99,14.1111,135,107,15,-8,7,-0.888889,110.714,26.5096,0,0,0,0,0, 
org::eclipse::mylyn::internal::context::ui::AbstractContextLabelProvider ,6,1,0,1,22,14,3.66667,23,14,3.83333,-1,3,-0.166667,139.714,58.1688,0,0,0,0,0, 
org::eclipse::mylyn::internal::jira::core::wsdl::beans::RemoteConfiguration ,9,0,0,2,389,271,43.2222,325,295,36.1111,64,86,7.11111,110.714,25.4238,0,0,0,0,0, 
org::eclipse::mylyn::internal::trac::core::client::Messages ,2,1,0,1,2,2,1,0,0,0,2,2,1,14.8571,5.42857,0,0,0,0,0, 
org::eclipse::mylyn::wikitext::core::parser::markup::token::LineBreakReplacementTokenProcessor ,5,1,0,2,7,3,1.4,3,2,0.6,4,3,0.8,32.7143,16.7143,0,0,0,0,0, 
org::eclipse::mylyn::wikitext::twiki::core::TWikiLanguage ,5,1,0,1,97,89,19.4,106,88,21.2,-9,1,-1.8,14.7143,8.64948,0,0,0,0,0, 
org::eclipse::mylyn::internal::trac::core::model::TracWikiPageInfo ,6,0,0,2,10,4,1.66667,6,2,1,4,3,0.666667,85.4286,53.4429,0,0,0,0,0, 
org::eclipse::mylyn::internal::tasks::ui::deprecated::AbstractTaskEditorFactory ,4,0,0,2,6,4,1.5,8,7,2,-2,3,-0.5,41.5714,10.9048,0,0,0,0,0, 
org::eclipse::mylyn::internal::resources::ui::ResourceUiBridge ,24,0,2,2,88,14,3.66667,84,10,3.5,4,9,0.166667,139.143,55.1591,0,0,0,0,0, 
org::eclipse::mylyn::zest::core::messages::ZestErrorMessages ,2,1,0,1,3,3,1.5,3,3,1.5,0,0,0,137.714,45.5714,0,0,0,0,0, 
org::eclipse::mylyn::context::ui::AbstractContextUiBridge ,9,0,0,1,23,6,2.55556,23,8,2.55556,0,3,0,120.429,39.6646,0,0,0,0,0, 
org::eclipse::mylyn::internal::tasks::ui::search::SearchResultSortAction ,7,0,0,3,11,4,1.57143,11,4,1.57143,0,3,0,135.429,82.0649,0,0,0,0,0, 
org::eclipse::mylyn::internal::tasks::ui::actions::ToggleWorkingSetAction ,8,0,0,2,11,4,1.375,11,4,1.375,0,3,0,90,40.5065,0,0,0,0,0, 
org::eclipse::mylyn::zest::core::viewers::GraphViewer ,5,1,1,1,38,19,7.6,29,19,5.8,9,7,1.8,103.714,7.16541,0,0,0,0,0, 
org::eclipse::mylyn::internal::tasks::core::TaskRepositoryManager ,23,1,1,3,175,50,7.6087,161,36,7,14,38,0.608696,48.4286,18.6253,0,0,0,0,0, 
org::eclipse::mylyn::internal::wikitext::ui::util::css::editor::CssWhitespaceDetector ,1,0,0,1,0,0,0,0,0,0,0,0,0,6.42857,0,0,0,0,0,0, 
org::eclipse::mylyn::internal::sandbox::ui::highlighters::TaskHighlighterMenuContributor ,4,0,0,2,8,4,2,5,3,1.25,3,3,0.75,43.5714,13.5179,0,0,0,0,0, 
org::eclipse::mylyn::internal::ide::ui::MarkerViewerInterestSorter ,12,0,0,2,37,6,3.08333,34,6,2.83333,3,3,0.25,129.571,73.3591,0,0,0,0,0, 
org::eclipse::mylyn::internal::context::ui::ContentOutlineManager ,7,0,0,1,12,5,1.71429,11,4,1.57143,1,4,0.142857,139.714,66.7381,0,0,0,0,0, 
org::eclipse::mylyn::internal::bugzilla::ui::tasklist::BugzillaTaskHandler ,6,0,1,1,184,91,30.6667,214,102,35.6667,-30,0,-5,164,0.139752,0,0,0,0,0, 
org::eclipse::mylyn::internal::monitor::usage::FileDisplayDialog ,14,0,2,2,86,27,6.14286,41,9,2.92857,45,25,3.21429,109.857,16.9053,0,0,0,0,0, 
org::eclipse::mylyn::internal::provisional::tasks::core::RepositoryClientManager ,4,0,0,1,12,7,3,7,3,1.75,5,4,1.25,17,3.77381,0,0,0,0,0, 
org::eclipse::mylyn::internal::provisional::commons::ui::AbstractFilteredTree ,6,0,0,2,20,7,3.33333,12,6,2,8,4,1.33333,45.8571,17.6214,3,2,1,0,1, 
org::eclipse::mylyn::zest::core::widgets::internal::ExpandGraphLabel ,4,1,0,1,71,31,17.75,12,6,3,59,27,14.75,88.7143,0.573441,0,0,0,0,0, 
org::eclipse::mylyn::internal::tasks::ui::views::AbstractTaskListPresentation ,5,0,0,2,25,11,5,12,9,2.4,13,10,2.6,81,21.8457,0,0,0,0,0, 
org::eclipse::mylyn::internal::provisional::commons::core::CommonMessages ,2,0,0,1,1,1,0.5,1,1,0.5,0,0,0,14.5714,0,0,0,0,0,0, 
org::eclipse::mylyn::internal::jira::core::AttributeValueConverter ,2,0,0,1,12,12,6,0,0,0,12,12,6,18.8571,5.14286,0,0,0,0,0, 
org::eclipse::mylyn::internal::provisional::commons::ui::CommonsUiUtil ,3,0,0,1,38,34,12.6667,2,2,0.666667,36,34,12,9.42857,3.41353,0,0,0,0,0, 
org::eclipse::mylyn::internal::trac::ui::TracConnectorUi ,24,0,0,2,96,23,4,92,32,3.83333,4,14,0.166667,90.4286,43.3021,0,0,0,0,0, 
org::eclipse::mylyn::internal::monitor::usage::MonitorFileRolloverJob ,28,0,1,3,509,223,18.1786,374,223,13.3571,135,223,4.82143,102.714,6.38002,0,0,0,0,0, 
org::eclipse::mylyn::internal::bugzilla::ui::search::BugzillaSearchQuery ,6,0,0,2,30,17,5,93,70,15.5,-63,0,-10.5,148.571,14.5524,0,0,0,0,0, 
org::eclipse::mylyn::tasks::tests::connector::MockRepositoryConnectorUi ,9,0,0,2,42,22,4.66667,17,6,1.88889,25,21,2.77778,77.7143,44.4762,0,0,0,0,0, 
org::eclipse::mylyn::internal::wikitext::ui::editor::outline::QuickOutlinePopupDialog ,2,1,0,1,2,2,1,1,1,0.5,1,1,0.5,4,0.142857,3,2,0,0,0, 
org::eclipse::mylyn::internal::trac::ui::editor::TracRenderingEngine ,10,0,0,3,28,14,2.8,28,14,2.8,0,4,0,88,64.1684,0,0,0,0,0, 
org::eclipse::mylyn::internal::commons::net::PollingProtocolSocketFactory ,2,0,0,1,0,0,0,0,0,0,0,0,0,45.8571,0,0,0,0,0,0, 
org::eclipse::mylyn::internal::wikitext::confluence::core::block::TableBlock ,4,0,0,2,14,8,3.5,15,10,3.75,-1,1,-0.25,32.7143,4.95918,0,0,0,0,0, 
org::eclipse::mylyn::internal::tasks::ui::editors::TaskRelationHyperlinkDetector ,6,0,0,2,56,36,9.33333,25,8,4.16667,31,28,5.16667,41.2857,18.6148,0,0,0,0,0, 
org::eclipse::mylyn::internal::tasks::ui::editors::BooleanAttributeEditor ,10,1,0,3,33,18,3.3,11,3,1.1,22,15,2.2,47.1429,34.0303,0,0,0,0,0, 
org::eclipse::mylyn::internal::web::ui::WebResourceContentProvider ,5,0,0,2,10,4,2,9,4,1.8,1,3,0.2,92.4286,35.8429,0,0,0,0,0, 
org::xplanner::soap::XPlanner::XPlannerProxy ,3,0,0,2,353,351,117.667,299,297,99.6667,54,54,18,93.7143,39.0955,0,0,0,0,0, 
org::eclipse::mylyn::internal::team::ui::actions::AddToTaskContextAction ,18,0,0,2,166,121,9.22222,165,121,9.16667,1,121,0.0555556,102.714,9.62134,0,0,0,0,0, 
org::eclipse::mylyn::internal::jira::core::model::filter::StatusFilter ,7,0,0,2,14,5,2,13,4,1.85714,1,4,0.142857,110.714,59.1429,0,0,0,0,0, 
org::eclipse::mylyn::internal::context::ui::actions::InterestDecrementAction ,11,3,0,2,42,20,3.81818,40,26,3.63636,2,19,0.181818,139.714,58.1361,2,2,0,0,0, 
org::eclipse::mylyn::internal::tasks::ui::editors::AbstractReplyToCommentAction ,13,0,0,3,36,15,2.76923,22,7,1.69231,14,8,1.07692,47.1429,7.90873,0,0,0,0,0, 
org::eclipse::mylyn::internal::jira::core::model::Group ,6,0,0,1,8,4,1.33333,8,4,1.33333,0,3,0,110.714,60.2857,0,0,0,0,0, 
org::eclipse::mylyn::internal::web::tasks::NamedPattern ,4,0,0,3,13,8,3.25,10,8,2.5,3,3,0.75,87.4286,43.7253,0,0,0,0,0, 
org::eclipse::mylyn::internal::sandbox::ui::actions::OpenRelatedElementsPopupDialogAction ,4,0,0,2,6,4,1.5,3,1,0.75,3,3,0.75,55,27.6429,0,0,0,0,0, 
org::eclipse::mylyn::internal::tasks::ui::util::CopyAttachmentToClipboardJob ,3,0,0,2,9,5,3,5,4,1.66667,4,3,1.33333,39.5714,19.6667,0,0,0,0,0, 
org::eclipse::mylyn::internal::tasks::ui::commands::NewLocalTaskHandler ,5,0,0,2,8,4,1.6,6,3,1.2,2,3,0.4,49,29.125,0,0,0,0,0, 
org::eclipse::mylyn::internal::wikitext::twiki::core::phrase::SimpleWrappedPhraseModifier ,3,0,0,1,3,2,1,4,2,1.33333,-1,0,-0.333333,23.8571,3.95238,0,0,0,0,0, 
org::eclipse::mylyn::tasks::ui::editors::AbstractTaskEditorPart ,8,0,1,2,66,33,8.25,31,23,3.875,35,10,4.375,45.8571,4.63636,1,1,0,0,0, 
org::eclipse::mylyn::internal::jira::core::service::Messages ,1,0,0,1,0,0,0,0,0,0,0,0,0,14.8571,0,0,0,0,0,0, 
org::eclipse::mylyn::internal::tasks::ui::actions::TaskEditorScheduleAction ,2,0,0,2,6,6,3,6,6,3,0,0,0,2.71429,0.142857,0,0,0,0,0, 
org::eclipse::mylyn::internal::team::ccvs::CvsContextChangeSet ,4,0,0,2,10,6,2.5,9,6,2.25,1,1,0.25,40.8571,14.6714,0,0,0,0,0, 
org::eclipse::mylyn::internal::wikitext::core::parser::builder::DitaTopicDocumentBuilder ,4,1,0,1,87,48,21.75,41,33,10.25,46,43,11.5,19.4286,0.418719,1,0,0,0,0, 
org::eclipse::mylyn::internal::context::ui::ColorMap ,10,0,0,1,40,20,4,43,20,4.3,-3,1,-0.3,139.714,31.9429,0,0,0,0,0, 
org::eclipse::mylyn::internal::monitor::usage::wizards::GetNewUserIdPage ,9,0,1,2,60,19,6.66667,86,38,9.55556,-26,8,-2.88889,109.857,36.5738,0,0,0,0,0, 
org::eclipse::mylyn::internal::trac::core::client::TracRemoteException ,4,0,0,2,6,4,1.5,3,1,0.75,3,3,0.75,39.5714,15.9524,0,0,0,0,0, 
org::eclipse::mylyn::internal::tasks::ui::commands::OpenTaskAttachmentInDefaultEditorHandler ,6,0,0,3,17,8,2.83333,12,5,2,5,3,0.833333,45.5714,19.1429,0,0,0,0,0, 
org::eclipse::mylyn::internal::xplanner::ui::editor::XPlannerTimeTrackingEditorPart ,1,0,0,1,0,0,0,0,0,0,0,0,0,6.42857,0,1,1,0,0,0, 
org::eclipse::mylyn::internal::sandbox::ui::actions::FindReferencesInContextAction ,3,0,0,2,5,4,1.66667,2,1,0.666667,3,3,1,44,20.9429,0,0,0,0,0, 
org::eclipse::mylyn::wikitext::core::util::anttask::Messages ,2,0,0,1,1,1,0.5,1,1,0.5,0,0,0,19.8571,2,0,0,0,0,0, 
org::eclipse::mylyn::internal::resources::ui::ResourceContextLabelProvider ,15,1,0,2,43,8,2.86667,43,8,2.86667,0,3,0,139.143,55.6445,0,0,0,0,0, 
org::eclipse::mylyn::wikitext::core::parser::markup::PatternBasedElement ,4,0,0,2,20,10,5,13,9,3.25,7,7,1.75,32.7143,15.4643,0,0,0,0,0, 
org::eclipse::mylyn::internal::wikitext::ui::editor::actions::ToggleFoldingRulerAction ,2,1,0,1,1,1,0.5,1,1,0.5,0,0,0,9,0.285714,1,0,0,0,0, 
org::eclipse::mylyn::internal::bugzilla::ui::editor::BugzillaPlanningEditorPart ,9,1,0,3,34,10,3.77778,22,10,2.44444,12,5,1.33333,40.8571,5.52521,0,0,0,0,0, 
org::eclipse::mylyn::internal::context::ui::actions::Messages ,2,0,0,1,0,0,0,2,2,1,-2,0,-1,14.8571,0,0,0,0,0,0, 
org::eclipse::mylyn::internal::tasks::ui::actions::RestoreTaskListAction ,15,0,2,2,48,14,3.2,25,5,1.66667,23,13,1.53333,121,54.6726,0,0,0,0,0, 
org::eclipse::mylyn::internal::tasks::ui::editors::TaskEditorNotesPart ,1,0,0,1,0,0,0,0,0,0,0,0,0,9,0,2,1,0,0,0, 
org::eclipse::mylyn::internal::jira::core::InvalidJiraQueryException ,2,0,0,2,4,4,2,1,1,0.5,3,3,1.5,48.7143,22.1429,0,0,0,0,0, 
org::eclipse::mylyn::internal::java::ui::search::JavaActiveSearchResultUpdater ,5,0,0,2,39,34,7.8,36,29,7.2,3,5,0.6,92.4286,39.9451,0,0,0,0,0, 
org::eclipse::mylyn::internal::wikitext::core::parser::builder::DefaultSplittingStrategy ,4,0,0,2,42,36,10.5,11,4,2.75,31,32,7.75,32.7143,9.61225,0,0,0,0,0, 
org::eclipse::mylyn::internal::context::core::AggregateInteractionEvent ,3,0,0,1,65,65,21.6667,65,65,21.6667,0,65,0,23,0,0,0,0,0,0, 
org::eclipse::mylyn::internal::team::ui::LinkedTaskInfo ,11,0,0,2,29,8,2.63636,25,5,2.27273,4,4,0.363636,92.4286,34.3892,0,0,0,0,0, 
org::eclipse::mylyn::internal::bugzilla::core::BugzillaTaskDataHandler ,91,4,3,3,1406,170,15.4505,1524,285,16.7473,-118,165,-1.2967,120,66.2305,2,1,0,0,2, 
org::eclipse::mylyn::internal::wikitext::textile::core::block::ParagraphBlock ,3,0,0,2,11,9,3.66667,11,9,3.66667,0,0,0,32.7143,3.74026,0,0,0,0,0, 
org::eclipse::mylyn::internal::tasks::ui::commands::Messages ,1,0,0,1,0,0,0,0,0,0,0,0,0,14.5714,0,0,0,0,0,0, 
org::eclipse::mylyn::wikitext::core::parser::markup::phrase::LimitedHtmlEndTagPhraseModifier ,7,1,0,2,17,7,2.42857,9,4,1.28571,8,7,1.14286,32.7143,15.3193,0,0,0,0,0, 
org::eclipse::mylyn::internal::tasks::core::externalization::DelegatingTaskExternalizer ,40,0,1,3,707,228,17.675,461,134,11.525,246,94,6.15,46,7.47141,1,1,0,0,0, 
org::eclipse::mylyn::wikitext::core::parser::QuoteAttributes ,4,1,0,2,3,1,0.75,2,1,0.5,1,1,0.25,32.7143,16.2857,0,0,0,0,0, 
org::eclipse::mylyn::tasklist::tests::Job ,2,1,1,2,0,0,0,0,0,0,0,0,0,190.571,0,0,0,0,0,0, 
org::eclipse::mylyn::internal::bugzilla::ui::actions::DeleteFavoriteAction ,3,0,1,1,0,0,0,0,0,0,0,0,0,164,0,0,0,0,0,0, 
org::eclipse::mylyn::internal::wikitext::ui::viewer::FontState ,3,1,0,2,40,40,13.3333,12,10,4,28,30,9.33333,32.7143,1.71429,0,0,0,0,0, 
org::eclipse::mylyn::internal::jira::core::wsdl::beans::RemoteFieldValue ,9,0,0,2,164,137,18.2222,178,151,19.7778,-14,7,-1.55556,110.714,25.1847,0,0,0,0,0, 
org::eclipse::mylyn::tasks::tests::connector::MockRepositoryConnector ,63,4,2,3,380,32,6.03175,335,89,5.31746,45,30,0.714286,139.143,57.3398,2,2,0,0,0, 
org::eclipse::mylyn::bugzilla::deprecated::BugzillaTaskListFactory ,3,0,0,3,4,4,1.33333,1,1,0.333333,3,3,1,39.5714,13,0,0,0,0,0, 
org::eclipse::mylyn::internal::trac::ui::search::RepositorySearchQuery ,5,0,0,2,7,5,1.4,13,11,2.6,-6,0,-1.2,135.429,2.65306,0,0,0,0,0, 
org::eclipse::mylyn::wikitext::core::util::FormattingXMLStreamWriter ,7,1,0,2,29,19,4.14286,25,16,3.57143,4,3,0.571429,32.7143,5.46305,0,0,0,0,0, 
org::eclipse::mylyn::internal::jira::ui::JiraIssueContentOutlinePage ,2,0,0,1,0,0,0,0,0,0,0,0,0,147.857,0,0,0,0,0,0, 
org::eclipse::mylyn::internal::wikitext::tracwiki::core::phrase::SimpleWrappedPhraseModifier ,7,0,0,2,27,17,3.85714,23,13,3.28571,4,4,0.571429,32.7143,5.7672,0,0,0,0,0, 
org::eclipse::mylyn::zest::core::viewers::internal::ZoomManager ,2,0,1,1,1,1,0.5,1,1,0.5,0,0,0,103.714,11.5714,0,0,0,0,0, 
org::eclipse::mylyn::internal::sandbox::bridge::bugs::BugzillaMylynSearchOperation ,26,0,0,3,197,44,7.57692,176,44,6.76923,21,8,0.807692,88,42.2306,0,0,0,0,0, 
org::eclipse::mylyn::internal::trac::wiki::editor::TracWikiPageEditor ,18,0,0,2,53,13,2.94444,82,51,4.55556,-29,5,-1.61111,81.8571,32.2776,0,0,0,0,0, 
org::eclipse::mylyn::internal::jira::core::model::filter::VersionFilter ,9,0,0,2,17,5,1.88889,11,4,1.22222,6,4,0.666667,110.714,40.4622,0,0,0,0,0, 
org::eclipse::mylyn::internal::trac::core::model::TracAttachment ,6,0,0,2,8,4,1.33333,5,1,0.833333,3,3,0.5,133,92.7143,0,0,0,0,0, 
org::eclipse::mylyn::internal::wikitext::ui::WikiTextUiPlugin ,8,2,0,1,87,45,10.875,58,38,7.25,29,20,3.625,24.7143,8.52052,1,0,0,0,0, 
org::eclipse::mylyn::wikitext::core::parser::markup::DefaultIdGenerationStrategy ,3,1,0,1,2,1,0.666667,1,1,0.333333,1,1,0.333333,9.85714,0.714286,0,0,0,0,0, 
org::eclipse::mylyn::internal::bugzilla::core::XmlCleaner ,16,0,1,2,59,13,3.6875,49,8,3.0625,10,7,0.625,148.571,77.1695,0,0,0,0,0, 
org::eclipse::mylyn::internal::provisional::tasks::ui::wizards::Messages ,1,0,0,1,0,0,0,0,0,0,0,0,0,14.1429,0,0,0,0,0,0, 
org::eclipse::mylyn::internal::tasks::ui::TaskWorkingSetFilter ,34,1,0,3,192,26,5.64706,131,16,3.85294,61,25,1.79412,95.7143,33.2753,0,0,0,0,0, 
org::eclipse::mylyn::internal::monitor::reports::MonitorReportsPlugin ,6,0,0,2,11,4,1.83333,10,4,1.66667,1,3,0.166667,92.5714,38.6753,0,0,0,0,0, 
org::eclipse::mylyn::internal::sandbox::dev::properties::AbstractTaskCategoryPropertySource ,5,0,0,2,30,23,6,41,38,8.2,-11,4,-2.2,70.7143,12.6762,0,0,0,0,0, 
org::eclipse::mylyn::context::ui::ContextUi ,9,0,0,2,62,18,6.88889,5,3,0.555556,57,18,6.33333,48.8571,10.2903,0,0,0,0,0, 
org::eclipse::mylyn::internal::trac::ui::editor::Messages ,1,0,0,1,0,0,0,0,0,0,0,0,0,14.8571,0,0,0,0,0,0, 
org::eclipse::mylyn::tasks::ui::wizards::AbstractTaskRepositoryPage ,9,1,0,2,84,60,9.33333,65,53,7.22222,19,7,2.11111,19,13.2959,1,0,0,0,0, 
org::eclipse::mylyn::internal::context::ui::preferences::Messages ,1,0,0,1,0,0,0,0,0,0,0,0,0,14.8571,0,0,0,0,0,0, 
org::eclipse::mylyn::internal::resources::ui::ResourceStructureBridge ,21,1,1,2,73,17,3.47619,63,12,3,10,9,0.47619,92.4286,29.9863,0,0,0,0,0, 
org::eclipse::mylyn::internal::xplanner::core::service::ServiceManager ,1,0,0,1,0,0,0,0,0,0,0,0,0,6.42857,0,1,0,0,0,0, 
org::eclipse::mylyn::internal::tasks::ui::workingsets::TaskWorkingSetAdapterFactory ,10,0,0,2,25,10,2.5,22,10,2.2,3,3,0.3,91.1429,31.4,0,0,0,0,0, 
org::eclipse::mylyn::internal::trac::core::TracAttachmentHandler ,35,0,0,3,214,33,6.11429,197,62,5.62857,17,8,0.485714,131.571,51.3071,0,0,0,0,0, 
org::eclipse::mylyn::wikitext::core::util::LocatorImpl ,5,1,0,2,15,7,3,9,6,1.8,6,5,1.2,32.7143,4.62857,0,0,0,0,0, 
org::eclipse::mylyn::internal::tasks::ui::AbstractTaskListFilter ,25,0,0,3,117,37,4.68,56,13,2.24,61,37,2.44,139.571,79.5519,0,0,0,0,0, 
org::eclipse::mylyn::tasks::ui::AbstractTaskRepositoryLinkProvider ,13,0,0,2,97,62,7.46154,85,62,6.53846,12,62,0.923077,107.857,17.6981,0,0,0,0,0, 
org::eclipse::mylyn::internal::wikitext::tracwiki::core::phrase::MonospacePhraseModifier ,1,0,0,1,0,0,0,0,0,0,0,0,0,5.14286,0,0,0,0,0,0, 
org::eclipse::mylyn::internal::wikitext::twiki::core::validation::Messages ,2,0,0,1,1,1,0.5,1,1,0.5,0,0,0,19.8571,2,0,0,0,0,0, 
org::eclipse::mylyn::internal::bugzilla::ui::editor::Messages ,3,1,0,2,2,2,0.666667,2,2,0.666667,0,2,0,13,3.42857,0,0,0,0,0, 
org::eclipse::mylyn::internal::bugzilla::ui::actions::AbstractFavoritesAction ,3,0,1,1,0,0,0,0,0,0,0,0,0,164,0,0,0,0,0,0, 
org::eclipse::mylyn::internal::pde::ui::FocusedApiToolsJavadocCompletionProposalComputer ,1,0,0,1,0,0,0,0,0,0,0,0,0,1.71429,0,0,0,0,0,0, 
org::eclipse::mylyn::internal::jira::core::service::JiraClient ,41,0,1,3,1127,353,27.4878,926,339,22.5854,201,339,4.90244,96.8571,28.1205,0,0,0,0,0, 
org::eclipse::mylyn::internal::jira::core::model::filter::ContentFilter ,7,0,0,2,16,6,2.28571,17,8,2.42857,-1,4,-0.142857,110.714,48.6875,0,0,0,0,0, 
org::eclipse::mylyn::internal::tasks::ui::actions::DeleteAction ,39,1,0,3,306,61,7.84615,211,38,5.41026,95,25,2.4359,139.571,83.7932,0,0,0,0,0, 
org::eclipse::mylyn::internal::jira::core::wsdl::soap::RemotePermissionException ,9,0,0,2,106,76,11.7778,107,77,11.8889,-1,7,-0.111111,110.714,27.686,0,0,0,0,0, 
org::eclipse::mylyn::tasks::ui::TasksUiImages ,11,2,0,2,86,59,7.81818,77,59,7,9,8,0.818182,43.7143,27.505,0,0,0,0,0, 
org::eclipse::mylyn::wikitext::core::parser::outline::OutlineItem ,16,3,0,2,213,68,13.3125,23,9,1.4375,190,67,11.875,32.7143,21.4547,1,0,0,0,0, 
org::eclipse::mylyn::internal::tasks::bugs::actions::NewTaskFromErrorAction ,19,0,0,2,136,28,7.15789,89,14,4.68421,47,22,2.47368,47.5714,14.2994,0,0,0,0,0, 
org::eclipse::mylyn::internal::wikitext::ui::editor::syntax::FastMarkupPartitioner ,10,0,0,2,189,72,18.9,119,75,11.9,70,37,7,32.7143,15.8262,2,0,1,0,0, 
org::eclipse::mylyn::commons::net::WebRequest ,2,0,0,1,11,11,5.5,0,0,0,11,11,5.5,45.8571,19.2857,0,0,0,0,0, 
org::eclipse::mylyn::internal::jira::ui::editor::TimeSpanAttributeEditor ,4,0,0,2,7,5,1.75,3,1,0.75,4,4,1,38,17.3469,0,0,0,0,0, 
org::eclipse::mylyn::internal::wikitext::ui::editor::validation::Messages ,2,0,0,1,1,1,0.5,1,1,0.5,0,0,0,19.8571,2,1,0,0,0,0, 
org::eclipse::mylyn::zest::layouts::algorithms::DirectedGraphLayoutAlgorithm ,3,0,0,1,29,29,9.66667,20,19,6.66667,9,10,3,82.5714,1.57143,0,0,0,0,0, 
org::eclipse::mylyn::wikitext::core::parser::builder::DocBookDocumentBuilder ,7,1,0,2,130,74,18.5714,121,74,17.2857,9,6,1.28571,32.7143,9.01648,1,0,0,0,0, 
org::eclipse::mylyn::wikitext::core::validation::Messages ,2,0,0,1,1,1,0.5,1,1,0.5,0,0,0,19.8571,2,0,0,0,0,0, 
org::eclipse::mylyn::internal::commons::ui::WorkbenchUtil ,2,0,0,1,4,4,2,1,1,0.5,3,3,1.5,37,10.4286,0,0,0,0,0, 
org::eclipse::mylyn::internal::tasks::ui::TasksUiFactory ,2,0,0,1,5,5,2.5,3,3,1.5,2,2,1,17.7143,11.7143,0,0,0,0,0, 
org::eclipse::mylyn::bugzilla::deprecated::DummySearchHitProvider ,3,0,0,3,4,4,1.33333,2,2,0.666667,2,2,0.666667,39.5714,13,0,0,0,0,0, 
org::eclipse::mylyn::internal::context::core::LegacyActivityAdaptor ,10,0,1,3,29,6,2.9,24,6,2.4,5,3,0.5,82.7143,36.3744,0,0,0,0,0, 
org::eclipse::mylyn::internal::sandbox::dev::views::RepositorySpyView ,10,0,0,3,50,26,5,34,19,3.4,16,10,1.6,70.7143,25.3086,1,1,0,0,0, 
org::eclipse::mylyn::wikitext::ui::commands::Messages ,2,0,0,1,1,1,0.5,1,1,0.5,0,0,0,19.8571,2,1,0,0,0,0, 
org::eclipse::mylyn::internal::sandbox::ui::highlighters::EditHighlightersAction ,3,0,0,2,5,4,1.66667,2,1,0.666667,3,3,1,43.5714,20.5143,0,0,0,0,0, 
org::eclipse::mylyn::internal::tasks::ui::views::TaskListCellModifier ,37,0,1,3,318,130,8.59459,301,130,8.13513,17,130,0.459459,98.7143,14.9367,0,0,0,0,0, 
org::eclipse::mylyn::zest::layouts::exampleStructures::SimpleRelationship ,5,0,2,2,60,28,12,9,8,1.8,51,28,10.2,184.857,51.9714,0,0,0,0,0, 
org::eclipse::mylyn::internal::jira::ui::JiraUiPlugin ,17,0,0,4,57,25,3.35294,64,31,3.76471,-7,4,-0.411765,110.714,54.9774,0,0,0,0,0, 
org::eclipse::mylyn::internal::tasks::ui::commands::OpenTaskListElementPropertiesHandler ,7,0,0,2,14,4,2,11,3,1.57143,3,3,0.428571,46,9.19388,0,0,0,0,0, 
org::eclipse::mylyn::team::ui::AbstractTaskReference ,3,0,0,1,6,5,2,2,1,0.666667,4,4,1.33333,47.5714,21.0238,0,0,0,0,0, 
org::eclipse::mylyn::internal::bugzilla::ui::BugzillaUiPlugin ,65,1,3,3,1224,325,18.8308,856,143,13.1692,368,322,5.66154,164,32.4581,0,0,0,0,0, 
org::eclipse::mylyn::internal::bugzilla::ui::wizard::AbstractBugzillaWizardPage ,24,0,0,2,271,52,11.2917,241,42,10.0417,30,10,1.25,157.143,7.70901,0,0,0,0,0, 
org::eclipse::mylyn::internal::web::tasks::WebRepositorySettingsPage ,15,0,0,4,108,33,7.2,103,47,6.86667,5,14,0.333333,92.4286,28.914,0,0,0,0,0, 
org::eclipse::mylyn::internal::wikitext::twiki::core::phrase::AutoLinkSwitchPhraseModifier ,5,1,0,1,13,10,2.6,3,1,0.6,10,10,2,23.8571,13.9451,0,0,0,0,0, 
org::eclipse::mylyn::monitor::internal::CardinalStatistic ,2,1,0,1,0,0,0,0,0,0,0,0,0,181.714,0,0,0,0,0,0, 
org::eclipse::mylyn::internal::pde::ui::PdeStructureBridge ,24,2,1,3,155,24,6.45833,122,20,5.08333,33,12,1.375,92.4286,42.7438,0,0,0,0,0, 
org::eclipse::mylyn::internal::tasks::ui::wizards::Messages ,10,1,0,2,20,6,2,78,50,7.8,-58,6,-5.8,14.7143,5.67143,1,0,0,0,0, 
org::eclipse::mylyn::internal::tasks::ui::actions::NewLocalTaskAction ,21,0,0,2,99,15,4.71429,72,12,3.42857,27,14,1.28571,139.571,22.4026,0,0,0,0,0, 
org::eclipse::mylyn::internal::wikitext::ui::editor::Messages ,3,0,0,2,6,5,2,7,6,2.33333,-1,0,-0.333333,32.7143,3.90476,1,0,0,0,0, 
org::eclipse::mylyn::internal::trac::ui::editor::TracCcAttributeEditor ,4,0,0,2,6,4,1.5,3,1,0.75,3,3,0.75,39.5714,15.9524,0,0,0,0,0, 
org::eclipse::mylyn::internal::tasks::ui::TaskLabelDecorator ,33,0,1,3,212,96,6.42424,244,96,7.39394,-32,96,-0.969697,98,16.6435,1,1,0,0,0, 
org::eclipse::mylyn::tasks::core::data::AbstractTaskAttachmentHandler ,6,0,0,2,18,5,3,15,5,2.5,3,3,0.5,45.8571,7.85714,0,0,0,0,0, 
org::eclipse::mylyn::internal::bugzilla::core::SaxBugzillaQueryContentHandler ,37,0,3,3,255,59,6.89189,297,62,8.02703,-42,12,-1.13514,132.714,58.0717,0,0,0,0,0, 
org::eclipse::mylyn::internal::jira::core::wsdl::beans::RemotePermission ,9,0,0,2,158,131,17.5556,170,143,18.8889,-12,7,-1.33333,110.714,25.3599,0,0,0,0,0, 
org::eclipse::mylyn::wikitext::core::parser::markup::token::EntityWrappingReplacementToken ,8,1,0,2,19,8,2.375,13,5,1.625,6,3,0.75,32.7143,8.64662,0,0,0,0,0, 
org::eclipse::mylyn::internal::commons::net::PollingInputStream ,2,0,0,1,0,0,0,0,0,0,0,0,0,45.8571,0,0,0,0,0,0, 
org::eclipse::mylyn::internal::web::tasks::WebImages ,3,1,0,2,6,5,2,5,4,1.66667,1,1,0.333333,42.4286,18.7857,0,0,0,0,0, 
org::eclipse::mylyn::internal::tasks::ui::views::TaskListView ,318,5,4,3,4748,271,14.9308,4252,339,13.3711,496,174,1.55975,139.571,50.3415,4,2,1,0,1, 
org::eclipse::mylyn::internal::wikitext::core::validation::StandaloneMarkupValidator ,6,1,0,1,101,85,16.8333,31,13,5.16667,70,77,11.6667,23.5714,0.861386,0,0,0,0,0, 
org::eclipse::mylyn::internal::tasks::core::RepositoryExternalizationParticipant ,12,0,0,3,58,44,4.83333,84,55,7,-26,3,-2.16667,44.1429,3.70197,0,0,0,0,0, 
org::eclipse::mylyn::internal::monitor::reports::collectors::FocusedUiUsageDetector ,5,0,0,2,9,5,1.8,8,4,1.6,1,4,0.2,92.5714,47.254,0,0,0,0,0, 
org::eclipse::mylyn::internal::wikitext::ui::editor::preferences::EditorPreferencePage ,10,1,1,2,87,27,8.7,43,24,4.3,44,27,4.4,32.7143,20.5567,2,1,0,0,0, 
org::eclipse::mylyn::internal::wikitext::ui::validation::Messages ,1,0,0,1,0,0,0,0,0,0,0,0,0,14,0,1,0,0,0,0, 
org::eclipse::mylyn::internal::tasks::ui::deprecated::RepositoryTaskEditorInput ,8,0,0,2,11,5,1.375,13,7,1.625,-2,4,-0.25,45.2857,9.23377,0,0,0,0,0, 
org::eclipse::mylyn::internal::bugzilla::ui::actions::ViewOfflineReportAction ,4,0,1,1,3,2,0.75,3,2,0.75,0,0,0,164,0.0952381,0,0,0,0,0, 
org::eclipse::mylyn::internal::wikitext::twiki::core::token::IconReplacementToken ,3,0,0,1,2,1,0.666667,2,1,0.666667,0,0,0,23.8571,6.57143,0,0,0,0,0, 
org::eclipse::mylyn::internal::tasks::core::sync::SubmitTaskAttachmentJob ,9,0,0,3,24,5,2.66667,18,5,2,6,3,0.666667,45.5714,17.8274,1,0,0,0,0, 
org::eclipse::mylyn::internal::jira::core::model::filter::UserFilter ,8,0,0,2,13,5,1.625,9,4,1.125,4,4,0.5,110.714,55.5495,0,0,0,0,0, 
org::eclipse::mylyn::internal::wikitext::tracwiki::core::token::ChangesetLinkReplacementToken ,1,0,0,1,0,0,0,0,0,0,0,0,0,7.14286,0,0,0,0,0,0, 
org::eclipse::mylyn::internal::tasks::ui::editors::CategoryEditorInput ,21,0,0,3,51,10,2.42857,40,8,1.90476,11,10,0.52381,139.571,57.521,0,0,0,0,0, 
org::eclipse::mylyn::internal::bugzilla::ui::BugzillaImages ,20,0,1,3,67,18,3.35,90,41,4.5,-23,4,-1.15,164,83.8273,0,0,0,0,0, 
org::eclipse::mylyn::zest::tests::swt::GraphSnippet7 ,1,0,0,1,0,0,0,0,0,0,0,0,0,80.8571,0,0,0,0,0,0, 
org::eclipse::mylyn::internal::commons::net::Messages ,4,1,0,2,2,1,0.5,5,4,1.25,-3,1,-0.75,45.8571,23.5714,0,0,0,0,0, 
org::eclipse::mylyn::internal::bugzilla::core::history::TaskRevision ,10,0,0,2,147,118,14.7,142,118,14.2,5,118,0.5,109,11.5462,0,0,0,0,0, 
org::eclipse::mylyn::internal::tasks::ui::ScheduledPresentation ,5,0,0,2,7,4,1.4,5,2,1,2,3,0.4,81,54.6531,0,0,0,0,0, 
org::eclipse::mylyn::internal::wikitext::ui::util::css::IdSelector ,1,0,1,1,0,0,0,0,0,0,0,0,0,7.42857,0,0,0,0,0,0, 
org::eclipse::mylyn::internal::sandbox::bridge::bugs::BugzillaMylynSearch ,4,0,0,2,8,5,2,7,4,1.75,1,1,0.25,88,50.9821,0,0,0,0,0, 
org::eclipse::mylyn::internal::provisional::tasks::bugs::AbstractTaskContributor ,7,0,0,2,41,31,5.85714,35,31,5,6,31,0.857143,40.7143,4.34843,0,0,0,0,0, 
org::eclipse::mylyn::internal::wikitext::confluence::core::token::AnchorReplacementToken ,3,0,0,2,3,2,1,3,2,1,0,0,0,32.7143,5.42857,0,0,0,0,0, 
org::eclipse::mylyn::internal::trac::core::util::TracHttpClientTransportFactory ,26,0,1,3,379,190,14.5769,325,87,12.5,54,103,2.07692,133,61.533,0,0,0,0,0, 
org::eclipse::mylyn::zest::layouts::constraints::BasicEntityConstraint ,2,0,1,1,2,2,1,2,2,1,0,0,0,135.857,43.7143,0,0,0,0,0, 
org::eclipse::mylyn::internal::wikitext::tasks::ui::preferences::MarkupViewerPreferencePage ,5,0,0,1,132,81,26.4,14,10,2.8,118,71,23.6,6.42857,0.467532,1,0,0,0,0, 
org::eclipse::mylyn::internal::wikitext::ui::validation::ValidationProjectBuilder ,4,1,0,1,34,30,8.5,5,3,1.25,29,29,7.25,14,0.546218,1,0,0,0,0, 
org::eclipse::mylyn::internal::xplanner::ui::wizard::AbstractXPlannerQueryWizardPage ,1,0,0,1,0,0,0,0,0,0,0,0,0,6.42857,0,0,0,0,0,0, 
org::eclipse::mylyn::internal::jira::core::service::JiraInsufficientPermissionException ,10,0,0,3,39,26,3.9,38,26,3.8,1,26,0.1,97.8571,15.1465,0,0,0,0,0, 
org::eclipse::mylyn::monitor::tests::MockSelectionMonitor ,9,0,1,3,64,27,7.11111,10,4,1.11111,54,27,6,145.143,12.7299,0,0,0,0,0, 
org::eclipse::mylyn::zest::tests::swt::HelloWorld ,1,0,0,1,0,0,0,0,0,0,0,0,0,80.8571,0,0,0,0,0,0, 
org::eclipse::mylyn::internal::wikitext::confluence::core::block::CodeBlock ,5,0,0,2,47,26,9.4,73,59,14.6,-26,11,-5.2,32.7143,10.4681,0,0,0,0,0, 
org::eclipse::mylyn::wikitext::ui::annotation::IdAnnotation ,5,1,0,2,4,1,0.8,3,1,0.6,1,1,0.2,32.7143,15.4286,0,0,0,0,0, 
org::eclipse::mylyn::internal::tasks::core::Messages ,2,0,0,1,11,11,5.5,9,9,4.5,2,2,1,14.7143,0.142857,0,0,0,0,0, 
org::eclipse::mylyn::internal::context::ui::commands::RetrieveContextAttachmentHandler ,5,0,0,2,9,4,1.8,6,3,1.2,3,3,0.6,43.8571,9.33333,0,0,0,0,0, 
org::eclipse::mylyn::internal::bugzilla::core::BugzillaCustomField ,6,0,0,3,52,43,8.66667,8,2,1.33333,44,41,7.33333,49,28.5055,0,0,0,0,0, 
org::eclipse::mylyn::internal::team::ui::ContextChangeSet ,26,2,0,3,153,30,5.88462,96,19,3.69231,57,25,2.19231,92.4286,33.1597,1,0,0,0,0, 
org::eclipse::mylyn::internal::resources::ui::ResourcesUiBridgePlugin ,10,0,0,2,18,5,1.8,26,11,2.6,-8,4,-0.8,48.5714,16.2143,0,0,0,0,0, 
org::eclipse::mylyn::internal::sandbox::dev::actions::ShowPropertiesAction ,3,0,0,2,5,4,1.66667,2,1,0.666667,3,3,1,29.8571,6.8,1,1,0,0,0, 
org::eclipse::mylyn::internal::sandbox::bridge::bugs::BugzillaStructureBridge ,26,0,0,3,75,16,2.88462,200,99,7.69231,-125,10,-4.80769,140.857,37.6933,0,0,0,0,0, 
org::eclipse::mylyn::internal::jira::core::service::JiraException ,6,0,0,2,16,5,2.66667,3,1,0.5,13,5,2.16667,105,26.3571,0,0,0,0,0, 
org::eclipse::mylyn::internal::jira::core::service::JiraRemoteMessageException ,12,0,0,2,114,67,9.5,80,67,6.66667,34,67,2.83333,97.8571,6.27694,0,0,0,0,0, 
org::eclipse::mylyn::internal::java::ui::search::JavaReferencesProvider ,5,0,0,2,10,4,2,9,4,1.8,1,3,0.2,92.4286,57.4571,0,0,0,0,0, 
org::eclipse::mylyn::internal::monitor::usage::wizards::UsageUploadWizardPage ,16,0,1,2,250,60,15.625,254,49,15.875,-4,17,-0.25,109.857,11.328,0,0,0,0,0, 
org::eclipse::mylyn::internal::wikitext::ui::editor::operations::Messages ,1,0,0,1,0,0,0,0,0,0,0,0,0,7.71429,0,1,0,0,0,0, 
org::eclipse::mylyn::internal::xplanner::core::service::exceptions::InsufficientPermissionException ,1,0,0,1,0,0,0,0,0,0,0,0,0,6.42857,0,0,0,0,0,0, 
org::eclipse::mylyn::internal::tasks::core::AbstractTaskCategory ,5,0,0,2,5,4,1,15,11,3,-10,3,-2,45.1429,22.0857,0,0,0,0,0, 
org::eclipse::mylyn::internal::tasks::ui::commands::MarkTaskHandler ,12,0,0,3,39,16,3.25,23,4,1.91667,16,13,1.33333,44,7.8315,0,0,0,0,0, 
org::eclipse::mylyn::wikitext::ui::viewer::MarkupViewer ,8,1,0,2,16,7,2,13,8,1.625,3,3,0.375,32.7143,12.3214,1,0,0,0,0, 
org::eclipse::mylyn::internal::tasks::ui::editors::TaskEditorExtensionSettingsContribution ,5,0,0,2,22,11,4.4,10,5,2,12,9,2.4,18.8571,9.82468,1,1,0,0,0, 
org::eclipse::mylyn::internal::xplanner::core::service::CachedXPlannerClient ,1,0,0,1,0,0,0,0,0,0,0,0,0,6.42857,0,0,0,0,0,0, 
org::eclipse::mylyn::internal::tasks::bugs::actions::ReportBugAction ,9,0,0,2,22,4,2.44444,22,8,2.44444,0,3,0,47.5714,15.2987,1,1,0,0,0, 
org::eclipse::mylyn::tasks::core::data::TaskDataModelEvent ,6,0,0,2,12,4,2,3,1,0.5,9,4,1.5,46.1429,10.8929,0,0,0,0,0, 
org::eclipse::mylyn::internal::bugzilla::core::BugzillaClientFactory ,18,0,0,3,65,16,3.61111,77,33,4.27778,-12,9,-0.666667,123.857,48.2066,0,0,0,0,0, 
org::eclipse::mylyn::internal::tasks::ui::actions::ExportAction ,1,0,0,1,0,0,0,0,0,0,0,0,0,6.71429,0,0,0,0,0,0, 
org::eclipse::mylyn::zest::core::viewers::ZoomContributionViewItem ,5,1,1,1,120,80,24,122,114,24.4,-2,24,-0.4,131.571,22.2167,0,0,0,0,0, 
org::eclipse::mylyn::internal::wikitext::ui::WikiTextNature ,1,0,0,1,0,0,0,0,0,0,0,0,0,14,0,1,0,0,0,0, 
org::eclipse::mylyn::internal::jira::core::model::filter::SpecificUserFilter ,7,0,0,1,10,5,1.42857,8,4,1.14286,2,4,0.285714,110.714,58.7,0,0,0,0,0, 
org::eclipse::mylyn::zest::layouts::constraints::EntityPriorityConstraint ,2,0,0,1,2,2,1,2,2,1,0,0,0,135.714,43.5714,0,0,0,0,0, 
org::eclipse::mylyn::internal::pde::ui::junit::Messages ,3,0,0,1,31,31,10.3333,31,31,10.3333,0,31,0,19.1429,5.14286,0,0,0,0,0, 
org::eclipse::mylyn::internal::jira::core::JiraIssueCollector ,3,0,0,2,5,4,1.66667,1,1,0.333333,4,3,1.33333,48.7143,23.6857,0,0,0,0,0, 
org::eclipse::mylyn::wikitext::ui::commands::ConvertMarkupToHtml ,6,1,0,2,26,12,4.33333,22,11,3.66667,4,2,0.666667,32.7143,9.14286,1,0,0,0,0, 
org::eclipse::mylyn::internal::sandbox::ui::planner::CompletedTaskCollector ,5,0,0,2,15,5,3,12,5,2.4,3,3,0.6,46,9.3619,0,0,0,0,0, 
org::eclipse::mylyn::internal::tasks::ui::ActivityExternalizationParticipant ,17,0,0,3,105,55,6.17647,59,20,3.47059,46,47,2.70588,45.1429,4.76599,0,0,0,0,0, 
org::eclipse::mylyn::internal::xplanner::core::service::soap::SoapXPlannerServiceFactory ,1,0,0,1,0,0,0,0,0,0,0,0,0,6.42857,0,0,0,0,0,0, 
org::eclipse::mylyn::context::ui::InterestSorter ,13,0,0,2,37,7,2.84615,34,7,2.61538,3,3,0.230769,139.714,56.0386,0,0,0,0,0, 
org::eclipse::mylyn::internal::sandbox::bridge::bugs::BugzillaReferencesProvider ,26,0,0,2,96,15,3.69231,54,11,2.07692,42,15,1.61538,140.857,59.3571,0,0,0,0,0, 
org::eclipse::mylyn::internal::sandbox::ui::planner::TaskActivityWizardPage ,12,0,0,2,32,9,2.66667,33,6,2.75,-1,3,-0.0833333,46,7.83929,0,0,0,0,0, 
org::eclipse::mylyn::internal::wikitext::textile::core::phrase::SimpleTextilePhraseModifier ,7,0,0,2,53,33,7.57143,26,15,3.71429,27,28,3.85714,32.7143,9.10243,1,0,0,0,0, 
org::eclipse::mylyn::internal::java::tasks::Messages ,1,0,0,1,0,0,0,0,0,0,0,0,0,19.1429,0,0,0,0,0,0, 
org::eclipse::mylyn::internal::wikitext::ui::util::css::editor::CommentRule ,1,0,0,1,0,0,0,0,0,0,0,0,0,6.42857,0,0,0,0,0,0, 
org::eclipse::mylyn::wikitext::core::util::anttask::MarkupToEclipseHelpTask ,10,2,0,2,50,24,5,49,25,4.9,1,4,0.1,32.7143,9.12571,0,0,0,0,0, 
org::eclipse::mylyn::internal::tasks::ui::editors::TaskAttachmentDropListener ,4,0,0,2,15,12,3.75,3,2,0.75,12,12,3,41,17.2,0,0,0,0,0, 
org::eclipse::mylyn::internal::tasks::ui::actions::LinkWithEditorAction ,8,0,0,2,16,4,2,13,4,1.625,3,3,0.375,93,47.9107,0,0,0,0,0, 
org::eclipse::mylyn::internal::provisional::commons::ui::CommonColors ,2,0,0,1,4,4,2,1,1,0.5,3,3,1.5,45.8571,19.2857,0,0,0,0,0, 
org::eclipse::mylyn::internal::wikitext::tracwiki::core::token::TicketAttachmentLinkReplacementToken ,1,0,0,1,0,0,0,0,0,0,0,0,0,7.14286,0,0,0,0,0,0, 
org::eclipse::mylyn::internal::context::core::DegreeOfInterest ,24,0,2,2,116,26,4.83333,89,11,3.70833,27,15,1.125,139.714,92.0924,2,2,0,0,0, 
org::eclipse::mylyn::internal::bugzilla::core::history::AttachmentEvent ,10,0,0,3,233,183,23.3,256,183,25.6,-23,183,-2.3,109,14.3899,0,0,0,0,0, 
org::eclipse::mylyn::internal::web::tasks::ParameterEditorDialog ,6,0,0,2,17,10,2.83333,12,8,2,5,3,0.833333,92.4286,23.2185,0,0,0,0,0, 
org::eclipse::mylyn::internal::wikitext::ui::util::css::editor::PropertyNameRule ,1,0,0,1,0,0,0,0,0,0,0,0,0,6.42857,0,0,0,0,0,0, 
org::eclipse::mylyn::internal::wikitext::ui::editor::MarkupSourceViewerConfiguration ,9,1,0,2,172,91,19.1111,22,16,2.44444,150,91,16.6667,32.7143,24.9012,0,0,0,0,0, 
org::eclipse::mylyn::internal::tasks::ui::actions::GoIntoAction ,12,1,0,2,23,4,1.91667,28,6,2.33333,-5,3,-0.416667,139.571,78.4845,0,0,0,0,0, 
org::eclipse::mylyn::internal::jira::core::model::filter::CustomFieldFilter ,6,0,0,1,9,5,1.5,8,4,1.33333,1,4,0.166667,110.714,62.9365,0,0,0,0,0, 
org::eclipse::mylyn::zest::layouts::InvalidLayoutConfiguration ,3,0,0,3,2,1,0.666667,2,1,0.666667,0,0,0,184.857,51,0,0,0,0,0, 
org::eclipse::mylyn::internal::wikitext::confluence::core::block::ParagraphBlock ,5,1,0,2,7,4,1.4,8,5,1.6,-1,0,-0.2,32.7143,9.4898,1,0,0,0,0, 
org::eclipse::mylyn::internal::examples::bugzilla::Main ,4,0,0,1,26,13,6.5,17,10,4.25,9,7,2.25,32.2857,2.52747,0,0,0,0,0, 
org::eclipse::mylyn::internal::tasks::core::TaskActivityManager ,74,0,2,3,1544,340,20.8649,1142,413,15.4324,402,232,5.43243,81,27.2665,0,0,0,0,0, 
org::eclipse::mylyn::internal::jira::core::model::filter::DateFilter ,7,0,0,1,10,5,1.42857,8,4,1.14286,2,4,0.285714,110.714,59.9571,0,0,0,0,0, 
org::eclipse::mylyn::internal::tasks::ui::actions::RemoveFromCategoryAction ,36,0,2,3,122,24,3.38889,147,46,4.08333,-25,20,-0.694444,139.571,70.4672,0,0,0,0,0, 
org::eclipse::mylyn::internal::bugzilla::ui::tasklist::Messages ,3,1,0,2,1,1,0.333333,17,16,5.66667,-16,0,-5.33333,13,0,0,0,0,0,0, 
org::eclipse::mylyn::internal::sandbox::ui::planner::ActivityReportAction ,4,0,0,2,6,4,1.5,3,1,0.75,3,3,0.75,46,19.5,0,0,0,0,0, 
org::eclipse::mylyn::tasks::ui::wizards::NewWebTaskWizard ,21,0,0,3,89,36,4.2381,57,12,2.71429,32,34,1.52381,118.714,66.7416,0,0,0,0,0, 
org::eclipse::mylyn::internal::wikitext::confluence::core::token::HyperlinkReplacementToken ,5,0,0,2,24,9,4.8,13,6,2.6,11,9,2.2,32.7143,2.80357,1,0,0,0,0, 
org::eclipse::mylyn::internal::trac::core::model::TracTicketType ,6,0,0,2,8,4,1.33333,5,1,0.833333,3,3,0.5,133,92.7143,0,0,0,0,0, 
org::eclipse::mylyn::internal::java::PackageExplorerManager ,15,1,1,1,79,44,5.26667,148,105,9.86667,-69,5,-4.6,164,17.2767,0,0,0,0,0, 
org::eclipse::mylyn::internal::web::ui::WebImages ,12,0,0,2,21,5,1.75,21,5,1.75,0,3,0,145.857,73.8844,0,0,0,0,0, 
org::eclipse::mylyn::internal::tasks::core::data::FileTaskAttachmentSource ,5,0,0,2,53,35,10.6,17,13,3.4,36,33,7.2,45.5714,13.0889,0,0,0,0,0, 
org::eclipse::mylyn::internal::tasks::ui::search::SearchResultSorterId ,10,0,0,3,37,9,3.7,39,9,3.9,-2,3,-0.2,135.429,53.749,0,0,0,0,0, 
org::eclipse::mylyn::internal::monitor::core::collection::InteractionEventUtil ,7,0,1,2,11,4,1.57143,11,4,1.57143,0,3,0,109.857,62.1169,0,0,0,0,0, 
org::eclipse::mylyn::internal::tasks::ui::wizards::SelectRepositoryPage ,40,1,0,3,317,46,7.925,241,67,6.025,76,26,1.9,139.571,32.9964,0,0,0,0,0, 
org::eclipse::mylyn::internal::tasks::ui::RefactorRepositoryUrlOperation ,16,0,1,3,60,25,3.75,60,31,3.75,0,4,0,45.4286,12.1667,0,0,0,0,0, 
org::eclipse::mylyn::team::ui::AbstractContextChangeSetManager ,35,0,1,3,127,14,3.62857,172,31,4.91429,-45,6,-1.28571,92.4286,29.2632,1,1,0,0,0, 
org::eclipse::mylyn::internal::tasks::ui::commands::AbstractTaskHandler ,5,0,0,2,28,23,5.6,6,3,1.2,22,20,4.4,44,10.0765,1,1,0,0,0, 
org::eclipse::mylyn::zest::layouts::algorithms::SpringLayoutAlgorithm ,11,4,1,3,93,22,8.45454,57,34,5.18182,36,19,3.27273,184.857,13.447,0,0,0,0,0, 
org::eclipse::mylyn::zest::layouts::dataStructures::InternalNode ,5,0,1,3,71,57,14.2,11,5,2.2,60,56,12,184.857,62.2575,0,0,0,0,0, 
org::eclipse::mylyn::internal::monitor::usage::editors::UsageCountContentProvider ,8,0,1,2,12,4,1.5,19,8,2.375,-7,3,-0.875,109.857,53.6905,0,0,0,0,0, 
org::eclipse::mylyn::internal::java::ui::search::JavaReadAccessProvider ,4,0,0,2,7,4,1.75,7,4,1.75,0,3,0,92.4286,60.1428,0,0,0,0,0, 
org::eclipse::mylyn::wikitext::core::parser::TableAttributes ,5,1,0,2,29,24,5.8,5,3,1,24,21,4.8,32.7143,6.22167,0,0,0,0,0, 
org::eclipse::mylyn::internal::context::ui::commands::Messages ,1,0,0,1,0,0,0,0,0,0,0,0,0,14.8571,0,0,0,0,0,0, 
org::eclipse::mylyn::internal::monitor::usage::editors::UsageCountLabelProvider ,5,0,1,2,11,7,2.2,9,4,1.8,2,5,0.4,109.857,67.1169,0,0,0,0,0, 
org::eclipse::mylyn::internal::context::ui::actions::ContextAttachAction ,38,0,0,3,174,46,4.57895,137,19,3.60526,37,27,0.973684,139.714,44.7709,0,0,0,0,0, 
org::eclipse::mylyn::internal::tasks::ui::wizards::NewTaskPage ,13,0,0,3,44,23,3.38462,40,18,3.07692,4,21,0.307692,91.8571,27.9805,0,0,0,0,0, 
org::eclipse::mylyn::internal::sandbox::ui::planner::TaskPlannerLabelProvider ,8,0,0,2,34,10,4.25,27,10,3.375,7,4,0.875,46,7.84454,0,0,0,0,0, 
org::eclipse::mylyn::internal::tasks::ui::notifications::TaskAttributeDiff ,3,0,0,2,5,4,1.66667,2,1,0.666667,3,3,1,41.1429,18.0857,0,0,0,0,0, 
org::eclipse::mylyn::internal::monitor::usage::ReportGenerator ,6,0,0,2,11,4,1.83333,8,4,1.33333,3,3,0.5,48.5714,15.1429,0,0,0,0,0, 
org::eclipse::mylyn::internal::trac::ui::wizard::Messages ,1,0,0,1,0,0,0,0,0,0,0,0,0,14.8571,0,0,0,0,0,0, 
org::eclipse::mylyn::internal::monitor::core::collection::InteractionEventComparator ,5,0,1,2,8,4,1.6,9,4,1.8,-1,2,-0.2,109.857,61.0536,0,0,0,0,0, 
org::eclipse::mylyn::zest::core::widgets::internal::AligningBendpointLocator ,2,0,0,1,1,1,0.5,1,1,0.5,0,0,0,103.571,11.4286,0,0,0,0,0, 
org::eclipse::mylyn::internal::trac::wiki::actions::OpenWikiPageAction ,11,0,0,2,23,7,2.09091,19,6,1.72727,4,3,0.363636,81.8571,37.9814,1,1,0,0,0, 
org::eclipse::mylyn::zest::layouts::algorithms::internal::DynamicScreen ,2,0,0,2,4,4,2,4,4,2,0,0,0,184.857,92.7143,0,0,0,0,0, 
org::eclipse::mylyn::internal::tasks::ui::actions::DeleteTaskEditorAction ,4,0,0,2,19,14,4.75,7,5,1.75,12,9,3,31,2.09023,0,0,0,0,0, 
org::eclipse::mylyn::internal::trac::wiki::editor::TracWikiPageEditorInput ,3,0,0,2,5,4,1.66667,2,1,0.666667,3,3,1,81.8571,58.8,0,0,0,0,0, 
org::eclipse::mylyn::internal::tasks::ui::search::Messages ,4,0,0,1,4,2,1,4,4,1,0,2,0,14.7143,3.5,0,0,0,0,0, 
org::eclipse::mylyn::internal::monitor::core::collection::DelegatingUsageCollector ,7,0,1,2,19,9,2.71429,10,4,1.42857,9,9,1.28571,109.857,41.6165,0,0,0,0,0, 
org::eclipse::mylyn::wikitext::core::parser::markup::token::EntityReplacementTokenProcessor ,5,1,0,2,11,7,2.2,3,2,0.6,8,7,1.6,32.7143,18.6883,0,0,0,0,0, 
org::eclipse::mylyn::internal::bugzilla::core::GzipPostMethod ,13,0,0,3,64,20,4.92308,104,40,8,-40,10,-3.07692,49.8571,7.72991,0,0,0,0,0, 
org::eclipse::mylyn::internal::sandbox::ui::GroupedTaskListContentProvider ,11,1,0,3,33,7,3,39,16,3.54545,-6,5,-0.545455,81.2857,28.5844,0,0,0,0,0, 
org::eclipse::mylyn::internal::java::ui::editor::AutoFoldPreferenceBlock ,17,0,3,2,30,7,1.76471,23,4,1.35294,7,6,0.411765,164,101.095,0,0,0,0,0, 
org::eclipse::mylyn::internal::wikitext::tracwiki::core::validation::TracWikiReferenceValidationRule ,1,0,0,1,0,0,0,0,0,0,0,0,0,16.4286,0,0,0,0,0,0, 
org::eclipse::mylyn::internal::xplanner::ui::wizard::ProjectsViewerContentProvider ,1,0,0,1,0,0,0,0,0,0,0,0,0,6.42857,0,0,0,0,0,0, 
org::eclipse::mylyn::internal::ide::ui::actions::FocusProjectExplorerAction ,11,1,0,2,20,4,1.81818,170,155,15.4545,-150,3,-13.6364,119,61.2857,0,0,0,0,0, 
org::eclipse::mylyn::wikitext::core::parser::markup::ContentState ,8,1,0,2,42,21,5.25,18,11,2.25,24,10,3,32.7143,8.72449,0,0,0,0,0, 
org::eclipse::mylyn::internal::bugzilla::ui::wizard::Messages ,1,0,0,1,0,0,0,0,0,0,0,0,0,13,0,0,0,0,0,0, 
org::eclipse::mylyn::internal::tasks::ui::actions::ToggleTaskActivationAction ,16,0,2,3,75,14,4.6875,80,22,5,-5,8,-0.3125,77.7143,34.6286,0,0,0,0,0, 
org::eclipse::mylyn::internal::jira::ui::JiraTaskEditor ,15,0,0,1,87,14,5.8,143,38,9.53333,-56,8,-3.73333,147.857,2.91297,0,0,0,0,0, 
org::eclipse::mylyn::internal::wikitext::core::util::XML11Char ,2,0,0,1,235,235,117.5,249,249,124.5,-14,0,-7,32.7143,1.71429,0,0,0,0,0, 
org::eclipse::mylyn::bugzilla::deprecated::BugzillaTaskEditorFactory ,3,0,0,3,4,4,1.33333,1,1,0.333333,3,3,1,39.5714,13,0,0,0,0,0, 
org::eclipse::mylyn::internal::tasks::ui::commands::SubmitTaskHandler ,3,0,0,2,5,4,1.66667,2,1,0.666667,3,3,1,31.1429,8.08571,0,0,0,0,0, 
org::eclipse::mylyn::internal::jira::core::service::web::JiraWebSession ,42,1,0,3,609,64,14.5,415,52,9.88095,194,44,4.61905,110.714,36.266,1,0,0,0,0, 
org::eclipse::mylyn::zest::tests::swt::GraphSnippet6 ,1,0,0,1,0,0,0,0,0,0,0,0,0,80.8571,0,0,0,0,0,0, 
org::eclipse::mylyn::internal::trac::core::model::TracTicketStatus ,6,0,0,2,8,4,1.33333,5,1,0.833333,3,3,0.5,133,92.7143,0,0,0,0,0, 
org::eclipse::mylyn::internal::sandbox::ui::planner::PlannedTasksContentProvider ,5,0,0,2,16,7,3.2,11,6,2.2,5,4,1,46,9.5625,0,0,0,0,0, 
org::eclipse::mylyn::internal::commons::ui::TaskListImageDescriptor ,2,0,0,1,4,4,2,1,1,0.5,3,3,1.5,45.8571,19.2857,0,0,0,0,0, 
org::eclipse::mylyn::internal::tasks::ui::actions::SynchronizeAutomaticallyAction ,12,0,0,2,62,36,5.16667,60,36,5,2,36,0.166667,99,17.9908,0,0,0,0,0, 
org::eclipse::mylyn::internal::trac::core::client::AbstractWikiHandler ,4,0,0,2,6,4,1.5,3,1,0.75,3,3,0.75,39.5714,15.9524,0,0,0,0,0, 
org::eclipse::mylyn::internal::tasks::ui::commands::CollapseAllHandler ,3,0,0,2,5,4,1.66667,2,1,0.666667,3,3,1,32,8.94286,0,0,0,0,0, 
org::eclipse::mylyn::internal::wikitext::ui::editor::dnd::OutlineDropTargetListener ,1,0,0,1,0,0,0,0,0,0,0,0,0,7.71429,0,1,0,0,0,0, 
org::eclipse::mylyn::internal::tasks::ui::notifications::TaskDataDiff ,11,0,0,3,38,9,3.45455,27,7,2.45455,11,9,1,41.1429,8.47368,0,0,0,0,0, 
org::eclipse::mylyn::internal::jira::core::model::Component ,11,0,0,2,18,8,1.63636,33,12,3,-15,8,-1.36364,110.714,61.0556,0,0,0,0,0, 
org::eclipse::mylyn::internal::wikitext::tracwiki::core::token::TicketLinkReplacementToken ,1,0,0,1,0,0,0,0,0,0,0,0,0,7.14286,0,0,0,0,0,0, 
org::eclipse::mylyn::internal::wikitext::ui::viewer::annotation::BulletAnnotation ,5,1,0,2,16,10,3.2,5,3,1,11,10,2.2,32.7143,17.8304,0,0,0,0,0, 
org::eclipse::mylyn::internal::xplanner::core::DebugManager ,1,0,0,1,0,0,0,0,0,0,0,0,0,6.42857,0,0,0,0,0,0, 
org::eclipse::mylyn::internal::tasks::ui::views::TaskListDropAdapter ,100,3,3,3,1116,151,11.16,1061,205,10.61,55,45,0.55,139.571,79.9668,0,0,0,0,0, 
org::eclipse::mylyn::internal::team::ui::actions::OpenCorrespondingTaskAction ,66,0,0,4,781,120,11.8333,538,132,8.15151,243,57,3.68182,139.286,31.4911,0,0,0,0,0, 
org::eclipse::mylyn::internal::commons::net::ProgressMonitorInputStream ,2,0,0,1,1,1,0.5,0,0,0,1,1,0.5,45.8571,19.2857,0,0,0,0,0, 
org::eclipse::mylyn::internal::context::ui::FocusedViewerManager ,41,0,3,2,341,83,8.31707,315,43,7.68293,26,40,0.634146,119,64.7273,2,1,1,1,0, 
org::eclipse::mylyn::tasks::ui::wizards::AbstractRepositoryQueryPage ,20,0,0,3,148,38,7.4,171,81,8.55,-23,13,-1.15,45.8571,3.92471,0,0,0,0,0, 
org::eclipse::mylyn::internal::sandbox::bridge::bugs::BugzillaUiBridge ,31,1,0,3,98,10,3.16129,92,10,2.96774,6,7,0.193548,140.857,48.3324,0,0,0,0,0, 
org::eclipse::mylyn::internal::commons::net::TimeoutOutputStream ,1,0,0,1,0,0,0,0,0,0,0,0,0,45.8571,0,0,0,0,0,0, 
org::eclipse::mylyn::internal::java::ui::editor::FocusedJavaTypeProposalComputer ,6,0,0,2,17,8,2.83333,11,4,1.83333,6,6,1,92.5714,43.3361,0,0,0,0,0, 
org::eclipse::mylyn::internal::commons::net::CloneableHostConfiguration ,2,0,0,1,5,5,2.5,1,1,0.5,4,4,2,45.8571,19.2857,0,0,0,0,0, 
org::eclipse::mylyn::java::tests::xml::XmlResultUpdaterSearchListener ,19,1,1,2,59,10,3.10526,56,10,2.94737,3,5,0.157895,139,62.7433,0,0,0,0,0, 
org::eclipse::mylyn::tasks::core::sync::SubmitJobListener ,7,0,0,2,19,9,2.71429,4,2,0.571429,15,9,2.14286,46.1429,9.59398,0,0,0,0,0, 
org::eclipse::mylyn::internal::tasklist::ui::views::ImageTableCellEditor ,3,0,0,1,0,0,0,0,0,0,0,0,0,160.143,0,0,0,0,0,0, 
org::eclipse::mylyn::internal::jira::core::wsdl::beans::RemoteUser ,9,0,0,2,190,162,21.1111,207,179,23,-17,7,-1.88889,110.714,24.5406,0,0,0,0,0, 
org::xplanner::soap::IterationData ,6,0,0,2,530,526,88.3333,582,578,97,-52,0,-8.66667,93.7143,39.1323,0,0,0,0,0, 
org::eclipse::mylyn::internal::bugzilla::ui::editor::KeywordsDialog ,7,1,0,3,22,11,3.14286,18,7,2.57143,4,11,0.571429,87.8571,62.026,0,0,0,0,0, 
org::eclipse::mylyn::internal::bugs::OpenBugzillaReportJob ,4,0,0,1,0,0,0,0,0,0,0,0,0,154.143,0,0,0,0,0,0, 
org::eclipse::mylyn::tasks::ui::editors::AbstractAttributeEditor ,12,1,0,4,106,66,8.83333,22,9,1.83333,84,66,7,45.8571,25.0674,0,0,0,0,0, 
org::eclipse::mylyn::internal::team::ui::preferences::FocusedTeamPreferencePage ,13,0,0,3,43,12,3.30769,60,14,4.61538,-17,3,-1.30769,92.5714,25.5714,0,0,0,0,0, 
org::eclipse::mylyn::internal::wikitext::ui::editor::HeadingProjectionAnnotation ,1,1,0,1,0,0,0,0,0,0,0,0,0,8.71429,0,0,0,0,0,0, 
org::eclipse::mylyn::internal::bugzilla::ui::BugzillaSearchHandler ,3,0,0,2,5,4,1.66667,2,1,0.666667,3,3,1,39.1429,15.2857,0,0,0,0,0, 
org::eclipse::mylyn::internal::provisional::commons::ui::DatePicker ,8,0,0,2,30,12,3.75,19,5,2.375,11,7,1.375,45.8571,13.1857,0,0,0,0,0, 
org::eclipse::mylyn::internal::monitor::usage::editors::UsageEditorPart ,22,0,2,3,148,55,6.72727,127,29,5.77273,21,26,0.954545,109.857,20.9402,0,0,0,0,0, 
org::eclipse::mylyn::internal::provisional::commons::ui::DatePickerPanel ,2,0,0,1,5,5,2.5,1,1,0.5,4,4,2,45.8571,19.2857,0,0,0,0,0, 
org::eclipse::mylyn::tasks::ui::editors::AbstractTaskEditorPage ,101,2,1,3,1408,173,13.9406,891,174,8.82178,517,67,5.11881,45.8571,9.81636,12,8,1,0,1, 
org::eclipse::mylyn::tasks::ui::editors::AbstractRenderingEngine ,5,0,0,3,9,4,1.8,4,2,0.8,5,3,1,88,53.1587,0,0,0,0,0, 
org::eclipse::mylyn::team::ui::AbstractCommitTemplateVariable ,9,0,0,2,21,7,2.33333,15,5,1.66667,6,3,0.666667,92.4286,43.898,0,0,0,0,0, 
org::eclipse::mylyn::internal::tasks::ui::actions::NewTaskFromSelectionAction ,16,0,0,2,123,40,7.6875,89,45,5.5625,34,21,2.125,68.8571,37.1208,0,0,0,0,0, 
org::eclipse::mylyn::internal::wikitext::ui::viewer::Messages ,2,0,0,1,1,1,0.5,1,1,0.5,0,0,0,19.8571,2,1,0,0,0,0, 
org::eclipse::mylyn::internal::tasks::ui::search::SearchResultSorterPriority ,12,0,1,3,34,7,2.83333,75,23,6.25,-41,3,-3.41667,135.429,57.9916,0,0,0,0,0, 
org::eclipse::mylyn::tasks::ui::editors::AbstractTaskEditorPageFactory ,5,0,0,2,9,4,1.8,6,2,1.2,3,3,0.6,50.4286,18.5079,0,0,0,0,0, 
org::eclipse::mylyn::internal::tasks::ui::PlanningPerspectiveFactory ,16,0,0,3,106,33,6.625,98,35,6.125,8,14,0.5,139.571,45.3895,0,0,0,0,0, 
org::eclipse::mylyn::internal::trac::core::TracCorePlugin ,26,0,0,3,175,39,6.73077,128,25,4.92308,47,39,1.80769,133,44.9469,0,0,0,0,0, 
org::eclipse::mylyn::internal::wikitext::mediawiki::core::block::HeadingBlock ,5,1,0,2,10,6,2,10,6,2,0,0,0,32.7143,8.28571,0,0,0,0,0, 
org::eclipse::mylyn::internal::wikitext::tracwiki::core::token::MilestoneLinkReplacementToken ,1,0,0,1,0,0,0,0,0,0,0,0,0,7.14286,0,0,0,0,0,0, 
org::eclipse::mylyn::internal::wikitext::ui::editor::MarkupProjectionViewer ,1,0,0,1,0,0,0,0,0,0,0,0,0,4,0,0,0,0,0,0, 
org::eclipse::mylyn::internal::bugzilla::ui::editor::FlagAttributeEditor ,4,0,0,1,26,14,6.5,17,14,4.25,9,5,2.25,13.5714,2.21978,0,0,0,0,0, 
org::eclipse::mylyn::internal::tasks::ui::dialogs::TaskCompareDialog ,2,1,0,1,13,13,6.5,46,46,23,-33,0,-16.5,9.57143,6.85714,0,0,0,0,0, 
org::eclipse::mylyn::internal::xplanner::core::service::exceptions::ServiceUnavailableException ,1,0,0,1,0,0,0,0,0,0,0,0,0,6.42857,0,0,0,0,0,0, 
org::eclipse::mylyn::wikitext::core::util::anttask::MarkupToDitaTask ,7,2,0,1,106,100,15.1429,38,33,5.42857,68,67,9.71429,19.4286,0.896226,0,0,0,0,0, 
org::eclipse::mylyn::internal::ide::ui::actions::FocusProblemsListAction ,18,0,1,2,68,35,3.77778,140,65,7.77778,-72,35,-4,94.2857,30.916,0,0,0,0,0, 
org::eclipse::mylyn::internal::jira::core::service::JiraRemoteException ,7,0,0,2,44,37,6.28571,43,37,6.14286,1,37,0.142857,97.8571,8.2013,0,0,0,0,0, 
org::eclipse::mylyn::internal::java::tasks::NewTaskFromJunitResultViewAction ,4,0,0,1,17,9,4.25,11,6,2.75,6,5,1.5,47.5714,16.1513,0,0,0,0,0, 
org::eclipse::mylyn::internal::wikitext::mediawiki::core::phrase::SimplePhraseModifier ,2,0,0,1,8,8,4,8,8,4,0,0,0,32.7143,1.71429,0,0,0,0,0, 
org::eclipse::mylyn::internal::ide::ant::AntContextLabelProvider ,9,1,0,2,20,5,2.22222,19,4,2.11111,1,3,0.111111,92.4286,33.7214,0,0,0,0,0, 
org::eclipse::mylyn::internal::sandbox::ui::planner::TaskActivitySorter ,5,0,0,2,29,11,5.8,18,9,3.6,11,6,2.2,46,12.931,0,0,0,0,0, 
org::eclipse::mylyn::internal::wikitext::tasks::ui::editor::MediaWikiMarkupTaskEditorExtension ,2,0,0,1,2,2,1,2,2,1,0,0,0,14.7143,7.57143,0,0,0,0,0, 
org::eclipse::mylyn::internal::java::ui::editor::MylarJavaElementDescriptor ,4,0,1,1,0,0,0,0,0,0,0,0,0,164,0,0,0,0,0,0, 
org::eclipse::mylyn::internal::sandbox::ui::EclipseTaskRepositoryLinkProvider ,3,0,0,1,15,10,5,2,2,0.666667,13,8,4.33333,19.8571,10.4286,0,0,0,0,0, 
org::eclipse::mylyn::tasks::core::TaskActivityAdapter ,7,0,1,3,28,12,4,37,14,5.28571,-9,8,-1.28571,48.5714,6.7602,0,0,0,0,0, 
org::eclipse::mylyn::internal::trac::ui::wizard::TracFilterQueryPage ,7,0,0,2,33,22,4.71429,28,22,4,5,3,0.714286,39.5714,20.8268,0,0,0,0,0, 
org::eclipse::mylyn::commons::core::StatusHandler ,7,0,0,2,61,32,8.71429,162,132,23.1429,-101,26,-14.4286,46,5.14754,0,0,0,0,0, 
org::eclipse::mylyn::internal::bugzilla::ui::editor::BugzillaVotesEditor ,4,0,0,2,24,17,6,4,3,1,20,17,5,39.5714,5.4881,0,0,0,0,0, 
org::eclipse::mylyn::internal::trac::wiki::TracWikiPlugin ,4,0,0,2,7,5,1.75,3,1,0.75,4,4,1,81.8571,55.9184,0,0,0,0,0, 
org::eclipse::mylyn::internal::jira::ui::wizards::JiraRepositorySettingsPage ,60,0,1,3,847,125,14.1167,352,39,5.86667,495,125,8.25,161.571,88.6102,0,0,0,0,0, 
org::eclipse::mylyn::tasks::core::AbstractQueryHit ,23,1,0,2,191,66,8.30435,83,30,3.6087,108,36,4.69565,139.714,17.9963,0,0,0,0,0, 
org::eclipse::mylyn::internal::java::ui::actions::FocusBrowsingPerspectiveAction ,17,0,2,2,178,124,10.4706,173,124,10.1765,5,124,0.294118,119,19.4053,0,0,0,0,0, 
org::eclipse::mylyn::internal::wikitext::twiki::core::block::DefinitionListBlock ,3,0,0,1,3,2,1,3,2,1,0,0,0,23.8571,1.33333,0,0,0,0,0, 
org::eclipse::mylyn::internal::jira::core::wsdl::beans::RemoteProjectRoleActors ,9,0,0,2,140,105,15.5556,149,114,16.5556,-9,7,-1,110.714,25.8367,0,0,0,0,0, 
org::eclipse::mylyn::internal::monitor::reports::ui::actions::EclipseUsageSummaryAction ,22,0,3,2,138,31,6.27273,114,23,5.18182,24,8,1.09091,153.143,58.3996,0,0,0,0,0, 
org::eclipse::mylyn::zest::core::viewers::internal::GraphModelFactory ,4,0,1,1,29,17,7.25,26,14,6.5,3,3,0.75,103.714,3.29557,0,0,0,0,0, 
org::eclipse::mylyn::internal::commons::ui::CompositeElementImageDescriptor ,2,0,0,1,4,4,2,1,1,0.5,3,3,1.5,45.8571,19.2857,0,0,0,0,0, 
org::eclipse::mylyn::internal::commons::net::TimeoutInputStream ,2,0,0,1,0,0,0,0,0,0,0,0,0,45.8571,0,0,0,0,0,0, 
org::eclipse::mylyn::wikitext::core::WikiText ,4,1,0,1,9,5,2.25,1,1,0.25,8,5,2,9.57143,0.492063,0,0,0,0,0, 
org::eclipse::mylyn::internal::tasks::ui::wizards::NewTaskWizard ,14,0,0,3,46,13,3.28571,36,15,2.57143,10,11,0.714286,91.8571,37.4193,1,1,0,0,0, 
org::eclipse::mylyn::wikitext::core::validation::ValidationProblem ,7,1,0,2,55,30,7.85714,17,12,2.42857,38,29,5.42857,32.7143,8.82078,0,0,0,0,0, 
org::eclipse::mylyn::internal::jira::core::wsdl::beans::RemotePermissionScheme ,9,0,0,2,144,112,16,156,124,17.3333,-12,7,-1.33333,110.714,25.7411,0,0,0,0,0, 
org::eclipse::mylyn::internal::tasks::ui::actions::ShowTasksUiLegendAction ,3,0,0,2,5,4,1.66667,2,1,0.666667,3,3,1,39.5714,16.5143,1,1,0,0,0, 
org::eclipse::mylyn::internal::bugzilla::ui::wizard::AbstractBugzillaReportWizard ,11,0,0,2,182,161,16.5455,199,183,18.0909,-17,5,-1.54545,147.857,3.8752,0,0,0,0,0, 
org::eclipse::mylyn::internal::tasks::ui::TaskActivityMonitor ,21,0,1,3,180,38,8.57143,139,31,6.61905,41,33,1.95238,50,8.53333,0,0,0,0,0, 
org::eclipse::mylyn::internal::monitor::usage::wizards::NewUsageSummaryEditorWizard ,11,0,1,2,53,17,4.81818,93,39,8.45454,-40,3,-3.63636,109.857,18.2237,0,0,0,0,0, 
org::eclipse::mylyn::internal::bugzilla::ui::action::Messages ,2,0,0,1,20,20,10,12,12,6,8,8,4,13,0.428571,0,0,0,0,0, 
org::eclipse::mylyn::wikitext::core::parser::builder::AbstractXmlDocumentBuilder ,3,0,0,2,22,19,7.33333,19,16,6.33333,3,3,1,32.7143,3.23377,0,0,0,0,0, 
org::eclipse::mylyn::internal::tasks::ui::actions::OpenRepositoryTaskAction ,1,0,0,1,0,0,0,0,0,0,0,0,0,14.2857,0,0,0,0,0,0, 
org::eclipse::mylyn::internal::sandbox::dev::properties::MylynPropertiesSourceAdapterFactory ,6,0,0,2,34,13,5.66667,21,10,3.5,13,8,2.16667,70.7143,24.1176,0,0,0,0,0, 
org::eclipse::mylyn::internal::monitor::reports::preferences::UiUsageReportsPreferencePage ,6,0,0,2,10,5,1.66667,8,4,1.33333,2,4,0.333333,92.5714,53.6429,0,0,0,0,0, 
org::eclipse::mylyn::internal::tasks::ui::views::TaskTableLabelProvider ,16,0,1,3,55,10,3.4375,65,10,4.0625,-10,1,-0.625,94.8571,28.5247,0,0,0,0,0, 
org::eclipse::mylyn::wikitext::core::parser::markup::token::LiteralReplacementTokenProcessor ,5,1,0,2,7,3,1.4,4,2,0.8,3,2,0.6,32.7143,16.7143,0,0,0,0,0, 
org::eclipse::mylyn::internal::xplanner::core::XPlannerClientManager ,1,0,0,1,0,0,0,0,0,0,0,0,0,6.42857,0,0,0,0,0,0, 
org::eclipse::mylyn::internal::wikitext::confluence::validation::ConfluenceReferenceValidationRule ,1,0,0,1,0,0,0,0,0,0,0,0,0,16.4286,0,0,0,0,0,0, 
org::eclipse::mylyn::zest::layouts::exampleStructures::SimpleFilter ,2,0,0,2,2,2,1,2,2,1,0,0,0,184.857,92.7143,0,0,0,0,0, 
org::eclipse::mylyn::internal::trac::core::model::TracTicketResolution ,6,0,0,2,8,4,1.33333,5,1,0.833333,3,3,0.5,133,92.7143,0,0,0,0,0, 
org::eclipse::mylyn::commons::net::WebLocation ,2,0,0,1,4,4,2,1,1,0.5,3,3,1.5,45.8571,19.2857,0,0,0,0,0, 
org::eclipse::mylyn::internal::xplanner::ui::XPlannerImages ,1,0,0,1,0,0,0,0,0,0,0,0,0,6.42857,0,1,1,0,0,0, 
org::eclipse::mylyn::internal::jira::ui::editor::DateTimeAttributeEditor ,4,0,0,2,7,5,1.75,3,1,0.75,4,4,1,35.1429,14.4898,0,0,0,0,0, 
org::eclipse::mylyn::internal::tasks::ui::wizards::NewAttachmentWizardDialog ,17,0,0,3,29,6,1.70588,19,4,1.11765,10,4,0.588235,139.571,78.4433,0,0,0,0,0, 
org::eclipse::mylyn::zest::core::viewers::internal::SharedMessages ,2,0,1,1,1,1,0.5,1,1,0.5,0,0,0,103.714,11.5714,0,0,0,0,0, 
org::eclipse::mylyn::wikitext::core::parser::markup::IdGenerationStrategy ,2,1,0,1,1,1,0.5,1,1,0.5,0,0,0,9.85714,1.14286,0,0,0,0,0, 
org::eclipse::mylyn::internal::tasks::ui::views::TaskListContentProvider ,77,0,0,3,866,82,11.2468,834,92,10.8312,32,74,0.415584,139.571,51.7072,1,0,1,0,1, 
org::eclipse::mylyn::internal::tasks::ui::actions::Messages ,10,1,0,2,31,12,3.1,81,40,8.1,-50,8,-5,14.2857,7.68203,1,1,0,0,0, 
org::eclipse::mylyn::internal::provisional::commons::ui::CommonImages ,11,0,0,2,117,89,10.6364,93,89,8.45454,24,6,2.18182,45.8571,25.2625,2,2,0,0,1, 
org::eclipse::mylyn::internal::tasks::ui::util::TasksUiMenus ,6,0,0,2,327,183,54.5,209,182,34.8333,118,183,19.6667,41,2.34076,0,0,0,0,0, 
org::eclipse::mylyn::zest::layouts::algorithms::AbstractLayoutAlgorithm ,22,6,3,3,830,456,37.7273,685,523,31.1364,145,80,6.59091,184.857,65.3759,0,0,0,0,0, 
org::eclipse::mylyn::tasks::ui::TasksUiUtil ,148,4,4,3,2169,424,14.6554,2000,391,13.5135,169,128,1.14189,118.714,49.7209,0,0,0,0,0, 
org::eclipse::mylyn::internal::sandbox::ui::views::TaskActivityView ,22,0,2,3,115,40,5.22727,139,55,6.31818,-24,3,-1.09091,48.8571,4.62112,0,0,0,0,0, 
org::eclipse::mylyn::internal::tasks::ui::util::TaskListSaveManager ,40,0,3,3,438,120,10.95,300,43,7.5,138,104,3.45,139.571,42.8969,0,0,0,0,0, 
org::eclipse::mylyn::internal::context::ui::actions::ToggleDecorateInterestLevelAction ,14,0,0,2,32,6,2.28571,35,6,2.5,-3,3,-0.214286,139.714,63.1562,0,0,0,0,0, 
org::eclipse::mylyn::tasks::ui::TaskListDataMigration ,6,0,0,2,7,3,1.16667,5,2,0.833333,2,1,0.333333,130.571,7.79592,0,0,0,0,0, 
org::eclipse::mylyn::internal::tasks::core::AbstractTaskContainer ,12,0,1,3,28,12,2.33333,35,13,2.91667,-7,4,-0.583333,45.1429,8.45408,0,0,0,0,0, 
org::eclipse::mylyn::internal::tasks::ui::commands::ViewSourceHandler ,3,0,0,1,1,1,0.333333,2,1,0.666667,-1,0,-0.333333,21.5714,7,0,0,0,0,0, 
org::eclipse::mylyn::context::core::AbstractContextListener ,5,0,0,1,32,23,6.4,23,14,4.6,9,9,1.8,44,4.66071,0,0,0,0,0, 
org::eclipse::mylyn::internal::sandbox::ui::planner::RemoveTaskAction ,5,0,0,2,9,4,1.8,6,3,1.2,3,3,0.6,46,13.0476,0,0,0,0,0, 
org::eclipse::mylyn::zest::layouts::dataStructures::DisplayIndependentDimension ,2,0,0,2,1,1,0.5,1,1,0.5,0,0,0,184.857,92.7143,0,0,0,0,0, 
org::eclipse::mylyn::internal::wikitext::ui::editor::operations::AbstractDocumentCommand ,1,0,0,1,0,0,0,0,0,0,0,0,0,7.71429,0,0,0,0,0,0, 
org::eclipse::mylyn::internal::provisional::commons::ui::DelayedRefreshJob ,11,0,0,3,68,40,6.18182,85,41,7.72727,-17,18,-1.54545,44,2.21639,0,0,0,0,0, 
org::eclipse::mylyn::internal::jira::core::wsdl::soap::RemoteAuthenticationException ,9,0,0,2,106,76,11.7778,107,77,11.8889,-1,7,-0.111111,110.714,27.686,0,0,0,0,0, 
org::eclipse::mylyn::zest::tests::swt::GraphSnippet5 ,1,0,0,1,0,0,0,0,0,0,0,0,0,80.8571,0,0,0,0,0,0, 
org::eclipse::mylyn::internal::wikitext::tasks::ui::editor::ConfluenceMarkupTaskEditorExtension ,2,0,0,1,2,2,1,2,2,1,0,0,0,14.7143,7.57143,0,0,0,0,0, 
org::eclipse::mylyn::zest::core::widgets::GraphContainer ,20,2,0,1,757,170,37.85,247,67,12.35,510,140,25.5,88.7143,2.4163,0,0,0,0,0, 
org::eclipse::mylyn::internal::wikitext::ui::properties::ProjectPropertyPage ,4,1,0,1,6,3,1.5,5,2,1.25,1,1,0.25,14,5.78571,2,1,0,0,0, 
org::eclipse::mylyn::internal::monitor::monitors::SelectionMonitor ,8,0,1,2,54,17,6.75,20,6,2.5,34,12,4.25,164,5.42593,0,0,0,0,0, 
org::eclipse::mylyn::internal::java::ui::JavaStackTraceHyperlinkAdapter ,5,0,0,2,288,144,57.6,0,0,0,288,144,57.6,145.143,0.0714286,0,0,0,0,0, 
org::eclipse::mylyn::internal::sandbox::ui::views::ActiveViewDropAdapter ,3,0,0,2,5,4,1.66667,2,1,0.666667,3,3,1,42.7143,19.6571,0,0,0,0,0, 
org::eclipse::mylyn::wikitext::core::parser::markup::MarkupLanguageConfiguration ,2,0,0,1,25,25,12.5,4,4,2,21,21,10.5,6,0,0,0,0,0,0, 
org::eclipse::mylyn::internal::context::ui::wizards::ContextAttachWizard ,11,0,0,2,20,5,1.81818,17,5,1.54545,3,3,0.272727,50.2857,12.5286,0,0,0,0,0, 
org::eclipse::mylyn::internal::commons::ui::CompositeContainerImageDescriptor ,2,0,0,1,4,4,2,1,1,0.5,3,3,1.5,45.8571,19.2857,0,0,0,0,0, 
org::eclipse::mylyn::internal::java::ui::JavaDeclarationsFilter ,5,0,0,1,6,4,1.2,6,4,1.2,0,3,0,151.714,103.571,0,0,0,0,0, 
org::eclipse::mylyn::internal::tasks::ui::util::TasksUiExtensionReader ,71,1,3,3,738,69,10.3944,573,63,8.07042,165,41,2.32394,139,58.7962,1,0,0,0,0, 
org::eclipse::mylyn::internal::xplanner::ui::wizard::NewXPlannerQueryWizard ,1,0,0,1,0,0,0,0,0,0,0,0,0,6.42857,0,0,0,0,0,0, 
org::eclipse::mylyn::internal::bugzilla::core::RepositoryConfiguration ,42,2,0,4,732,188,17.4286,396,78,9.42857,336,188,8,148.571,107.083,2,1,0,0,1, 
org::eclipse::mylyn::internal::sandbox::ui::editors::ExtensibleBugzillaTaskEditorPageFactory ,4,0,0,2,7,5,1.75,2,1,0.5,5,4,1.25,39.7143,13.8776,0,0,0,0,0, 
org::eclipse::mylyn::internal::tasks::ui::util::TasksUiInternal ,77,0,2,3,1316,166,17.0909,524,110,6.80519,792,165,10.2857,45.8571,8.13482,1,0,0,0,0, 
org::eclipse::mylyn::internal::tasks::ui::actions::OpenTasksUiPreferencesAction ,11,0,0,2,57,34,5.18182,51,34,4.63636,6,34,0.545455,99,14.9248,0,0,0,0,0, 
org::eclipse::mylyn::internal::help::ui::anttask::MediaWikiImageFetcher ,6,0,0,2,25,15,4.16667,20,15,3.33333,5,3,0.833333,30.8571,8.24571,0,0,0,0,0, 
org::eclipse::mylyn::zest::layouts::exampleUses::SimpleSWTExample ,13,1,2,3,658,433,50.6154,612,447,47.0769,46,55,3.53846,184.857,85.3363,0,0,0,0,0, 
org::eclipse::mylyn::internal::tasks::ui::workingsets::Messages ,2,1,0,1,1,1,0.5,3,3,1.5,-2,0,-1,14.7143,1.71429,0,0,0,0,0, 
org::eclipse::mylyn::wikitext::core::parser::markup::token::PatternLiteralReplacementToken ,6,1,0,2,10,4,1.66667,6,3,1,4,2,0.666667,32.7143,10.1714,0,0,0,0,0, 
org::eclipse::mylyn::internal::wikitext::ui::editor::validation::ValidationProblemAnnotation ,3,0,0,2,9,6,3,8,5,2.66667,1,1,0.333333,32.7143,5.42857,0,0,0,0,0, 
org::eclipse::mylyn::internal::tasks::ui::Messages ,3,0,0,2,6,4,2,0,0,0,6,4,2,14.7143,9.09524,2,2,0,0,0, 
org::eclipse::mylyn::internal::tasks::ui::editors::TaskAttachmentEditorInput ,7,0,0,2,22,7,3.14286,124,98,17.7143,-102,4,-14.5714,45.5714,5.80519,0,0,0,0,0, 
org::eclipse::mylyn::internal::commons::core::ErrorReporterManager ,8,0,0,2,18,6,2.25,11,6,1.375,7,3,0.875,46,15.5238,1,0,0,0,0, 
org::eclipse::mylyn::internal::context::ui::wizards::ContextRetrieveWizardPage ,17,0,0,3,63,16,3.70588,85,41,5,-22,4,-1.29412,50.2857,14.9773,0,0,0,0,0, 
org::eclipse::mylyn::internal::ide::ui::MarkerViewLabelProvider ,22,0,0,2,95,12,4.31818,90,14,4.09091,5,5,0.227273,154.714,82.2646,0,0,0,0,0, 
org::eclipse::mylyn::internal::jira::core::model::filter::Order ,7,0,0,1,11,5,1.57143,8,4,1.14286,3,4,0.428571,110.714,55.2338,0,0,0,0,0, 
org::eclipse::mylyn::internal::context::core::InteractionContextManager ,69,3,3,3,2144,872,31.0725,1801,904,26.1015,343,141,4.97101,94.2857,43.4995,2,2,0,0,0, 
org::eclipse::mylyn::internal::jira::core::wsdl::soap::JiraSoapServiceServiceLocator ,8,0,0,2,161,133,20.125,158,130,19.75,3,7,0.375,110.714,22.5235,0,0,0,0,0, 
org::eclipse::mylyn::internal::wikitext::tracwiki::core::block::HeadingBlock ,6,0,0,2,11,5,1.83333,8,5,1.33333,3,3,0.5,32.7143,10.8831,0,0,0,0,0, 
org::eclipse::mylyn::internal::sandbox::ui::hyperlinks::ResourceHyperlinkExtensionReader ,3,0,0,2,5,4,1.66667,2,1,0.666667,3,3,1,34.1429,7.6,1,0,0,0,0, 
org::eclipse::mylyn::internal::java::ui::editor::Messages ,1,0,0,1,0,0,0,0,0,0,0,0,0,14.8571,0,0,0,0,0,0, 
org::eclipse::mylyn::zest::core::widgets::GraphItem ,8,0,1,1,77,35,9.625,6,2,0.75,71,34,8.875,103.714,7.46568,0,0,0,0,0, 
org::eclipse::mylyn::internal::sandbox::ui::views::TaskActivityViewContentProvider ,7,1,1,3,36,28,5.14286,23,18,3.28571,13,10,1.85714,48.8571,7.05952,0,0,0,0,0, 
org::eclipse::mylyn::internal::tasks::ui::search::RepositorySearchResult ,8,0,0,3,22,9,2.75,50,41,6.25,-28,3,-3.5,135.429,84.1948,0,0,0,0,0, 
org::eclipse::mylyn::internal::xplanner::ui::XPlannerRepositoryUi ,1,0,0,1,0,0,0,0,0,0,0,0,0,6.42857,0,2,2,0,0,0, 
org::eclipse::mylyn::wikitext::confluence::core::ConfluenceLanguage ,10,1,0,2,260,124,26,252,121,25.2,8,87,0.8,32.7143,19.4242,1,0,0,0,0, 
org::eclipse::mylyn::internal::jira::core::service::JiraServiceUnavailableException ,10,0,0,3,42,30,4.2,41,30,4.1,1,30,0.1,97.8571,14.017,0,0,0,0,0, 
org::xplanner::soap::UserStoryData ,6,0,0,2,494,490,82.3333,542,538,90.3333,-48,0,-8,93.7143,39.1212,0,0,0,0,0, 
org::eclipse::mylyn::internal::wikitext::ui::util::css::editor::PropertyValueRule ,1,0,0,1,0,0,0,0,0,0,0,0,0,6.42857,0,0,0,0,0,0, 
org::eclipse::mylyn::internal::jira::core::html::SubstitutionTextReader ,2,0,0,1,0,0,0,0,0,0,0,0,0,118.714,0,0,0,0,0,0, 
org::eclipse::mylyn::internal::wikitext::ui::editor::preferences::PreferenceInitializer ,3,0,0,2,3,2,1,3,2,1,0,0,0,32.7143,3.80952,0,0,0,0,0, 
org::eclipse::mylyn::internal::jira::core::wsdl::beans::RemotePermissionMapping ,9,0,0,2,174,139,19.3333,186,151,20.6667,-12,7,-1.33333,110.714,24.8079,0,0,0,0,0, 
org::eclipse::mylyn::internal::java::ui::junit::TaskContextJUnitMainTab ,12,1,0,2,36,13,3,21,5,1.75,15,12,1.25,92.5714,21.7976,0,0,0,0,0, 
org::eclipse::mylyn::java::tests::search::WorkspaceSetupHelper ,21,1,2,2,125,67,5.95238,104,56,4.95238,21,11,1,172,38.2594,0,0,0,0,0, 
org::eclipse::mylyn::wikitext::core::validation::ValidationRule ,3,0,0,2,54,47,18,6,5,2,48,46,16,32.7143,14.3968,0,0,0,0,0, 
org::eclipse::mylyn::internal::bugzilla::core::internal::FavoritesFile ,2,0,1,1,0,0,0,0,0,0,0,0,0,164,0,0,0,0,0,0, 
org::eclipse::mylyn::internal::trac::core::TracRepositoryConnector ,103,6,3,3,1411,405,13.699,972,194,9.43689,439,211,4.26214,131.571,62.942,1,1,0,0,0, 
org::eclipse::mylyn::internal::tasks::ui::editors::TraverseOnTabKeyListener ,3,0,0,2,5,4,1.66667,2,1,0.666667,3,3,1,31,7.94286,0,0,0,0,0, 
org::eclipse::mylyn::internal::context::ui::ContextWorkingSetManager ,10,0,0,2,83,46,8.3,75,55,7.5,8,6,0.8,77,29.2806,0,0,0,0,0, 
org::eclipse::mylyn::internal::jira::core::model::filter::TextFilter ,3,0,0,2,6,5,2,2,1,0.666667,4,4,1.33333,44.5714,18.0238,0,0,0,0,0, 
org::eclipse::mylyn::internal::tasks::ui::actions::CopyTaskDetailsAction ,50,0,0,3,268,24,5.36,257,29,5.14,11,14,0.22,122.857,54.5975,0,0,0,0,0, 
org::eclipse::mylyn::internal::sandbox::ui::hyperlinks::JavaResourceHyperlinkExtension ,4,0,0,2,6,4,1.5,9,7,2.25,-3,3,-0.75,33.8571,6.78571,0,0,0,0,0, 
org::eclipse::mylyn::internal::web::ui::AbstractWebContextProvider ,4,0,0,2,6,4,1.5,6,4,1.5,0,3,0,92.4286,58.2143,0,0,0,0,0, 
org::eclipse::mylyn::zest::tests::swt::NestedGraphSnippet2 ,1,0,0,1,0,0,0,0,0,0,0,0,0,80.8571,0,0,0,0,0,0, 
org::eclipse::mylyn::internal::context::ui::commands::AbstractTaskAttachmentCommandHandler ,2,0,0,2,4,4,2,1,1,0.5,3,3,1.5,41.8571,15.2857,0,0,0,0,0, 
org::eclipse::mylyn::jira::tests::util::MockJiraClient ,5,1,0,2,17,8,3.4,7,2,1.4,10,6,2,38.1429,17.1681,0,0,0,0,0, 
org::eclipse::mylyn::internal::jira::core::model::WebServerInfo ,5,0,0,2,23,10,4.6,10,8,2,13,10,2.6,78.2857,20.3043,0,0,0,0,0, 
org::eclipse::mylyn::internal::tasks::ui::wizards::TaskDataExportWizard ,33,0,2,3,191,73,5.78788,454,181,13.7576,-263,5,-7.9697,139.571,100.941,0,0,0,0,0, 
org::eclipse::mylyn::internal::tasks::ui::editors::TaskEditorAttributePart ,33,0,0,3,362,132,10.9697,335,162,10.1515,27,26,0.818182,61.2857,11.1038,1,1,0,0,0, 
org::eclipse::mylyn::internal::trac::core::model::TracTicket ,16,0,0,2,31,6,1.9375,31,6,1.9375,0,3,0,133,68.5899,0,0,0,0,0, 
org::eclipse::mylyn::internal::sandbox::dev::properties::TaskRepositoryPropertiesSource ,5,0,0,2,16,9,3.2,21,18,4.2,-5,4,-1,70.7143,20.4375,0,0,0,0,0, 
org::eclipse::mylyn::internal::wikitext::ui::editor::syntax::MarkupTokenScanner ,10,0,1,2,140,65,14,70,50,7,70,43,7,32.7143,8.90816,1,0,0,0,0, 
org::eclipse::mylyn::internal::tasks::ui::actions::ClearOutgoingAction ,30,0,0,3,201,78,6.7,183,78,6.1,18,78,0.6,96.8571,27.8173,0,0,0,0,0, 
org::eclipse::mylyn::internal::jira::core::model::SecurityLevel ,6,0,0,2,21,7,3.5,2,1,0.333333,19,7,3.16667,65.5714,37.4286,0,0,0,0,0, 
org::eclipse::mylyn::internal::tasks::core::data::TaskDataStateWriter ,8,0,0,2,137,91,17.125,41,35,5.125,96,91,12,47.1429,9.40563,0,0,0,0,0, 
org::eclipse::mylyn::monitor::ui::AbstractCommandMonitor ,15,0,3,2,37,6,2.46667,29,4,1.93333,8,3,0.533333,110.429,43.6332,0,0,0,0,0, 
org::eclipse::mylyn::internal::wikitext::ui::editor::help::HelpContent ,6,1,0,2,87,56,14.5,27,11,4.5,60,49,10,32.7143,10.6601,1,0,0,0,0, 
org::eclipse::mylyn::internal::tasks::ui::wizards::SelectRepositoryConnectorPage ,4,0,0,2,10,4,2.5,9,8,2.25,1,3,0.25,44.5714,25.2,4,0,0,0,0, 
org::eclipse::mylyn::internal::tasks::ui::views::AbstractTaskListContentProvider ,4,0,0,2,10,5,2.5,6,4,1.5,4,4,1,83.5714,35.2429,0,0,0,0,0, 
org::eclipse::mylyn::internal::provisional::commons::ui::CommonFonts ,7,0,0,2,47,17,6.71429,7,3,1,40,17,5.71429,45.8571,21.9787,0,0,0,0,0, 
org::eclipse::mylyn::internal::team::ui::properties::ProjectTeamPage ,9,0,0,3,53,32,5.88889,45,20,5,8,17,0.888889,71.7143,55.9218,0,0,0,0,0, 
org::eclipse::mylyn::internal::tasks::bugs::TaskErrorReporter ,17,0,0,2,200,128,11.7647,339,124,19.9412,-139,9,-8.17647,47.5714,6.42714,0,0,0,0,0, 
org::eclipse::mylyn::internal::monitor::usage::wizards::UsageFileSelectionWizardPage ,18,0,1,2,226,181,12.5556,242,181,13.4444,-16,181,-0.888889,98.5714,7.3957,0,0,0,0,0, 
org::eclipse::mylyn::internal::trac::core::client::InvalidTicketException ,4,0,0,2,6,4,1.5,3,1,0.75,3,3,0.75,39.5714,15.9524,0,0,0,0,0, 
org::eclipse::mylyn::internal::tasks::core::sync::SynchronizeTasksJob ,45,0,0,3,517,112,11.4889,403,101,8.95556,114,92,2.53333,49.1429,7.18127,0,0,0,0,0, 
org::eclipse::mylyn::internal::tasks::ui::editors::HighlightingHyperlinkTextPresentationManager ,1,0,0,1,0,0,0,0,0,0,0,0,0,22.5714,0,0,0,0,0,0, 
org::eclipse::mylyn::internal::jira::core::model::filter::ResolutionFilter ,6,0,0,1,13,5,2.16667,13,5,2.16667,0,4,0,110.714,49.7143,0,0,0,0,0, 
org::eclipse::mylyn::internal::tasks::ui::OfflineFileStorage ,21,0,1,3,99,32,4.71429,83,28,3.95238,16,6,0.761905,91.1429,17.2872,0,0,0,0,0, 
org::eclipse::mylyn::internal::wikitext::mediawiki::core::validation::CommentValidationRule ,2,0,0,1,2,2,1,2,2,1,0,0,0,23,3.14286,0,0,0,0,0, 
org::eclipse::mylyn::internal::wikitext::ui::editor::MarkupEditorActionBarContributor ,2,0,0,1,3,3,1.5,4,4,2,-1,0,-0.5,32.7143,1.71429,0,0,0,0,0, 
org::eclipse::mylyn::internal::java::ui::TypeHistoryManager ,16,0,1,2,133,84,8.3125,69,28,4.3125,64,69,4,92.4286,13.6864,0,0,0,0,0, 
org::eclipse::mylyn::tasks::ui::editors::AttributeEditorToolkit ,17,0,0,2,178,46,10.4706,271,129,15.9412,-93,19,-5.47059,45.8571,10.8772,0,0,0,0,0, 
org::eclipse::mylyn::wikitext::core::parser::TableCellAttributes ,5,1,0,2,21,15,4.2,4,2,0.8,17,13,3.4,32.7143,9.31973,0,0,0,0,0, 
org::eclipse::mylyn::wikitext::core::validation::MarkupValidator ,10,2,0,2,25,11,2.5,63,31,6.3,-38,3,-3.8,32.7143,8.17143,0,0,0,0,0, 
org::eclipse::mylyn::internal::context::ui::UiUtil ,21,0,1,2,96,22,4.57143,166,43,7.90476,-70,19,-3.33333,139.714,61.2232,2,2,0,0,0, 
org::eclipse::mylyn::java::tests::search::ActiveSearchNotifier ,28,2,3,2,107,26,3.82143,105,23,3.75,2,4,0.0714286,172,56.4045,0,0,0,0,0, 
org::eclipse::mylyn::internal::java::ui::editor::FocusedJavaNoTypeProposalComputer ,5,0,0,1,16,8,3.2,10,5,2,6,6,1.2,92.5714,42.8393,0,0,0,0,0, 
org::eclipse::mylyn::internal::wikitext::ui::editor::operations::MoveSectionsCommand ,1,0,0,1,0,0,0,0,0,0,0,0,0,7.71429,0,1,0,0,0,0, 
org::eclipse::mylyn::internal::monitor::usage::InteractionEventObfuscator ,11,0,0,2,18,4,1.63636,15,4,1.36364,3,3,0.272727,90.7143,40.619,0,0,0,0,0, 
org::eclipse::mylyn::internal::sandbox::bridge::bugs::Util ,18,0,0,3,73,20,4.05556,55,9,3.05556,18,17,1,140.857,80.2935,0,0,0,0,0, 
org::eclipse::mylyn::internal::wikitext::textile::core::Textile ,3,0,0,2,54,37,18,47,30,15.6667,7,7,2.33333,32.7143,5.22222,0,0,0,0,0, 
org::eclipse::mylyn::zest::layouts::algorithms::GridLayoutAlgorithm ,6,1,1,3,26,8,4.33333,7,4,1.16667,19,7,3.16667,184.857,27.0879,0,0,0,0,0, 
org::eclipse::mylyn::internal::trac::core::TracTaskMapper ,7,0,0,2,191,91,27.2857,96,93,13.7143,95,50,13.5714,38.2857,1.82872,0,0,0,0,0, 
org::eclipse::mylyn::zest::core::widgets::Graph ,35,2,1,1,935,336,26.7143,583,207,16.6571,352,313,10.0571,103.714,13.9261,0,0,0,0,0, 
org::eclipse::mylyn::internal::wikitext::confluence::core::block::HeadingBlock ,4,0,0,2,8,5,2,7,4,1.75,1,1,0.25,32.7143,5.85714,0,0,0,0,0, 
org::eclipse::mylyn::internal::bugzilla::core::history::TaskHistory ,11,0,0,3,135,118,12.2727,132,118,12,3,118,0.272727,109,9.08466,0,0,0,0,0, 
org::eclipse::mylyn::internal::java::tasks::JavaStackTraceFileHyperlink ,3,0,0,1,23,13,7.66667,11,9,3.66667,12,8,4,47.5714,27.0621,0,0,0,0,0, 
org::eclipse::mylyn::internal::pde::ui::junit::TaskContextPdeJUnitLaunchConfiguration ,15,1,0,2,39,7,2.6,24,5,1.6,15,5,1,91.5714,44.0696,0,0,0,0,0, 
org::eclipse::mylyn::internal::context::ui::wizards::ContextAttachWizardPage ,11,0,0,2,26,7,2.36364,40,17,3.63636,-14,3,-1.27273,50.2857,23.4286,0,0,0,0,0, 
org::eclipse::mylyn::internal::monitor::reports::ui::actions::FocusedUiUserAnalysisAction ,12,0,1,2,24,4,2,18,4,1.5,6,3,0.5,92.5714,32.8988,0,0,0,0,0, 
org::eclipse::mylyn::tasks::core::data::TaskRelation ,6,0,0,2,59,24,9.83333,3,1,0.5,56,24,9.33333,44.7143,7.60291,0,0,0,0,0, 
org::eclipse::mylyn::internal::tasks::ui::views::UpdateRepositoryConfigurationAction ,7,0,0,2,25,7,3.57143,11,5,1.57143,14,5,2,47.1429,18.8,0,0,0,0,0, 
org::eclipse::mylyn::internal::trac::core::client::TracWebClient ,11,1,0,2,99,68,9,98,68,8.90909,1,4,0.0909091,39.5714,20.9192,0,0,0,0,0, 
org::eclipse::mylyn::internal::tasks::ui::actions::OpenWithBrowserAction ,28,0,0,3,60,7,2.14286,62,7,2.21429,-2,3,-0.0714286,139.571,60.7881,0,0,0,0,0, 
org::eclipse::mylyn::internal::tasks::ui::editors::DateAttributeEditor ,28,1,0,3,188,58,6.71429,125,47,4.46429,63,13,2.25,62.8571,23.386,2,1,0,0,0, 
org::eclipse::mylyn::internal::jira::core::model::Messages ,1,0,0,1,0,0,0,0,0,0,0,0,0,7,0,0,0,0,0,0, 
org::eclipse::mylyn::internal::wikitext::core::parser::builder::SplittingStrategy ,3,0,0,2,7,5,2.33333,7,6,2.33333,0,1,0,32.7143,4.08163,0,0,0,0,0, 
org::eclipse::mylyn::zest::tests::swt::GraphSnippet4 ,2,0,0,1,1,1,0.5,1,1,0.5,0,0,0,80.8571,0,0,0,0,0,0, 
org::eclipse::mylyn::internal::bugzilla::ui::tasklist::BugzillaConnectorUi ,42,0,1,3,442,165,10.5238,326,65,7.7619,116,111,2.7619,133.571,73.1603,0,0,0,0,0, 
org::eclipse::mylyn::internal::jira::core::wsdl::beans::RemoteCustomFieldValue ,9,0,0,2,195,168,21.6667,214,187,23.7778,-19,7,-2.11111,110.714,24.4513,0,0,0,0,0, 
org::eclipse::mylyn::internal::jira::core::service::web::rss::JiraRssClient ,9,1,0,2,95,56,10.5556,86,50,9.55556,9,6,1,54,17.9504,0,0,0,0,0, 
org::eclipse::mylyn::internal::tasks::core::TaskRepositoryLocation ,17,2,0,3,75,24,4.41176,99,54,5.82353,-24,23,-1.41176,72.5714,33.9124,0,0,0,0,0, 
org::xplanner::soap::TaskData ,6,0,0,2,471,467,78.5,518,514,86.3333,-47,0,-7.83333,93.7143,39.1131,0,0,0,0,0, 
org::eclipse::mylyn::internal::monitor::core::collection::ViewUsageCollector ,7,0,1,2,38,15,5.42857,23,10,3.28571,15,12,2.14286,109.857,47.921,0,0,0,0,0, 
org::eclipse::mylyn::internal::commons::net::TrustAllTrustManager ,2,0,0,1,5,5,2.5,2,2,1,3,3,1.5,45.8571,19.2857,0,0,0,0,0, 
org::eclipse::mylyn::internal::java::ui::search::XmlActiveSearchUpdater ,8,0,1,2,23,8,2.875,21,8,2.625,2,4,0.25,92.4286,36.5155,0,0,0,0,0, 
org::eclipse::mylyn::internal::java::ui::junit::TaskContextJUnitTabGroup ,5,0,0,1,9,5,1.8,13,6,2.6,-4,3,-0.8,92.5714,37.7778,0,0,0,0,0, 
org::eclipse::mylyn::internal::tasks::core::data::TaskDataManager ,50,3,0,3,796,133,15.92,611,206,12.22,185,74,3.7,46.5714,3.49444,0,0,0,0,0, 
org::eclipse::mylyn::internal::jira::ui::wizards::JiraProjectPage ,38,0,1,3,490,157,12.8947,338,104,8.89474,152,157,4,108.286,44.7297,2,2,0,0,1, 
org::eclipse::mylyn::internal::java::ui::actions::ToggleActiveFoldingAction ,26,0,2,2,110,54,4.23077,100,43,3.84615,10,11,0.384615,163.857,37.9013,0,0,0,0,0, 
org::eclipse::mylyn::internal::sandbox::ui::highlighters::HighlighterList ,3,0,0,2,7,6,2.33333,2,1,0.666667,5,5,1.66667,43.5714,19.5102,0,0,0,0,0, 
org::eclipse::mylyn::internal::provisional::commons::ui::CommonTextSupport ,1,0,0,1,0,0,0,0,0,0,0,0,0,9,0,0,0,0,0,0, 
org::eclipse::mylyn::internal::jira::core::model::NamedFilter ,8,0,0,2,11,5,1.375,9,4,1.125,2,4,0.25,110.714,59.3766,0,0,0,0,0, 
org::eclipse::mylyn::internal::wikitext::ui::util::css::editor::CssPartitionScanner ,1,0,0,1,0,0,0,0,0,0,0,0,0,6.42857,0,0,0,0,0,0, 
org::eclipse::mylyn::internal::wikitext::mediawiki::core::token::TemplateReplacementToken ,3,0,0,2,21,11,7,20,11,6.66667,1,1,0.333333,32.7143,7.55102,0,0,0,0,0, 
org::eclipse::mylyn::internal::tasks::bugs::wizards::Messages ,3,0,0,1,47,47,15.6667,47,47,15.6667,0,47,0,14.7143,0.714286,1,0,0,0,0, 
org::eclipse::mylyn::internal::context::core::InteractionContextElement ,12,0,0,2,41,9,3.41667,25,6,2.08333,16,8,1.33333,94.2857,49.6446,0,0,0,0,0, 
org::eclipse::mylyn::internal::tasks::ui::search::CreateQueryFromSearchAction ,20,0,0,2,47,6,2.35,37,5,1.85,10,4,0.5,90.1429,47.3647,0,0,0,0,0, 
org::eclipse::mylyn::internal::context::ui::TaskContextWorkingSetPage ,12,0,0,2,31,11,2.58333,30,11,2.5,1,3,0.0833333,92.5714,44.7235,0,0,0,0,0, 
org::eclipse::mylyn::tasks::ui::AbstractRepositoryConnectorUi ,86,1,4,3,697,68,8.10465,406,55,4.72093,291,66,3.38372,133.571,52.1041,0,0,0,0,0, 
org::eclipse::mylyn::internal::jira::core::html::HTML2TextReader ,3,0,0,2,2,2,0.666667,1,1,0.333333,1,1,0.333333,118.714,7.14286,0,0,0,0,0, 
org::eclipse::mylyn::tasks::core::TaskRepositoryLocationFactory ,4,0,0,3,9,4,2.25,3,1,0.75,6,3,1.5,72.5714,39.381,0,0,0,0,0, 
org::eclipse::mylyn::examples::monitor::study::QuestionnaireWizardPage ,15,0,4,2,32,6,2.13333,31,4,2.06667,1,5,0.0666667,109.857,34,0,0,0,0,0, 
org::eclipse::mylyn::internal::monitor::usage::editors::UsageStatsEditorInput ,12,0,1,2,17,4,1.41667,42,25,3.5,-25,2,-2.08333,109.857,45.5042,0,0,0,0,0, 
org::eclipse::mylyn::internal::trac::core::client::TracProxyAuthenticationException ,4,0,0,2,6,4,1.5,3,1,0.75,3,3,0.75,39.5714,15.9524,0,0,0,0,0, 
org::eclipse::mylyn::internal::monitor::core::collection::CommandUsageCollector ,8,0,1,2,19,7,2.375,13,5,1.625,6,5,0.75,109.857,53.3383,0,0,0,0,0, 
upload::MylarUsageUploadServlet ,4,0,0,1,13,7,3.25,2,1,0.5,11,7,2.75,103.714,39.5385,0,0,0,0,0, 
org::eclipse::mylyn::internal::wikitext::ui::editor::reconciler::MarkupMonoReconciler ,2,0,0,1,3,3,1.5,4,4,2,-1,0,-0.5,32.7143,1.71429,0,0,0,0,0, 
org::eclipse::mylyn::internal::tasks::core::TaskCategory ,14,0,0,3,57,17,4.07143,32,5,2.28571,25,17,1.78571,90.4286,41.5739,0,0,0,0,0, 
org::eclipse::mylyn::internal::tasks::ui::TaskListNotificationManager ,36,0,0,3,282,60,7.83333,291,75,8.08333,-9,34,-0.25,139.571,70.1413,0,0,0,0,0, 
org::eclipse::mylyn::internal::wikitext::twiki::core::token::WikiWordReplacementToken ,3,0,0,1,5,4,1.66667,5,4,1.66667,0,0,0,23.8571,5.02857,0,0,0,0,0, 
org::eclipse::mylyn::wikitext::ui::commands::AbstractMarkupResourceHandler ,8,2,0,2,64,35,8,45,27,5.625,19,9,2.375,32.7143,6.95089,2,0,0,0,0, 
org::eclipse::mylyn::internal::bugzilla::ui::tasklist::BugzillaCustomQueryDialog ,7,0,1,3,23,6,3.28571,14,4,2,9,5,1.28571,164,99.5466,0,0,0,0,0, 
org::eclipse::mylyn::internal::jira::ui::wizards::JiraFilterDefinitionPage ,8,0,0,2,215,133,26.875,155,81,19.375,60,52,7.5,44.5714,33.7694,1,0,0,0,1, 
org::eclipse::mylyn::internal::resources::ui::ResourceInterestUpdater ,16,0,1,2,52,7,3.25,42,6,2.625,10,4,0.625,92.4286,45.7005,0,0,0,0,0, 
org::eclipse::mylyn::internal::xplanner::ui::XPlannerRepositoryUtils ,2,1,0,1,36,36,18,16,16,8,20,20,10,6.42857,2.71429,2,2,0,0,0, 
org::eclipse::mylyn::internal::tasks::bugs::wizards::ReportBugOrEnhancementWizard ,9,0,0,2,68,27,7.55556,32,12,3.55556,36,15,4,42.8571,6.2584,1,0,0,0,0, 
org::eclipse::mylyn::zest::layouts::algorithms::HorizontalShift ,5,1,0,1,32,24,6.4,11,5,2.2,21,19,4.2,121.714,13.7723,0,0,0,0,0, 
org::eclipse::mylyn::internal::monitor::ui::KeybindingCommandMonitor ,6,0,0,2,7,4,1.16667,8,4,1.33333,-1,3,-0.166667,90.7143,58.6531,0,0,0,0,0, 
org::eclipse::mylyn::monitor::ui::AbstractUserActivityMonitor ,17,2,1,3,109,37,6.41176,79,37,4.64706,30,37,1.76471,101.857,32.5374,0,0,0,0,0, 
org::eclipse::mylyn::commons::core::CoreUtil ,6,0,0,2,21,9,3.5,7,4,1.16667,14,8,2.33333,46,19.068,0,0,0,0,0, 
org::eclipse::mylyn::internal::tasks::ui::views::TaskDetailLabelProvider ,10,0,0,3,24,6,2.4,18,5,1.8,6,3,0.6,72.5714,30.6488,0,0,0,0,0, 
org::eclipse::mylyn::internal::trac::core::client::TracPermissionDeniedException ,4,0,0,2,6,4,1.5,3,1,0.75,3,3,0.75,39.5714,15.9524,0,0,0,0,0, 
org::eclipse::mylyn::internal::context::ui::editors::ScalableInterestFilter ,8,0,0,1,30,15,3.75,20,5,2.5,10,14,1.25,108.571,19.2333,0,0,0,0,0, 
org::eclipse::mylyn::zest::core::viewers::internal::GraphModelEntityFactory ,5,0,1,1,29,12,5.8,29,12,5.8,0,0,0,103.714,4.53695,0,0,0,0,0, 
org::eclipse::mylyn::internal::xplanner::ui::wizard::EditXPlannerQueryWizard ,1,0,0,1,0,0,0,0,0,0,0,0,0,6.42857,0,0,0,0,0,0, 
org::eclipse::mylyn::internal::xplanner::core::service::soap::SoapXPlannerService ,1,0,0,1,0,0,0,0,0,0,0,0,0,6.42857,0,0,0,0,0,0, 
org::eclipse::mylyn::wikitext::core::parser::HeadingAttributes ,3,1,0,2,2,1,0.666667,1,1,0.333333,1,1,0.333333,26.5714,17.4286,0,0,0,0,0, 
org::eclipse::mylyn::internal::wikitext::ui::viewer::annotation::BulletDrawingStrategy ,6,1,0,2,34,11,5.66667,14,12,2.33333,20,10,3.33333,32.7143,16.4076,0,0,0,0,0, 
org::eclipse::mylyn::internal::tasks::ui::TaskCompletionFilter ,22,0,0,3,74,18,3.36364,69,18,3.13636,5,17,0.227273,139.571,74.7008,0,0,0,0,0, 
org::eclipse::mylyn::internal::tasks::ui::editors::TaskUrlHyperlinkDetector ,9,0,0,2,79,36,8.77778,23,10,2.55556,56,31,6.22222,90.4286,55.4792,0,0,0,0,0, 
org::eclipse::mylyn::internal::jira::ui::Messages ,1,0,0,1,0,0,0,0,0,0,0,0,0,14.8571,0,0,0,0,0,0, 
org::eclipse::mylyn::internal::hypertext::ui::editors::WebElementsEditor ,6,0,1,1,12,5,2,135,124,22.5,-123,0,-20.5,164,7.95238,0,0,0,0,0, 
org::eclipse::mylyn::internal::java::ui::JavaUiUtil ,30,0,3,2,303,90,10.1,258,107,8.6,45,42,1.5,164,101.405,1,1,0,0,0, 
org::eclipse::mylyn::internal::jira::core::model::Priority ,12,0,0,2,26,7,2.16667,62,26,5.16667,-36,7,-3,110.714,58.7198,0,0,0,0,0, 
org::eclipse::mylyn::internal::wikitext::core::parser::builder::SplittingOutlineParser ,6,1,0,2,11,7,1.83333,11,8,1.83333,0,1,0,32.7143,7.36364,0,0,0,0,0, 
org::eclipse::mylyn::internal::sandbox::ui::views::ContextContentProvider ,2,0,0,2,0,0,0,2,2,1,-2,0,-1,21.5714,0,0,0,0,0,0, 
org::eclipse::mylyn::monitor::usage::AbstractStudyBackgroundPage ,5,0,0,2,8,5,1.6,7,4,1.4,1,4,0.2,90.7143,50.4643,0,0,0,0,0, 
org::eclipse::mylyn::internal::trac::core::model::TracTicketAttribute ,7,0,0,2,10,4,1.42857,7,2,1,3,3,0.428571,133,89.8857,0,0,0,0,0, 
org::eclipse::mylyn::wikitext::core::parser::DocumentBuilder ,3,0,0,2,103,103,34.3333,134,100,44.6667,-31,3,-10.3333,32.7143,1.71429,1,0,0,0,0, 
org::eclipse::mylyn::internal::sandbox::ui::hyperlinks::ResourceHyperlinkExtensions ,4,0,0,2,7,4,1.75,7,5,1.75,0,3,0,34.1429,6.08163,0,0,0,0,0, 
org::eclipse::mylyn::internal::wikitext::confluence::core::block::ListBlock ,3,0,0,2,20,13,6.66667,19,12,6.33333,1,1,0.333333,32.7143,5.61429,0,0,0,0,0, 
org::eclipse::mylyn::internal::java::ui::BreakpointsInterestFilter ,4,0,0,1,13,6,3.25,12,10,3,1,3,0.25,43,6.73626,0,0,0,0,0, 
org::eclipse::mylyn::internal::bugzilla::ui::editor::BugzillaTaskEditorPage ,27,2,0,4,423,168,15.6667,94,22,3.48148,329,166,12.1852,42,23.9618,1,0,0,0,1, 
org::eclipse::mylyn::internal::bugzilla::core::history::ResolutionEvent ,11,0,0,3,58,41,5.27273,57,41,5.18182,1,41,0.0909091,109,17.5443,0,0,0,0,0, 
org::eclipse::mylyn::internal::bugzilla::core::AbstractReportFactory ,49,1,2,3,523,142,10.6735,522,95,10.6531,1,47,0.0204082,146.857,32.4947,1,1,0,0,0, 
org::eclipse::mylyn::internal::tasks::core::sync::SynchronizationSession ,5,0,0,2,69,53,13.8,45,43,9,24,11,4.8,41.7143,2.10973,0,0,0,0,0, 
org::eclipse::mylyn::internal::wikitext::tasks::ui::WikiTextContextUiBridge ,1,0,0,1,0,0,0,0,0,0,0,0,0,8,0,0,0,0,0,0, 
org::eclipse::mylyn::internal::tasks::ui::TaskHistoryHandler ,20,0,0,3,91,41,4.55,32,5,1.6,59,36,2.95,90,37.0958,0,0,0,0,0, 
org::eclipse::mylyn::internal::bugzilla::ui::action::UpdateAttachmentJob ,5,0,0,2,70,36,14,54,23,10.8,16,13,3.2,13.5714,6.27755,0,0,0,0,0, 
org::eclipse::mylyn::internal::monitor::ui::ActivityContextManager ,24,0,3,3,336,49,14,347,90,14.4583,-11,33,-0.458333,90.7143,45.8644,0,0,0,0,0, 
org::eclipse::mylyn::internal::sandbox::ui::views::ActiveSearchView ,11,0,0,2,55,33,5,55,32,5,0,3,0,48.8571,6.88312,0,0,0,0,0, 
org::eclipse::mylyn::internal::bugzilla::ui::search::GetQueryDialog ,3,0,1,1,0,0,0,0,0,0,0,0,0,164,0,0,0,0,0,0, 
org::eclipse::mylyn::internal::wikitext::ui::util::css::CompositeSelector ,2,1,1,1,1,1,0.5,1,1,0.5,0,0,0,7.42857,0.571429,0,0,0,0,0, 
org::eclipse::mylyn::internal::wikitext::ui::util::ImageCache ,2,0,0,1,1,1,0.5,1,1,0.5,0,0,0,24.7143,4.85714,0,0,0,0,0, 
org::eclipse::mylyn::internal::trac::ui::wizard::TracRepositorySettingsPage ,41,0,0,3,532,90,12.9756,439,91,10.7073,93,49,2.26829,140.857,34.3161,1,0,1,0,1, 
org::eclipse::mylyn::internal::monitor::core::collection::InteractionEventSummary ,7,0,1,2,13,5,1.85714,13,4,1.85714,0,4,0,109.857,72.0769,0,0,0,0,0, 
org::eclipse::mylyn::internal::tasks::ui::editors::SingleSelectionAttributeEditor ,19,0,0,4,120,47,6.31579,69,25,3.63158,51,23,2.68421,61.2857,35.3595,1,0,0,0,0, 
org::eclipse::mylyn::internal::wikitext::mediawiki::core::block::ListBlock ,3,0,0,2,33,28,11,27,22,9,6,6,2,32.7143,3.4026,0,0,0,0,0, 
org::eclipse::mylyn::internal::team::ui::FocusedTeamExtensionPointReader ,12,0,1,2,48,12,4,49,14,4.08333,-1,5,-0.0833333,92.4286,38.1756,1,0,0,0,0, 
org::eclipse::mylyn::internal::commons::net::PollingSslProtocolSocketFactory ,3,0,0,2,5,4,1.66667,2,1,0.666667,3,3,1,45.8571,21.6286,0,0,0,0,0, 
org::eclipse::mylyn::internal::bugzilla::ui::wizard::NewBugzillaTaskWizard ,39,0,0,3,319,106,8.17949,338,101,8.66667,-19,22,-0.487179,129.857,84.9664,1,0,0,0,1, 
org::eclipse::mylyn::internal::bugzilla::core::history::BugzillaTaskHistoryParser ,14,0,0,3,289,223,20.6429,277,223,19.7857,12,223,0.857143,109,16.8957,0,0,0,0,0, 
org::eclipse::mylyn::internal::jira::core::wsdl::beans::RemoteWorklog ,4,0,0,2,14,6,3.5,21,17,5.25,-7,4,-1.75,77.7143,40.8265,0,0,0,0,0, 
org::eclipse::mylyn::internal::tasks::ui::PersonProposalLabelProvider ,9,0,0,2,44,33,4.88889,40,33,4.44444,4,33,0.444444,96.5714,9.33117,0,0,0,0,0, 
org::eclipse::mylyn::internal::tasks::ui::TaskSearchPage ,69,2,2,3,776,141,11.2464,397,84,5.75362,379,115,5.49275,133.571,51.8678,1,0,0,0,0, 
org::eclipse::mylyn::internal::trac::wiki::TracWikiPageHistoryPage ,5,0,0,2,12,6,2.4,5,2,1,7,4,1.4,81.8571,41.7381,0,0,0,0,0, 
org::eclipse::mylyn::internal::monitor::usage::preferences::UsageDataPreferencePage ,15,0,0,2,303,248,20.2,303,248,20.2,0,248,0,103.571,3.96558,0,0,0,0,0, 
org::eclipse::mylyn::examples::monitor::study::FeedbackWizard ,18,0,4,2,54,10,3,51,10,2.83333,3,4,0.166667,109.857,36.1534,0,0,0,0,0, 
org::eclipse::mylyn::internal::jira::core::model::JiraStatus ,5,0,0,2,15,7,3,2,1,0.4,13,7,2.6,49.8571,12.0952,0,0,0,0,0, 
org::eclipse::mylyn::internal::wikitext::ui::util::css::Stylesheet ,2,1,1,1,7,7,3.5,2,2,1,5,5,2.5,7.42857,0.571429,0,0,0,0,0, 
org::eclipse::mylyn::internal::wikitext::confluence::core::block::TextBoxBlock ,4,0,0,2,43,20,10.75,40,18,10,3,2,0.75,32.7143,2.75083,0,0,0,0,0, 
org::eclipse::mylyn::internal::bugzilla::ui::search::BugzillaSearchPage ,130,1,3,3,3750,444,28.8462,3010,377,23.1538,740,332,5.69231,164,63.7676,2,1,0,0,0, 
org::eclipse::mylyn::internal::context::ui::actions::OpenPrefsAction ,4,0,0,1,6,4,1.5,6,4,1.5,0,3,0,139.714,91.5714,0,0,0,0,0, 
org::eclipse::mylyn::internal::tasks::ui::actions::SynchronizeEditorAction ,31,0,0,3,200,95,6.45161,203,95,6.54839,-3,95,-0.0967742,103.143,23.7707,1,1,0,0,0, 
org::eclipse::mylyn::internal::java::ui::junit::TaskContextJUnitLaunchConfiguration ,9,0,0,2,23,7,2.55556,18,6,2,5,5,0.555556,92.5714,33.8385,0,0,0,0,0, 
org::eclipse::mylyn::zest::layouts::exampleUses::SimpleSwingExample ,14,2,2,2,1033,476,73.7857,877,466,62.6429,156,85,11.1429,184.857,58.9138,0,0,0,0,0, 
org::eclipse::mylyn::internal::sandbox::ui::planner::InProgressTaskCollector ,5,0,0,2,17,6,3.4,12,6,2.4,5,4,1,46,9.45378,0,0,0,0,0, 
org::eclipse::mylyn::internal::tasks::ui::commands::TaskRepositoryParameterValues ,9,0,0,2,14,4,1.55556,12,3,1.33333,2,3,0.222222,120.571,64.8775,0,0,0,0,0, 
org::eclipse::mylyn::internal::java::ui::search::JUnitReferencesProvider ,6,0,0,2,12,4,2,11,4,1.83333,1,3,0.166667,92.4286,48.3095,0,0,0,0,0, 
org::eclipse::mylyn::context::ui::InterestFilter ,37,0,3,2,157,34,4.24324,184,44,4.97297,-27,9,-0.72973,139.714,47.5505,0,0,0,0,0, 
org::eclipse::mylyn::internal::tasks::ui::editors::CommentGroupStrategy ,4,0,0,1,108,75,27,78,54,19.5,30,21,7.5,21.5714,2.56746,0,0,0,0,0, 
org::eclipse::mylyn::wikitext::core::parser::builder::Messages ,2,0,0,1,1,1,0.5,1,1,0.5,0,0,0,19.8571,2,0,0,0,0,0, 
org::eclipse::mylyn::internal::sandbox::ui::SandboxUiPlugin ,17,0,0,2,194,75,11.4118,65,17,3.82353,129,73,7.58824,92,40.6377,0,0,0,0,0, 
org::eclipse::mylyn::internal::sandbox::ui::planner::ReminderCellEditor ,5,0,0,2,12,7,2.4,7,2,1.4,5,5,1,46,14.8214,0,0,0,0,0, 
org::eclipse::mylyn::internal::java::ui::search::AbstractJavaRelationProvider ,21,0,1,2,101,32,4.80952,90,19,4.28571,11,13,0.52381,92.4286,35.5559,0,0,0,0,0, 
org::eclipse::mylyn::internal::jira::core::wsdl::soap::JirasoapserviceV2SoapBindingStub ,8,0,0,2,11575,5980,1446.87,9074,5451,1134.25,2501,1618,312.625,110.714,30.3292,0,0,0,0,0, 
org::eclipse::mylyn::monitor::core::InteractionEvent ,16,0,1,3,253,110,15.8125,128,55,8,125,98,7.8125,110.429,50.926,0,0,0,0,0, 
org::eclipse::mylyn::internal::tasks::ui::dialogs::UiLegendDialog ,4,0,0,2,7,4,1.75,4,2,1,3,3,0.75,39.5714,18.9388,0,0,0,0,0, 
org::eclipse::mylyn::internal::tasks::ui::TaskTrimWidget ,44,0,1,3,480,208,10.9091,267,31,6.06818,213,180,4.84091,93.1429,10.4277,1,1,0,0,0, 
org::eclipse::mylyn::internal::provisional::commons::ui::AdaptiveRefreshPolicy ,5,0,0,2,34,28,6.8,28,25,5.6,6,3,1.2,45.8571,22.4958,0,0,0,0,0, 
org::eclipse::mylyn::internal::tasks::ui::wizards::NewRepositoryWizard ,21,0,0,3,121,73,5.7619,52,16,2.47619,69,57,3.28571,139.429,85.5714,1,1,0,0,0, 
org::eclipse::mylyn::internal::tasks::ui::views::TaskListInterestSorter ,7,0,0,3,37,24,5.28571,94,72,13.4286,-57,7,-8.14286,43,6.57143,0,0,0,0,0, 
org::xplanner::soap::ProjectData ,6,0,0,2,142,138,23.6667,154,150,25.6667,-12,0,-2,93.7143,38.7133,0,0,0,0,0, 
org::eclipse::mylyn::tasks::ui::TaskRepositoryLocationUiFactory ,5,0,0,3,9,4,1.8,3,1,0.6,6,3,1.2,72.5714,39.5238,0,0,0,0,0, 
org::eclipse::mylyn::zest::layouts::LayoutIterationEvent ,2,0,0,2,1,1,0.5,1,1,0.5,0,0,0,184.857,92.7143,0,0,0,0,0, 
org::eclipse::mylyn::wikitext::mediawiki::core::MediaWikiLanguage ,12,2,0,2,265,90,22.0833,254,137,21.1667,11,54,0.916667,32.7143,16.393,0,0,0,0,0, 
org::eclipse::mylyn::jira::tests::util::MockJiraClientFactory ,3,0,0,2,5,4,1.66667,2,1,0.666667,3,3,1,38.1429,11.6,0,0,0,0,0, 
org::eclipse::mylyn::internal::wikitext::ui::util::css::Block ,1,0,1,1,0,0,0,0,0,0,0,0,0,7.42857,0,0,0,0,0,0, 
org::eclipse::mylyn::internal::provisional::commons::soap::AxisHttpFault ,1,0,0,1,0,0,0,0,0,0,0,0,0,13.5714,0,0,0,0,0,0, 
org::eclipse::mylyn::zest::tests::swt::GraphSnippet3 ,1,0,0,1,0,0,0,0,0,0,0,0,0,80.8571,0,0,0,0,0,0, 
org::eclipse::mylyn::internal::tasks::ui::actions::CopyCommentDetailsAction ,2,0,0,1,3,3,1.5,3,3,1.5,0,0,0,6.85714,0.142857,0,0,0,0,0, 
org::eclipse::mylyn::internal::trac::core::client::TracClientData ,4,0,0,2,6,4,1.5,3,1,0.75,3,3,0.75,39.5714,15.9524,0,0,0,0,0, 
org::eclipse::mylyn::internal::context::ui::editors::ContextPageFactory ,9,0,0,2,16,4,1.77778,14,4,1.55556,2,3,0.222222,46.1429,14.7054,0,0,0,0,0, 
org::eclipse::mylyn::internal::jira::ui::editor::WorkLogPart ,2,0,0,1,5,5,2.5,5,5,2.5,0,0,0,15.7143,2.14286,2,2,0,0,0, 
org::eclipse::mylyn::internal::bugzilla::core::BugzillaException ,2,0,1,2,0,0,0,0,0,0,0,0,0,164,0,0,0,0,0,0, 
org::eclipse::mylyn::internal::tasks::core::TaskTask ,5,0,0,2,12,6,2.4,3,1,0.6,9,6,1.8,45,12.9524,0,0,0,0,0, 
org::eclipse::mylyn::internal::pde::ui::XmlJavaRelationProvider ,28,1,1,2,203,43,7.25,184,43,6.57143,19,13,0.678571,92.4286,44.696,0,0,0,0,0, 
org::eclipse::mylyn::internal::context::ui::ActiveViewSelectionDragAdapter ,7,0,0,2,13,4,1.85714,11,5,1.57143,2,3,0.285714,139.143,58.1099,0,0,0,0,0, 
org::eclipse::mylyn::internal::java::ui::actions::ShowFilteredChildrenAction ,4,0,0,1,13,7,3.25,10,9,2.5,3,3,0.75,71.8571,18.4725,0,0,0,0,0, 
org::eclipse::mylyn::internal::context::ui::ContextUiPlugin ,36,1,1,3,181,32,5.02778,315,62,8.75,-134,13,-3.72222,48.8571,11.4396,0,0,0,0,0, 
org::eclipse::mylyn::internal::wikitext::ui::editor::assist::AnchorCompletionProcessor ,3,1,0,1,2,1,0.666667,10,9,3.33333,-8,0,-2.66667,9.85714,0.714286,0,0,0,0,0, 
org::eclipse::mylyn::internal::jira::core::wsdl::beans::RemoteStatus ,9,0,0,2,98,70,10.8889,108,80,12,-10,7,-1.11111,110.714,28.2668,0,0,0,0,0, 
org::eclipse::mylyn::internal::ide::ui::actions::FocusResourceNavigatorAction ,16,1,0,2,198,51,12.375,79,45,4.9375,119,51,7.4375,114.429,89.9242,0,0,0,0,0, 
org::eclipse::mylyn::internal::tasks::ui::views::WorkweekProgressBar ,13,2,0,2,40,12,3.07692,41,10,3.15385,-1,5,-0.0769231,110.571,46.3143,0,0,0,0,0, 
org::eclipse::mylyn::wikitext::core::parser::util::MatcherAdaper ,6,1,0,2,6,2,1,5,2,0.833333,1,1,0.166667,32.7143,12.4048,0,0,0,0,0, 
org::eclipse::mylyn::tasks::core::data::TaskAttributeMetaData ,10,0,0,2,50,26,5,25,12,2.5,25,26,2.5,42.4286,2.71143,0,0,0,0,0, 
org::eclipse::mylyn::internal::context::core::AbstractRelationProvider ,6,0,0,2,17,7,2.83333,43,32,7.16667,-26,3,-4.33333,44,14.4874,0,0,0,0,0, 
org::eclipse::mylyn::internal::wikitext::core::parser::builder::NoSplittingStrategy ,2,0,0,2,1,1,0.5,1,1,0.5,0,0,0,32.7143,10,0,0,0,0,0, 
org::eclipse::mylyn::wikitext::core::parser::markup::AbstractMarkupLanguage ,2,0,0,1,21,21,10.5,51,51,25.5,-30,0,-15,6,0,0,0,0,0,0, 
org::eclipse::mylyn::internal::wikitext::ui::util::css::editor::CssBlockScanner ,1,0,0,1,0,0,0,0,0,0,0,0,0,6.42857,0,0,0,0,0,0, 
org::eclipse::mylyn::internal::sandbox::ui::editors::ExtensibleBugzillaTaskEditorPage ,10,0,0,2,258,199,25.8,57,25,5.7,201,199,20.1,39.7143,6.94352,0,0,0,0,0, 
org::eclipse::mylyn::internal::java::ui::actions::FocusDebugViewAction ,8,0,0,1,56,43,7,56,43,7,0,43,0,119,11.3163,0,0,0,0,0, 
org::eclipse::mylyn::internal::jira::core::wsdl::beans::AbstractRemoteEntity ,9,0,0,2,123,96,13.6667,131,104,14.5556,-8,7,-0.888889,110.714,26.7224,0,0,0,0,0, 
org::eclipse::mylyn::internal::bugzilla::ui::actions::AbstractOfflineReportsAction ,3,0,1,1,0,0,0,0,0,0,0,0,0,164,0,0,0,0,0,0, 
org::eclipse::mylyn::internal::monitor::usage::wizards::UsageSummaryEditorWizardPage ,15,0,1,2,47,9,3.13333,36,8,2.4,11,5,0.733333,109.857,21.9909,0,0,0,0,0, 
org::eclipse::mylyn::tasks::ui::editors::TaskEditorInput ,32,0,1,3,258,99,8.0625,219,98,6.84375,39,49,1.21875,118.714,61.3272,0,0,0,0,0, 
org::eclipse::mylyn::internal::commons::soap::SoapRequest ,1,0,0,1,0,0,0,0,0,0,0,0,0,13.5714,0,0,0,0,0,0, 
org::eclipse::mylyn::internal::jira::core::model::filter::PriorityFilter ,6,0,0,1,10,5,1.66667,9,4,1.5,1,4,0.166667,110.714,58.4571,0,0,0,0,0, 
org::eclipse::mylyn::commons::net::WebUtil ,2,0,0,1,0,0,0,0,0,0,0,0,0,45.8571,0,0,0,0,0,0, 
org::xplanner::soap::PersonData ,6,0,0,2,236,232,39.3333,262,258,43.6667,-26,0,-4.33333,93.7143,38.9413,0,0,0,0,0, 
org::eclipse::mylyn::internal::wikitext::core::WikiTextPlugin ,2,1,0,1,1,1,0.5,1,1,0.5,0,0,0,9.57143,0.857143,0,0,0,0,0, 
org::eclipse::mylyn::internal::wikitext::core::parser::builder::SplittingHtmlDocumentBuilder ,8,0,0,2,117,45,14.625,92,48,11.5,25,20,3.125,32.7143,7.11722,0,0,0,0,0, 
org::eclipse::mylyn::internal::sandbox::ui::actions::ShowQualifiedNamesAction ,5,0,0,2,7,4,1.4,3,1,0.6,4,3,0.8,48.8571,18.6122,0,0,0,0,0, 
org::eclipse::mylyn::monitor::ui::AbstractEditorTracker ,5,0,0,2,9,4,1.8,9,5,1.8,0,3,0,90.7143,37.873,0,0,0,0,0, 
org::eclipse::mylyn::internal::wikitext::textile::core::block::CodeBlock ,3,0,0,2,12,10,4,10,8,3.33333,2,2,0.666667,32.7143,3.57143,0,0,0,0,0, 
org::eclipse::mylyn::internal::team::ui::ContextChangeSetDecorator ,15,1,0,2,24,4,1.6,28,4,1.86667,-4,3,-0.266667,139.143,70.7798,0,0,0,0,0, 
org::eclipse::mylyn::internal::xplanner::ui::wizard::XPlannerQueryWizardUtils ,1,0,0,1,0,0,0,0,0,0,0,0,0,6.42857,0,1,1,0,0,0, 
org::eclipse::mylyn::zest::layouts::exampleStructures::SimpleGraph ,3,0,0,3,5,4,1.66667,5,4,1.66667,0,0,0,184.857,76.0286,0,0,0,0,0, 
org::eclipse::mylyn::internal::jira::core::JiraCorePlugin ,27,0,0,4,175,41,6.48148,182,53,6.74074,-7,16,-0.259259,110.714,28.2759,0,0,0,0,0, 
org::eclipse::mylyn::tasks::tests::connector::MockRepositoryQuery ,12,0,0,3,30,8,2.5,22,5,1.83333,8,8,0.666667,139.143,59.2429,0,0,0,0,0, 
org::eclipse::mylyn::internal::monitor::usage::MonitorPreferenceConstants ,6,0,0,2,18,11,3,18,11,3,0,3,0,95,22.1349,0,0,0,0,0, 
org::eclipse::mylyn::internal::bugzilla::core::RepositoryConfigurationFactory ,18,0,0,2,69,16,3.83333,153,31,8.5,-84,6,-4.66667,148.571,17.2961,0,0,0,0,0, 
org::eclipse::mylyn::wikitext::core::parser::MarkupParser ,6,1,0,2,19,12,3.16667,16,10,2.66667,3,2,0.5,32.7143,8.6015,0,0,0,0,0, 
org::eclipse::mylyn::internal::java::ui::search::JavaWriteAccessProvider ,4,0,0,2,7,4,1.75,7,4,1.75,0,3,0,92.4286,60.1428,0,0,0,0,0, 
org::eclipse::mylyn::internal::bugzilla::ui::tasklist::BugzillaRepositorySettingsPage ,102,0,3,3,1624,201,15.9216,1228,161,12.0392,396,125,3.88235,161.857,53.5477,0,0,0,0,0, 
org::eclipse::mylyn::bugzilla::deprecated::BugzillaAttributeFactory ,3,0,0,3,4,4,1.33333,1,1,0.333333,3,3,1,39.5714,13,0,0,0,0,0, 
org::eclipse::mylyn::zest::layouts::exampleStructures::SimpleNode ,7,0,1,3,60,31,8.57143,23,15,3.28571,37,16,5.28571,184.857,51.0619,0,0,0,0,0, 
org::eclipse::mylyn::tasks::core::data::TaskAttachmentModel ,5,0,1,2,48,39,9.6,11,5,2.2,37,34,7.4,45.7143,2.52381,0,0,0,0,0, 
org::eclipse::mylyn::internal::tasks::core::Person ,6,0,0,3,23,16,3.83333,8,2,1.33333,15,14,2.5,79,14.2981,0,0,0,0,0, 
org::eclipse::mylyn::internal::pde::ui::PdeUiBridgePlugin ,19,0,0,2,126,34,6.63158,86,34,4.52632,40,18,2.10526,92.4286,44.3742,0,0,0,0,0, 
org::eclipse::mylyn::internal::context::core::DegreeOfSeparation ,6,0,0,2,9,4,1.5,11,4,1.83333,-2,2,-0.333333,139.714,85.2381,0,0,0,0,0, 
org::eclipse::mylyn::internal::tasks::ui::actions::ShowTaskRepositoriesViewAction ,7,0,0,2,41,33,5.85714,38,33,5.42857,3,33,0.428571,103.571,11.5401,0,0,0,0,0, 
org::eclipse::mylyn::internal::jira::ui::wizards::NewJiraTaskWizard ,45,1,0,4,206,54,4.57778,200,42,4.44444,6,39,0.133333,143.429,63.2892,0,0,0,0,0, 
org::eclipse::mylyn::internal::jira::core::model::filter::FilterDefinition ,9,1,0,2,17,6,1.88889,51,41,5.66667,-34,4,-3.77778,110.714,64.3193,0,0,0,0,0, 
org::eclipse::mylyn::internal::web::ui::WebPage ,6,0,0,2,10,4,1.66667,12,5,2,-2,3,-0.333333,92.4286,39.4143,0,0,0,0,0, 
org::eclipse::mylyn::internal::tasks::bugs::PluginRepositoryMapping ,5,0,0,2,18,8,3.6,12,5,2.4,6,3,1.2,47.5714,23.1429,0,0,0,0,0, 
org::eclipse::mylyn::internal::web::tasks::WebTaskEditorPageFactory ,5,0,0,2,8,4,1.6,5,2,1,3,3,0.6,40.1429,10.8036,0,0,0,0,0, 
org::eclipse::mylyn::ide::ui::AbstractMarkerInterestFilter ,5,0,0,2,46,38,9.2,40,38,8,6,38,1.2,43,4.6646,0,0,0,0,0, 
org::eclipse::mylyn::internal::wikitext::tasks::ui::editor::TextileMarkupTaskEditorExtension ,2,0,0,1,2,2,1,2,2,1,0,0,0,14.7143,7.57143,0,0,0,0,0, 
org::eclipse::mylyn::internal::jira::ui::editor::Messages ,1,0,0,1,0,0,0,0,0,0,0,0,0,13.5714,0,0,0,0,0,0, 
org::eclipse::mylyn::internal::tasks::core::RepositoryTemplateManager ,3,0,0,2,5,4,1.66667,2,1,0.666667,3,3,1,49,25.9429,0,0,0,0,0, 
org::eclipse::mylyn::internal::monitor::core::collection::Messages ,1,0,0,1,0,0,0,0,0,0,0,0,0,19.1429,0,0,0,0,0,0, 
org::eclipse::mylyn::internal::team::ui::AbstractCommitWorkflowProvider ,6,0,0,2,23,10,3.83333,21,14,3.5,2,3,0.333333,92.4286,32.7391,0,0,0,0,0, 
org::eclipse::mylyn::internal::sandbox::ui::SharedDataDirectoryManager ,11,0,1,2,26,9,2.36364,32,15,2.90909,-6,3,-0.545455,92,24.0934,0,0,0,0,0, 
org::eclipse::mylyn::internal::tasks::ui::deprecated::AbstractRepositoryTaskEditorInput ,5,0,0,2,7,4,1.4,11,9,2.2,-4,3,-0.8,45.2857,12.7551,0,0,0,0,0, 
org::eclipse::mylyn::internal::tasks::core::DayDateRange ,7,0,0,2,108,84,15.4286,102,84,14.5714,6,84,0.857143,23.5714,1.58333,0,0,0,0,0, 
org::eclipse::mylyn::internal::sandbox::ui::SandboxUiPreferencePage ,19,1,0,2,213,67,11.2105,134,25,7.05263,79,42,4.15789,92,20.1932,1,1,0,0,0, 
org::eclipse::mylyn::internal::tasks::ui::properties::ProjectTaskRepositoryPage ,14,0,0,2,41,11,2.92857,44,22,3.14286,-3,6,-0.214286,90.4286,38.5261,0,0,0,0,0, 
org::eclipse::mylyn::internal::tasks::bugs::Messages ,3,0,0,1,41,41,13.6667,41,41,13.6667,0,41,0,14.7143,0.714286,0,0,0,0,0, 
org::eclipse::mylyn::tasklist::tests::People ,2,1,1,2,0,0,0,0,0,0,0,0,0,190.571,0,0,0,0,0,0, 
org::eclipse::mylyn::internal::hypertext::ui::editors::WebElementsEditorInput ,6,0,1,1,4,2,0.666667,4,2,0.666667,0,0,0,164,1.07143,0,0,0,0,0, 
org::eclipse::mylyn::commons::net::HtmlStreamTokenizer ,2,0,0,1,0,0,0,0,0,0,0,0,0,45.8571,0,0,0,0,0,0, 
org::eclipse::mylyn::zest::tests::swt::PaintSnippet ,1,0,0,1,0,0,0,0,0,0,0,0,0,80.8571,0,0,0,0,0,0, 
org::eclipse::mylyn::internal::trac::core::util::Messages ,2,1,0,1,10,10,5,11,11,5.5,-1,0,-0.5,14.8571,5.42857,0,0,0,0,0, 
org::eclipse::mylyn::internal::trac::core::model::TracSearchFilter ,10,0,0,2,27,10,2.7,27,10,2.7,0,3,0,133,91.746,0,0,0,0,0, 
org::eclipse::mylyn::internal::wikitext::ui::editor::assist::MultiplexingContentAssistProcessor ,4,1,0,2,17,15,4.25,23,19,5.75,-6,0,-1.5,32.7143,1.71429,0,0,0,0,0, 
org::eclipse::mylyn::internal::tasks::ui::wizards::MultiRepositoryAwareWizard ,15,0,0,3,26,5,1.73333,27,4,1.8,-1,4,-0.0666667,139.571,53.3022,0,0,0,0,0, 
org::eclipse::mylyn::internal::tasks::ui::views::TableDecoratingLabelProvider ,21,0,0,3,66,8,3.14286,66,7,3.14286,0,3,0,139.571,70.6104,0,0,0,0,0, 
org::eclipse::mylyn::wikitext::textile::core::Main ,3,0,0,1,3,2,1,5,4,1.66667,-2,0,-0.666667,32.7143,1.71429,0,0,0,0,0, 
org::eclipse::mylyn::internal::trac::core::client::TracException ,4,0,0,2,6,4,1.5,3,1,0.75,3,3,0.75,39.5714,15.9524,0,0,0,0,0, 
org::eclipse::mylyn::internal::context::ui::editors::Messages ,5,1,0,2,19,10,3.8,1,1,0.2,18,9,3.6,14.8571,5.41353,0,0,0,0,0, 
org::eclipse::mylyn::internal::wikitext::confluence::core::block::QuoteBlock ,3,0,0,2,6,5,2,6,5,2,0,0,0,32.7143,3.57143,0,0,0,0,0, 
org::eclipse::mylyn::internal::tasks::ui::actions::GoUpAction ,9,0,0,2,24,8,2.66667,20,4,2.22222,4,7,0.444444,139.571,86.3155,0,0,0,0,0, 
org::eclipse::mylyn::internal::jira::core::model::filter::IssueTypeFilter ,6,0,0,1,10,5,1.66667,9,4,1.5,1,4,0.166667,110.714,58.4571,0,0,0,0,0, 
org::eclipse::mylyn::internal::trac::core::model::TracPriority ,7,0,0,2,9,4,1.28571,6,1,0.857143,3,3,0.428571,133,87.1746,0,0,0,0,0, 
org::eclipse::mylyn::internal::tasks::ui::actions::OpenTaskAction ,22,0,0,3,41,5,1.86364,69,19,3.13636,-28,3,-1.27273,136.571,58.8537,0,0,0,0,0, 
org::eclipse::mylyn::internal::provisional::commons::ui::ScreenshotCreationPage ,8,0,1,2,38,19,4.75,27,18,3.375,11,5,1.375,45.8571,21.9812,3,3,0,0,0, 
org::eclipse::mylyn::internal::provisional::commons::ui::SubstringPatternFilter ,3,0,0,2,7,5,2.33333,3,2,1,4,4,1.33333,43.5714,20.3469,0,0,0,0,0, 
org::eclipse::mylyn::internal::context::core::SaxContextWriter ,25,0,3,2,370,202,14.8,340,202,13.6,30,202,1.2,109.857,26.6598,1,1,0,0,0, 
org::eclipse::mylyn::internal::bugzilla::ui::search::SaveQueryDialog ,3,0,1,1,0,0,0,0,0,0,0,0,0,164,0,0,0,0,0,0, 
org::eclipse::mylyn::internal::context::ui::views::QuickOutlinePatternAndInterestFilter ,8,0,0,2,95,84,11.875,94,84,11.75,1,84,0.125,103.571,6.21504,0,0,0,0,0, 
org::eclipse::mylyn::internal::wikitext::tracwiki::core::token::RevisionLogReplacementToken ,1,0,0,1,0,0,0,0,0,0,0,0,0,7.14286,0,0,0,0,0,0, 
org::eclipse::mylyn::internal::ide::ant::AntUiBridgePlugin ,10,0,0,2,53,27,5.3,29,13,2.9,24,14,2.4,92.4286,38.9946,0,0,0,0,0, 
org::eclipse::mylyn::internal::tasks::ui::TaskListModifyOperation ,5,0,1,3,15,9,3,5,2,1,10,7,2,45.8571,7.92381,0,0,0,0,0, 
org::eclipse::mylyn::internal::tasks::ui::deprecated::AbstractNewRepositoryTaskEditor ,11,0,1,3,26,5,2.36364,26,7,2.36364,0,4,0,45.2857,4.64286,0,0,0,0,0, 
org::eclipse::mylyn::internal::wikitext::confluence::core::block::TableOfContentsBlock ,4,0,0,2,18,11,4.5,18,12,4.5,0,1,0,32.7143,5.6746,0,0,0,0,0, 
org::eclipse::mylyn::internal::jira::core::service::JiraRedirectException ,1,0,0,1,0,0,0,0,0,0,0,0,0,13.7143,0,0,0,0,0,0, 
org::eclipse::mylyn::internal::java::ui::ActiveFoldingEditorTracker ,6,0,0,2,12,5,2,9,4,1.5,3,4,0.5,92.4286,40.6429,0,0,0,0,0, 
org::eclipse::mylyn::internal::tasks::ui::editors::TaskEditorRichTextPart ,26,0,0,2,421,81,16.1923,239,81,9.19231,182,81,7,57.2857,23.6295,4,4,0,0,0, 
org::eclipse::mylyn::internal::web::ui::WebNavigatorLabelProvider ,7,0,0,2,12,4,1.71429,25,13,3.57143,-13,0,-1.85714,93.7143,31.131,0,0,0,0,0, 
org::eclipse::mylyn::internal::tasks::bugs::DefaultTaskContributor ,11,0,0,2,209,74,19,95,21,8.63636,114,55,10.3636,47.5714,12.9016,1,0,0,0,1, 
org::eclipse::mylyn::internal::ide::ui::actions::FocusTaskMarkersViewAction ,16,0,1,2,88,32,5.5,131,52,8.1875,-43,5,-2.6875,94.2857,31.0812,0,0,0,0,0, 
org::eclipse::mylyn::internal::jira::core::wsdl::beans::RemoteAttachment ,4,0,0,2,14,6,3.5,21,17,5.25,-7,4,-1.75,77.7143,40.8265,0,0,0,0,0, 
org::eclipse::mylyn::internal::commons::net::CommonsNetPlugin ,2,0,0,1,0,0,0,0,0,0,0,0,0,45.8571,0,0,0,0,0,0, 
org::eclipse::mylyn::internal::jira::core::model::filter::ProjectFilter ,8,0,0,2,32,10,4,22,7,2.75,10,8,1.25,110.714,81.2679,0,0,0,0,0, 
org::eclipse::mylyn::internal::tasks::ui::editors::TaskSpellingReconcileStrategy ,16,0,0,3,37,9,2.3125,29,11,1.8125,8,4,0.5,133.571,64.4131,0,0,0,0,0, 
org::eclipse::mylyn::internal::tasks::ui::actions::NextTaskDropDownAction ,2,0,0,2,0,0,0,0,0,0,0,0,0,139.571,0,0,0,0,0,0, 
org::eclipse::mylyn::internal::team::ui::FocusedTeamUiPlugin ,16,0,1,2,57,15,3.5625,42,7,2.625,15,11,0.9375,92.4286,45.3183,2,2,0,0,0, 
org::eclipse::mylyn::internal::monitor::ui::MenuCommandMonitor ,12,0,0,2,29,8,2.41667,34,11,2.83333,-5,6,-0.416667,90.7143,45.3251,0,0,0,0,0, 
org::eclipse::mylyn::internal::tasks::core::data::TaskDataStore ,13,0,0,2,77,21,5.92308,31,11,2.38462,46,19,3.53846,46.5714,5.3859,0,0,0,0,0, 
org::eclipse::mylyn::internal::sandbox::ui::planner::OpenTaskEditorAction ,5,0,0,2,10,5,2,10,5,2,0,3,0,46,14.0143,0,0,0,0,0, 
org::eclipse::mylyn::internal::tasks::ui::actions::OpenTaskListElementAction ,23,0,0,3,87,11,3.78261,61,5,2.65217,26,8,1.13043,139.571,69.3202,0,0,0,0,0, 
org::eclipse::mylyn::internal::tasks::ui::MoveToCategoryMenuContributor ,38,0,0,3,196,36,5.15789,139,17,3.65789,57,28,1.5,139.571,48.4912,0,0,0,0,0, 
org::eclipse::mylyn::internal::tasks::ui::editors::AbstractHyperlinkTextPresentationManager ,3,0,0,1,5,4,1.66667,3,2,1,2,2,0.666667,22.5714,0.742857,0,0,0,0,0, 
org::eclipse::mylyn::resources::ui::FocusCommonNavigatorAction ,8,0,0,2,121,71,15.125,15,6,1.875,106,68,13.25,43.5714,39.0697,0,0,0,0,0, 
org::eclipse::mylyn::internal::wikitext::core::parser::builder::SplitOutlineItem ,5,1,0,2,15,13,3,14,11,2.8,1,2,0.2,32.7143,3.94286,0,0,0,0,0, 
org::eclipse::mylyn::internal::monitor::usage::wizards::UsageSubmissionWizard ,23,0,2,3,376,92,16.3478,260,67,11.3043,116,83,5.04348,109.857,20.6527,0,0,0,0,0, 
org::eclipse::mylyn::internal::tasks::ui::search::SearchResultsLabelProvider ,7,0,0,2,42,25,6,11,3,1.57143,31,22,4.42857,60.8571,22.5714,1,1,0,0,0, 
org::eclipse::mylyn::internal::tasks::ui::deprecated::NewTaskEditorInput ,4,0,0,2,5,4,1.25,7,6,1.75,-2,3,-0.5,45.2857,16.2571,0,0,0,0,0, 
org::eclipse::mylyn::internal::wikitext::mediawiki::core::token::ImageReplacementToken ,3,0,0,2,14,10,4.66667,14,10,4.66667,0,0,0,32.7143,9.67347,1,0,0,0,0, 
org::eclipse::mylyn::internal::bugzilla::ui::search::BugzillaSearchHit ,3,0,0,2,0,0,0,0,0,0,0,0,0,148.571,0,0,0,0,0,0, 
org::eclipse::mylyn::bugzilla::deprecated::NewBugzillaTaskEditor ,3,0,0,3,5,5,1.66667,1,1,0.333333,4,4,1.33333,39.5714,13,0,0,0,0,0, 
org::eclipse::mylyn::zest::tests::swt::GraphSnippet2 ,1,0,0,1,0,0,0,0,0,0,0,0,0,80.8571,0,0,0,0,0,0, 
org::eclipse::mylyn::internal::jira::core::JiraRepositoryConnector ,20,0,0,3,261,149,13.05,180,63,9,81,89,4.05,120.857,7.02682,0,0,0,0,0, 
org::eclipse::mylyn::internal::sandbox::misc::PassiveTimer ,2,0,2,1,0,0,0,0,0,0,0,0,0,164,0,0,0,0,0,0, 
org::eclipse::mylyn::internal::wikitext::ui::editor::syntax::Block ,5,1,0,2,24,12,4.8,24,12,4.8,0,2,0,32.7143,7.60119,0,0,0,0,0, 
org::eclipse::mylyn::tasks::core::data::TaskAttachmentPartSource ,2,0,0,1,2,2,1,2,2,1,0,0,0,19.4286,5.14286,0,0,0,0,0, 
org::eclipse::mylyn::zest::core::viewers::internal::GraphModelEntityRelationshipFactory ,3,0,1,1,17,9,5.66667,16,8,5.33333,1,1,0.333333,103.714,5.52101,0,0,0,0,0, 
org::eclipse::mylyn::internal::wikitext::core::util::Messages ,2,0,0,1,1,1,0.5,1,1,0.5,0,0,0,19.8571,2,0,0,0,0,0, 
org::eclipse::mylyn::internal::bugzilla::core::history::StatusEvent ,11,0,0,3,52,36,4.72727,49,36,4.45455,3,36,0.272727,109,17.3269,0,0,0,0,0, 
org::eclipse::mylyn::tasks::core::data::TaskOperation ,13,0,0,2,146,67,11.2308,53,20,4.07692,93,47,7.15385,47.1429,5.21037,0,0,0,0,0, 
org::eclipse::mylyn::internal::sandbox::ui::highlighters::Highlighter ,3,0,0,2,5,4,1.66667,2,1,0.666667,3,3,1,43.5714,20.5143,0,0,0,0,0, 
org::eclipse::mylyn::internal::bugzilla::core::Messages ,5,1,0,2,18,18,3.6,14,8,2.8,4,18,0.8,13.1429,0.142857,0,0,0,0,0, 
org::eclipse::mylyn::internal::xplanner::core::XPlannerCorePlugin ,1,0,0,1,0,0,0,0,0,0,0,0,0,6.42857,0,1,1,0,0,0, 
org::eclipse::mylyn::internal::ide::ant::AntUiBridge ,12,1,1,2,54,12,4.5,57,14,4.75,-3,2,-0.25,92.4286,38.1481,0,0,0,0,0, 
org::eclipse::mylyn::internal::wikitext::ui::util::css::editor::CssPartitioner ,1,0,0,1,0,0,0,0,0,0,0,0,0,6.42857,0,0,0,0,0,0, 
org::eclipse::mylyn::internal::sandbox::ui::editors::ExtensibleTaskEditorNewCommentPart ,9,0,0,2,38,18,4.22222,57,41,6.33333,-19,17,-2.11111,37.5714,5.47368,0,0,0,0,0, 
org::eclipse::mylyn::internal::bugzilla::ui::BugzillaTaskHyperlinkDetector ,21,0,1,2,173,69,8.2381,172,90,8.19048,1,69,0.047619,154.143,50.9711,0,0,0,0,0, 
org::eclipse::mylyn::internal::wikitext::core::validation::ValidationRules ,5,1,0,2,11,5,2.2,7,4,1.4,4,5,0.8,32.7143,13.026,0,0,0,0,0, 
org::eclipse::mylyn::internal::bugzilla::ui::search::BugzillaStateSearchSorter ,7,0,0,2,15,6,2.14286,17,8,2.42857,-2,3,-0.285714,148.571,82.3333,0,0,0,0,0, 
org::eclipse::mylyn::internal::java::ui::editor::FocusedJavaAllProposalComputer ,1,0,0,1,0,0,0,0,0,0,0,0,0,1.71429,0,0,0,0,0,0, 
org::eclipse::mylyn::wikitext::core::parser::builder::NoOpDocumentBuilder ,1,0,0,1,0,0,0,0,0,0,0,0,0,5.85714,0,0,0,0,0,0, 
org::eclipse::mylyn::internal::wikitext::tasks::ui::editor::TracWikiMarkupTaskEditorExtension ,3,0,0,1,90,84,30,5,4,1.66667,85,83,28.3333,14.7143,10.9048,0,0,0,0,0, 
org::eclipse::mylyn::internal::tasks::ui::commands::GoToUnreadTaskHandler ,8,0,0,2,16,4,2,14,3,1.75,2,3,0.25,44,14.5357,0,0,0,0,0, 
org::eclipse::mylyn::internal::jira::core::service::web::rss::JiraRssHandler ,11,0,0,2,57,16,5.18182,46,16,4.18182,11,6,1,54,24.6892,1,0,0,0,0, 
org::eclipse::mylyn::internal::wikitext::ui::viewer::CssStyleManager ,17,3,2,2,860,302,50.5882,677,192,39.8235,183,192,10.7647,32.7143,14.251,0,0,0,0,0, 
org::eclipse::mylyn::wikitext::core::parser::util::MarkupToDocbook ,7,1,0,2,9,3,1.28571,7,4,1,2,2,0.285714,32.7143,15.3333,0,0,0,0,0, 
org::eclipse::mylyn::internal::tasks::core::RepositoryTaskHandleUtil ,12,0,0,2,28,10,2.33333,26,4,2.16667,2,6,0.166667,109.429,39.1327,0,0,0,0,0, 
org::eclipse::mylyn::internal::tasks::ui::util::TaskActivityTimer ,3,0,0,2,2,2,0.666667,2,2,0.666667,0,0,0,139.571,2.85714,0,0,0,0,0, 
org::eclipse::mylyn::internal::tasks::bugs::actions::Messages ,3,0,0,1,47,47,15.6667,47,47,15.6667,0,47,0,14.7143,0.714286,0,0,0,0,0, 
org::eclipse::mylyn::internal::tasks::ui::commands::AddTaskRepositoryHandler ,16,0,0,3,82,47,5.125,71,44,4.4375,11,40,0.6875,120.571,51.0174,0,0,0,0,0, 
org::eclipse::mylyn::tasks::core::AbstractRepositoryConnector ,116,5,5,3,1274,89,10.9828,1155,340,9.9569,119,70,1.02586,133.571,55.4298,0,0,0,0,0, 
org::eclipse::mylyn::internal::wikitext::twiki::core::block::ParagraphBlock ,2,0,0,1,1,1,0.5,1,1,0.5,0,0,0,23.8571,9.14286,0,0,0,0,0, 
org::eclipse::mylyn::internal::trac::ui::editor::TracPeoplePart ,5,0,0,2,10,4,2,7,4,1.4,3,3,0.6,39.5714,19.4571,0,0,0,0,0, 
org::eclipse::mylyn::internal::monitor::core::collection::PercentUsageComparator ,5,0,1,2,9,5,1.8,8,5,1.6,1,4,0.2,109.857,63.8095,0,0,0,0,0, 
org::eclipse::mylyn::internal::wikitext::ui::editor::syntax::MarkupDocumentProvider ,8,1,0,2,120,70,15,56,34,7,64,36,8,32.7143,7.68214,0,0,0,0,0, 
org::eclipse::mylyn::wikitext::core::util::ServiceLocator ,8,1,0,2,62,23,7.75,27,11,3.375,35,15,4.375,32.7143,11.8018,0,0,0,0,0, 
org::eclipse::mylyn::internal::monitor::ui::BrowserMonitor ,11,0,0,2,25,7,2.27273,21,5,1.90909,4,3,0.363636,90.7143,43.76,1,1,0,0,0, 
org::eclipse::mylyn::zest::core::widgets::internal::AspectRatioFreeformLayer ,3,2,0,1,10,6,3.33333,1,1,0.333333,9,5,3,83.7143,1.68571,0,0,0,0,0, 
org::eclipse::mylyn::internal::java::ui::actions::FocusPackageExplorerAction ,17,0,0,2,194,97,11.4118,174,97,10.2353,20,97,1.17647,119,24.3859,0,0,0,0,0, 
org::eclipse::mylyn::bugzilla::deprecated::BugzillaTaskEditorInput ,4,0,0,3,17,11,4.25,19,15,4.75,-2,2,-0.5,39.5714,4.58824,0,0,0,0,0, 
org::eclipse::mylyn::internal::jira::core::model::User ,8,0,0,2,12,4,1.5,17,6,2.125,-5,2,-0.625,110.714,50.8809,0,0,0,0,0, 
org::eclipse::mylyn::internal::wikitext::twiki::core::phrase::SimplePhraseModifier ,1,0,0,1,0,0,0,0,0,0,0,0,0,23.8571,0,0,0,0,0,0, 
org::eclipse::mylyn::internal::tasks::ui::TasksUiPlugin ,117,4,3,3,1036,104,8.8547,1055,255,9.01709,-19,64,-0.162393,48.5714,11.1958,1,1,0,0,0, 
org::eclipse::mylyn::internal::commons::ui::CompositeSyncImageDescriptor ,2,0,0,1,4,4,2,1,1,0.5,3,3,1.5,45.8571,19.2857,0,0,0,0,0, 
org::eclipse::mylyn::internal::wikitext::ui::editor::commands::Messages ,2,0,0,1,1,1,0.5,1,1,0.5,0,0,0,19.8571,2,1,0,0,0,0, 
org::eclipse::mylyn::internal::xplanner::core::service::XPlannerClient ,1,0,0,1,0,0,0,0,0,0,0,0,0,6.42857,0,0,0,0,0,0, 
org::eclipse::mylyn::internal::tasks::ui::wizards::NewWebTaskPage ,12,0,0,2,23,5,1.91667,18,5,1.5,5,4,0.416667,137.714,95.7143,0,0,0,0,0, 
org::eclipse::mylyn::internal::tasks::bugs::wizards::ErrorLogStatus ,7,0,0,2,66,56,9.42857,60,56,8.57143,6,56,0.857143,40.8571,2.84416,0,0,0,0,0, 
org::eclipse::mylyn::internal::ide::ui::MarkerInterestFilter ,30,1,0,2,164,37,5.46667,180,31,6,-16,18,-0.533333,154.714,108.163,0,0,0,0,0, 
org::eclipse::mylyn::internal::tasks::ui::actions::PresentationDropDownSelectionAction ,19,1,0,3,201,106,10.5789,163,106,8.57895,38,106,2,104,22.462,0,0,0,0,0, 
org::eclipse::mylyn::internal::wikitext::mediawiki::core::token::HyperlinkExternalReplacementToken ,3,0,0,2,2,1,0.666667,2,1,0.666667,0,0,0,32.7143,7.28571,0,0,0,0,0, 
org::eclipse::mylyn::internal::ide::ui::XmlNodeHelper ,9,2,0,2,263,237,29.2222,261,237,29,2,237,0.222222,43.7143,4.70994,0,0,0,0,0, 
org::eclipse::mylyn::internal::jira::ui::JiraImages ,14,0,0,2,44,10,3.14286,36,10,2.57143,8,8,0.571429,161,89.9318,0,0,0,0,0, 
org::eclipse::mylyn::internal::bugzilla::ui::action::BugzillaUpdateAttachmentAction ,5,0,0,2,57,40,11.4,16,13,3.2,41,27,8.2,13.5714,3.89474,0,0,0,0,0, 
org::eclipse::mylyn::internal::wikitext::tracwiki::core::phrase::DeletedPhraseModifier ,2,0,0,1,1,1,0.5,1,1,0.5,0,0,0,6.14286,1.57143,0,0,0,0,0, 
org::eclipse::mylyn::internal::sandbox::ui::editors::EditorStyleContributionItem ,6,0,0,2,52,43,8.66667,59,56,9.83333,-7,43,-1.16667,37.5714,8.31868,0,0,0,0,0, 
org::eclipse::mylyn::wikitext::ui::viewer::AbstractTextSourceViewerConfiguration ,1,0,0,1,0,0,0,0,0,0,0,0,0,3.57143,0,0,0,0,0,0, 
org::eclipse::mylyn::internal::wikitext::ui::editor::actions::Messages ,4,1,0,1,6,4,1.5,2,1,0.5,4,4,1,19.8571,9.42857,1,0,0,0,0, 
org::eclipse::mylyn::internal::web::ui::WebSiteNavigatorActionProvider ,10,0,0,2,14,4,1.4,50,39,5,-36,3,-3.6,145.857,75.2347,0,0,0,0,0, 
org::eclipse::mylyn::internal::team::ui::LinkedTaskInfoAdapterFactory ,11,0,0,2,27,11,2.45455,89,64,8.09091,-62,3,-5.63636,92.4286,42.2275,0,0,0,0,0, 
org::eclipse::mylyn::internal::monitor::ui::ActivityChangeMonitor ,6,0,0,2,8,4,1.33333,9,4,1.5,-1,3,-0.166667,90.7143,60.2679,0,0,0,0,0, 
org::eclipse::mylyn::internal::jira::core::model::JiraAction ,2,0,0,2,4,4,2,1,1,0.5,3,3,1.5,46.7143,20.1429,0,0,0,0,0, 
org::eclipse::mylyn::internal::tasks::ui::editors::TaskEditorInputFactory ,25,0,1,3,65,12,2.6,52,10,2.08,13,11,0.52,126.714,61.3231,0,0,0,0,0, 
org::eclipse::mylyn::internal::sandbox::bridge::bugs::BugzillaContextLabelProvider ,22,0,0,2,55,8,2.5,56,8,2.54545,-1,2,-0.0454545,140.857,50.1247,0,0,0,0,0, 
org::eclipse::mylyn::internal::team::ccvs::CvsChangeSetResourceMappingAdapterFactory ,2,0,0,1,1,1,0.5,2,2,1,-1,0,-0.5,47.5714,6.71429,0,0,0,0,0, 
org::eclipse::mylyn::internal::wikitext::mediawiki::core::phrase::EscapePhraseModifier ,3,0,0,2,6,4,2,10,8,3.33333,-4,0,-1.33333,32.7143,5.42857,0,0,0,0,0, 
org::eclipse::mylyn::internal::team::ui::preferences::Messages ,1,0,0,1,0,0,0,0,0,0,0,0,0,14.8571,0,0,0,0,0,0, 
org::eclipse::mylyn::internal::context::ui::actions::FocusOutlineAction ,11,0,0,2,23,6,2.09091,20,5,1.81818,3,3,0.272727,119,59.2547,0,0,0,0,0, 
org::eclipse::mylyn::internal::context::ui::actions::ContextClearAction ,32,1,0,3,97,14,3.03125,84,14,2.625,13,10,0.40625,139.714,64.2945,0,0,0,0,0, 
org::eclipse::mylyn::zest::core::viewers::internal::AbstractStylingModelFactory ,8,1,1,1,118,39,14.75,92,36,11.5,26,16,3.25,103.714,3.81114,0,0,0,0,0, 
org::eclipse::mylyn::tasks::core::sync::TaskJob ,6,0,0,3,14,7,2.33333,4,1,0.666667,10,7,1.66667,45.8571,12.0816,0,0,0,0,0, 
org::eclipse::mylyn::internal::tasklist::BugzillaReportElement ,3,0,0,2,0,0,0,0,0,0,0,0,0,145.571,0,0,0,0,0,0, 
org::eclipse::mylyn::internal::trac::core::model::TracWikiPage ,5,0,0,2,22,16,4.4,5,2,1,17,14,3.4,85.4286,18.7273,0,0,0,0,0, 
org::eclipse::mylyn::internal::sandbox::bridge::bugs::BugzillaEditingMonitor ,16,0,1,3,32,5,2,30,5,1.875,2,3,0.125,140.857,49.8259,0,0,0,0,0, 
org::eclipse::mylyn::internal::wikitext::tracwiki::core::block::PreformattedBlock ,5,0,0,2,16,7,3.2,12,6,2.4,4,3,0.8,32.7143,13.5357,0,0,0,0,0, 
org::eclipse::mylyn::internal::tasks::ui::actions::RenameAction ,17,0,0,3,71,14,4.17647,45,5,2.64706,26,10,1.52941,139.571,62.5573,0,0,0,0,0, 
org::eclipse::mylyn::internal::bugzilla::core::BugzillaStatus ,17,0,0,3,186,110,10.9412,185,110,10.8824,1,110,0.0588235,97.1429,13.8733,0,0,0,0,0, 
org::eclipse::mylyn::internal::tasks::ui::actions::NewTaskAction ,24,0,1,3,385,136,16.0417,221,130,9.20833,164,135,6.83333,91.8571,54.7195,0,0,0,0,0, 
org::eclipse::mylyn::zest::tests::uml::CompartmentFigure ,1,0,0,1,0,0,0,0,0,0,0,0,0,80.8571,0,0,0,0,0,0, 
org::eclipse::mylyn::internal::monitor::usage::WebBrowserDialog ,6,0,1,2,11,4,1.83333,10,5,1.66667,1,3,0.166667,109.857,59.7532,0,0,0,0,0, 
org::eclipse::mylyn::internal::tasks::ui::commands::AbstractTaskListViewHandler ,8,0,0,2,17,4,2.125,14,4,1.75,3,3,0.375,46,8.42857,0,0,0,0,0, 
org::eclipse::mylyn::wikitext::ui::commands::ConvertMarkupToDocbook ,5,1,0,2,25,12,5,21,11,4.2,4,2,0.8,32.7143,8.36571,1,0,0,0,0, 
org::eclipse::mylyn::internal::tasks::ui::actions::ShowInTaskListAction ,8,0,0,3,14,4,1.75,9,2,1.125,5,3,0.625,91.8571,51.8163,0,0,0,0,0, 
org::eclipse::mylyn::monitor::ui::AbstractUserInteractionMonitor ,24,0,3,2,185,56,7.70833,135,29,5.625,50,27,2.08333,110.429,50.7398,0,0,0,0,0, 
org::eclipse::mylyn::zest::layouts::dataStructures::DisplayIndependentPoint ,3,0,1,2,43,42,14.3333,1,1,0.333333,42,42,14,184.857,46.1096,0,0,0,0,0, 
org::eclipse::mylyn::internal::pde::ui::PdeEditingMonitor ,21,1,1,2,164,38,7.80952,137,38,6.52381,27,15,1.28571,92.4286,40.6185,0,0,0,0,0, 
org::eclipse::mylyn::internal::bugzilla::core::NewBugzillaTaskData ,2,0,0,2,0,0,0,0,0,0,0,0,0,118.714,0,0,0,0,0,0, 
org::eclipse::mylyn::internal::web::tasks::Util ,5,0,0,1,7,4,1.4,4,1,0.8,3,3,0.6,92.4286,48.0204,0,0,0,0,0, 
org::eclipse::mylyn::internal::context::ui::DoiOrderSorter ,4,0,0,1,8,4,2,8,5,2,0,3,0,139.143,80.2143,0,0,0,0,0, 
org::eclipse::mylyn::tasks::ui::TasksUi ,34,0,0,3,266,108,7.82353,445,197,13.0882,-179,27,-5.26471,49.1429,5.40333,0,0,0,0,0, 
org::eclipse::mylyn::internal::jira::core::JiraTaskMapper ,2,0,0,2,7,7,3.5,1,1,0.5,6,6,3,38,11.4286,0,0,0,0,0, 
org::eclipse::mylyn::internal::java::ui::editor::FocusedJavaSourceViewerConfiguration ,5,0,0,1,7,4,1.4,70,62,14,-63,3,-12.6,92.5714,45.7143,0,0,0,0,0, 
org::eclipse::mylyn::internal::wikitext::textile::core::block::TableOfContentsBlock ,4,0,0,2,20,12,5,21,14,5.25,-1,1,-0.25,32.7143,5.83571,0,0,0,0,0, 
org::eclipse::mylyn::internal::wikitext::mediawiki::core::validation::Messages ,2,0,0,1,1,1,0.5,1,1,0.5,0,0,0,19.8571,2,0,0,0,0,0, 
org::eclipse::mylyn::internal::tasks::bugs::IRepositoryConstants ,11,0,0,2,70,15,6.36364,41,11,3.72727,29,10,2.63636,47.5714,17.4367,1,0,0,0,0, 
org::eclipse::mylyn::internal::jira::core::model::filter::EstimateVsActualFilter ,6,0,0,1,9,5,1.5,8,4,1.33333,1,4,0.166667,110.714,62.9365,0,0,0,0,0, 
org::eclipse::mylyn::internal::xplanner::ui::wizard::XPlannerQuerySelectionWizardPage ,1,0,0,1,0,0,0,0,0,0,0,0,0,6.42857,0,0,0,0,0,0, 
org::eclipse::mylyn::internal::commons::net::SslProtocolSocketFactory ,2,0,0,1,0,0,0,0,0,0,0,0,0,45.8571,0,0,0,0,0,0, 
org::eclipse::mylyn::internal::sandbox::ui::highlighters::TaskHighlighter ,3,0,0,2,5,4,1.66667,2,1,0.666667,3,3,1,43.5714,20.5143,0,0,0,0,0, 
org::eclipse::mylyn::internal::resources::ui::ResourceInteractionMonitor ,16,1,1,2,41,12,2.5625,28,5,1.75,13,7,0.8125,92.4286,43.5436,0,0,0,0,0, 
org::eclipse::mylyn::internal::context::ui::commands::RetrieveContextHandler ,3,0,0,2,4,4,1.33333,2,1,0.666667,2,3,0.666667,43.8571,17.2857,1,1,0,0,0, 
org::eclipse::mylyn::internal::jira::ui::JiraConnectorUi ,47,2,0,3,282,56,6,227,47,4.82979,55,15,1.17021,90.4286,44.4235,0,0,0,0,0, 
org::eclipse::mylyn::wikitext::ui::viewer::HtmlViewer ,13,1,0,2,136,60,10.4615,26,18,2,110,59,8.46154,32.7143,11.5977,0,0,0,0,0, 
org::eclipse::mylyn::internal::web::ui::actions::OpenWebResourceAction ,5,0,0,2,8,4,1.6,8,4,1.6,0,3,0,92.4286,44.2321,0,0,0,0,0, 
org::eclipse::mylyn::internal::tasks::ui::editors::TaskEditorOutlinePage ,3,0,0,2,6,5,2,2,1,0.666667,4,4,1.33333,41.2857,17.6429,0,0,0,0,0, 
org::eclipse::mylyn::internal::trac::ui::TracTaskListMigrator ,7,0,0,2,13,4,1.85714,8,2,1.14286,5,3,0.714286,39.5714,11.6923,0,0,0,0,0, 
org::eclipse::mylyn::internal::wikitext::ui::editor::validation::ResourceMarkerMarkupValidator ,5,1,0,2,82,64,16.4,32,15,6.4,50,51,10,32.7143,20.5819,1,0,0,0,0, 
org::eclipse::mylyn::internal::tasks::ui::editors::TaskEditorExtensionReader ,2,0,0,1,10,10,5,10,10,5,0,0,0,21.5714,7,1,0,0,0,0, 
org::eclipse::mylyn::internal::wikitext::tasks::ui::WikiTextContextUiStartup ,1,0,0,1,0,0,0,0,0,0,0,0,0,8,0,0,0,0,0,0, 
org::eclipse::mylyn::internal::bugzilla::core::BugzillaLanguageSettings ,11,2,0,3,118,39,10.7273,137,106,12.4545,-19,32,-1.72727,74.7143,18.1114,0,0,0,0,0, 
org::eclipse::mylyn::internal::bugzilla::core::history::AssignmentEvent ,10,0,0,3,53,37,5.3,52,37,5.2,1,37,0.1,109,17.7062,0,0,0,0,0, 
org::eclipse::mylyn::internal::tests::report::JUnitReportParser ,3,0,0,2,12,7,4,8,8,2.66667,4,7,1.33333,65,38.4286,0,0,0,0,0, 
org::eclipse::mylyn::internal::java::ui::junit::Messages ,1,0,0,1,0,0,0,0,0,0,0,0,0,14.8571,0,0,0,0,0,0, 
org::eclipse::mylyn::internal::jira::core::model::Project ,15,0,0,3,67,13,4.46667,94,33,6.26667,-27,11,-1.8,110.714,62.1493,0,0,0,0,0, 
org::eclipse::mylyn::internal::tasks::ui::TaskListBackupManager ,42,0,0,3,589,175,14.0238,520,174,12.381,69,104,1.64286,139.571,92.1737,0,0,0,0,0, 
org::eclipse::mylyn::internal::trac::core::client::InvalidWikiPageException ,4,0,0,2,6,4,1.5,3,1,0.75,3,3,0.75,39.5714,15.9524,0,0,0,0,0, 
org::eclipse::mylyn::internal::tests::report::TaskReporter ,16,1,0,2,491,149,30.6875,198,70,12.375,293,113,18.3125,65,37.6814,0,0,0,0,0, 
org::eclipse::mylyn::internal::context::core::CompositeDegreeOfInterest ,15,0,2,2,101,34,6.73333,99,38,6.6,2,6,0.133333,139.714,51.133,0,0,0,0,0, 
org::eclipse::mylyn::commons::net::AuthenticationCredentials ,3,0,0,2,6,5,2,1,1,0.333333,5,4,1.66667,45.8571,17.2381,0,0,0,0,0, 
org::eclipse::mylyn::internal::jira::ui::JiraSearchHandler ,5,0,0,2,39,28,7.8,8,5,1.6,31,27,6.2,43.8571,25.4176,0,0,0,0,0, 
org::eclipse::mylyn::internal::tasks::ui::dialogs::TaskRepositoryCredentialsDialog ,10,0,0,2,38,13,3.8,27,13,2.7,11,5,1.1,57.8571,25.1654,0,0,0,0,0, 
org::eclipse::mylyn::internal::trac::core::client::AbstractTracClient ,7,0,0,2,43,20,6.14286,31,14,4.42857,12,20,1.71429,39.5714,13.5748,1,1,0,0,1, 
org::eclipse::mylyn::internal::tasks::ui::search::SearchScoreComputerAdapterFactory ,7,0,0,1,14,4,2,13,5,1.85714,1,3,0.142857,90.4286,39.5816,0,0,0,0,0, 
org::eclipse::mylyn::internal::wikitext::ui::editor::preferences::Preferences ,12,3,0,2,249,127,20.75,82,46,6.83333,167,124,13.9167,32.7143,19.3069,0,0,0,0,0, 
org::eclipse::mylyn::internal::sandbox::ui::planner::TaskReportGenerator ,8,0,0,2,33,12,4.125,22,10,2.75,11,4,1.375,46,5.83117,0,0,0,0,0, 
org::eclipse::mylyn::internal::tasks::ui::wizards::TaskAttachmentWizard ,24,1,1,3,440,161,18.3333,327,134,13.625,113,31,4.70833,47.1429,4.5698,1,0,0,0,0, 
org::eclipse::mylyn::internal::wikitext::ui::viewer::HtmlTextPresentationParser ,17,1,1,2,563,140,33.1176,331,128,19.4706,232,77,13.6471,32.7143,12.3263,2,0,0,0,0, 
org::eclipse::mylyn::internal::context::ui::commands::FocusViewHandler ,11,0,0,2,16,5,1.45455,14,4,1.27273,2,4,0.181818,94.2857,37.2946,0,0,0,0,0, 
org::eclipse::mylyn::zest::layouts::algorithms::HorizontalLayoutAlgorithm ,5,1,1,2,25,9,5,8,5,1.6,17,8,3.4,184.857,53.2171,0,0,0,0,0, 
org::eclipse::mylyn::internal::tasks::core::externalization::ExternalizationManager ,21,1,1,3,257,95,12.2381,214,125,10.1905,43,19,2.04762,46,5.01612,0,0,0,0,0, 
org::eclipse::mylyn::internal::ide::ui::ProblemsListInterestSorter ,4,0,0,1,9,5,2.25,9,5,2.25,0,0,0,144,4.36508,0,0,0,0,0, 
org::eclipse::mylyn::zest::tests::swt::GraphSnippet1 ,1,0,0,1,0,0,0,0,0,0,0,0,0,80.8571,0,0,0,0,0,0, 
org::eclipse::mylyn::internal::tasks::core::sync::SynchronizeQueriesJob ,48,2,0,3,566,148,11.7917,521,150,10.8542,45,27,0.9375,49.1429,5.33569,0,0,0,0,0, 
org::eclipse::mylyn::internal::ide::ant::AntEditingMonitor ,11,1,1,2,28,10,2.54545,25,7,2.27273,3,5,0.272727,92.4286,37.1173,0,0,0,0,0, 
org::eclipse::mylyn::internal::ide::ui::actions::FocusAllMarkersViewAction ,3,0,0,1,6,4,2,1,1,0.333333,5,3,1.66667,57.2857,25.2381,0,0,0,0,0, 
org::eclipse::mylyn::internal::context::ui::actions::OpenQuickContextPopupDialogAction ,5,1,0,1,9,4,1.8,13,4,2.6,-4,3,-0.8,92,33.9524,0,0,0,0,0, 
org::eclipse::mylyn::internal::bugzilla::core::internal::NewBugParser ,5,0,1,1,6,5,1.2,4,2,0.8,2,4,0.4,164,5.09524,0,0,0,0,0, 
org::eclipse::mylyn::internal::bugzilla::ui::action::BugzillaNotObsoleteAttachmentAction ,1,0,0,1,0,0,0,0,0,0,0,0,0,8.71429,0,0,0,0,0,0, 
org::eclipse::mylyn::internal::tasks::ui::editors::TaskEditorActionContributor ,81,0,1,3,1052,174,12.9877,849,283,10.4815,203,153,2.50617,139.571,60.0582,0,0,0,0,0, 
org::eclipse::mylyn::internal::web::ui::WebContextManager ,16,0,1,2,56,12,3.5,66,18,4.125,-10,3,-0.625,92.4286,46.7628,0,0,0,0,0, 
org::eclipse::mylyn::internal::wikitext::ui::editor::MarkupEditorOutline ,9,2,0,2,155,54,17.2222,45,22,5,110,53,12.2222,32.7143,21.6737,0,0,0,0,0, 
org::eclipse::mylyn::monitor::internal::UsageSession ,2,1,0,1,0,0,0,0,0,0,0,0,0,181.714,0,0,0,0,0,0, 
org::eclipse::mylyn::internal::monitor::usage::InteractionEventSummarySorter ,7,0,1,2,23,14,3.28571,31,22,4.42857,-8,3,-1.14286,109.857,35.646,0,0,0,0,0, 
org::eclipse::mylyn::wikitext::core::parser::util::MarkupToEclipseToc ,6,1,0,2,43,18,7.16667,30,19,5,13,13,2.16667,32.7143,11.9468,0,0,0,0,0, 
org::eclipse::mylyn::internal::jira::core::wsdl::beans::RemoteRoleActor ,9,0,0,2,299,263,33.2222,362,295,40.2222,-63,7,-7,110.714,23.0784,0,0,0,0,0, 
org::eclipse::mylyn::internal::team::ui::templates::CommitTemplateManager ,15,0,1,2,83,17,5.53333,77,17,5.13333,6,2,0.4,92.4286,38.1343,0,0,0,0,0, 
org::eclipse::mylyn::zest::tests::jface::GraphJFaceSnippet5 ,2,0,0,1,11,11,5.5,0,0,0,11,11,5.5,80.8571,1.71429,0,0,0,0,0, 
org::xplanner::soap::TimeEntryData ,6,0,0,2,323,319,53.8333,354,350,59,-31,0,-5.16667,93.7143,39.0341,0,0,0,0,0, 
org::eclipse::mylyn::internal::jira::core::wsdl::beans::RemoteRoleActors ,9,0,0,2,217,178,24.1111,234,195,26,-17,7,-1.88889,110.714,23.9236,0,0,0,0,0, 
org::eclipse::mylyn::internal::wikitext::ui::util::css::CssRule ,1,0,1,1,0,0,0,0,0,0,0,0,0,7.42857,0,0,0,0,0,0, 
org::eclipse::mylyn::commons::tests::manual::SampleNotificationPopup ,2,0,0,1,10,10,5,5,5,2.5,5,5,2.5,43,16.4286,0,0,0,0,0, 
org::eclipse::mylyn::internal::tasks::bugs::wizards::BundleGroupContainer ,7,0,0,2,55,43,7.85714,47,43,6.71429,8,43,1.14286,40.8571,3.90649,1,1,0,0,1, 
org::eclipse::mylyn::internal::wikitext::textile::core::block::TableBlock ,4,0,0,2,32,15,8,31,14,7.75,1,1,0.25,32.7143,9.30804,0,0,0,0,0, 
org::eclipse::mylyn::internal::tasks::ui::editors::TaskEditorExtensions ,4,0,0,1,24,20,6,7,3,1.75,17,18,4.25,21.5714,3.13095,0,0,0,0,0, 
org::eclipse::mylyn::internal::monitor::core::collection::SummaryCollector ,8,0,1,2,36,12,4.5,22,11,2.75,14,12,1.75,109.857,52.4722,0,0,0,0,0, 
org::eclipse::mylyn::wikitext::ui::annotation::AnchorNameAnnotation ,5,1,0,2,6,3,1.2,4,2,0.8,2,1,0.4,32.7143,10.8571,0,0,0,0,0, 
org::eclipse::mylyn::internal::tasks::core::externalization::AbstractExternalizationParticipant ,12,0,0,3,132,51,11,83,44,6.91667,49,47,4.08333,44.1429,4.13745,0,0,0,0,0, 
org::eclipse::mylyn::internal::trac::core::model::TracSearch ,17,0,2,2,90,32,5.29412,57,18,3.35294,33,32,1.94118,133,60.3651,0,0,0,0,0, 
org::eclipse::mylyn::internal::tasks::ui::TaskRepositoryUtil ,8,0,0,3,15,5,1.875,11,5,1.375,4,3,0.5,77,41.2667,0,0,0,0,0, 
org::eclipse::mylyn::internal::tasks::ui::dialogs::Messages ,3,1,0,1,13,12,4.33333,7,6,2.33333,6,6,2,14.5714,5.52747,0,0,0,0,0, 
org::eclipse::mylyn::internal::tasks::core::AttributeMap ,3,0,0,2,5,4,1.66667,2,1,0.666667,3,3,1,30.1429,7.08571,0,0,0,0,0, 
org::eclipse::mylyn::monitor::internal::TemporalStatistic ,2,1,0,1,0,0,0,0,0,0,0,0,0,181.714,0,0,0,0,0,0, 
org::eclipse::mylyn::internal::xplanner::ui::wizard::ProjectsViewerLabelProvider ,1,0,0,1,0,0,0,0,0,0,0,0,0,6.42857,0,0,0,0,0,0, 
org::eclipse::mylyn::internal::sandbox::ui::planner::TaskPlanContentProvider ,4,0,0,2,8,4,2,4,2,1,4,3,1,46,14.6607,0,0,0,0,0, 
org::eclipse::mylyn::internal::tasks::ui::editors::AttachmentTableLabelProvider ,23,1,0,3,188,50,8.17391,111,45,4.82609,77,32,3.34783,90.4286,39.2249,0,0,0,0,0, 
org::eclipse::mylyn::internal::sandbox::ui::IncomingPresentation ,3,0,0,3,6,5,2,2,1,0.666667,4,4,1.33333,79,55.3571,0,0,0,0,0, 
org::eclipse::mylyn::internal::context::core::ContextCorePlugin ,14,1,0,2,194,80,13.8571,148,56,10.5714,46,77,3.28571,48.8571,14.8962,1,0,0,0,0, 
org::eclipse::mylyn::internal::team::ccvs::CvsChangeSetAdapterFactory ,2,0,0,2,2,2,1,0,0,0,2,2,1,47.4286,0.285714,0,0,0,0,0, 
org::eclipse::mylyn::internal::tasks::ui::search::StackTraceDuplicateDetector ,7,0,0,2,14,5,2,11,5,1.57143,3,3,0.428571,43.8571,18.4082,0,0,0,0,0, 
org::eclipse::mylyn::internal::monitor::usage::UiUsageMonitorPlugin ,37,2,1,2,303,78,8.18919,364,64,9.83784,-61,24,-1.64865,92.5714,30.05,1,0,0,0,0, 
org::eclipse::mylyn::internal::tasks::ui::workingsets::TaskWorkingSetPage ,44,1,0,3,690,267,15.6818,445,148,10.1136,245,119,5.56818,91.2857,19.9089,2,1,1,0,0, 
org::eclipse::mylyn::tasks::tests::connector::MockAttachmentHandler ,10,0,0,3,40,12,4,57,39,5.7,-17,7,-1.7,92,38.4464,0,0,0,0,0, 
org::eclipse::mylyn::zest::layouts::dataStructures::InternalRelationship ,8,1,1,3,86,43,10.75,13,6,1.625,73,42,9.125,184.857,60.8671,0,0,0,0,0, 
org::eclipse::mylyn::internal::tasks::ui::editors::RichTextAttributeEditor ,35,0,0,3,582,313,16.6286,218,81,6.22857,364,232,10.4,61.2857,35.5523,1,1,0,0,0, 
org::eclipse::mylyn::internal::tasks::ui::wizards::LocalRepositorySettingsPage ,2,0,0,1,1,1,0.5,1,1,0.5,0,0,0,18.8571,4.71429,0,0,0,0,0, 
org::eclipse::mylyn::internal::sandbox::dev::properties::RepositoryQueryPropertySource ,9,0,0,2,63,33,7,70,54,7.77778,-7,8,-0.777778,70.7143,16.7075,0,0,0,0,0, 
org::eclipse::mylyn::internal::wikitext::ui::util::css::editor::CssConfiguration ,1,0,0,1,0,0,0,0,0,0,0,0,0,6.42857,0,0,0,0,0,0, 
org::eclipse::mylyn::internal::sandbox::ui::views::TaskActivityViewSorter ,7,0,1,3,30,17,4.28571,25,15,3.57143,5,3,0.714286,48.8571,7.87143,0,0,0,0,0, 
org::eclipse::mylyn::internal::monitor::reports::collectors::FocusedUiViewUsageCollector ,7,0,0,2,16,5,2.28571,15,5,2.14286,1,3,0.142857,92.5714,32.9464,0,0,0,0,0, 
org::eclipse::mylyn::zest::core::widgets::ZestStyles ,6,0,0,1,36,16,6,204,197,34,-168,7,-28,103,18.996,0,0,0,0,0, 
org::eclipse::mylyn::internal::wikitext::ui::editor::commands::ShowCheatSheetCommand ,6,1,0,2,31,22,5.16667,23,15,3.83333,8,7,1.33333,32.7143,5.81567,1,0,0,0,0, 
org::eclipse::mylyn::zest::core::widgets::GraphNode ,32,2,1,1,586,176,18.3125,427,203,13.3438,159,68,4.96875,103.714,11.9069,0,0,0,0,0, 
org::eclipse::mylyn::internal::wikitext::ui::viewer::annotation::HorizontalRuleAnnotation ,2,0,0,2,2,2,1,2,2,1,0,0,0,26.5714,6.71429,0,0,0,0,0, 
org::eclipse::mylyn::internal::resources::ui::preferences::Messages ,1,0,0,1,0,0,0,0,0,0,0,0,0,19.1429,0,0,0,0,0,0, 
org::eclipse::mylyn::internal::tasks::ui::actions::TaskEditorCopyAction ,6,0,0,2,11,7,1.83333,11,4,1.83333,0,3,0,139.571,103.948,0,0,0,0,0, 
org::eclipse::mylyn::zest::tests::swt::ZoomSnippet ,2,0,0,1,0,0,0,1,1,0.5,-1,0,-0.5,80.8571,0,0,0,0,0,0, 
org::eclipse::mylyn::wikitext::core::parser::markup::phrase::HtmlEndTagPhraseModifier ,7,1,0,2,26,11,3.71429,5,2,0.714286,21,10,3,32.7143,13.5549,0,0,0,0,0, 
org::eclipse::mylyn::internal::wikitext::tasks::ui::util::PlatformUrlHyperlink ,1,0,0,1,0,0,0,0,0,0,0,0,0,14.7143,0,0,0,0,0,0, 
org::eclipse::mylyn::commons::tests::manual::NoticicationPopupMain ,2,0,0,1,10,10,5,5,5,2.5,5,5,2.5,43,16.4286,0,0,0,0,0, 
org::eclipse::mylyn::internal::tasks::ui::views::CustomTaskListDecorationDrawer ,73,0,0,3,727,156,9.9589,572,156,7.83562,155,156,2.12329,96.5714,20.5895,0,0,0,0,0, 
org::eclipse::mylyn::internal::tasks::ui::search::RepositorySearchResultView ,63,1,1,3,568,72,9.01587,460,88,7.30159,108,61,1.71429,135.429,71.7452,1,1,0,0,0, 
org::eclipse::mylyn::internal::tasks::ui::views::TaskRepositoriesSorter ,12,1,0,2,37,8,3.08333,24,8,2,13,8,1.08333,112.857,35.1583,0,0,0,0,0, 
org::eclipse::mylyn::internal::tasks::ui::editors::TaskEditorDescriptionPart ,31,0,0,3,191,49,6.16129,480,337,15.4839,-289,12,-9.32258,61.2857,15.2094,0,0,0,0,0, 
org::eclipse::mylyn::internal::tasks::ui::properties::ProjectPropertiesLinkProvider ,17,0,0,2,37,7,2.17647,26,6,1.52941,11,5,0.647059,90.4286,47.0077,0,0,0,0,0, 
org::eclipse::mylyn::internal::tasks::ui::actions::ActivateTaskHistoryDropDownAction ,19,1,0,3,79,33,4.15789,179,139,9.42105,-100,6,-5.26316,91.1429,37.4069,0,0,0,0,0, 
org::eclipse::mylyn::team::ui::AbstractActiveChangeSetProvider ,10,0,0,2,43,12,4.3,25,10,2.5,18,12,1.8,92.4286,40.4419,0,0,0,0,0, 
org::eclipse::mylyn::internal::sandbox::ui::ActiveSearchViewTracker ,5,0,0,2,8,4,1.6,5,2,1,3,3,0.6,71.8571,39.125,0,0,0,0,0, 
org::eclipse::mylyn::internal::bugzilla::core::SaxBugReportContentHandler ,37,0,1,2,373,47,10.0811,276,41,7.45946,97,47,2.62162,148.571,12.7051,0,0,0,0,0, 
org::eclipse::mylyn::internal::jira::core::model::JiraIssue ,6,0,0,2,62,27,10.3333,30,21,5,32,20,5.33333,49.8571,30.1774,0,0,0,0,0, 
org::eclipse::mylyn::internal::commons::core::ZipFileUtil ,6,0,0,3,88,44,14.6667,64,28,10.6667,24,16,4,46,31.6981,1,0,1,0,1, 
org::eclipse::mylyn::internal::tasks::ui::actions::ToggleAllWorkingSetsAction ,8,0,0,2,13,4,1.625,12,4,1.5,1,3,0.125,90,46.956,0,0,0,0,0, 
org::eclipse::mylyn::internal::wikitext::ui::util::css::AnySelector ,1,0,1,1,0,0,0,0,0,0,0,0,0,7.42857,0,0,0,0,0,0, 
org::eclipse::mylyn::zest::core::widgets::internal::PolylineArcConnection ,3,0,1,1,125,124,41.6667,95,94,31.6667,30,30,10,103.714,0.801143,0,0,0,0,0, 
org::eclipse::mylyn::internal::xplanner::ui::XPlannerMylynUIPlugin ,1,0,0,1,0,0,0,0,0,0,0,0,0,6.42857,0,2,2,0,0,0, 
org::eclipse::mylyn::internal::provisional::commons::ui::AbstractNotificationPopup ,8,0,0,2,38,10,4.75,36,9,4.5,2,5,0.25,45.8571,26.3346,1,1,0,0,0, 
org::eclipse::mylyn::internal::wikitext::confluence::core::block::ExtendedPreformattedBlock ,4,0,0,2,32,24,8,63,54,15.75,-31,0,-7.75,32.7143,2.41071,0,0,0,0,0, 
org::eclipse::mylyn::commons::net::UnsupportedRequestException ,2,0,0,1,0,0,0,0,0,0,0,0,0,45.8571,0,0,0,0,0,0, 
org::eclipse::mylyn::internal::bugzilla::core::history::AttachmentFlag ,10,0,0,3,64,45,6.4,61,45,6.1,3,45,0.3,109,17.2679,0,0,0,0,0, 
org::eclipse::mylyn::internal::compatibility::JavaRuntimeVersionChecker ,11,0,0,2,34,13,3.09091,43,15,3.90909,-9,3,-0.818182,91,55.916,0,0,0,0,0, 
org::eclipse::mylyn::bugzilla::deprecated::BugzillaTaskEditor ,4,0,0,3,11,6,2.75,10,9,2.5,1,5,0.25,39.5714,7.09091,0,0,0,0,0, 
org::eclipse::mylyn::internal::team::ui::templates::TemplateHandlerContentProposalProvider ,6,0,0,2,18,6,3,16,6,2.66667,2,1,0.333333,92.4286,59.0317,0,0,0,0,0, 
org::xplanner::soap::XPlanner::XPlannerServiceLocator ,5,0,0,2,281,205,56.2,199,197,39.8,82,74,16.4,93.7143,30.2867,0,0,0,0,0, 
org::eclipse::mylyn::internal::tasks::ui::wizards::NewLocalTaskWizard ,17,0,0,3,106,57,6.23529,72,33,4.23529,34,51,2,139.571,64.7668,0,0,0,0,0, 
org::eclipse::mylyn::internal::bugs::java::BugzillaHyperLinkDetector ,10,0,1,1,155,69,15.5,139,58,13.9,16,11,1.6,164,13.8286,0,0,0,0,0, 
org::eclipse::mylyn::internal::jira::core::wsdl::beans::RemoteFilter ,9,0,0,2,223,195,24.7778,248,220,27.5556,-25,7,-2.77778,110.714,23.9532,0,0,0,0,0, 
org::eclipse::mylyn::internal::context::core::LocalContextStore ,13,1,0,3,95,56,7.30769,140,36,10.7692,-45,24,-3.46154,42.7143,6.16241,1,1,0,0,0, 
org::eclipse::mylyn::tasks::ui::TaskElementLabelProvider ,16,2,0,3,81,34,5.0625,56,36,3.5,25,10,1.5625,43.5714,10.9101,1,1,0,0,0, 
org::eclipse::mylyn::internal::jira::core::service::JiraClientCache ,12,0,0,2,139,56,11.5833,56,20,4.66667,83,36,6.91667,54,35.4923,1,0,1,0,1, 
org::eclipse::mylyn::internal::tasks::ui::views::TaskRepositoriesView ,40,0,1,3,305,31,7.625,162,21,4.05,143,31,3.575,139.571,53.3499,1,1,0,0,0, 
org::eclipse::mylyn::internal::tasks::ui::editors::TaskAttachmentStorage ,4,0,0,2,19,13,4.75,15,13,3.75,4,4,1,41,22.6466,0,0,0,0,0, 
org::eclipse::mylyn::internal::wikitext::tracwiki::core::block::ListBlock ,7,0,0,2,24,15,3.42857,27,14,3.85714,-3,1,-0.428571,32.7143,7.35119,0,0,0,0,0, 
org::eclipse::mylyn::internal::jira::core::JiraTaskAttachmentHandler ,9,0,0,2,66,21,7.33333,63,34,7,3,14,0.333333,45.8571,6.91342,0,0,0,0,0, 
org::eclipse::mylyn::internal::monitor::ui::Messages ,1,0,0,1,0,0,0,0,0,0,0,0,0,19.1429,0,0,0,0,0,0, 
org::eclipse::mylyn::internal::context::ui::TaskUiBridge ,11,0,0,1,27,10,2.45455,29,5,2.63636,-2,8,-0.181818,139.714,41.0265,0,0,0,0,0, 
org::eclipse::mylyn::internal::ide::ui::IdeUiUtil ,13,0,0,2,65,17,5,69,25,5.30769,-4,15,-0.307692,147.714,54.5385,0,0,0,0,0, 
org::eclipse::mylyn::internal::tasks::ui::views::TaskListToolTip ,60,2,1,3,624,58,10.4,449,38,7.48333,175,57,2.91667,75,27.8542,2,0,0,0,0, 
org::eclipse::mylyn::internal::tasks::ui::TaskJobFactory ,21,1,0,3,95,23,4.52381,53,7,2.52381,42,20,2,45.8571,5.72932,0,0,0,0,0, 
org::eclipse::mylyn::internal::tasks::ui::commands::OpenRepositoryTaskHandler ,4,0,0,2,7,4,1.75,4,2,1,3,3,0.75,32.1429,11.5918,0,0,0,0,0, 
org::eclipse::mylyn::wikitext::core::util::XmlStreamWriter ,3,0,0,2,14,8,4.66667,13,12,4.33333,1,5,0.333333,32.7143,8.69388,0,0,0,0,0, 
org::eclipse::mylyn::tasks::core::TaskActivationAdapter ,5,0,1,3,10,5,2,7,5,1.4,3,3,0.6,47.4286,14.8286,0,0,0,0,0, 
org::eclipse::mylyn::internal::provisional::commons::soap::AbstractSoapClient ,1,0,0,1,0,0,0,0,0,0,0,0,0,13.5714,0,0,0,0,0,0, 
org::eclipse::mylyn::internal::team::ui::actions::TaskResourceMappingActionProvider ,11,0,0,2,31,9,2.81818,34,9,3.09091,-3,3,-0.272727,139.286,46.7327,0,0,0,0,0, 
org::eclipse::mylyn::internal::tasks::ui::util::ClipboardCopier ,1,0,0,1,0,0,0,0,0,0,0,0,0,6.85714,0,0,0,0,0,0, 
org::eclipse::mylyn::internal::tasks::ui::PersonProposalProvider ,36,0,1,3,400,127,11.1111,327,127,9.08333,73,127,2.02778,96.5714,19.5921,2,2,0,0,0, 
org::eclipse::mylyn::internal::provisional::commons::ui::DateSelectionDialog ,5,0,0,2,15,7,3,14,6,2.8,1,3,0.2,45.8571,14.2762,0,0,0,0,0, 
org::eclipse::mylyn::internal::wikitext::tracwiki::core::block::TableBlock ,3,0,0,2,7,5,2.33333,7,5,2.33333,0,0,0,32.7143,4.89796,0,0,0,0,0, 
org::eclipse::mylyn::bugzilla::deprecated::BugzillaStackTraceDuplicateDetector ,3,0,0,3,5,5,1.66667,1,1,0.333333,4,4,1.33333,39.5714,13,0,0,0,0,0, 
org::eclipse::mylyn::internal::tasks::ui::actions::ExpandAllAction ,11,0,0,2,24,4,2.18182,25,7,2.27273,-1,3,-0.0909091,139.571,78.9226,0,0,0,0,0, 
org::eclipse::mylyn::internal::examples::jira::JiraIssueCollector ,1,0,0,1,0,0,0,0,0,0,0,0,0,23.8571,0,0,0,0,0,0, 
org::eclipse::mylyn::internal::monitor::reports::collectors::AbstractMylynUsageCollector ,3,0,0,2,5,4,1.66667,2,1,0.666667,3,3,1,88,64.9429,0,0,0,0,0, 
org::eclipse::mylyn::internal::tasks::ui::actions::QueryCloneAction ,16,0,0,3,64,23,4,56,17,3.5,8,6,0.5,85.4286,56.9888,0,0,0,0,0, 
org::eclipse::mylyn::internal::tasks::ui::actions::DeactivateAllTasksAction ,9,0,0,3,14,4,1.55556,11,2,1.22222,3,3,0.333333,136.571,84.4286,0,0,0,0,0, 
org::eclipse::mylyn::internal::wikitext::ui::editor::actions::SetMarkupLanguageAction ,4,1,0,2,10,7,2.5,8,5,2,2,2,0.5,32.7143,8.22857,0,0,0,0,0, 
org::eclipse::mylyn::internal::jira::ui::JiraTaskListMigrator ,7,0,0,2,18,7,2.57143,11,7,1.57143,7,3,1,43.7143,17.6984,0,0,0,0,0, 
org::eclipse::mylyn::internal::context::ui::commands::ClearContextHandler ,4,0,0,3,7,4,1.75,4,2,1,3,3,0.75,43.8571,18.1837,0,0,0,0,0, 
org::eclipse::mylyn::internal::jira::core::wsdl::beans::RemoteResolution ,9,0,0,2,100,72,11.1111,108,80,12,-8,7,-0.888889,110.714,28.1129,0,0,0,0,0, 
org::eclipse::mylyn::jira::tests::util::MockIssueCollector ,3,0,0,2,6,5,2,5,4,1.66667,1,1,0.333333,38.1429,14.5,0,0,0,0,0, 
org::eclipse::mylyn::internal::monitor::ui::MonitorUiPlugin ,15,0,2,3,79,13,5.26667,79,26,5.26667,0,12,0,48.5714,13.1917,1,0,0,0,0, 
org::eclipse::mylyn::internal::monitor::core::collection::InteractionByTypeSummary ,7,0,1,2,19,8,2.71429,16,5,2.28571,3,3,0.428571,109.857,67.2331,0,0,0,0,0, 
org::eclipse::mylyn::internal::bugzilla::core::BugzillaCorePlugin ,41,0,1,3,575,120,14.0244,419,111,10.2195,156,110,3.80488,136.714,56.3866,3,2,0,0,0, 
org::eclipse::mylyn::internal::xplanner::ui::wizard::NewXPlannerTaskWizard ,1,0,0,1,0,0,0,0,0,0,0,0,0,6.42857,0,1,1,0,0,0, 
org::eclipse::mylyn::wikitext::tasks::ui::editor::MarkupSourceViewer ,1,0,0,1,0,0,0,0,0,0,0,0,0,4,0,0,0,0,0,0, 
org::eclipse::mylyn::internal::sandbox::bridge::bugs::BugzillaSearchManager ,8,0,0,2,15,4,1.875,17,6,2.125,-2,3,-0.25,140.857,77.1905,0,0,0,0,0, 
org::eclipse::mylyn::internal::xplanner::ui::wizard::ErrorQueryPage ,1,0,0,1,0,0,0,0,0,0,0,0,0,6.42857,0,0,0,0,0,0, 
org::eclipse::mylyn::internal::tasks::ui::actions::AbstractTaskEditorAction ,6,0,0,3,12,4,2,9,3,1.5,3,3,0.5,75,38.8929,0,0,0,0,0, 
org::eclipse::mylyn::internal::bugzilla::ui::wizard::BugzillaProductPage ,107,3,3,3,1756,302,16.4112,1292,145,12.0748,464,249,4.33645,164,47.1871,0,0,0,0,0, 
org::eclipse::mylyn::internal::context::ui::views::QuickContextPopupDialog ,21,1,0,2,597,446,28.4286,710,446,33.8095,-113,446,-5.38095,103.571,5.83943,0,0,0,0,0, 
org::eclipse::mylyn::internal::sandbox::dev::properties::AbstractTaskPropertiesSource ,10,0,1,3,69,49,6.9,81,66,8.1,-12,4,-1.2,70.7143,12.1718,0,0,0,0,0, 
org::eclipse::mylyn::internal::wikitext::tasks::ui::WikiTextUserInteractionMonitor ,1,0,0,1,0,0,0,0,0,0,0,0,0,8,0,0,0,0,0,0, 
org::eclipse::mylyn::internal::tasks::ui::editors::TaskHyperlinkTextPresentationManager ,5,0,0,1,23,18,4.6,142,136,28.4,-119,1,-23.8,24.1429,1.2795,0,0,0,0,0, 
org::eclipse::mylyn::zest::tests::jface::GraphJFaceSnippet4 ,1,0,0,1,0,0,0,0,0,0,0,0,0,80.8571,0,0,0,0,0,0, 
org::eclipse::mylyn::internal::tasks::ui::editors::TextAttributeEditor ,16,1,0,3,40,9,2.5,25,7,1.5625,15,4,0.9375,61.2857,20.9464,0,0,0,0,0, 
org::eclipse::mylyn::internal::sandbox::ui::actions::ContextCapturePauseAction ,8,0,0,2,46,30,5.75,57,40,7.125,-11,3,-1.375,92,42.882,0,0,0,0,0, 
org::eclipse::mylyn::internal::sandbox::ui::views::ActiveViewDelegatingDragAdapter ,1,0,0,1,0,0,0,0,0,0,0,0,0,21.5714,0,0,0,0,0,0, 
org::eclipse::mylyn::internal::wikitext::textile::core::TextileContentState ,6,0,0,2,44,35,7.33333,8,5,1.33333,36,35,6,32.7143,22.5682,0,0,0,0,0, 
org::eclipse::mylyn::internal::provisional::commons::soap::CommonsHttpSender ,1,0,0,1,0,0,0,0,0,0,0,0,0,13.5714,0,0,0,0,0,0, 
org::eclipse::mylyn::internal::tasks::core::AbstractSearchHandler ,4,0,0,2,9,4,2.25,2,1,0.5,7,4,1.75,43.8571,13.0159,0,0,0,0,0, 
org::eclipse::mylyn::internal::tasks::ui::TaskRepositoryComparator ,3,1,0,2,12,11,4,1,1,0.333333,11,11,3.66667,31,5.89286,0,0,0,0,0, 
org::eclipse::mylyn::internal::tasks::core::CommentQuoter ,9,0,0,3,22,5,2.44444,19,6,2.11111,3,5,0.333333,119.143,61.0455,0,0,0,0,0, 
org::eclipse::mylyn::zest::layouts::dataStructures::BendPoint ,4,1,1,1,16,11,4,18,16,4.5,-2,11,-0.5,144.571,37.3929,0,0,0,0,0, 
org::eclipse::mylyn::internal::trac::core::model::TracRepositoryAttribute ,5,0,0,2,7,4,1.4,4,1,0.8,3,3,0.6,39.5714,17.2041,0,0,0,0,0, 
org::eclipse::mylyn::internal::tasks::ui::TaskRepositoryAdapterFactory ,12,0,0,3,24,4,2,21,5,1.75,3,3,0.25,90.1429,45.5595,0,0,0,0,0, 
org::eclipse::mylyn::internal::wikitext::mediawiki::core::validation::MediaWikiReferenceValidationRule ,1,0,0,1,0,0,0,0,0,0,0,0,0,16.4286,0,0,0,0,0,0, 
org::eclipse::mylyn::sandbox::tests::util::PdeProject ,1,0,0,1,0,0,0,0,0,0,0,0,0,19.8571,0,0,0,0,0,0, 
org::eclipse::mylyn::internal::bugzilla::ui::tasklist::BugzillaTaskListManager ,3,0,1,1,1,1,0.333333,1,1,0.333333,0,0,0,164,0,0,0,0,0,0, 
org::eclipse::mylyn::internal::tasks::core::TaskRepositoryAdapter ,3,0,0,2,5,4,1.66667,2,1,0.666667,3,3,1,41.5714,18.5143,0,0,0,0,0, 
org::eclipse::mylyn::internal::java::ui::actions::FilterMembersAction ,20,0,1,2,39,7,1.95,35,5,1.75,4,6,0.2,164,67.4102,0,0,0,0,0, 
org::eclipse::mylyn::internal::context::ui::TaskStructureBridge ,23,0,0,3,65,16,2.82609,82,13,3.56522,-17,10,-0.73913,139.714,58.4791,0,0,0,0,0, 
org::eclipse::mylyn::zest::tests::swt::NestedGraphSnippet ,2,0,0,1,0,0,0,1,1,0.5,-1,0,-0.5,80.8571,0,0,0,0,0,0, 
org::eclipse::mylyn::internal::wikitext::ui::editor::outline::Messages ,1,0,0,1,0,0,0,0,0,0,0,0,0,4,0,1,0,0,0,0, 
org::eclipse::mylyn::internal::wikitext::tracwiki::core::token::WikiWordReplacementToken ,5,0,0,1,7,4,1.4,7,4,1.4,0,0,0,24.1429,10.8163,1,0,0,0,0, 
org::eclipse::mylyn::internal::bugzilla::core::BugzillaTaskAttachmentHandler ,11,0,0,3,65,19,5.90909,91,37,8.27273,-26,13,-2.36364,42,4.45934,0,0,0,0,0, 
org::eclipse::mylyn::internal::tasks::ui::views::TaskListInterestFilter ,11,0,0,3,74,24,6.72727,42,12,3.81818,32,12,2.90909,43,15.583,0,0,0,0,0, 
org::eclipse::mylyn::internal::tasks::ui::dialogs::AbstractWorkingSetDialogCOPY ,2,0,0,2,68,68,34,87,87,43.5,-19,0,-9.5,77.5714,23.1429,0,0,0,0,0, 
org::eclipse::mylyn::internal::jira::core::html::SingleCharReader ,2,0,0,1,0,0,0,0,0,0,0,0,0,118.714,0,0,0,0,0,0, 
org::eclipse::mylyn::monitor::reports::tests::FileTool ,11,0,0,3,111,86,10.0909,100,76,9.09091,11,10,1,171,24.7671,0,0,0,0,0, 
org::eclipse::mylyn::internal::bugzilla::ui::tasklist::StackTrace ,10,0,1,3,87,23,8.7,89,22,8.9,-2,3,-0.2,164,124.591,0,0,0,0,0, 
org::eclipse::mylyn::internal::sandbox::ui::hyperlinks::ResourceHyperlinkDetector ,3,0,0,2,5,4,1.66667,2,1,0.666667,3,3,1,31.8571,5.31429,0,0,0,0,0, 
org::eclipse::mylyn::internal::pde::ui::PdeContextLabelProvider ,15,1,0,2,34,5,2.26667,30,5,2,4,3,0.266667,92.4286,45.4454,0,0,0,0,0, 
org::eclipse::mylyn::zest::core::widgets::internal::CachedLabel ,4,0,1,1,29,20,7.25,3,2,0.75,26,18,6.5,103.714,15.5517,0,0,0,0,0, 
org::eclipse::mylyn::internal::commons::ui::CommonsUiPlugin ,3,0,0,2,5,4,1.66667,2,1,0.666667,3,3,1,43,18.7714,0,0,0,0,0, 
org::eclipse::mylyn::internal::trac::ui::editor::TracTaskEditorPageFactory ,6,0,0,2,9,4,1.5,6,2,1,3,3,0.5,39.5714,16.3492,0,0,0,0,0, 
org::eclipse::mylyn::wikitext::core::parser::markup::token::ImpliedHyperlinkReplacementToken ,9,1,0,2,16,5,1.77778,10,3,1.11111,6,4,0.666667,32.7143,21.2054,0,0,0,0,0, 
org::eclipse::mylyn::internal::context::ui::InterestDecoratorLightweight ,25,0,2,2,81,20,3.24,67,16,2.68,14,5,0.56,139.714,63.5961,0,0,0,0,0, 
org::eclipse::mylyn::wikitext::core::parser::markup::block::GlossaryBlock ,5,1,0,2,31,22,6.2,9,7,1.8,22,22,4.4,32.7143,17.2903,0,0,0,0,0, 
org::eclipse::mylyn::internal::tasks::ui::commands::MaximizePartHandler ,5,0,0,2,6,5,1.2,4,2,0.8,2,3,0.4,34,7.45238,0,0,0,0,0, 
org::eclipse::mylyn::internal::context::core::CompositeInteractionContext ,11,0,1,2,65,15,5.90909,33,10,3,32,11,2.90909,94.2857,26.7099,0,0,0,0,0, 
org::eclipse::mylyn::internal::tasks::ui::editors::MultiSelectionAttributeEditor ,13,0,0,2,23,4,1.76923,18,3,1.38462,5,3,0.384615,61.2857,20.5776,0,0,0,0,0, 
org::eclipse::mylyn::internal::tasks::ui::editors::Messages ,7,1,0,2,16,8,2.28571,38,16,5.42857,-22,8,-3.14286,14.5714,1.80357,1,1,0,0,0, 
org::eclipse::mylyn::internal::wikitext::ui::editor::MarkupEditor ,28,3,0,2,717,303,25.6071,182,59,6.5,535,288,19.1071,32.7143,21.2704,4,0,0,0,0, 
org::eclipse::mylyn::wikitext::core::parser::markup::phrase::HtmlCommentPhraseModifier ,6,1,0,2,6,2,1,5,2,0.833333,1,1,0.166667,32.7143,14.2619,0,0,0,0,0, 
org::eclipse::mylyn::internal::bugzilla::core::BugzillaReportSubmitForm ,63,0,0,2,1157,294,18.3651,1059,191,16.8095,98,103,1.55556,162.429,22.5494,0,0,0,0,0, 
org::eclipse::mylyn::internal::jira::core::wsdl::beans::RemoteField ,9,0,0,2,97,69,10.7778,103,75,11.4444,-6,7,-0.666667,110.714,28.3461,0,0,0,0,0, 
org::eclipse::mylyn::internal::jira::core::model::JiraWorkLog ,2,0,0,1,3,3,1.5,0,0,0,3,3,1.5,15.7143,13,1,1,0,0,0, 
org::eclipse::mylyn::internal::jira::core::Messages ,3,0,0,1,18,18,6,2,2,0.666667,16,18,5.33333,14.8571,1.14286,2,1,0,0,0, 
org::eclipse::mylyn::internal::wikitext::tracwiki::core::token::SourceLinkReplacementToken ,1,0,0,1,0,0,0,0,0,0,0,0,0,7.14286,0,0,0,0,0,0, 
org::eclipse::mylyn::internal::trac::ui::wizard::TracQueryPage ,7,0,0,2,52,37,7.42857,51,43,7.28571,1,4,0.142857,39.5714,21.5687,1,1,0,0,0, 
org::eclipse::mylyn::internal::tasks::ui::editors::RepositoryTextViewerConfiguration ,25,0,0,3,163,45,6.52,184,88,7.36,-21,35,-0.84,53.7143,21.9334,0,0,0,0,0, 
org::eclipse::mylyn::internal::jira::core::model::IssueField ,2,0,0,1,1,1,0.5,1,1,0.5,0,0,0,23.2857,8.42857,0,0,0,0,0, 
org::eclipse::mylyn::tasks::core::data::TaskDataModel ,20,0,0,2,117,29,5.85,65,14,3.25,52,20,2.6,46.5714,3.80952,1,1,0,0,0, 
org::eclipse::mylyn::internal::tasks::ui::views::PriorityDropDownAction ,20,0,0,3,92,17,4.6,104,19,5.2,-12,3,-0.6,120.714,46.7904,0,0,0,0,0, 
org::eclipse::mylyn::internal::wikitext::textile::core::block::ListBlock ,5,0,0,2,22,18,4.4,20,16,4,2,2,0.4,32.7143,5.07143,0,0,0,0,0, 
org::eclipse::mylyn::internal::tasks::ui::TaskRepositoryLocationUi ,19,0,0,3,141,43,7.42105,103,26,5.42105,38,17,2,72.5714,16.6768,0,0,0,0,0, 
org::eclipse::mylyn::internal::wikitext::textile::core::phrase::ImageTextilePhraseModifier ,5,0,0,2,22,14,4.4,24,16,4.8,-2,0,-0.4,32.7143,7.08441,0,0,0,0,0, 
org::eclipse::mylyn::internal::wikitext::mediawiki::core::phrase::SimpleWrappedPhraseModifier ,5,0,0,2,22,16,4.4,20,13,4,2,3,0.4,32.7143,2.72078,0,0,0,0,0, 
org::eclipse::mylyn::internal::tasks::ui::editors::EditorUtil ,25,0,0,2,485,143,19.4,123,83,4.92,362,143,14.48,61.2857,27.2592,3,1,1,0,1, 
org::eclipse::mylyn::internal::wikitext::twiki::core::validation::ListWhitespaceValidationRule ,3,0,0,1,17,14,5.66667,15,12,5,2,2,0.666667,23.5714,1.12605,0,0,0,0,0, 
org::eclipse::mylyn::xplanner::wsdl::db::QueryException ,5,0,0,2,83,79,16.6,80,76,16,3,3,0.6,93.7143,38.1807,0,0,0,0,0, 
org::eclipse::mylyn::internal::trac::core::client::TracLoginException ,4,0,0,2,6,4,1.5,3,1,0.75,3,3,0.75,39.5714,15.9524,0,0,0,0,0, 
org::eclipse::mylyn::internal::sandbox::bridge::bugs::MylynBugsManager ,4,0,0,2,7,5,1.75,3,2,0.75,4,4,1,88,55.0612,0,0,0,0,0, 
org::eclipse::mylyn::internal::tasks::ui::notifications::TaskDiffUtil ,5,1,0,2,25,18,5,23,18,4.6,2,3,0.4,41.1429,23.9657,1,1,0,0,0, 
org::eclipse::mylyn::internal::wikitext::ui::viewer::annotation::ImageDrawingStrategy ,2,0,0,1,17,17,8.5,1,1,0.5,16,16,8,24.7143,0.142857,0,0,0,0,0, 
org::eclipse::mylyn::internal::trac::core::model::TracMilestone ,8,0,0,2,10,4,1.25,7,1,0.875,3,3,0.375,133,87.8,0,0,0,0,0, 
org::eclipse::mylyn::internal::team::ui::actions::CommitContextAction ,10,0,0,2,39,21,3.9,48,31,4.8,-9,3,-0.9,139.286,36.2344,0,0,0,0,0, 
org::eclipse::mylyn::internal::tasks::ui::util::TreeWalker ,4,0,0,2,17,13,4.25,4,3,1,13,10,3.25,56.2857,50.1933,0,0,0,0,0, 
org::eclipse::mylyn::internal::trac::ui::TracUiPlugin ,22,0,2,2,46,6,2.09091,95,42,4.31818,-49,4,-2.22727,133,54.5248,0,0,0,0,0, 
org::eclipse::mylyn::internal::tasks::core::TaskList ,48,0,1,3,860,405,17.9167,1534,1119,31.9583,-674,35,-14.0417,48,2.47824,0,0,0,0,0, 
org::eclipse::mylyn::internal::tasks::bugs::wizards::ReportErrorPage ,10,0,0,2,148,79,14.8,63,16,6.3,85,69,8.5,42.8571,7.17761,2,1,0,0,0, 
org::eclipse::mylyn::internal::jira::ui::editor::WorkLogTableLabelProvider ,3,0,0,1,2,1,0.666667,2,1,0.666667,0,0,0,15.7143,7.57143,1,1,0,0,0, 
org::eclipse::mylyn::tasks::ui::editors::AbstractTaskEditorExtension ,2,0,0,1,1,1,0.5,1,1,0.5,0,0,0,21.5714,7,0,0,0,0,0, 
org::eclipse::mylyn::internal::wikitext::ui::util::css::editor::Colors ,1,0,0,1,0,0,0,0,0,0,0,0,0,6.42857,0,0,0,0,0,0, 
org::eclipse::mylyn::internal::wikitext::ui::editor::syntax::Messages ,2,0,0,1,1,1,0.5,1,1,0.5,0,0,0,19.8571,2,1,0,0,0,0, 
org::eclipse::mylyn::internal::xplanner::ui::XPlannerTaskListMigrator ,1,0,0,1,0,0,0,0,0,0,0,0,0,6.42857,0,1,1,0,0,0, 
org::eclipse::mylyn::internal::tasks::ui::deprecated::TaskFactory ,9,0,0,2,23,9,2.55556,20,8,2.22222,3,4,0.333333,45.2857,4.26087,0,0,0,0,0, 
org::eclipse::mylyn::internal::trac::ui::Messages ,1,0,0,1,0,0,0,0,0,0,0,0,0,14.8571,0,0,0,0,0,0, 
org::eclipse::mylyn::internal::trac::core::TracAttributeMapper ,7,0,0,2,19,7,2.71429,37,28,5.28571,-18,4,-2.57143,39.5714,9.61654,0,0,0,0,0, 
org::eclipse::mylyn::wikitext::ui::viewer::Messages ,2,0,0,1,1,1,0.5,1,1,0.5,0,0,0,19.8571,2,1,0,0,0,0, 
org::eclipse::mylyn::internal::wikitext::twiki::core::validation::TWikiReferenceValidationRule ,2,0,0,1,1,1,0.5,1,1,0.5,0,0,0,16.4286,1.71429,0,0,0,0,0, 
org::eclipse::mylyn::internal::web::ui::BrowserTracker ,6,0,0,2,9,4,1.5,24,15,4,-15,3,-2.5,92.4286,39.5714,0,0,0,0,0, 
org::eclipse::mylyn::internal::context::core::InteractionContext ,24,0,1,3,138,25,5.75,93,29,3.875,45,11,1.875,94.2857,36.6667,0,0,0,0,0, 
org::eclipse::mylyn::internal::tasks::core::SaxRepositoriesWriter ,15,0,2,2,57,12,3.8,44,12,2.93333,13,5,0.866667,139.143,81.5263,0,0,0,0,0, 
org::eclipse::mylyn::internal::java::ui::actions::Messages ,1,0,0,1,0,0,0,0,0,0,0,0,0,14.8571,0,0,0,0,0,0, 
org::eclipse::mylyn::internal::tasks::ui::TaskEditorBloatMonitor ,7,0,0,2,17,11,2.42857,8,5,1.14286,9,11,1.28571,64.8571,31.7899,1,0,0,0,1, 
org::eclipse::mylyn::tasks::core::AbstractTaskListMigrator ,6,0,0,2,14,4,2.33333,5,3,0.833333,9,4,1.5,43.7143,14.102,0,0,0,0,0, 
org::eclipse::mylyn::internal::bugzilla::ui::tasklist::BugzillaCustomQueryWizardPage ,37,0,0,3,154,45,4.16216,153,52,4.13513,1,9,0.027027,152.714,73.936,0,0,0,0,0, 
org::eclipse::mylyn::internal::wikitext::confluence::core::block::ExtendedQuoteBlock ,6,1,0,2,91,40,15.1667,75,62,12.5,16,39,2.66667,32.7143,11.3124,0,0,0,0,0, 
org::eclipse::mylyn::context::core::AbstractContextStructureBridge ,14,0,0,2,50,13,3.57143,76,24,5.42857,-26,7,-1.85714,120.429,36.46,0,0,0,0,0, 
org::eclipse::mylyn::internal::bugzilla::ui::tasklist::BugzillaTaskAttachmentPage ,3,0,0,1,19,15,6.33333,19,15,6.33333,0,0,0,13.5714,0.451128,0,0,0,0,0, 
org::eclipse::mylyn::wikitext::tracwiki::core::Main ,1,0,0,1,0,0,0,0,0,0,0,0,0,4.85714,0,0,0,0,0,0, 
org::eclipse::mylyn::zest::layouts::algorithms::VerticalLayoutAlgorithm ,4,1,1,2,18,12,4.5,3,2,0.75,15,11,3.75,184.857,30.9048,0,0,0,0,0, 
org::eclipse::mylyn::context::tests::support::DomContextWriter ,19,0,3,2,84,22,4.42105,54,11,2.84211,30,12,1.57895,131.714,79.3333,0,0,0,0,0, 
org::eclipse::mylyn::internal::tasks::ui::search::SearchResultContentProvider ,9,0,0,3,12,4,1.33333,13,4,1.44444,-1,3,-0.111111,135.429,74.0595,0,0,0,0,0, 
org::eclipse::mylyn::monitor::usage::AbstractStudyQuestionnairePage ,5,0,0,2,7,4,1.4,7,4,1.4,0,3,0,90.7143,48.5102,0,0,0,0,0, 
org::eclipse::mylyn::internal::wikitext::mediawiki::core::block::TableBlock ,3,0,0,2,58,37,19.3333,52,37,17.3333,6,6,2,32.7143,8.82266,1,0,0,0,0, 
org::eclipse::mylyn::internal::tasks::ui::editors::TaskEditorPeoplePart ,16,1,0,3,103,27,6.4375,345,280,21.5625,-242,11,-15.125,61.2857,10.172,1,1,0,0,0, 
org::eclipse::mylyn::internal::wikitext::textile::core::block::TextileGlossaryBlock ,3,0,0,2,9,5,3,9,5,3,0,0,0,32.7143,6.66667,0,0,0,0,0, 
org::eclipse::mylyn::zest::core::widgets::internal::XYScaledGraphics ,4,1,1,1,5,3,1.25,4,2,1,1,1,0.25,103.714,20.4857,0,0,0,0,0, 
org::eclipse::mylyn::internal::bugzilla::ui::tasklist::BugzillaCategorySearchOperation ,14,0,1,2,49,14,3.5,43,9,3.07143,6,5,0.428571,164,21.6531,0,0,0,0,0, 
org::eclipse::mylyn::internal::wikitext::textile::core::token::HyperlinkReplacementToken ,4,0,0,2,9,6,2.25,9,6,2.25,0,0,0,32.7143,5.39683,0,0,0,0,0, 
org::eclipse::mylyn::internal::tasklist::RelativePathUtil ,3,0,0,1,5,5,1.66667,5,5,1.66667,0,0,0,164.429,0.428571,0,0,0,0,0, 
org::eclipse::mylyn::tasks::core::RepositoryStatus ,18,4,0,3,249,107,13.8333,152,101,8.44444,97,101,5.38889,97.1429,10.852,0,0,0,0,0, 
org::eclipse::mylyn::internal::tasks::ui::actions::FilterCompletedTasksAction ,15,0,0,2,36,6,2.4,36,6,2.4,0,3,0,139.571,74.1508,0,0,0,0,0, 
org::eclipse::mylyn::internal::java::ui::JavaDebugStructureBridge ,8,0,0,2,20,8,2.5,19,7,2.375,1,3,0.125,92.4286,30.2071,0,0,0,0,0, 
org::eclipse::mylyn::internal::xplanner::core::service::exceptions::AuthenticationException ,1,0,0,1,0,0,0,0,0,0,0,0,0,6.42857,0,0,0,0,0,0, 
org::eclipse::mylyn::internal::jira::core::wsdl::beans::RemoteServerInfo ,9,0,0,2,252,225,28,278,251,30.8889,-26,7,-2.88889,110.714,23.5737,0,0,0,0,0, 
org::eclipse::mylyn::internal::resources::ui::EditorInteractionMonitor ,33,0,1,2,229,37,6.93939,166,23,5.0303,63,25,1.90909,139.143,68.2614,0,0,0,0,0, 
org::eclipse::mylyn::tasks::core::data::TaskAttribute ,33,0,1,3,388,112,11.7576,257,94,7.78788,131,20,3.9697,47.1429,9.16973,0,0,0,0,0, 
org::eclipse::mylyn::zest::layouts::algorithms::ContinuousLayoutAlgorithm ,9,1,0,3,75,33,8.33333,43,36,4.77778,32,26,3.55556,184.857,43.3809,0,0,0,0,0, 
org::eclipse::mylyn::internal::monitor::core::collection::InteractionEventClassifier ,8,0,1,2,18,7,2.25,20,7,2.5,-2,4,-0.25,109.857,72.7619,0,0,0,0,0, 
org::eclipse::mylyn::internal::context::core::InteractionContextScaling ,8,0,1,2,42,21,5.25,39,16,4.875,3,5,0.375,73.8571,13.2551,0,0,0,0,0, 
org::eclipse::mylyn::zest::tests::jface::GraphJFaceSnippet3 ,2,0,0,1,2,2,1,4,4,2,-2,0,-1,80.8571,0,0,0,0,0,0, 
org::eclipse::mylyn::bugzilla::deprecated::BugzillaCompareNode ,3,0,0,3,19,19,6.33333,15,15,5,4,4,1.33333,39.5714,13,0,0,0,0,0, 
org::eclipse::mylyn::internal::tasks::ui::actions::DeleteTaskRepositoryAction ,29,0,2,3,188,91,6.48276,138,61,4.75862,50,30,1.72414,139.571,104.862,0,0,0,0,0, 
org::eclipse::mylyn::internal::tasks::ui::editors::AttachmentSizeFormatter ,7,0,0,3,58,26,8.28571,39,10,5.57143,19,17,2.71429,57.7143,12.5542,0,0,0,0,0, 
org::eclipse::mylyn::internal::jira::ui::wizards::JiraNamedFilterPage ,7,0,0,2,43,16,6.14286,44,23,6.28571,-1,5,-0.142857,44.5714,14.7841,0,0,0,0,0, 
org::eclipse::mylyn::internal::tasks::ui::util::WebBrowserDialog ,5,0,0,3,8,4,1.6,8,5,1.6,0,3,0,135.571,87.0893,0,0,0,0,0, 
org::eclipse::mylyn::internal::jira::core::IJiraConstants ,5,0,0,2,50,24,10,23,22,4.6,27,23,5.4,43.7143,23.0971,0,0,0,0,0, 
org::eclipse::mylyn::internal::tests::report::TaskReporterStatistics ,6,1,0,2,24,10,4,2,1,0.333333,22,10,3.66667,65,16.4405,0,0,0,0,0, 
org::eclipse::mylyn::internal::wikitext::ui::util::PreferenceStoreFacade ,2,0,0,1,1,1,0.5,1,1,0.5,0,0,0,20.8571,6.14286,0,0,0,0,0, 
org::eclipse::mylyn::internal::bugzilla::ui::FavoritesView ,4,0,1,1,0,0,0,3,3,0.75,-3,0,-0.75,164,0,0,0,0,0,0, 
org::eclipse::mylyn::internal::wikitext::tasks::ui::preferences::Messages ,1,0,0,1,0,0,0,0,0,0,0,0,0,6.42857,0,1,0,0,0,0, 
org::eclipse::mylyn::wikitext::core::parser::markup::token::AcronymReplacementToken ,7,1,0,2,8,2,1.14286,6,2,0.857143,2,1,0.285714,32.7143,13.6786,0,0,0,0,0, 
org::eclipse::mylyn::internal::trac::core::model::TracComponent ,8,0,0,2,10,4,1.25,7,1,0.875,3,3,0.375,133,87.8,0,0,0,0,0, 
org::eclipse::mylyn::internal::tasks::ui::actions::CollapseAllAction ,12,0,0,2,25,4,2.08333,25,6,2.08333,0,3,0,139.571,80.9886,0,0,0,0,0, 
org::eclipse::mylyn::internal::jira::core::wsdl::beans::RemoteScheme ,9,0,0,2,219,192,24.3333,242,215,26.8889,-23,7,-2.55556,110.714,24.0261,0,0,0,0,0, 
org::eclipse::mylyn::resources::ui::ResourcesUi ,4,0,0,2,6,4,1.5,2,1,0.5,4,3,1,48.5714,21.4286,0,0,0,0,0, 
org::eclipse::mylyn::internal::tasks::ui::util::Messages ,7,1,0,2,22,12,3.14286,20,8,2.85714,2,12,0.285714,14.5714,3.93506,0,0,0,0,0, 
org::eclipse::mylyn::internal::trac::core::TracClientManager ,6,0,0,3,113,84,18.8333,10,5,1.66667,103,81,17.1667,140.714,4.82807,0,0,0,0,0, 
org::eclipse::mylyn::internal::tasks::core::TaskContainerDelta ,7,0,0,3,38,13,5.42857,27,13,3.85714,11,5,1.57143,43.7143,4.21053,0,0,0,0,0, 
org::eclipse::mylyn::internal::bugzilla::core::internal::Favorite ,4,0,1,1,3,2,0.75,3,2,0.75,0,0,0,164,10.5714,0,0,0,0,0, 
org::eclipse::mylyn::internal::context::ui::InterestDecorator ,17,0,0,2,78,20,4.58824,80,31,4.70588,-2,19,-0.117647,139.714,58.0787,0,0,0,0,0, 
org::eclipse::mylyn::tasks::core::data::TaskAttachmentMapper ,11,0,0,3,126,32,11.4545,78,23,7.09091,48,27,4.36364,45.2857,8.36168,0,0,0,0,0, 
org::eclipse::mylyn::zest::tests::uml::UMLClassFigure ,1,0,0,1,0,0,0,0,0,0,0,0,0,80.8571,0,0,0,0,0,0, 
upload::PercentUsageComparator ,5,0,0,1,8,5,1.6,8,4,1.6,0,4,0,103.714,53.0179,0,0,0,0,0, 
org::eclipse::mylyn::internal::wikitext::ui::editor::assist::MarkupTemplateCompletionProcessor ,9,2,0,2,28,18,3.11111,36,24,4,-8,1,-0.888889,32.7143,6.20408,1,0,0,0,0, 
org::eclipse::mylyn::internal::bugzilla::core::search::BugzillaQueryPageParser ,9,0,1,1,28,16,3.11111,17,9,1.88889,11,7,1.22222,164,5.32143,0,0,0,0,0, 
org::eclipse::mylyn::internal::java::ui::LandmarkMarkerManager ,36,0,3,2,171,21,4.75,185,15,5.13889,-14,10,-0.388889,164,71.3667,0,0,0,0,0, 
org::eclipse::mylyn::internal::jira::core::service::soap::JiraSoapClient ,27,0,0,2,373,137,13.8148,259,97,9.59259,114,40,4.22222,54,31.0582,0,0,0,0,0, 
org::eclipse::mylyn::internal::jira::core::wsdl::beans::RemoteProject ,9,0,0,2,364,324,40.4444,404,364,44.8889,-40,7,-4.44444,110.714,22.5632,0,0,0,0,0, 
org::eclipse::mylyn::internal::jira::ui::editor::JiraTaskEditorPage ,15,1,0,2,66,18,4.4,88,45,5.86667,-22,18,-1.46667,43.7143,16.1861,1,0,0,0,0, 
org::eclipse::mylyn::internal::tasks::ui::views::TaskListSorter ,1,0,0,1,0,0,0,0,0,0,0,0,0,8.28571,0,0,0,0,0,0, 
org::eclipse::mylyn::internal::jira::core::model::JiraVersion ,13,1,0,4,82,43,6.30769,40,19,3.07692,42,24,3.23077,88.4286,30.3467,0,0,0,0,0, 
org::eclipse::mylyn::internal::team::ui::templates::Messages ,1,0,0,1,0,0,0,0,0,0,0,0,0,14.8571,0,0,0,0,0,0, 
org::eclipse::mylyn::internal::tasks::ui::actions::NewSubTaskAction ,29,0,0,2,246,90,8.48276,203,70,7,43,77,1.48276,68.8571,26.2422,1,1,0,0,0, 
org::eclipse::mylyn::internal::context::ui::actions::ContextCopyAction ,30,0,0,3,107,11,3.56667,109,21,3.63333,-2,10,-0.0666667,118.714,51.7423,0,0,0,0,0, 
org::eclipse::mylyn::internal::tasks::ui::editors::TaskHyperlinkDetector ,16,0,0,2,181,51,11.3125,231,132,14.4375,-50,24,-3.125,90.4286,57.4546,0,0,0,0,0, 
org::eclipse::mylyn::internal::resources::ui::ResourcesUiExtensionPointReader ,8,0,0,2,14,6,1.75,18,6,2.25,-4,4,-0.5,92.4286,59.2551,0,0,0,0,0, 
org::eclipse::mylyn::zest::core::widgets::internal::RoundedChopboxAnchor ,2,0,1,1,1,1,0.5,1,1,0.5,0,0,0,103.714,11.5714,0,0,0,0,0, 
org::eclipse::mylyn::wikitext::core::parser::builder::EventLoggingDocumentBuilder ,6,1,0,2,34,16,5.66667,34,16,5.66667,0,1,0,32.7143,8.2437,0,0,0,0,0, 
org::eclipse::mylyn::wikitext::core::parser::markup::phrase::LiteralPhraseModifierProcessor ,5,1,0,2,29,25,5.8,5,2,1,24,23,4.8,32.7143,20.8325,0,0,0,0,0, 
org::eclipse::mylyn::internal::wikitext::confluence::core::block::AbstractConfluenceDelimitedBlock ,4,0,0,2,20,16,5,17,13,4.25,3,3,0.75,31,2.2,0,0,0,0,0, 
org::eclipse::mylyn::internal::wikitext::ui::editor::assist::Templates ,3,0,0,1,12,10,4,6,4,2,6,6,2,32.7143,1.71429,0,0,0,0,0, 
org::eclipse::mylyn::internal::tasks::ui::editors::TaskPlanningEditor ,174,2,5,3,1957,173,11.2471,1857,160,10.6724,100,58,0.574713,139.571,47.2803,3,2,0,0,1, 
org::eclipse::mylyn::internal::tasks::ui::LocalRepositoryConnectorUi ,4,0,0,2,7,4,1.75,3,1,0.75,4,3,1,42.1429,20.2857,0,0,0,0,0, 
org::eclipse::mylyn::internal::tasks::ui::views::TaskListFilteredTree ,113,3,1,3,1303,127,11.531,798,82,7.06195,505,109,4.46903,139.571,51.7615,3,2,1,1,0, 
org::eclipse::mylyn::zest::core::messages::ZestUIMessages ,1,0,1,1,0,0,0,0,0,0,0,0,0,103.714,0,0,0,0,0,0, 
org::eclipse::mylyn::internal::tasks::core::SaxRepositoriesContentHandler ,14,0,1,2,24,5,1.71429,27,5,1.92857,-3,4,-0.214286,139.143,80.5893,0,0,0,0,0, 
org::eclipse::mylyn::internal::monitor::ui::ActionExecutionMonitor ,6,0,0,2,7,4,1.16667,8,4,1.33333,-1,3,-0.166667,90.7143,58.6531,0,0,0,0,0, 
org::eclipse::mylyn::internal::bugzilla::core::BugzillaFlag ,6,0,0,2,57,44,9.5,13,6,2.16667,44,39,7.33333,44.1429,28.5664,0,0,0,0,0, 
org::eclipse::mylyn::trac::tests::support::XmlRpcServer ,23,0,1,2,96,24,4.17391,80,18,3.47826,16,16,0.695652,142.714,31.8676,0,0,0,0,0, 
org::eclipse::mylyn::internal::resources::ui::Messages ,1,0,0,1,0,0,0,0,0,0,0,0,0,19.1429,0,0,0,0,0,0, 
org::eclipse::mylyn::examples::monitor::study::SelectionMonitor ,15,0,3,2,35,7,2.33333,37,7,2.46667,-2,2,-0.133333,109.857,35.4898,0,0,0,0,0, 
org::eclipse::mylyn::internal::tasks::ui::workingsets::TaskWorkingSetElementFactory ,19,0,0,2,49,13,2.57895,25,4,1.31579,24,11,1.26316,91.1429,41.8863,0,0,0,0,0, 
org::eclipse::mylyn::internal::jira::core::model::Version ,12,0,0,2,27,8,2.25,52,20,4.33333,-25,8,-2.08333,110.714,52.3545,0,0,0,0,0, 
org::eclipse::mylyn::internal::context::ui::editors::ContextEditorFormPage ,79,1,1,3,1225,179,15.5063,634,71,8.02532,591,179,7.48101,108.714,29.2007,3,2,1,0,0, 
org::eclipse::mylyn::zest::core::viewers::internal::ZestException ,2,0,0,1,2,2,1,2,2,1,0,0,0,103,10.8571,0,0,0,0,0, 
org::eclipse::mylyn::internal::tasks::ui::actions::ActivateTaskDialogAction ,18,0,0,3,33,5,1.83333,48,11,2.66667,-15,4,-0.833333,125.571,68.9437,0,0,0,0,0, 
org::eclipse::mylyn::internal::sandbox::ui::InterestInducingProblemListener ,6,0,0,2,8,4,1.33333,4,1,0.666667,4,3,0.666667,48.8571,16.8036,0,0,0,0,0, 
org::eclipse::mylyn::internal::tasks::ui::TaskHistoryDropDown ,24,0,0,3,170,96,7.08333,155,82,6.45833,15,16,0.625,90,39.2714,0,0,0,0,0, 
org::eclipse::mylyn::internal::wikitext::ui::editor::syntax::Span ,4,0,0,2,9,7,2.25,7,5,1.75,2,2,0.5,32.7143,2.95238,0,0,0,0,0, 
org::eclipse::mylyn::internal::tasks::ui::PersonContentProposal ,13,0,0,3,96,52,7.38462,66,52,5.07692,30,52,2.30769,96.5714,19.0937,0,0,0,0,0, 
org::eclipse::mylyn::internal::team::ccvs::CommitContextWizard ,4,0,0,1,5,2,1.25,8,4,2,-3,0,-0.75,92.4286,19.6286,0,0,0,0,0, 
org::eclipse::mylyn::internal::jira::core::model::CustomField ,11,0,0,3,41,10,3.72727,26,17,2.36364,15,10,1.36364,94.7143,30.331,0,0,0,0,0, 
org::eclipse::mylyn::internal::tasks::core::TaskActivationHistory ,7,1,0,3,57,36,8.14286,81,38,11.5714,-24,11,-3.42857,45.4286,24.5013,0,0,0,0,0, 
org::eclipse::mylyn::internal::context::ui::actions::RemoveFromContextAction ,8,1,0,2,89,66,11.125,25,9,3.125,64,62,8,108.571,3.56982,0,0,0,0,0, 
org::eclipse::mylyn::internal::tasks::ui::util::AbstractRetrieveTitleFromUrlJob ,1,0,0,1,0,0,0,0,0,0,0,0,0,9.42857,0,0,0,0,0,0, 
org::eclipse::mylyn::internal::bugzilla::core::KeywordParser ,13,0,1,2,22,7,1.69231,166,155,12.7692,-144,7,-11.0769,148.571,26.1169,0,0,0,0,0, 
org::eclipse::mylyn::tasks::core::data::AbstractTaskDataHandler ,12,0,0,2,31,8,2.58333,95,67,7.91667,-64,4,-5.33333,45.2857,6.2765,0,0,0,0,0, 
org::eclipse::mylyn::internal::sandbox::ui::planner::TaskPlanSorter ,5,0,1,3,13,4,2.6,10,4,2,3,3,0.6,46,9.48352,0,0,0,0,0, 
org::eclipse::mylyn::internal::tasks::ui::views::TaskInputDialog ,24,0,2,2,70,17,2.91667,71,21,2.95833,-1,4,-0.0416667,139.571,83.2204,0,0,0,0,0, 
org::eclipse::mylyn::internal::tasks::ui::commands::OpenTaskRepositoryPropertiesHandler ,3,0,0,2,5,4,1.66667,2,1,0.666667,3,3,1,32.1429,9.08571,0,0,0,0,0, 
org::eclipse::mylyn::tasks::ui::wizards::TaskAttachmentPage ,20,0,0,3,116,23,5.8,134,35,6.7,-18,8,-0.9,45.5714,13.3621,0,0,0,0,0, 
org::eclipse::mylyn::wikitext::core::parser::TableRowAttributes ,5,1,0,2,14,9,2.8,4,2,0.8,10,7,2,32.7143,11.051,0,0,0,0,0, 
org::eclipse::mylyn::internal::tasks::core::TransferList ,2,0,0,1,1,1,0.5,1,1,0.5,0,0,0,6.71429,0.142857,0,0,0,0,0, 
org::eclipse::mylyn::internal::tasks::core::data::TaskDataStateReader ,26,0,0,2,668,419,25.6923,442,263,17,226,156,8.69231,47.1429,1.59752,0,0,0,0,0, 
org::eclipse::mylyn::internal::tasks::ui::editors::TaskEditorOutlineNode ,6,0,0,2,39,23,6.5,29,17,4.83333,10,6,1.66667,41.2857,7.78022,0,0,0,0,0, 
org::eclipse::mylyn::internal::bugzilla::ui::action::BugzillaObsoleteAttachmentAction ,1,0,0,1,0,0,0,0,0,0,0,0,0,8.71429,0,0,0,0,0,0, 
org::eclipse::mylyn::internal::commons::core::XmlStringConverter ,8,0,0,3,49,29,6.125,16,9,2,33,29,4.125,46,7.44606,0,0,0,0,0, 
org::eclipse::mylyn::internal::jira::core::model::filter::CurrentUserFilter ,7,0,0,1,10,5,1.42857,8,4,1.14286,2,4,0.285714,110.714,58.7,0,0,0,0,0, 
org::eclipse::mylyn::internal::bugzilla::ui::ViewBugzillaAction ,4,0,1,1,1,1,0.25,0,0,0,1,1,0.25,164,15.4286,0,0,0,0,0, 
org::eclipse::mylyn::internal::tasks::ui::views::TaskScheduleContentProvider ,43,0,1,3,653,136,15.186,474,82,11.0233,179,65,4.16279,104,34.8856,0,0,0,0,0, 
org::eclipse::mylyn::internal::java::ui::JavaUiBridgePlugin ,34,0,2,3,306,56,9,376,99,11.0588,-70,26,-2.05882,92.4286,26.746,0,0,0,0,0, 
org::eclipse::mylyn::internal::tasks::ui::editors::RepositoryTaskOutlineComparer ,8,0,0,2,10,4,1.25,14,4,1.75,-4,3,-0.5,139.571,84.6429,0,0,0,0,0, 
org::eclipse::mylyn::zest::core::viewers::EntityConnectionData ,5,0,0,1,22,14,4.4,7,5,1.4,15,9,3,121.571,27.6104,0,0,0,0,0, 
org::eclipse::mylyn::internal::tasks::core::deprecated::AbstractTaskListFactory ,7,0,0,2,55,22,7.85714,58,21,8.28571,-3,3,-0.428571,45,4.04935,0,0,0,0,0, 
org::eclipse::mylyn::internal::wikitext::twiki::core::block::VerbatimBlock ,2,0,0,1,3,3,1.5,3,3,1.5,0,0,0,23.8571,4,0,0,0,0,0, 
upload::GetUserIDServlet ,4,0,0,1,13,7,3.25,1,1,0.25,12,7,3,103.714,38.0989,0,0,0,0,0, 
org::eclipse::mylyn::internal::sandbox::ui::DelegatingContextLabelProvider ,6,1,0,2,10,5,1.66667,9,4,1.5,1,1,0.166667,48.8571,15.2571,0,0,0,0,0, 
org::eclipse::mylyn::internal::tasks::core::UnsubmittedTaskContainer ,5,0,0,3,17,9,3.4,33,28,6.6,-16,3,-3.2,39.8571,10.8908,0,0,0,0,0, 
org::eclipse::mylyn::internal::xplanner::ui::editor::Messages ,1,0,0,1,0,0,0,0,0,0,0,0,0,6.42857,0,0,0,0,0,0, 
org::eclipse::mylyn::internal::tasks::core::externalization::TaskListExternalizationParticipant ,23,0,0,3,243,66,10.5652,183,70,7.95652,60,57,2.6087,46,3.09053,0,0,0,0,0, 
org::eclipse::mylyn::internal::sandbox::ui::planner::TaskActivityWizard ,6,0,0,2,13,5,2.16667,10,5,1.66667,3,4,0.5,46,18.8571,0,0,0,0,0, 
org::eclipse::mylyn::internal::web::ui::WebResourceStructureBridge ,8,0,0,2,18,8,2.25,18,8,2.25,0,3,0,92.4286,20.8254,0,0,0,0,0, 
org::eclipse::mylyn::internal::wikitext::tracwiki::core::token::HyperlinkReplacementToken ,4,0,0,2,13,10,3.25,9,6,2.25,4,4,1,32.7143,7.84615,0,0,0,0,0, 
org::eclipse::mylyn::wikitext::core::util::anttask::MarkupToHtmlTask ,15,2,0,2,219,52,14.6,119,49,7.93333,100,39,6.66667,32.7143,15.3816,0,0,0,0,0, 
org::eclipse::mylyn::tasks::ui::AbstractTaskHyperlinkDetector ,3,0,0,1,3,3,1,9,6,3,-6,0,-2,22.2857,0.285714,0,0,0,0,0, 
org::eclipse::mylyn::tasks::ui::LegendElement ,4,0,0,2,18,13,4.5,2,1,0.5,16,13,4,43.7143,9.24603,0,0,0,0,0, 
org::eclipse::mylyn::internal::wikitext::ui::editor::preferences::CssStyleFieldEditor ,5,1,2,1,9,4,1.8,8,3,1.6,1,1,0.2,16.5714,7.49206,1,0,0,0,0, 
org::eclipse::mylyn::internal::tasks::ui::wizards::AttachmentPreviewPage ,4,0,0,1,6,3,1.5,6,6,1.5,0,3,0,14.7143,2.95238,3,3,0,0,0, 
org::eclipse::mylyn::internal::wikitext::tasks::ui::util::ShowInTargetBridge ,1,0,0,1,0,0,0,0,0,0,0,0,0,4,0,0,0,0,0,0, 
org::eclipse::mylyn::internal::wikitext::ui::editor::assist::Messages ,2,0,0,1,1,1,0.5,1,1,0.5,0,0,0,19.8571,2,1,0,0,0,0, 
org::eclipse::mylyn::internal::wikitext::tracwiki::core::phrase::SimplePhraseModifier ,2,0,0,1,8,8,4,8,8,4,0,0,0,32.7143,1.71429,0,0,0,0,0, 
org::eclipse::mylyn::internal::sandbox::ui::GroupedPresentation ,4,0,0,3,9,5,2.25,5,3,1.25,4,4,1,81,45.1587,0,0,0,0,0, 
org::eclipse::mylyn::internal::commons::ui::ColorCanvas ,3,0,0,1,6,5,2,2,1,0.666667,4,4,1.33333,45.8571,19.3095,0,0,0,0,0, 
org::eclipse::mylyn::zest::layouts::algorithms::TreeLayoutAlgorithm ,6,1,1,2,45,26,7.5,24,13,4,21,13,3.5,184.857,78.5206,0,0,0,0,0, 
org::eclipse::mylyn::tasks::ui::editors::AttributeEditorFactory ,12,0,0,3,101,26,8.41667,24,13,2,77,25,6.41667,45.8571,16.5106,0,0,0,0,0, 
org::eclipse::mylyn::internal::wikitext::ui::util::css::Selector ,1,0,1,1,0,0,0,0,0,0,0,0,0,7.42857,0,0,0,0,0,0, 
org::eclipse::mylyn::internal::tasks::ui::search::SearchResultSorter ,1,0,0,1,0,0,0,0,0,0,0,0,0,8.28571,0,0,0,0,0,0, 
org::eclipse::mylyn::internal::xplanner::ui::wizard::XPlannerCustomQueryPage ,2,0,0,2,0,0,0,1,1,0.5,-1,0,-0.5,6.42857,0,0,0,0,0,0, 
org::eclipse::mylyn::zest::tests::jface::GraphJFaceSnippet2 ,1,0,0,1,0,0,0,0,0,0,0,0,0,80.8571,0,0,0,0,0,0, 
org::eclipse::mylyn::internal::monitor::ui::WindowChangeMonitor ,8,0,0,2,21,8,2.625,23,10,2.875,-2,6,-0.25,90.7143,42.2857,0,0,0,0,0, 
org::eclipse::mylyn::internal::monitor::ui::PreferenceChangeMonitor ,7,0,0,2,8,4,1.14286,12,4,1.71429,-4,3,-0.571429,90.7143,53.4821,0,0,0,0,0, 
org::eclipse::mylyn::internal::tasks::ui::actions::TaskWorkingSetAction ,21,0,0,2,281,44,13.381,366,166,17.4286,-85,38,-4.04762,91.5714,4.98576,0,0,0,0,0, 
org::eclipse::mylyn::internal::tasks::ui::editors::BrowserPreviewViewer ,2,0,0,1,7,7,3.5,7,7,3.5,0,0,0,21.5714,7,2,2,0,0,0, 
org::eclipse::mylyn::internal::tasks::ui::TasksUiMessages ,5,0,0,2,7,4,1.4,4,1,0.8,3,3,0.6,74.7143,48.3673,0,0,0,0,0, 
org::eclipse::mylyn::internal::tasks::ui::search::OpenSearchResultAction ,18,0,0,3,33,5,1.83333,47,11,2.61111,-14,4,-0.777778,135.429,53.013,0,0,0,0,0, 
org::xplanner::soap::NoteData ,6,0,0,2,261,257,43.5,286,282,47.6667,-25,0,-4.16667,93.7143,38.9743,0,0,0,0,0, 
org::eclipse::mylyn::internal::trac::core::Messages ,1,0,0,1,0,0,0,0,0,0,0,0,0,14.8571,0,1,1,0,0,0, 
org::eclipse::mylyn::internal::jira::core::service::JiraTimeFormat ,1,0,0,1,0,0,0,0,0,0,0,0,0,2.71429,0,0,0,0,0,0, 
org::eclipse::mylyn::internal::wikitext::ui::util::OutlineItemWorkbenchAdapter ,2,0,0,1,5,5,2.5,1,1,0.5,4,4,2,8.57143,0,0,0,0,0,0, 
org::eclipse::mylyn::wikitext::core::parser::markup::MarkupLanguage ,12,1,0,2,269,119,22.4167,164,80,13.6667,105,73,8.75,32.7143,14.3335,0,0,0,0,0, 
org::eclipse::mylyn::internal::tasks::core::externalization::Messages ,1,0,0,1,0,0,0,0,0,0,0,0,0,14.7143,0,0,0,0,0,0, 
org::eclipse::mylyn::internal::wikitext::ui::util::css::editor::SelectorRule ,1,0,0,1,0,0,0,0,0,0,0,0,0,6.42857,0,0,0,0,0,0, 
org::eclipse::mylyn::internal::tasks::ui::editors::TaskEditorSummaryPart ,23,0,0,2,307,74,13.3478,432,176,18.7826,-125,58,-5.43478,61.2857,11.966,2,1,1,0,0, 
org::eclipse::mylyn::wikitext::core::parser::builder::RecordingDocumentBuilder ,3,0,0,1,21,20,7,13,12,4.33333,8,8,2.66667,32.7143,1.71429,0,0,0,0,0, 
org::eclipse::mylyn::tasks::ui::editors::TaskEditorPartDescriptor ,5,0,0,2,29,21,5.8,54,40,10.8,-25,3,-5,42.8571,3.7931,0,0,0,0,0, 
org::eclipse::mylyn::internal::jira::ui::JiraIssueEditorInput ,3,0,0,1,1,1,0.333333,0,0,0,1,1,0.333333,147.857,23.8571,0,0,0,0,0, 
org::eclipse::mylyn::internal::wikitext::ui::util::css::CssClassSelector ,2,1,1,1,1,1,0.5,1,1,0.5,0,0,0,7.42857,0.571429,0,0,0,0,0, 
org::eclipse::mylyn::wikitext::core::util::DefaultXmlStreamWriter ,8,2,0,2,58,27,7.25,77,30,9.625,-19,1,-2.375,32.7143,7.62315,0,0,0,0,0, 
org::eclipse::mylyn::internal::tasks::ui::editors::CategoryEditor ,12,0,0,2,42,20,3.5,29,6,2.41667,13,14,1.08333,139.571,41.1565,0,0,0,0,0, 
org::eclipse::mylyn::internal::tasks::core::RepositoryModel ,6,0,0,2,14,6,2.33333,7,2,1.16667,7,4,1.16667,41,6.40816,0,0,0,0,0, 
org::eclipse::mylyn::internal::monitor::usage::editors::UserStudyEditorPart ,18,0,1,3,235,192,13.0556,230,192,12.7778,5,192,0.277778,103.571,6.65653,0,0,0,0,0, 
org::eclipse::mylyn::internal::sandbox::dev::properties::AbstractTaskContainerPropertySource ,8,0,0,2,83,31,10.375,39,15,4.875,44,30,5.5,67.5714,32.4475,0,0,0,0,0, 
org::eclipse::mylyn::internal::sandbox::ui::hyperlinks::DefaultResourceHyperlinkExtension ,3,0,0,2,5,4,1.66667,2,1,0.666667,3,3,1,31.8571,5.31429,0,0,0,0,0, 
org::eclipse::mylyn::internal::tasks::bugs::wizards::FeatureGroup ,7,0,0,2,98,88,14,92,88,13.1429,6,88,0.857143,40.8571,1.9621,1,1,0,0,1, 
org::eclipse::mylyn::wikitext::tracwiki::core::TracWikiLanguage ,14,1,0,2,402,154,28.7143,208,98,14.8571,194,153,13.8571,32.7143,22.6283,0,0,0,0,0, 
org::eclipse::mylyn::tasks::core::data::TaskMapper ,24,1,0,2,435,181,18.125,244,144,10.1667,191,75,7.95833,44.7143,4.35074,2,2,0,0,0, 
org::eclipse::mylyn::internal::provisional::tasks::ui::wizards::AbstractRepositoryQueryPage2 ,5,0,0,1,32,14,6.4,12,7,2.4,20,10,4,17,4.22768,0,0,0,0,0, 
org::eclipse::mylyn::internal::wikitext::ui::properties::Messages ,1,0,0,1,0,0,0,0,0,0,0,0,0,14,0,1,0,0,0,0, 
org::eclipse::mylyn::zest::layouts::dataStructures::DisplayIndependentRectangle ,3,0,0,2,9,8,3,1,1,0.333333,8,8,2.66667,184.857,102.619,0,0,0,0,0, 
org::eclipse::mylyn::bugzilla::deprecated::AttachmentPartSource ,3,0,0,3,4,4,1.33333,1,1,0.333333,3,3,1,39.5714,13,0,0,0,0,0, 
org::eclipse::mylyn::wikitext::core::parser::ImageAttributes ,4,1,0,2,15,13,3.75,2,1,0.5,13,12,3.25,32.7143,4.62857,0,0,0,0,0, 
org::eclipse::mylyn::internal::tests::report::Main ,11,0,0,2,76,34,6.90909,41,19,3.72727,35,15,3.18182,65.2857,38.4041,0,0,0,0,0, 
org::eclipse::mylyn::internal::tasks::ui::util::PlatformUtil ,4,0,0,1,71,42,17.75,1,1,0.25,70,42,17.5,21.8571,13.5674,3,1,0,0,0, 
org::eclipse::mylyn::internal::jira::core::JiraAttributeMapper ,23,0,0,2,211,76,9.17391,105,33,4.56522,106,69,4.6087,47.1429,6.88964,1,1,0,0,1, 
org::eclipse::mylyn::internal::monitor::usage::UsageMonitorImages ,9,1,1,2,25,14,2.77778,15,5,1.66667,10,9,1.11111,109.857,34.84,0,0,0,0,0, 
org::eclipse::mylyn::internal::team::ccvs::CvsLinkedTaskInfoAdapterFactory ,8,0,0,2,13,4,1.625,14,5,1.75,-1,0,-0.125,91.5714,24.4396,0,0,0,0,0, 
org::eclipse::mylyn::wikitext::ui::viewer::HtmlViewerConfiguration ,15,1,1,2,154,47,10.2667,196,77,13.0667,-42,31,-2.8,32.7143,14.8831,0,0,0,0,0, 
org::eclipse::mylyn::internal::wikitext::ui::editor::dnd::Messages ,1,0,0,1,0,0,0,0,0,0,0,0,0,7.71429,0,1,0,0,0,0, 
org::eclipse::mylyn::tasks::core::TaskMapping ,8,0,0,2,113,68,14.125,6,2,0.75,107,68,13.375,42,3.0177,0,0,0,0,0, 
org::eclipse::mylyn::internal::bugzilla::core::BugzillaClient ,184,10,3,4,4454,316,24.2065,3718,450,20.2065,736,298,4,123.857,58.9271,2,0,0,0,1, 
org::eclipse::mylyn::internal::provisional::commons::ui::AbstractNotification ,3,0,0,2,8,4,2.66667,1,1,0.333333,7,4,2.33333,45.8571,14.2857,0,0,0,0,0, 
org::eclipse::mylyn::internal::sandbox::bridge::bugs::BugzillaReportInfo ,29,0,0,3,105,17,3.62069,108,17,3.72414,-3,4,-0.103448,140.857,54,0,0,0,0,0, 
org::eclipse::mylyn::internal::tasks::ui::TaskPriorityFilter ,24,0,0,3,58,8,2.41667,64,9,2.66667,-6,5,-0.25,139.571,65.2217,0,0,0,0,0, 
org::eclipse::mylyn::internal::resources::ui::preferences::FocusedResourcesPreferencePage ,12,0,0,3,55,11,4.58333,37,8,3.08333,18,8,1.5,92.5714,32.6571,0,0,0,0,0, 
org::eclipse::mylyn::internal::tasks::core::data::ElementHandler ,5,0,0,2,8,4,1.6,5,2,1,3,3,0.6,47.1429,23.1964,0,0,0,0,0, 
org::eclipse::mylyn::commons::core::AbstractErrorReporter ,3,0,0,2,24,20,8,1,1,0.333333,23,20,7.66667,46,9.19048,0,0,0,0,0, 
org::eclipse::mylyn::internal::web::tasks::ParametersEditor ,9,0,0,4,33,20,3.66667,31,21,3.44444,2,3,0.222222,92.4286,13.0519,0,0,0,0,0, 
org::eclipse::mylyn::internal::tasks::core::RepositoryQuery ,10,0,0,2,50,25,5,27,10,2.7,23,25,2.3,44.7143,5.83143,0,0,0,0,0, 
org::eclipse::mylyn::wikitext::core::parser::markup::PatternBasedElementProcessor ,2,0,0,1,28,28,14,18,18,9,10,10,5,32.7143,1.71429,0,0,0,0,0, 
org::eclipse::mylyn::internal::tasks::ui::actions::ImportAction ,1,0,0,1,0,0,0,0,0,0,0,0,0,6.71429,0,0,0,0,0,0, 
org::eclipse::mylyn::internal::commons::ui::Messages ,2,0,0,1,0,0,0,2,2,1,-2,0,-1,14.8571,0,0,0,0,0,0, 
org::eclipse::mylyn::internal::bugzilla::core::UnrecognizedReponseException ,7,0,0,2,12,6,1.71429,11,4,1.57143,1,3,0.142857,141,67.7738,0,0,0,0,0, 
org::eclipse::mylyn::commons::net::AbstractWebLocation ,2,0,0,1,0,0,0,0,0,0,0,0,0,45.8571,0,0,0,0,0,0, 
org::eclipse::mylyn::internal::ide::ant::Messages ,1,0,0,1,0,0,0,0,0,0,0,0,0,19.1429,0,0,0,0,0,0, 
org::eclipse::mylyn::internal::tasks::ui::notifications::TaskListNotificationPopup ,21,0,0,2,99,19,4.71429,212,143,10.0952,-113,17,-5.38095,66.8571,17.5527,1,1,0,0,0, 
org::eclipse::mylyn::internal::sandbox::ui::planner::TaskActivityEditorPart ,7,0,1,3,29,12,4.14286,23,11,3.28571,6,2,0.857143,46,15.2167,0,0,0,0,0, 
org::eclipse::mylyn::internal::hypertext::ui::editors::RelatedLinks ,3,0,1,1,0,0,0,0,0,0,0,0,0,164,0,0,0,0,0,0, 
org::eclipse::mylyn::internal::tasks::bugs::wizards::SelectProductPage ,8,0,0,2,152,63,19,176,80,22,-24,3,-3,47.5714,10.6833,1,1,0,0,1, 
org::eclipse::mylyn::tasks::core::RepositoryResponse ,6,0,0,2,9,4,1.5,3,1,0.5,6,3,1,46.4286,14.746,0,0,0,0,0, 
org::eclipse::mylyn::internal::monitor::usage::InteractionEventLogger ,36,0,5,3,363,118,10.0833,361,96,10.0278,2,22,0.0555556,139.714,39.9988,0,0,0,0,0, 
org::eclipse::mylyn::internal::jira::core::JiraClientManager ,23,0,2,2,361,228,15.6957,382,228,16.6087,-21,228,-0.913043,96.8571,12.4915,0,0,0,0,0, 
org::eclipse::mylyn::internal::aspectj::AspectJBridgePlugin ,4,0,0,1,7,5,1.75,33,27,8.25,-26,0,-6.5,92.5714,47.8571,0,0,0,0,0, 
org::eclipse::mylyn::wikitext::core::parser::ListAttributes ,4,1,0,2,4,2,1,4,3,1,0,1,0,32.7143,12.6429,0,0,0,0,0, 
org::eclipse::mylyn::internal::tasks::ui::actions::TaskActivateAction ,20,0,0,2,33,6,1.65,36,6,1.8,-3,3,-0.15,139.571,69.0866,0,0,0,0,0, 
org::eclipse::mylyn::internal::ide::ui::actions::FocusBookmarkMarkersViewAction ,11,0,0,2,77,29,7,88,29,8,-11,4,-1,71.7143,12.4583,0,0,0,0,0, 
org::eclipse::mylyn::internal::sandbox::ui::planner::TaskActivityEditorInput ,7,0,1,3,37,17,5.28571,31,16,4.42857,6,4,0.857143,46,5.20077,0,0,0,0,0, 
org::eclipse::mylyn::internal::tasks::core::data::TaskDataExternalizer ,9,1,0,2,46,26,5.11111,29,12,3.22222,17,14,1.88889,46.5714,10.8261,0,0,0,0,0, 
org::eclipse::mylyn::internal::bugzilla::core::RepositoryQueryResultsFactory ,19,0,0,3,81,20,4.26316,83,25,4.36842,-2,12,-0.105263,132.714,45.4286,0,0,0,0,0, 
org::eclipse::mylyn::internal::sandbox::bridge::bugs::BugzillaSearchEngine ,37,0,0,3,302,73,8.16216,315,75,8.51351,-13,5,-0.351351,130.714,41.6277,0,0,0,0,0, 
org::eclipse::mylyn::internal::jira::core::service::JiraConfiguration ,2,0,0,1,2,2,1,0,0,0,2,2,1,2.71429,0.714286,0,0,0,0,0, 
org::eclipse::mylyn::monitor::ui::MonitorUi ,7,0,0,3,64,27,9.14286,2,1,0.285714,62,27,8.85714,48.5714,4.52902,0,0,0,0,0, 
org::eclipse::mylyn::internal::xplanner::ui::editor::XPlannerTaskEditor ,1,0,0,1,0,0,0,0,0,0,0,0,0,6.42857,0,2,2,0,0,0, 
org::eclipse::mylyn::internal::sandbox::ui::highlighters::ColorCoordinatesChange ,3,0,0,2,10,9,3.33333,2,1,0.666667,8,8,2.66667,43.5714,18.7571,0,0,0,0,0, 
org::eclipse::mylyn::internal::web::ui::WebRoot ,6,0,0,2,13,4,2.16667,13,5,2.16667,0,3,0,92.4286,33.6044,0,0,0,0,0, 
org::eclipse::mylyn::commons::core::DateUtil ,7,0,0,2,55,34,7.85714,89,56,12.7143,-34,7,-4.85714,46,18.9922,0,0,0,0,0, 
org::eclipse::mylyn::wikitext::core::parser::markup::phrase::LimitedHtmlStartTagPhraseModifier ,7,1,0,2,17,7,2.42857,9,4,1.28571,8,7,1.14286,32.7143,15.3193,0,0,0,0,0, 
org::eclipse::mylyn::zest::tests::uml::UMLExample ,3,0,0,1,52,28,17.3333,35,31,11.6667,17,20,5.66667,80.8571,0.659341,0,0,0,0,0, 
org::eclipse::mylyn::internal::wikitext::ui::viewer::annotation::HorizontalRuleDrawingStrategy ,4,1,0,2,13,10,3.25,3,2,0.75,10,10,2.5,26.5714,15.2527,0,0,0,0,0, 
org::eclipse::mylyn::tasks::core::RepositoryTemplate ,14,0,0,2,70,16,5,36,10,2.57143,34,13,2.42857,139.571,32.9816,0,0,0,0,0, 
org::eclipse::mylyn::internal::commons::net::AuthenticatedProxy ,3,0,0,2,6,4,2,3,2,1,3,3,1,40.5714,17.9048,0,0,0,0,0, 
org::eclipse::mylyn::internal::tasks::ui::wizards::TaskDataExportWizardPage ,22,0,2,3,118,27,5.36364,236,114,10.7273,-118,9,-5.36364,139.571,96.6598,0,0,0,0,0, 
org::eclipse::mylyn::internal::wikitext::ui::util::css::NameSelector ,2,1,1,1,1,1,0.5,1,1,0.5,0,0,0,7.42857,0.571429,0,0,0,0,0, 
org::eclipse::mylyn::wikitext::tasks::ui::editor::MarkupTaskEditorExtension ,11,0,0,1,79,20,7.18182,44,20,4,35,20,3.18182,14.7143,9.95117,1,1,0,0,1, 
org::eclipse::mylyn::internal::wikitext::confluence::core::block::ParameterizedBlock ,4,0,0,2,30,24,7.5,7,4,1.75,23,23,5.75,32.7143,24.0571,0,0,0,0,0, 
org::eclipse::mylyn::internal::monitor::reports::collectors::FocusedUiUsageAnalysisCollector ,16,0,1,2,149,74,9.3125,191,125,11.9375,-42,8,-2.625,92.5714,18.8322,0,0,0,0,0, 
org::eclipse::mylyn::internal::jira::core::util::JiraUtil ,18,0,0,2,391,101,21.7222,162,67,9,229,62,12.7222,48.7143,12.1381,0,0,0,0,0, 
org::eclipse::mylyn::commons::net::Policy ,3,0,0,2,3,2,1,2,1,0.666667,1,1,0.333333,45.8571,12.8571,0,0,0,0,0, 
org::eclipse::mylyn::internal::tasks::core::ScheduledTaskContainer ,38,0,1,3,426,131,11.2105,411,173,10.8158,15,12,0.394737,91.8571,35.6794,0,0,0,0,0, 
org::eclipse::mylyn::internal::wikitext::ui::editor::reconciler::MarkupValidationReconcilingStrategy ,3,0,0,2,12,11,4,8,7,2.66667,4,4,1.33333,32.7143,2.2381,0,0,0,0,0, 
org::eclipse::mylyn::internal::tasks::bugs::wizards::SelectFeaturePage ,8,0,0,2,40,11,5,24,8,3,16,3,2,47.5714,16.3,1,1,0,0,1, 
org::eclipse::mylyn::internal::tasks::ui::wizards::AttachmentSourcePage ,1,0,0,1,0,0,0,0,0,0,0,0,0,14.7143,0,0,0,0,0,0, 
org::eclipse::mylyn::internal::team::ui::Messages ,1,0,0,1,0,0,0,0,0,0,0,0,0,14.8571,0,0,0,0,0,0, 
org::eclipse::mylyn::internal::wikitext::textile::core::validation::BlockWhitespaceRule ,3,0,0,2,16,10,5.33333,13,7,4.33333,3,3,1,32.7143,5.89286,0,0,0,0,0, 
org::eclipse::mylyn::internal::trac::ui::TracHyperlinkUtil ,28,0,1,2,536,284,19.1429,470,284,16.7857,66,284,2.35714,104.857,22.9342,0,0,0,0,0, 
org::eclipse::mylyn::internal::tasks::ui::search::SearchResultTreeContentProvider ,17,0,1,3,174,59,10.2353,127,47,7.47059,47,56,2.76471,68.5714,16.0698,0,0,0,0,0, 
org::eclipse::mylyn::internal::tasks::ui::deprecated::AbstractRepositoryTaskEditor ,33,1,0,3,179,33,5.42424,166,31,5.0303,13,9,0.393939,45.2857,2.36792,0,0,0,0,0, 
org::eclipse::mylyn::internal::trac::core::model::TracTicketField ,10,0,0,2,172,152,17.2,169,152,16.9,3,152,0.3,104.571,7.95266,0,0,0,0,0, 
org::eclipse::mylyn::tasks::ui::wizards::TaskRepositoryWizardDialog ,4,0,0,1,80,52,20,22,21,5.5,58,52,14.5,6.71429,2.17679,0,0,0,0,0, 
org::eclipse::mylyn::internal::wikitext::tasks::ui::util::Util ,1,0,0,1,0,0,0,0,0,0,0,0,0,6,0,0,0,0,0,0, 
org::eclipse::mylyn::internal::tasks::ui::util::TaskContainerComparator ,1,0,0,1,0,0,0,0,0,0,0,0,0,2.71429,0,0,0,0,0,0, 
org::eclipse::mylyn::internal::tasks::core::TaskGroup ,8,0,0,3,19,5,2.375,22,10,2.75,-3,3,-0.375,81.1429,28.0602,0,0,0,0,0, 
org::eclipse::mylyn::internal::wikitext::textile::core::block::HeadingBlock ,3,0,0,2,11,8,3.66667,10,7,3.33333,1,1,0.333333,32.7143,4.75325,0,0,0,0,0, 
org::eclipse::mylyn::commons::net::HtmlTag ,2,0,0,1,0,0,0,0,0,0,0,0,0,45.8571,0,0,0,0,0,0, 
org::eclipse::mylyn::zest::tests::jface::GraphJFaceSnippet1 ,1,0,0,1,0,0,0,0,0,0,0,0,0,80.8571,0,0,0,0,0,0, 
org::eclipse::mylyn::internal::bugzilla::ui::wizard::AbstractWizardListPage ,6,0,1,2,16,8,2.66667,24,12,4,-8,0,-1.33333,164,16.3571,0,0,0,0,0, 
org::eclipse::mylyn::internal::team::ui::properties::Messages ,1,0,0,1,0,0,0,0,0,0,0,0,0,14.8571,0,0,0,0,0,0, 
org::eclipse::mylyn::internal::tasks::core::externalization::TaskListExternalizer ,25,1,0,3,289,73,11.56,458,145,18.32,-169,6,-6.76,46,7.07958,0,0,0,0,0, 
org::eclipse::mylyn::internal::tasks::ui::RepositoryAwareStatusHandler ,25,0,2,3,202,45,8.08,167,41,6.68,35,41,1.4,139.143,61.2001,0,0,0,0,0, 
org::eclipse::mylyn::zest::layouts::algorithms::HorizontalTreeLayoutAlgorithm ,4,1,1,2,16,10,4,7,4,1.75,9,9,2.25,184.857,42.4821,0,0,0,0,0, 
org::eclipse::mylyn::internal::tasks::ui::TasksAdapterFactory ,3,0,0,2,5,4,1.66667,2,1,0.666667,3,3,1,43.8571,20.8,0,0,0,0,0, 
org::eclipse::mylyn::internal::wikitext::tracwiki::core::token::ReportLinkReplacementToken ,1,0,0,1,0,0,0,0,0,0,0,0,0,7.14286,0,0,0,0,0,0, 
org::eclipse::mylyn::internal::bugzilla::core::search::BugzillaLabelProvider ,2,0,1,1,0,0,0,0,0,0,0,0,0,164,0,0,0,0,0,0, 
org::eclipse::mylyn::internal::java::ui::JavaEditingMonitor ,19,0,3,2,63,19,3.31579,44,11,2.31579,19,8,1,137.286,67.0612,0,0,0,0,0, 
org::eclipse::mylyn::internal::xplanner::ui::editor::XPlannerTaskEditorExtraControls ,1,0,0,1,0,0,0,0,0,0,0,0,0,6.42857,0,1,1,0,0,0, 
org::eclipse::mylyn::wikitext::ui::viewer::HtmlTextPresenter ,6,1,0,2,19,13,3.16667,18,13,3,1,1,0.166667,32.7143,5.80451,0,0,0,0,0, 
org::eclipse::mylyn::internal::team::ui::templates::CommitTemplateVariables ,23,0,2,3,247,107,10.7391,216,75,9.3913,31,32,1.34783,92.4286,36.2944,0,0,0,0,0, 
org::eclipse::mylyn::internal::trac::core::TracTaskDataHandler ,68,0,2,3,889,276,13.0735,537,203,7.89706,352,73,5.17647,113.143,56.712,2,1,1,0,1, 
org::eclipse::mylyn::internal::commons::ui::SwtUtil ,6,0,0,2,34,12,5.66667,28,21,4.66667,6,12,1,45.8571,15.6681,0,0,0,0,0, 
org::eclipse::mylyn::internal::wikitext::ui::util::css::editor::CommentDamagerRepairer ,1,0,0,1,0,0,0,0,0,0,0,0,0,6.42857,0,0,0,0,0,0, 
org::eclipse::mylyn::internal::tasks::ui::actions::RefreshRepositoryTasksAction ,16,0,0,2,24,5,1.5,20,3,1.25,4,2,0.25,65.8571,27.1905,0,0,0,0,0, 
org::eclipse::mylyn::internal::context::ui::views::Messages ,1,0,0,1,0,0,0,0,0,0,0,0,0,14.8571,0,0,0,0,0,0, 
org::eclipse::mylyn::zest::core::widgets::internal::LoopAnchor ,2,0,0,1,1,1,0.5,1,1,0.5,0,0,0,103,10.8571,0,0,0,0,0, 
org::eclipse::mylyn::internal::wikitext::core::util::EclipseServiceLocator ,5,1,0,2,13,6,2.6,10,5,2,3,3,0.6,32.7143,9.36264,0,0,0,0,0, 
org::eclipse::mylyn::internal::sandbox::ui::hyperlinks::JavaResourceHyperlink ,7,0,0,2,140,125,20,67,33,9.57143,73,117,10.4286,33.8571,4.6398,0,0,0,0,0, 
org::eclipse::mylyn::java::ui::editor::AutoFoldingStructureProvider ,18,3,1,1,44,5,2.44444,44,5,2.44444,0,1,0,195.571,18.3279,0,0,0,0,0, 
org::eclipse::mylyn::internal::tasks::ui::wizards::EditRepositoryWizard ,40,0,2,3,125,19,3.125,101,19,2.525,24,18,0.6,139.571,66.4411,0,0,0,0,0, 
org::eclipse::mylyn::internal::hypertext::ui::editors::WebResourceLabelProvider ,4,0,0,1,2,2,0.5,1,1,0.25,1,1,0.25,151,4.14286,0,0,0,0,0, 
org::eclipse::mylyn::internal::context::ui::actions::ContextRetrieveAction ,41,0,0,3,273,40,6.65854,213,48,5.19512,60,35,1.46341,139.714,45.6473,0,0,0,0,0, 
org::eclipse::mylyn::internal::tasks::core::data::TextTaskAttachmentSource ,4,0,0,2,8,4,2,5,3,1.25,3,3,0.75,45.5714,25.6429,0,0,0,0,0, 
org::eclipse::mylyn::internal::wikitext::textile::core::block::FootnoteBlock ,5,0,0,2,13,6,2.6,12,7,2.4,1,2,0.2,32.7143,11.044,0,0,0,0,0, 
org::eclipse::mylyn::internal::tasks::core::data::TaskDataManagerEvent ,5,0,0,2,37,24,7.4,8,6,1.6,29,18,5.8,41.1429,2.78378,0,0,0,0,0, 
org::eclipse::mylyn::internal::jira::core::wsdl::beans::RemoteIssueType ,9,0,0,2,129,71,14.3333,110,80,12.2222,19,26,2.11111,110.714,29.3079,0,0,0,0,0, 
org::eclipse::mylyn::internal::context::ui::Messages ,1,0,0,1,0,0,0,0,0,0,0,0,0,14.8571,0,0,0,0,0,0, 
org::eclipse::mylyn::internal::tasks::ui::editors::TaskEditorAttachmentPart ,35,0,1,2,551,207,15.7429,748,303,21.3714,-197,96,-5.62857,61.2857,16.6917,2,2,0,0,0, 
org::eclipse::mylyn::monitor::reports::ui::views::UsageCountView ,8,5,0,1,11,4,1.375,9,2,1.125,2,2,0.25,181.714,3.16883,0,0,0,0,0, 
org::eclipse::mylyn::internal::jira::core::wsdl::beans::RemoteGroup ,9,0,0,2,169,137,18.7778,183,151,20.3333,-14,7,-1.55556,110.714,24.9763,0,0,0,0,0, 
org::eclipse::mylyn::wikitext::core::parser::IdGenerator ,10,1,0,2,69,25,6.9,20,7,2,49,25,4.9,32.7143,15.7764,0,0,0,0,0, 
org::eclipse::mylyn::internal::trac::core::client::TracNoSuchMethodException ,4,0,0,2,6,4,1.5,3,1,0.75,3,3,0.75,39.5714,15.9524,0,0,0,0,0, 
org::eclipse::mylyn::internal::java::ui::actions::FocusBreakpointsViewAction ,3,0,0,1,7,6,2.33333,3,3,1,4,3,1.33333,43,14.5918,0,0,0,0,0, 
org::eclipse::mylyn::internal::jira::core::model::Attachment ,8,0,0,2,99,83,12.375,95,83,11.875,4,83,0.5,97.2857,4.43867,0,0,0,0,0, 
org::eclipse::mylyn::internal::xplanner::ui::editor::XPlannerTaskEditorPageFactory ,1,0,0,1,0,0,0,0,0,0,0,0,0,6.42857,0,0,0,0,0,0, 
org::eclipse::mylyn::internal::wikitext::ui::editor::actions::ContextHelpAction ,4,0,0,2,11,6,2.75,10,5,2.5,1,1,0.25,32.7143,6.33766,2,1,0,0,0, 
org::eclipse::mylyn::internal::wikitext::ui::viewer::Util ,4,1,0,1,4,2,1,4,2,1,0,0,0,24.5714,15.3929,0,0,0,0,0, 
org::eclipse::mylyn::internal::xplanner::ui::wizard::Messages ,1,0,0,1,0,0,0,0,0,0,0,0,0,6.42857,0,1,1,0,0,0, 
org::eclipse::mylyn::internal::commons::ui::ColorSelectionWindow ,4,0,0,2,7,5,1.75,3,1,0.75,4,4,1,45.8571,20.9796,0,0,0,0,0, 
org::eclipse::mylyn::internal::wikitext::ui::util::InformationPresenterUtil ,4,0,0,2,68,65,17,32,30,8,36,35,9,32.7143,2.05042,1,0,0,0,0, 
org::eclipse::mylyn::internal::provisional::commons::soap::SoapHttpSender ,1,0,0,1,0,0,0,0,0,0,0,0,0,13.5714,0,0,0,0,0,0, 
org::eclipse::mylyn::bugzilla::deprecated::BugzillaCompareInput ,3,0,0,3,8,8,2.66667,5,5,1.66667,3,3,1,39.5714,13,0,0,0,0,0, 
org::eclipse::mylyn::internal::wikitext::tracwiki::core::block::ParagraphBlock ,5,0,0,2,8,3,1.6,9,4,1.8,-1,0,-0.2,32.7143,15.7857,0,0,0,0,0, 
org::eclipse::mylyn::internal::sandbox::ui::editors::TaskEditorDropTarget ,4,0,0,2,7,4,1.75,11,9,2.75,-4,3,-1,30.4286,2.97959,0,0,0,0,0, 
org::eclipse::mylyn::wikitext::core::util::LocationTrackingReader ,6,1,0,2,33,28,5.5,28,25,4.66667,5,3,0.833333,32.7143,4.27706,0,0,0,0,0, 
org::eclipse::mylyn::wikitext::core::parser::builder::DitaBookMapDocumentBuilder ,5,1,0,1,27,18,5.4,10,7,2,17,16,3.4,19.4286,1.15873,0,0,0,0,0, 
org::eclipse::mylyn::internal::xplanner::ui::Messages ,1,0,0,1,0,0,0,0,0,0,0,0,0,6.42857,0,1,1,0,0,0, 
org::eclipse::mylyn::internal::jira::core::service::soap::Messages ,1,0,0,1,0,0,0,0,0,0,0,0,0,14.8571,0,0,0,0,0,0, 
org::eclipse::mylyn::internal::ide::ant::AntStructureBridge ,15,1,1,2,96,24,6.4,78,16,5.2,18,12,1.2,92.4286,35.5476,0,0,0,0,0, 
org::eclipse::mylyn::tasks::core::sync::SynchronizationJob ,5,0,0,2,22,10,4.4,9,7,1.8,13,10,2.6,48.2857,12.1104,0,0,0,0,0, 
org::eclipse::mylyn::internal::wikitext::ui::editor::actions::CollapseAllFoldingRulerAction ,2,1,0,1,1,1,0.5,1,1,0.5,0,0,0,9,0.285714,1,0,0,0,0, 
org::eclipse::mylyn::zest::core::widgets::internal::ZestRootLayer ,4,1,0,1,53,25,13.25,9,4,2.25,44,24,11,85.7143,3.63612,0,0,0,0,0, 
org::eclipse::mylyn::internal::web::tasks::TasksWebPlugin ,8,0,0,2,18,7,2.25,25,20,3.125,-7,7,-0.875,92.4286,30.8492,0,0,0,0,0, 
org::eclipse::mylyn::internal::jira::core::wsdl::beans::AbstractRemoteConstant ,9,0,0,2,160,132,17.7778,174,146,19.3333,-14,7,-1.55556,110.714,25.2848,0,0,0,0,0, 
org::eclipse::mylyn::internal::web::ui::WebSite ,6,0,0,2,12,5,2,12,5,2,0,3,0,92.4286,33.2262,0,0,0,0,0, 
org::eclipse::mylyn::internal::wikitext::twiki::core::block::TableOfContentsBlock ,3,0,0,1,2,1,0.666667,2,1,0.666667,0,0,0,23.8571,6.57143,0,0,0,0,0, 
org::eclipse::mylyn::internal::tasks::ui::editors::TaskEditorUrlHyperlinkDetector ,11,0,0,2,161,113,14.6364,126,113,11.4545,35,113,3.18182,139.571,35.9672,0,0,0,0,0, 
org::eclipse::mylyn::internal::tasks::ui::views::Messages ,4,0,0,1,6,5,1.5,26,14,6.5,-20,0,-5,14.2857,6.21429,1,1,0,0,0, 
org::eclipse::mylyn::internal::context::core::CompositeContextElement ,23,0,4,2,106,19,4.6087,82,19,3.56522,24,6,1.04348,139.714,68.7062,0,0,0,0,0, 
org::eclipse::mylyn::internal::web::tasks::WebQueryWizardPage ,31,1,0,4,385,115,12.4194,283,71,9.12903,102,49,3.29032,92.4286,29.0887,1,1,0,0,0, 
org::eclipse::mylyn::internal::web::tasks::WebTaskListMigrator ,3,0,0,2,5,4,1.66667,2,1,0.666667,3,3,1,40.1429,17.0857,0,0,0,0,0, 
org::eclipse::mylyn::internal::bugzilla::ui::tasklist::BugzillaQueryTypeWizardPage ,20,0,0,3,47,6,2.35,43,5,2.15,4,3,0.2,152.714,60.3708,0,0,0,0,0, 
org::eclipse::mylyn::internal::jira::ui::wizards::Messages ,2,0,0,1,4,4,2,0,0,0,4,4,2,14.8571,7,0,0,0,0,0, 
org::eclipse::mylyn::internal::tasks::bugs::wizards::FeatureStatus ,9,0,0,2,26,7,2.88889,20,7,2.22222,6,3,0.666667,47.5714,15.7033,0,0,0,0,0, 
org::eclipse::mylyn::internal::tasks::ui::actions::EditRepositoryPropertiesAction ,18,0,0,3,122,50,6.77778,125,32,6.94444,-3,36,-0.166667,139.571,55.959,0,0,0,0,0, 
org::eclipse::mylyn::tasks::core::AbstractDuplicateDetector ,10,0,0,3,27,9,2.7,65,47,6.5,-38,3,-3.8,47,6.33333,0,0,0,0,0, 
org::eclipse::mylyn::internal::jira::core::wsdl::beans::RemotePriority ,9,0,0,2,130,102,14.4444,144,116,16,-14,7,-1.55556,110.714,26.3725,0,0,0,0,0, 
org::eclipse::mylyn::internal::provisional::tasks::core::TasksUtil ,4,0,0,1,8,5,2,5,5,1.25,3,2,0.75,14.5714,0.178571,0,0,0,0,0, 
org::eclipse::mylyn::internal::wikitext::mediawiki::core::block::PreformattedBlock ,3,0,0,2,4,3,1.33333,5,4,1.66667,-1,0,-0.333333,32.7143,4.5,0,0,0,0,0, 
org::eclipse::mylyn::internal::jira::core::model::filter::SingleIssueCollector ,10,0,0,3,30,9,3,32,10,3.2,-2,9,-0.2,110.714,29.5762,0,0,0,0,0, 
org::eclipse::mylyn::internal::jira::core::AbstractComplexAttributeConverter ,2,0,0,1,17,17,8.5,3,3,1.5,14,14,7,18.8571,3.14286,1,1,0,0,0, 
org::eclipse::mylyn::monitor::internal::UsageStatistic ,2,1,0,1,0,0,0,0,0,0,0,0,0,181.714,0,0,0,0,0,0, 
org::eclipse::mylyn::internal::tasks::ui::util::TaskDragSourceListener ,19,0,0,3,147,47,7.73684,184,82,9.68421,-37,16,-1.94737,57.8571,33.0709,0,0,0,0,0, 
org::eclipse::mylyn::internal::tasks::ui::actions::NewCategoryAction ,24,0,0,3,111,25,4.625,69,10,2.875,42,24,1.75,139.571,63.8134,0,0,0,0,0, 
org::eclipse::mylyn::internal::monitor::usage::StudyParameters ,11,0,3,2,54,18,4.90909,79,40,7.18182,-25,9,-2.27273,139.714,64.6376,0,0,0,0,0, 
org::eclipse::mylyn::tasks::ui::wizards::AbstractTaskRepositoryPageContribution ,3,0,0,2,13,12,4.33333,3,2,1,10,10,3.33333,19,10,0,0,0,0,0, 
org::eclipse::mylyn::internal::tasks::ui::commands::OpenTaskAttachmentInBrowserHandler ,7,0,1,2,12,4,1.71429,8,3,1.14286,4,3,0.571429,45.7143,9.61905,0,0,0,0,0, 
org::eclipse::mylyn::internal::wikitext::ui::editor::actions::ExpandAllFoldingRulerAction ,2,1,0,1,1,1,0.5,1,1,0.5,0,0,0,9,0.285714,1,0,0,0,0, 
org::eclipse::mylyn::tasks::core::data::TaskAttributeMapper ,20,0,1,2,236,98,11.8,183,90,9.15,53,26,2.65,46.5714,2.9655,0,0,0,0,0, 
org::eclipse::mylyn::internal::jira::core::wsdl::beans::RemoteNamedObject ,9,0,0,2,99,71,11,104,76,11.5556,-5,7,-0.555556,110.714,28.189,0,0,0,0,0, 
org::eclipse::mylyn::internal::monitor::usage::collectors::PerspectiveUsageCollector ,9,0,1,2,67,42,7.44444,48,29,5.33333,19,13,2.11111,109.857,32.5885,0,0,0,0,0, 
org::eclipse::mylyn::wikitext::ui::viewer::MarkupTextPresenter ,5,1,0,2,8,5,1.6,7,5,1.4,1,1,0.2,32.7143,10.5357,0,0,0,0,0, 
org::eclipse::mylyn::wikitext::ui::commands::ConvertMarkupToEclipseHelp ,5,1,0,2,31,15,6.2,27,14,5.4,4,2,0.8,32.7143,8.15668,1,0,0,0,0, 
org::eclipse::mylyn::internal::java::ui::JavaStructureBridge ,25,1,1,2,163,32,6.52,136,25,5.44,27,17,1.08,92.4286,34.1919,0,0,0,0,0, 
org::eclipse::mylyn::bugzilla::deprecated::BugzillaTask ,3,0,0,3,5,5,1.66667,4,4,1.33333,1,1,0.333333,39.5714,13,0,0,0,0,0, 
org::eclipse::mylyn::internal::wikitext::tasks::ui::ActiveFoldingListener ,2,0,0,1,20,20,10,21,21,10.5,-1,0,-0.5,8,0.285714,1,1,0,0,0, 
org::eclipse::mylyn::internal::xplanner::ui::XPlannerAttributeMapper ,1,0,0,1,0,0,0,0,0,0,0,0,0,6.42857,0,1,1,0,0,0, 
org::eclipse::mylyn::internal::wikitext::twiki::core::block::HorizontalRuleBlock ,2,0,0,1,2,2,1,2,2,1,0,0,0,23.8571,4,0,0,0,0,0, 
org::eclipse::mylyn::internal::bugzilla::ui::tasklist::BugzillaTaskListMigrator ,8,0,0,3,26,7,3.25,25,12,3.125,1,4,0.125,42,5.98901,0,0,0,0,0, 
org::eclipse::mylyn::internal::wikitext::ui::editor::FoldingStructure ,4,1,0,1,65,30,16.25,10,9,2.5,55,30,13.75,8.71429,2.38462,0,0,0,0,0, 
org::eclipse::mylyn::internal::tasks::ui::editors::PersonAttributeEditor ,6,0,0,2,22,14,3.66667,7,2,1.16667,15,12,2.5,47.1429,22.1429,0,0,0,0,0, 
org::eclipse::mylyn::internal::jira::core::service::soap::JiraSoapConverter ,11,0,0,2,107,32,9.72727,28,11,2.54545,79,32,7.18182,54,36.6849,0,0,0,0,0, 
org::eclipse::mylyn::internal::tasks::ui::util::ImportExportUtil ,1,0,0,1,0,0,0,0,0,0,0,0,0,6.71429,0,1,0,0,0,0, 
org::eclipse::mylyn::internal::tasks::ui::editors::PlanningPageFactory ,8,0,0,2,12,4,1.5,9,2,1.125,3,3,0.375,50.4286,17.631,0,0,0,0,0, 
org::eclipse::mylyn::internal::bugzilla::ui::search::Messages ,4,2,0,2,20,18,5,6,2,1.5,14,16,3.5,13,2.31429,0,0,0,0,0, 
org::eclipse::mylyn::internal::trac::core::model::TracVersion ,7,0,0,2,9,4,1.28571,6,1,0.857143,3,3,0.428571,133,92.7936,0,0,0,0,0, 
org::eclipse::mylyn::internal::tasks::bugs::KeyValueMapping ,0,0,0,0,0,0,0,0,0,0,0,0,0,0,0,0,0,0,0,0, 
org::eclipse::mylyn::tasks::ui::editors::TaskFormPage ,32,1,0,3,272,72,8.5,936,723,29.25,-664,27,-20.75,118.714,52.6838,0,0,0,0,0, 
org::eclipse::mylyn::internal::tasks::ui::editors::RepositoryTaskEditorCopyAction ,2,0,0,2,0,0,0,0,0,0,0,0,0,139.571,0,0,0,0,0,0, 
org::eclipse::mylyn::internal::context::ui::ContextPerspectiveManager ,27,0,1,3,282,80,10.4444,160,35,5.92593,122,78,4.51852,119.429,47.8065,0,0,0,0,0, 
org::eclipse::mylyn::internal::tasks::ui::editors::FillWidthLayout ,6,0,0,1,65,22,10.8333,33,14,5.5,32,14,5.33333,23.8571,4.93846,0,0,0,0,0, 
org::eclipse::mylyn::internal::tasks::ui::preferences::TasksUiPreferencePage ,34,2,1,3,779,189,22.9118,610,98,17.9412,169,91,4.97059,92.5714,38.8557,1,1,0,0,0, 
org::eclipse::mylyn::internal::bugzilla::ui::BugzillaUiExtensionReader ,13,0,0,3,39,15,3,40,15,3.07692,-1,3,-0.0769231,67.5714,36.6264,0,0,0,0,0, 
org::eclipse::mylyn::internal::jira::ui::wizards::Placeholder ,2,0,1,1,0,0,0,0,0,0,0,0,0,138.143,0,0,0,0,0,0, 
org::eclipse::mylyn::internal::tasks::core::LocalRepositoryConnector ,29,2,0,3,112,15,3.86207,126,27,4.34483,-14,10,-0.482759,91.8571,36.4247,0,0,0,0,0, 
org::eclipse::mylyn::internal::wikitext::ui::editor::dnd::OutlineDragSourceListener ,1,0,0,1,0,0,0,0,0,0,0,0,0,7.71429,0,0,0,0,0,0, 
org::eclipse::mylyn::internal::context::core::SaxContextReader ,26,0,3,3,214,56,8.23077,176,56,6.76923,38,56,1.46154,109.857,41.0794,1,1,0,0,0, 
org::eclipse::mylyn::internal::jira::core::model::filter::UserInGroupFilter ,7,0,0,1,10,5,1.42857,8,4,1.14286,2,4,0.285714,110.714,58.7,0,0,0,0,0, 
org::eclipse::mylyn::internal::wikitext::tasks::ui::ActiveFoldingEditorTracker ,1,0,0,1,0,0,0,0,0,0,0,0,0,8,0,0,0,0,0,0, 
org::eclipse::mylyn::tasks::core::data::TaskDataCollector ,5,0,0,2,8,4,1.6,14,12,2.8,-6,3,-1.2,46.5714,15.0357,0,0,0,0,0, 
org::eclipse::mylyn::internal::wikitext::ui::editor::validation::DocumentRegionValidator ,5,1,0,2,38,33,7.6,28,23,5.6,10,10,2,32.7143,4.01504,1,0,0,0,0, 
org::eclipse::mylyn::internal::tasks::ui::notifications::TaskListNotification ,17,0,0,2,123,38,7.23529,68,19,4,55,23,3.23529,66.8571,13.0348,0,0,0,0,0, 
org::eclipse::mylyn::tasks::core::data::TaskCommentMapper ,15,0,0,3,72,18,4.8,56,9,3.73333,16,11,1.06667,45.2857,3.9504,0,0,0,0,0, 
