CountDeclMethodPrivate,AvgLineCode,CountLine,MaxCyclomatic,CountDeclMethodDefault,AvgEssential,CountDeclClassVariable,SumCyclomaticStrict,AvgCyclomatic,AvgLine,CountDeclClassMethod,AvgLineComment,AvgCyclomaticModified,CountDeclFunction,CountLineComment,CountDeclClass,CountDeclMethod,SumCyclomaticModified,CountLineCodeDecl,CountDeclMethodProtected,CountDeclInstanceVariable,MaxCyclomaticStrict,CountDeclMethodPublic,CountLineCodeExe,SumCyclomatic,SumEssential,CountStmtDecl,CountLineCode,CountStmtExe,RatioCommentToCode,CountLineBlank,CountStmt,MaxCyclomaticModified,CountSemicolon,AvgLineBlank,CountDeclInstanceMethod,AvgCyclomaticStrict,PercentLackOfCohesion,MaxInheritanceTree,CountClassDerived,CountClassCoupled,CountClassBase,CountInput_Max,CountInput_Mean,CountInput_Min,CountOutput_Max,CountOutput_Mean,CountOutput_Min,CountPath_Max,CountPath_Mean,CountPath_Min,MaxNesting_Max,MaxNesting_Mean,MaxNesting_Min,COMM,ADEV,DDEV,Added_lines,Del_lines,OWN_LINE,OWN_COMMIT,MINOR_COMMIT,MINOR_LINE,MAJOR_COMMIT,MAJOR_LINE,RealBugCount
0.0,10.0,212.0,8.0,0.0,1.0,0.0,18.0,2.0,18.0,0.0,7.0,2.0,8.0,91.0,1.0,8.0,18.0,35.0,3.0,1.0,8.0,5.0,40.0,18.0,11.0,35.0,106.0,27.0,0.86,15.0,62.0,8.0,45.0,0.0,8.0,2.0,50.0,1.0,2.0,6.0,2.0,4.0,2.125,1.0,11.0,3.875,1.0,17.0,3.375,1.0,3.0,1.36363636363636,0.0,6.0,6.0,3.0,396.0,5.0,0.966981132075472,0.666666666666667,0.0,1.0,3.0,1.0,0.0
0.0,4.0,273.0,3.0,0.0,1.0,1.0,18.0,1.0,12.0,8.0,7.0,1.0,15.0,157.0,1.0,15.0,18.0,34.0,1.0,3.0,3.0,14.0,24.0,18.0,15.0,34.0,94.0,22.0,1.67,22.0,56.0,3.0,37.0,0.0,7.0,1.0,86.0,4.0,0.0,7.0,1.0,7.0,2.53333333333333,1.0,3.0,1.93333333333333,1.0,4.0,1.26666666666667,1.0,1.0,0.277777777777778,0.0,2.0,2.0,2.0,546.0,0.0,0.937728937728938,0.5,0.0,2.0,2.0,0.0,0.0
0.0,4.0,231.0,2.0,0.0,1.0,1.0,12.0,1.0,14.0,8.0,9.0,1.0,11.0,147.0,1.0,11.0,12.0,27.0,0.0,1.0,2.0,11.0,15.0,12.0,11.0,27.0,67.0,14.0,2.19,17.0,41.0,2.0,28.0,0.0,3.0,1.0,86.0,8.0,0.0,5.0,2.0,8.0,3.09090909090909,1.0,3.0,2.27272727272727,1.0,2.0,1.09090909090909,1.0,1.0,0.285714285714286,0.0,3.0,3.0,3.0,463.0,1.0,0.917748917748918,0.333333333333333,0.0,2.0,3.0,1.0,0.0
0.0,6.0,104.0,2.0,0.0,1.0,1.0,4.0,1.0,16.0,0.0,9.0,1.0,3.0,64.0,1.0,3.0,4.0,14.0,1.0,1.0,2.0,2.0,8.0,4.0,3.0,14.0,30.0,6.0,2.13,10.0,20.0,2.0,15.0,0.0,3.0,1.0,50.0,2.0,0.0,1.0,1.0,4.0,2.0,1.0,6.0,3.33333333333333,1.0,2.0,1.33333333333333,1.0,1.0,0.6,0.0,2.0,2.0,2.0,210.0,0.0,0.971428571428571,0.5,0.0,1.0,2.0,1.0,0.0
0.0,5.0,128.0,2.0,0.0,1.0,1.0,5.0,1.0,18.0,0.0,12.0,1.0,4.0,86.0,1.0,4.0,5.0,15.0,1.0,1.0,2.0,3.0,9.0,5.0,4.0,15.0,33.0,7.0,2.61,9.0,22.0,2.0,16.0,0.0,4.0,1.0,75.0,2.0,0.0,1.0,1.0,5.0,2.5,0.0,4.0,3.25,2.0,2.0,1.25,1.0,1.0,0.5,0.0,2.0,2.0,2.0,258.0,0.0,0.968992248062015,0.5,0.0,1.0,2.0,1.0,0.0
1.0,22.0,276.0,7.0,0.0,1.0,4.0,15.0,2.0,35.0,0.0,11.0,2.0,8.0,125.0,2.0,8.0,15.0,34.0,3.0,0.0,7.0,4.0,71.0,15.0,8.0,37.0,128.0,56.0,0.98,23.0,93.0,7.0,78.0,2.0,8.0,2.0,100.0,3.0,0.0,3.0,2.0,3.0,1.75,1.0,13.0,3.5,0.0,11.0,2.375,1.0,4.0,1.33333333333333,0.0,5.0,5.0,4.0,556.0,4.0,0.920289855072464,0.4,0.0,1.0,4.0,4.0,0.0
1.0,6.0,135.0,2.0,0.0,1.0,1.0,10.0,1.0,12.0,0.0,6.0,1.0,7.0,67.0,1.0,7.0,10.0,19.0,1.0,2.0,2.0,5.0,18.0,10.0,7.0,19.0,55.0,15.0,1.22,13.0,34.0,2.0,25.0,0.0,7.0,1.0,76.0,7.0,0.0,4.0,1.0,4.0,1.42857142857143,0.0,7.0,3.14285714285714,2.0,2.0,1.14285714285714,1.0,1.0,0.333333333333333,0.0,9.0,9.0,3.0,323.0,66.0,0.940740740740741,0.666666666666667,0.0,2.0,3.0,0.0,2.0
1.0,11.0,360.0,7.0,0.0,1.0,2.0,26.0,2.0,19.0,0.0,7.0,2.0,14.0,133.0,2.0,14.0,26.0,62.0,8.0,1.0,7.0,5.0,98.0,26.0,14.0,63.0,200.0,69.0,0.67,27.0,132.0,7.0,106.0,0.0,14.0,2.0,100.0,3.0,0.0,17.0,2.0,5.0,2.0,0.0,22.0,4.28571428571429,0.0,11.0,2.21428571428571,1.0,4.0,0.941176470588235,0.0,16.0,16.0,6.0,1032.0,217.0,0.905555555555556,0.6875,0.0,2.0,6.0,2.0,2.0
3.0,8.0,332.0,7.0,0.0,1.0,4.0,30.0,2.0,14.0,1.0,5.0,2.0,16.0,116.0,2.0,16.0,30.0,59.0,1.0,8.0,7.0,12.0,72.0,30.0,18.0,59.0,176.0,52.0,0.66,40.0,111.0,7.0,84.0,0.0,15.0,2.0,84.0,7.0,0.0,13.0,1.0,6.0,2.0625,1.0,17.0,4.25,1.0,10.0,1.9375,1.0,3.0,0.631578947368421,0.0,10.0,10.0,3.0,820.0,192.0,0.954819277108434,0.7,0.0,1.0,3.0,1.0,2.0
1.0,3.0,37.0,1.0,0.0,1.0,1.0,1.0,1.0,6.0,0.0,3.0,1.0,1.0,24.0,1.0,1.0,1.0,5.0,0.0,0.0,1.0,0.0,1.0,1.0,1.0,5.0,9.0,0.0,2.67,4.0,5.0,1.0,3.0,0.0,1.0,1.0,100.0,1.0,0.0,0.0,2.0,0.0,0.0,0.0,1.0,1.0,1.0,1.0,1.0,1.0,0.0,0.0,0.0,3.0,3.0,3.0,74.0,2.0,0.945945945945946,0.333333333333333,0.0,2.0,3.0,0.0,0.0
0.0,10.0,52.0,1.0,0.0,1.0,0.0,1.0,1.0,19.0,0.0,7.0,1.0,1.0,33.0,1.0,1.0,1.0,3.0,0.0,0.0,1.0,1.0,7.0,1.0,1.0,3.0,14.0,2.0,2.36,5.0,5.0,1.0,3.0,2.0,1.0,1.0,0.0,3.0,0.0,0.0,1.0,0.0,0.0,0.0,3.0,3.0,3.0,1.0,1.0,1.0,4.0,1.0,0.0,5.0,5.0,3.0,125.0,18.0,0.846153846153846,0.6,0.0,2.0,3.0,1.0,0.0
0.0,6.0,193.0,1.0,0.0,1.0,2.0,10.0,1.0,14.0,0.0,7.0,1.0,10.0,98.0,2.0,10.0,10.0,32.0,3.0,2.0,1.0,7.0,29.0,10.0,10.0,32.0,77.0,19.0,1.27,18.0,51.0,1.0,40.0,0.0,10.0,1.0,100.0,7.0,0.0,7.0,2.0,5.0,3.0,1.0,5.0,3.2,2.0,1.0,1.0,1.0,2.0,0.142857142857143,0.0,2.0,2.0,2.0,386.0,0.0,0.849740932642487,0.5,0.0,3.0,2.0,0.0,0.0
2.0,8.0,466.0,3.0,0.0,1.0,4.0,34.0,1.0,14.0,0.0,5.0,1.0,25.0,190.0,4.0,25.0,34.0,67.0,14.0,2.0,3.0,9.0,105.0,34.0,25.0,63.0,233.0,73.0,0.82,43.0,136.0,3.0,99.0,0.0,25.0,1.0,100.0,6.0,2.0,10.0,2.0,6.0,2.56,1.0,10.0,3.48,1.0,3.0,1.36,1.0,2.0,0.533333333333333,0.0,8.0,8.0,4.0,933.0,18.0,0.809012875536481,0.375,0.0,2.0,4.0,3.0,0.0
0.0,9.0,201.0,2.0,0.0,1.0,5.0,14.0,1.0,14.0,0.0,4.0,1.0,13.0,76.0,5.0,13.0,14.0,33.0,5.0,2.0,2.0,8.0,47.0,14.0,13.0,37.0,105.0,24.0,0.72,20.0,61.0,2.0,46.0,0.0,13.0,1.0,100.0,7.0,0.0,6.0,2.0,2.0,1.38461538461538,1.0,6.0,2.15384615384615,1.0,2.0,1.07692307692308,1.0,1.0,0.157894736842105,0.0,2.0,2.0,2.0,402.0,0.0,0.855721393034826,0.5,0.0,3.0,2.0,0.0,0.0
0.0,7.0,85.0,1.0,0.0,1.0,2.0,5.0,1.0,10.0,0.0,2.0,1.0,5.0,36.0,2.0,5.0,5.0,15.0,1.0,0.0,1.0,4.0,16.0,5.0,5.0,18.0,39.0,9.0,0.92,10.0,27.0,1.0,22.0,0.0,5.0,1.0,100.0,6.0,1.0,5.0,2.0,3.0,1.4,1.0,7.0,4.2,1.0,1.0,1.0,1.0,0.0,0.0,0.0,2.0,2.0,2.0,86.0,1.0,0.988235294117647,0.5,0.0,1.0,2.0,1.0,0.0
0.0,5.0,93.0,1.0,0.0,1.0,3.0,6.0,1.0,8.0,0.0,3.0,1.0,6.0,39.0,2.0,6.0,6.0,22.0,5.0,0.0,1.0,1.0,17.0,6.0,6.0,23.0,45.0,7.0,0.87,9.0,30.0,1.0,24.0,0.0,6.0,1.0,100.0,4.0,1.0,10.0,2.0,2.0,0.833333333333333,0.0,5.0,2.16666666666667,0.0,1.0,1.0,1.0,1.0,0.1,0.0,4.0,4.0,4.0,189.0,2.0,0.709677419354839,0.25,0.0,3.0,4.0,0.0,0.0
0.0,4.0,93.0,2.0,0.0,1.0,0.0,6.0,1.0,10.0,0.0,5.0,1.0,5.0,55.0,1.0,5.0,6.0,9.0,2.0,0.0,2.0,3.0,11.0,6.0,5.0,9.0,29.0,8.0,1.9,9.0,17.0,2.0,12.0,0.0,5.0,1.0,0.0,1.0,1.0,1.0,2.0,3.0,1.6,1.0,5.0,1.6,0.0,2.0,1.2,1.0,1.0,0.428571428571429,0.0,2.0,2.0,2.0,186.0,0.0,0.763440860215054,0.5,0.0,3.0,2.0,0.0,0.0
0.0,4.0,39.0,1.0,0.0,1.0,0.0,1.0,1.0,7.0,0.0,3.0,1.0,1.0,27.0,1.0,1.0,1.0,4.0,1.0,0.0,1.0,0.0,1.0,1.0,1.0,4.0,9.0,1.0,3.0,3.0,5.0,1.0,3.0,0.0,1.0,1.0,0.0,2.0,1.0,1.0,1.0,2.0,2.0,2.0,2.0,2.0,2.0,1.0,1.0,1.0,0.0,0.0,0.0,3.0,3.0,3.0,82.0,4.0,0.435897435897436,0.333333333333333,0.0,4.0,3.0,0.0,0.0
0.0,11.0,109.0,2.0,0.0,1.0,1.0,7.0,1.0,17.0,0.0,3.0,1.0,5.0,45.0,2.0,5.0,7.0,18.0,2.0,1.0,2.0,3.0,21.0,7.0,5.0,19.0,48.0,13.0,0.94,16.0,32.0,2.0,25.0,2.0,5.0,1.0,83.0,5.0,1.0,7.0,2.0,3.0,1.2,0.0,13.0,3.4,0.0,2.0,1.4,1.0,1.0,0.625,0.0,4.0,4.0,4.0,252.0,13.0,0.779816513761468,0.25,0.0,3.0,4.0,1.0,0.0
0.0,4.0,149.0,1.0,0.0,1.0,2.0,10.0,1.0,10.0,0.0,4.0,1.0,10.0,74.0,2.0,10.0,10.0,16.0,2.0,0.0,1.0,8.0,15.0,10.0,10.0,18.0,51.0,11.0,1.45,24.0,29.0,1.0,19.0,0.0,10.0,1.0,100.0,8.0,1.0,4.0,2.0,7.0,3.0,1.0,4.0,2.1,1.0,1.0,1.0,1.0,0.0,0.0,0.0,3.0,3.0,3.0,339.0,16.0,0.845637583892617,0.333333333333333,0.0,2.0,3.0,2.0,0.0
0.0,1.0,82.0,1.0,3.0,1.0,0.0,3.0,1.0,7.0,0.0,6.0,1.0,3.0,67.0,1.0,3.0,3.0,7.0,0.0,0.0,1.0,0.0,0.0,3.0,3.0,7.0,9.0,0.0,7.44,6.0,7.0,1.0,6.0,0.0,3.0,1.0,0.0,3.0,1.0,1.0,1.0,1.0,1.0,1.0,0.0,0.0,0.0,1.0,1.0,1.0,0.0,0.0,0.0,2.0,2.0,2.0,164.0,0.0,0.75609756097561,0.5,0.0,2.0,2.0,2.0,0.0
0.0,4.0,45.0,1.0,0.0,1.0,2.0,1.0,1.0,7.0,0.0,3.0,1.0,1.0,31.0,1.0,1.0,1.0,5.0,1.0,0.0,1.0,0.0,3.0,1.0,1.0,5.0,10.0,1.0,3.1,4.0,6.0,1.0,4.0,0.0,1.0,1.0,100.0,3.0,0.0,0.0,1.0,1.0,1.0,1.0,2.0,2.0,2.0,1.0,1.0,1.0,0.0,0.0,0.0,2.0,2.0,2.0,90.0,0.0,0.622222222222222,0.5,0.0,2.0,2.0,1.0,0.0
0.0,4.0,156.0,2.0,0.0,1.0,1.0,14.0,1.0,7.0,0.0,3.0,1.0,13.0,63.0,1.0,13.0,14.0,26.0,0.0,3.0,2.0,13.0,20.0,14.0,13.0,26.0,69.0,16.0,0.91,24.0,42.0,2.0,27.0,0.0,13.0,1.0,78.0,1.0,0.0,2.0,2.0,4.0,1.84615384615385,1.0,4.0,2.53846153846154,1.0,2.0,1.07692307692308,1.0,1.0,0.25,0.0,2.0,2.0,2.0,312.0,0.0,0.865384615384615,0.5,0.0,2.0,2.0,2.0,0.0
0.0,10.0,135.0,3.0,0.0,1.0,6.0,7.0,1.0,15.0,0.0,3.0,1.0,5.0,43.0,3.0,5.0,7.0,30.0,1.0,0.0,3.0,4.0,34.0,7.0,5.0,30.0,72.0,18.0,0.6,20.0,48.0,3.0,39.0,2.0,5.0,1.0,100.0,6.0,0.0,6.0,2.0,5.0,2.2,0.0,14.0,4.8,1.0,4.0,1.6,1.0,0.0,0.0,0.0,5.0,5.0,3.0,250.0,7.0,0.525925925925926,0.6,0.0,4.0,3.0,2.0,1.0
0.0,6.0,98.0,2.0,0.0,1.0,1.0,7.0,1.0,9.0,0.0,2.0,1.0,5.0,39.0,2.0,5.0,6.0,17.0,1.0,1.0,3.0,4.0,15.0,6.0,5.0,17.0,46.0,8.0,0.85,13.0,25.0,2.0,17.0,0.0,5.0,1.0,100.0,4.0,0.0,4.0,1.0,2.0,0.8,0.0,12.0,3.8,1.0,2.0,1.2,1.0,1.0,0.375,0.0,3.0,3.0,3.0,207.0,6.0,0.724489795918367,0.333333333333333,0.0,3.0,3.0,2.0,0.0
0.0,8.0,191.0,3.0,3.0,1.0,1.0,17.0,2.0,11.0,3.0,3.0,2.0,10.0,72.0,2.0,10.0,17.0,31.0,4.0,1.0,3.0,3.0,37.0,17.0,10.0,28.0,98.0,26.0,0.73,21.0,54.0,3.0,35.0,0.0,7.0,2.0,50.0,5.0,0.0,5.0,1.0,5.0,2.2,0.0,6.0,3.0,1.0,4.0,1.8,1.0,1.0,0.692307692307692,0.0,2.0,2.0,2.0,384.0,0.0,0.864583333333333,0.5,0.0,3.0,2.0,1.0,0.0
0.0,3.0,58.0,1.0,0.0,1.0,0.0,3.0,1.0,6.0,0.0,3.0,1.0,3.0,33.0,1.0,3.0,3.0,11.0,1.0,1.0,1.0,2.0,4.0,3.0,3.0,10.0,18.0,3.0,1.83,7.0,13.0,1.0,10.0,0.0,3.0,1.0,33.0,8.0,1.0,3.0,2.0,4.0,1.66666666666667,0.0,3.0,1.66666666666667,0.0,1.0,1.0,1.0,0.0,0.0,0.0,1.0,1.0,1.0,59.0,0.0,1.0,1.0,0.0,1.0,1.0,0.0,0.0
0.0,4.0,65.0,1.0,0.0,1.0,0.0,3.0,1.0,8.0,0.0,4.0,1.0,3.0,37.0,1.0,3.0,3.0,9.0,0.0,1.0,1.0,3.0,5.0,3.0,3.0,9.0,21.0,4.0,1.76,7.0,13.0,1.0,9.0,0.0,3.0,1.0,33.0,7.0,0.0,2.0,2.0,4.0,2.0,1.0,3.0,2.33333333333333,2.0,1.0,1.0,1.0,0.0,0.0,0.0,2.0,2.0,2.0,130.0,0.0,0.676923076923077,0.5,0.0,3.0,2.0,0.0,0.0
0.0,4.0,64.0,1.0,0.0,1.0,0.0,3.0,1.0,8.0,0.0,4.0,1.0,3.0,37.0,1.0,3.0,3.0,9.0,0.0,1.0,1.0,3.0,5.0,3.0,3.0,9.0,21.0,4.0,1.76,6.0,13.0,1.0,9.0,0.0,3.0,1.0,33.0,6.0,1.0,2.0,2.0,4.0,2.0,1.0,3.0,2.33333333333333,2.0,1.0,1.0,1.0,0.0,0.0,0.0,2.0,2.0,2.0,128.0,0.0,0.671875,0.5,0.0,3.0,2.0,0.0,0.0
0.0,4.0,40.0,1.0,0.0,1.0,0.0,1.0,1.0,4.0,0.0,0.0,1.0,1.0,28.0,1.0,1.0,1.0,5.0,0.0,0.0,1.0,1.0,1.0,1.0,1.0,5.0,9.0,1.0,3.11,3.0,6.0,1.0,4.0,0.0,1.0,1.0,0.0,9.0,0.0,1.0,1.0,2.0,2.0,2.0,2.0,2.0,2.0,1.0,1.0,1.0,0.0,0.0,0.0,3.0,3.0,3.0,133.0,33.0,0.390243902439024,0.333333333333333,0.0,4.0,3.0,1.0,0.0
7.0,6.0,1015.0,13.0,0.0,1.0,10.0,83.0,1.0,13.0,2.0,6.0,1.0,55.0,479.0,7.0,55.0,78.0,132.0,7.0,19.0,17.0,41.0,186.0,78.0,55.0,126.0,442.0,123.0,1.08,95.0,249.0,13.0,168.0,0.0,53.0,2.0,100.0,6.0,3.0,20.0,1.0,7.0,2.12727272727273,0.0,29.0,2.6,0.0,1920.0,36.1272727272727,1.0,3.0,0.375,0.0,7.0,7.0,5.0,2033.0,6.0,0.872906403940887,0.428571428571429,0.0,2.0,5.0,4.0,1.0
0.0,6.0,132.0,1.0,0.0,1.0,2.0,8.0,1.0,11.0,0.0,4.0,1.0,8.0,63.0,2.0,8.0,8.0,19.0,4.0,0.0,1.0,4.0,16.0,8.0,8.0,18.0,50.0,8.0,1.26,19.0,26.0,1.0,18.0,0.0,8.0,1.0,100.0,6.0,1.0,7.0,2.0,8.0,2.75,0.0,4.0,1.75,0.0,1.0,1.0,1.0,0.0,0.0,0.0,2.0,2.0,2.0,264.0,0.0,0.825757575757576,0.5,0.0,3.0,2.0,0.0,0.0
0.0,6.0,128.0,1.0,0.0,1.0,2.0,7.0,1.0,12.0,0.0,5.0,1.0,7.0,68.0,2.0,7.0,7.0,17.0,3.0,0.0,1.0,4.0,13.0,7.0,7.0,17.0,44.0,8.0,1.55,16.0,25.0,1.0,18.0,0.0,7.0,1.0,100.0,7.0,1.0,5.0,2.0,7.0,3.0,1.0,3.0,2.14285714285714,0.0,1.0,1.0,1.0,0.0,0.0,0.0,2.0,2.0,2.0,256.0,0.0,0.8125,0.5,0.0,3.0,2.0,0.0,0.0
0.0,6.0,98.0,1.0,0.0,1.0,1.0,3.0,1.0,14.0,0.0,8.0,1.0,3.0,57.0,1.0,3.0,3.0,18.0,1.0,0.0,1.0,2.0,9.0,3.0,3.0,16.0,34.0,8.0,1.68,8.0,24.0,1.0,20.0,0.0,3.0,1.0,100.0,7.0,0.0,8.0,1.0,5.0,4.33333333333333,3.0,9.0,5.0,2.0,1.0,1.0,1.0,0.0,0.0,0.0,2.0,2.0,2.0,196.0,0.0,0.704081632653061,0.5,0.0,3.0,2.0,1.0,0.0
0.0,6.0,86.0,1.0,0.0,1.0,2.0,4.0,1.0,11.0,0.0,4.0,1.0,4.0,41.0,2.0,4.0,4.0,14.0,3.0,0.0,1.0,1.0,9.0,4.0,4.0,15.0,33.0,5.0,1.24,12.0,20.0,1.0,15.0,1.0,4.0,1.0,100.0,8.0,0.0,3.0,2.0,3.0,2.0,1.0,3.0,2.0,1.0,1.0,1.0,1.0,0.0,0.0,0.0,2.0,2.0,2.0,172.0,0.0,0.686046511627907,0.5,0.0,3.0,2.0,0.0,0.0
0.0,6.0,80.0,1.0,0.0,1.0,2.0,3.0,1.0,16.0,0.0,10.0,1.0,3.0,48.0,2.0,3.0,3.0,10.0,2.0,0.0,1.0,1.0,7.0,3.0,3.0,12.0,25.0,3.0,1.92,7.0,15.0,1.0,11.0,0.0,3.0,1.0,100.0,8.0,0.0,2.0,2.0,2.0,2.0,2.0,2.0,1.33333333333333,1.0,1.0,1.0,1.0,0.0,0.0,0.0,2.0,2.0,2.0,160.0,0.0,0.7125,0.5,0.0,3.0,2.0,1.0,0.0
0.0,8.0,89.0,2.0,0.0,1.0,2.0,5.0,1.0,14.0,0.0,4.0,1.0,4.0,42.0,2.0,4.0,5.0,11.0,2.0,0.0,2.0,2.0,12.0,5.0,4.0,13.0,35.0,8.0,1.2,12.0,21.0,2.0,15.0,1.0,4.0,1.0,100.0,7.0,0.0,3.0,2.0,3.0,1.75,1.0,4.0,2.0,0.0,2.0,1.25,1.0,1.0,0.5,0.0,3.0,3.0,3.0,179.0,1.0,0.707865168539326,0.333333333333333,0.0,3.0,3.0,4.0,0.0
0.0,5.0,114.0,1.0,0.0,1.0,1.0,6.0,1.0,9.0,0.0,3.0,1.0,6.0,59.0,1.0,6.0,6.0,17.0,2.0,1.0,1.0,4.0,15.0,6.0,6.0,17.0,44.0,13.0,1.34,11.0,30.0,1.0,23.0,0.0,6.0,1.0,83.0,2.0,0.0,4.0,1.0,5.0,1.66666666666667,0.0,6.0,2.33333333333333,1.0,1.0,1.0,1.0,0.0,0.0,0.0,4.0,4.0,4.0,230.0,2.0,0.771929824561403,0.25,0.0,3.0,4.0,1.0,1.0
1.0,6.0,389.0,4.0,0.0,1.0,5.0,27.0,1.0,14.0,0.0,6.0,1.0,21.0,182.0,5.0,21.0,26.0,57.0,7.0,5.0,4.0,13.0,68.0,26.0,23.0,56.0,163.0,42.0,1.12,44.0,98.0,4.0,70.0,0.0,21.0,1.0,100.0,6.0,0.0,5.0,2.0,6.0,1.85714285714286,0.0,8.0,2.57142857142857,0.0,4.0,1.19047619047619,1.0,3.0,0.5,0.0,4.0,4.0,3.0,907.0,84.0,0.897172236503856,0.5,0.0,2.0,3.0,1.0,1.0
0.0,7.0,100.0,2.0,0.0,1.0,2.0,5.0,1.0,14.0,0.0,6.0,1.0,4.0,56.0,2.0,4.0,5.0,12.0,1.0,1.0,2.0,3.0,14.0,5.0,4.0,14.0,33.0,7.0,1.7,11.0,21.0,2.0,16.0,1.0,4.0,1.0,100.0,6.0,2.0,2.0,2.0,3.0,1.5,1.0,6.0,2.75,1.0,2.0,1.25,1.0,0.0,0.0,0.0,2.0,2.0,2.0,202.0,0.0,0.811881188118812,0.5,0.0,3.0,2.0,0.0,0.0
0.0,8.0,116.0,2.0,0.0,1.0,1.0,10.0,2.0,14.0,0.0,6.0,2.0,5.0,56.0,1.0,5.0,10.0,17.0,0.0,1.0,2.0,5.0,16.0,10.0,5.0,19.0,50.0,11.0,1.12,10.0,30.0,2.0,22.0,0.0,5.0,2.0,50.0,1.0,0.0,2.0,2.0,4.0,3.2,3.0,4.0,2.8,1.0,2.0,2.0,2.0,1.0,1.0,1.0,2.0,2.0,2.0,232.0,0.0,0.862068965517241,0.5,0.0,2.0,2.0,1.0,0.0
0.0,1.0,117.0,1.0,5.0,1.0,0.0,5.0,1.0,7.0,0.0,6.0,1.0,5.0,98.0,1.0,5.0,5.0,10.0,0.0,0.0,1.0,0.0,0.0,5.0,5.0,10.0,11.0,0.0,8.91,8.0,10.0,1.0,9.0,0.0,5.0,1.0,0.0,3.0,1.0,2.0,1.0,4.0,1.2,0.0,1.0,0.4,0.0,1.0,1.0,1.0,0.0,0.0,0.0,2.0,2.0,2.0,236.0,0.0,0.855932203389831,0.5,0.0,2.0,2.0,1.0,0.0
0.0,1.0,61.0,1.0,3.0,1.0,0.0,3.0,1.0,8.0,0.0,7.0,1.0,3.0,46.0,1.0,3.0,3.0,8.0,0.0,0.0,1.0,0.0,0.0,3.0,3.0,7.0,10.0,0.0,4.6,5.0,7.0,1.0,6.0,0.0,3.0,1.0,0.0,3.0,1.0,1.0,2.0,1.0,1.0,1.0,0.0,0.0,0.0,1.0,1.0,1.0,0.0,0.0,0.0,3.0,3.0,3.0,123.0,2.0,0.770491803278688,0.333333333333333,0.0,2.0,3.0,1.0,0.0
0.0,1.0,63.0,1.0,3.0,1.0,0.0,3.0,1.0,6.0,0.0,5.0,1.0,3.0,48.0,1.0,3.0,3.0,8.0,0.0,0.0,1.0,0.0,0.0,3.0,3.0,8.0,10.0,0.0,4.8,5.0,8.0,1.0,7.0,0.0,3.0,1.0,0.0,3.0,1.0,1.0,1.0,2.0,1.33333333333333,1.0,1.0,0.666666666666667,0.0,1.0,1.0,1.0,0.0,0.0,0.0,2.0,2.0,2.0,126.0,0.0,0.714285714285714,0.5,0.0,3.0,2.0,0.0,0.0
0.0,10.0,236.0,7.0,0.0,1.0,2.0,20.0,2.0,16.0,0.0,5.0,2.0,11.0,112.0,4.0,11.0,20.0,25.0,0.0,1.0,7.0,11.0,43.0,20.0,11.0,28.0,108.0,29.0,1.04,16.0,57.0,7.0,36.0,0.0,11.0,2.0,100.0,6.0,5.0,3.0,2.0,7.0,2.18181818181818,0.0,8.0,2.72727272727273,1.0,8.0,1.90909090909091,1.0,1.0,0.470588235294118,0.0,2.0,2.0,2.0,474.0,0.0,0.894514767932489,0.5,0.0,3.0,2.0,0.0,0.0
1.0,14.0,105.0,3.0,0.0,2.0,1.0,8.0,3.0,21.0,0.0,6.0,3.0,3.0,42.0,1.0,3.0,8.0,12.0,0.0,1.0,3.0,2.0,21.0,8.0,5.0,11.0,51.0,13.0,0.82,12.0,24.0,3.0,16.0,1.0,3.0,3.0,66.0,1.0,0.0,2.0,2.0,6.0,4.0,3.0,5.0,3.33333333333333,2.0,4.0,3.0,2.0,1.0,1.0,1.0,2.0,2.0,2.0,210.0,0.0,0.828571428571429,0.5,0.0,2.0,2.0,1.0,0.0
0.0,7.0,113.0,3.0,0.0,1.0,1.0,6.0,2.0,17.0,0.0,10.0,2.0,4.0,65.0,1.0,4.0,6.0,14.0,1.0,2.0,3.0,3.0,11.0,6.0,4.0,12.0,38.0,10.0,1.71,10.0,22.0,3.0,15.0,0.0,4.0,2.0,66.0,7.0,0.0,5.0,1.0,5.0,3.5,3.0,4.0,3.25,2.0,4.0,1.75,1.0,1.0,0.5,0.0,2.0,2.0,2.0,226.0,0.0,0.84070796460177,0.5,0.0,2.0,2.0,1.0,0.0
0.0,1.0,40.0,1.0,1.0,1.0,0.0,1.0,1.0,11.0,0.0,10.0,1.0,1.0,31.0,1.0,1.0,1.0,5.0,0.0,0.0,1.0,0.0,0.0,1.0,1.0,5.0,6.0,0.0,5.17,3.0,5.0,1.0,4.0,0.0,1.0,1.0,0.0,3.0,2.0,2.0,1.0,2.0,2.0,2.0,1.0,1.0,1.0,1.0,1.0,1.0,0.0,0.0,0.0,2.0,2.0,2.0,82.0,0.0,0.585365853658537,0.5,0.0,3.0,2.0,0.0,0.0
0.0,4.0,46.0,1.0,0.0,1.0,0.0,2.0,1.0,7.0,0.0,3.0,1.0,2.0,27.0,1.0,2.0,2.0,7.0,0.0,0.0,1.0,2.0,2.0,2.0,2.0,7.0,15.0,2.0,1.8,4.0,9.0,1.0,6.0,0.0,2.0,1.0,0.0,1.0,0.0,3.0,2.0,1.0,0.5,0.0,1.0,1.0,1.0,1.0,1.0,1.0,0.0,0.0,0.0,2.0,2.0,2.0,92.0,0.0,0.41304347826087,0.5,0.0,3.0,2.0,2.0,0.0
0.0,5.0,116.0,2.0,1.0,1.0,5.0,6.0,1.0,10.0,1.0,4.0,1.0,5.0,54.0,1.0,5.0,6.0,22.0,1.0,0.0,2.0,3.0,18.0,6.0,5.0,20.0,45.0,9.0,1.2,18.0,29.0,2.0,22.0,0.0,4.0,1.0,84.0,4.0,0.0,3.0,1.0,8.0,3.0,1.0,3.0,2.4,2.0,2.0,1.2,1.0,1.0,0.5,0.0,6.0,6.0,4.0,258.0,49.0,0.724137931034483,0.5,0.0,4.0,4.0,0.0,0.0
0.0,4.0,72.0,1.0,0.0,1.0,1.0,3.0,1.0,8.0,0.0,3.0,1.0,3.0,40.0,1.0,3.0,3.0,14.0,1.0,0.0,1.0,2.0,5.0,3.0,3.0,13.0,25.0,3.0,1.6,7.0,16.0,1.0,12.0,0.0,3.0,1.0,100.0,4.0,0.0,6.0,1.0,3.0,2.33333333333333,2.0,4.0,3.0,2.0,1.0,1.0,1.0,0.0,0.0,0.0,4.0,4.0,4.0,176.0,24.0,0.736111111111111,0.25,0.0,3.0,4.0,0.0,0.0
4.0,9.0,316.0,5.0,7.0,1.0,2.0,26.0,2.0,12.0,2.0,2.0,2.0,17.0,74.0,2.0,17.0,26.0,86.0,1.0,15.0,5.0,5.0,101.0,26.0,17.0,87.0,208.0,74.0,0.36,34.0,161.0,5.0,133.0,0.0,15.0,2.0,82.0,5.0,0.0,2.0,2.0,9.0,3.29411764705882,0.0,31.0,5.0,1.0,7.0,1.70588235294118,1.0,3.0,0.761904761904762,0.0,2.0,2.0,2.0,632.0,0.0,0.873417721518987,0.5,0.0,3.0,2.0,2.0,0.0
0.0,6.0,173.0,2.0,0.0,1.0,3.0,8.0,1.0,15.0,0.0,9.0,1.0,7.0,101.0,2.0,7.0,8.0,21.0,0.0,2.0,2.0,7.0,19.0,8.0,7.0,23.0,57.0,11.0,1.77,15.0,34.0,2.0,25.0,0.0,7.0,1.0,100.0,8.0,0.0,2.0,2.0,7.0,2.57142857142857,1.0,4.0,2.0,1.0,2.0,1.14285714285714,1.0,1.0,0.363636363636364,0.0,4.0,4.0,4.0,358.0,17.0,0.670520231213873,0.25,0.0,3.0,4.0,2.0,0.0
0.0,9.0,143.0,5.0,0.0,1.0,0.0,12.0,2.0,13.0,0.0,2.0,2.0,7.0,41.0,1.0,7.0,12.0,32.0,5.0,1.0,5.0,2.0,38.0,12.0,7.0,32.0,80.0,21.0,0.51,22.0,53.0,5.0,42.0,1.0,7.0,2.0,57.0,6.0,2.0,9.0,1.0,7.0,3.0,0.0,23.0,5.28571428571429,0.0,4.0,1.57142857142857,1.0,3.0,1.3,0.0,6.0,6.0,6.0,285.0,31.0,0.517482517482518,0.166666666666667,0.0,4.0,6.0,2.0,1.0
0.0,6.0,64.0,2.0,0.0,1.0,1.0,4.0,1.0,8.0,0.0,1.0,1.0,3.0,26.0,1.0,3.0,4.0,12.0,2.0,0.0,2.0,1.0,9.0,4.0,3.0,12.0,28.0,6.0,0.93,10.0,18.0,2.0,13.0,0.0,3.0,1.0,100.0,7.0,1.0,3.0,1.0,2.0,1.0,0.0,6.0,3.66666666666667,2.0,2.0,1.33333333333333,1.0,1.0,0.6,0.0,2.0,2.0,2.0,128.0,0.0,0.703125,0.5,0.0,3.0,2.0,1.0,0.0
3.0,11.0,209.0,6.0,0.0,2.0,2.0,25.0,3.0,14.0,0.0,2.0,3.0,10.0,44.0,1.0,10.0,25.0,43.0,3.0,3.0,6.0,4.0,62.0,25.0,18.0,45.0,136.0,44.0,0.32,29.0,89.0,6.0,63.0,0.0,10.0,3.0,82.0,9.0,1.0,5.0,1.0,4.0,2.2,0.0,12.0,5.3,1.0,8.0,2.7,1.0,3.0,1.5,0.0,4.0,4.0,3.0,421.0,3.0,0.937799043062201,0.5,0.0,1.0,3.0,3.0,1.0
0.0,6.0,69.0,2.0,0.0,1.0,1.0,4.0,1.0,9.0,0.0,2.0,1.0,3.0,31.0,1.0,3.0,4.0,12.0,2.0,0.0,2.0,1.0,9.0,4.0,3.0,12.0,28.0,6.0,1.11,10.0,18.0,2.0,13.0,0.0,3.0,1.0,100.0,7.0,1.0,3.0,1.0,2.0,1.0,0.0,6.0,3.66666666666667,2.0,2.0,1.33333333333333,1.0,1.0,0.6,0.0,2.0,2.0,2.0,138.0,0.0,0.550724637681159,0.5,0.0,4.0,2.0,0.0,0.0
3.0,6.0,594.0,2.0,0.0,1.0,17.0,47.0,1.0,10.0,0.0,3.0,1.0,43.0,232.0,9.0,43.0,46.0,84.0,22.0,6.0,2.0,18.0,112.0,46.0,43.0,92.0,281.0,71.0,0.83,81.0,163.0,2.0,115.0,0.0,43.0,1.0,100.0,6.0,4.0,9.0,2.0,14.0,2.02325581395349,0.0,23.0,2.93023255813953,1.0,2.0,1.06976744186047,1.0,1.0,0.12962962962963,0.0,7.0,7.0,5.0,1203.0,45.0,0.818181818181818,0.285714285714286,0.0,3.0,5.0,3.0,0.0
0.0,1.0,47.0,1.0,0.0,1.0,0.0,2.0,1.0,9.0,0.0,8.0,1.0,2.0,36.0,1.0,2.0,2.0,6.0,0.0,0.0,1.0,2.0,0.0,2.0,2.0,6.0,8.0,0.0,4.5,3.0,6.0,1.0,5.0,0.0,2.0,1.0,0.0,3.0,1.0,1.0,1.0,1.0,1.0,1.0,1.0,1.0,1.0,1.0,1.0,1.0,4.0,0.8,0.0,2.0,2.0,2.0,94.0,0.0,0.574468085106383,0.5,0.0,4.0,2.0,0.0,0.0
0.0,25.0,206.0,9.0,1.0,3.0,1.0,22.0,5.0,38.0,0.0,9.0,5.0,4.0,71.0,1.0,4.0,18.0,22.0,0.0,0.0,11.0,3.0,55.0,18.0,10.0,24.0,111.0,32.0,0.64,24.0,56.0,9.0,37.0,3.0,4.0,6.0,100.0,6.0,0.0,4.0,1.0,3.0,2.0,1.0,15.0,7.0,2.0,52.0,15.25,1.0,4.0,2.66666666666667,0.0,6.0,6.0,3.0,547.0,112.0,0.854368932038835,0.5,0.0,3.0,3.0,3.0,1.0
0.0,9.0,89.0,3.0,0.0,1.0,1.0,5.0,2.0,15.0,0.0,4.0,2.0,3.0,39.0,1.0,3.0,5.0,13.0,1.0,0.0,3.0,2.0,15.0,5.0,3.0,13.0,37.0,9.0,1.05,13.0,22.0,3.0,16.0,2.0,3.0,2.0,100.0,4.0,1.0,4.0,1.0,4.0,2.33333333333333,1.0,7.0,3.66666666666667,2.0,4.0,2.0,1.0,1.0,0.6,0.0,3.0,3.0,2.0,179.0,1.0,0.764044943820225,0.666666666666667,0.0,3.0,2.0,2.0,0.0
0.0,8.0,149.0,5.0,0.0,1.0,2.0,11.0,2.0,14.0,0.0,5.0,2.0,6.0,54.0,2.0,6.0,10.0,30.0,2.0,3.0,6.0,4.0,28.0,10.0,6.0,30.0,73.0,19.0,0.74,22.0,49.0,5.0,37.0,1.0,6.0,2.0,66.0,6.0,0.0,5.0,1.0,5.0,3.0,1.0,15.0,4.66666666666667,1.0,6.0,1.83333333333333,1.0,3.0,1.0,0.0,3.0,3.0,2.0,301.0,3.0,0.785234899328859,0.666666666666667,0.0,3.0,2.0,2.0,1.0
0.0,16.0,175.0,8.0,0.0,1.0,2.0,15.0,3.0,21.0,0.0,4.0,3.0,5.0,51.0,1.0,5.0,14.0,35.0,2.0,4.0,9.0,3.0,45.0,14.0,5.0,34.0,102.0,32.0,0.5,22.0,66.0,8.0,52.0,1.0,5.0,3.0,70.0,5.0,0.0,4.0,1.0,9.0,2.8,1.0,12.0,5.0,1.0,36.0,8.4,1.0,2.0,1.25,0.0,3.0,3.0,2.0,355.0,3.0,0.727272727272727,0.666666666666667,0.0,2.0,2.0,4.0,0.0
1.0,8.0,194.0,3.0,0.0,1.0,3.0,14.0,2.0,15.0,0.0,5.0,2.0,9.0,77.0,2.0,9.0,14.0,31.0,7.0,2.0,3.0,1.0,36.0,14.0,9.0,34.0,92.0,23.0,0.84,25.0,57.0,3.0,42.0,0.0,9.0,2.0,85.0,9.0,1.0,7.0,2.0,5.0,3.0,1.0,14.0,3.55555555555556,1.0,3.0,1.55555555555556,1.0,2.0,0.846153846153846,0.0,3.0,3.0,3.0,425.0,28.0,0.690721649484536,0.333333333333333,0.0,4.0,3.0,0.0,0.0
0.0,4.0,145.0,1.0,0.0,1.0,1.0,6.0,1.0,11.0,0.0,7.0,1.0,6.0,101.0,1.0,6.0,6.0,11.0,0.0,0.0,1.0,6.0,8.0,6.0,6.0,11.0,32.0,6.0,3.16,13.0,17.0,1.0,10.0,0.0,6.0,1.0,100.0,10.0,1.0,2.0,1.0,4.0,1.83333333333333,0.0,4.0,2.16666666666667,1.0,1.0,1.0,1.0,0.0,0.0,0.0,2.0,2.0,2.0,290.0,0.0,0.931034482758621,0.5,0.0,1.0,2.0,2.0,0.0
0.0,1.0,72.0,1.0,1.0,1.0,0.0,1.0,1.0,19.0,0.0,18.0,1.0,1.0,61.0,1.0,1.0,1.0,7.0,0.0,0.0,1.0,0.0,0.0,1.0,1.0,7.0,9.0,0.0,6.78,2.0,7.0,1.0,6.0,0.0,1.0,1.0,0.0,4.0,2.0,2.0,2.0,1.0,1.0,1.0,0.0,0.0,0.0,1.0,1.0,1.0,0.0,0.0,0.0,2.0,2.0,2.0,144.0,0.0,0.819444444444444,0.5,0.0,3.0,2.0,1.0,0.0
0.0,5.0,74.0,2.0,0.0,1.0,1.0,4.0,1.0,9.0,0.0,4.0,1.0,3.0,44.0,1.0,3.0,4.0,11.0,0.0,1.0,2.0,3.0,5.0,4.0,3.0,11.0,25.0,4.0,1.76,5.0,15.0,2.0,10.0,0.0,3.0,1.0,66.0,1.0,0.0,5.0,2.0,4.0,2.0,0.0,3.0,1.66666666666667,0.0,2.0,1.33333333333333,1.0,1.0,0.6,0.0,3.0,3.0,3.0,149.0,1.0,0.702702702702703,0.333333333333333,0.0,4.0,3.0,1.0,0.0
0.0,1.0,63.0,1.0,0.0,1.0,3.0,2.0,1.0,9.0,0.0,8.0,1.0,2.0,48.0,1.0,2.0,2.0,8.0,0.0,0.0,1.0,2.0,3.0,2.0,2.0,8.0,10.0,0.0,4.8,5.0,8.0,1.0,7.0,0.0,2.0,1.0,100.0,3.0,1.0,0.0,1.0,2.0,1.5,1.0,1.0,0.5,0.0,1.0,1.0,1.0,1.0,0.2,0.0,2.0,2.0,2.0,126.0,0.0,0.841269841269841,0.5,0.0,2.0,2.0,2.0,0.0
0.0,1.0,43.0,1.0,2.0,1.0,0.0,2.0,1.0,5.0,0.0,4.0,1.0,2.0,32.0,1.0,2.0,2.0,5.0,0.0,0.0,1.0,0.0,0.0,2.0,2.0,5.0,7.0,0.0,4.57,4.0,5.0,1.0,4.0,0.0,2.0,1.0,0.0,3.0,1.0,1.0,1.0,2.0,1.5,1.0,1.0,0.5,0.0,1.0,1.0,1.0,0.0,0.0,0.0,2.0,2.0,2.0,86.0,0.0,0.767441860465116,0.5,0.0,2.0,2.0,2.0,0.0
0.0,6.0,95.0,1.0,0.0,1.0,2.0,4.0,1.0,14.0,0.0,7.0,1.0,4.0,59.0,2.0,4.0,4.0,10.0,2.0,0.0,1.0,2.0,10.0,4.0,4.0,10.0,28.0,5.0,2.11,8.0,15.0,1.0,10.0,0.0,4.0,1.0,100.0,6.0,5.0,6.0,2.0,5.0,2.25,0.0,5.0,2.25,0.0,1.0,1.0,1.0,0.0,0.0,0.0,3.0,3.0,3.0,194.0,2.0,0.905263157894737,0.333333333333333,0.0,2.0,3.0,1.0,0.0
2.0,6.0,347.0,3.0,0.0,1.0,9.0,24.0,1.0,12.0,2.0,4.0,1.0,18.0,143.0,8.0,18.0,24.0,53.0,1.0,6.0,3.0,15.0,55.0,24.0,20.0,54.0,155.0,35.0,0.92,49.0,89.0,3.0,60.0,0.0,16.0,1.0,100.0,6.0,2.0,7.0,2.0,7.0,2.44444444444444,0.0,6.0,2.27777777777778,0.0,4.0,1.44444444444444,1.0,1.0,0.222222222222222,0.0,2.0,2.0,2.0,694.0,0.0,0.92507204610951,0.5,0.0,2.0,2.0,2.0,0.0
0.0,4.0,104.0,2.0,0.0,1.0,0.0,9.0,1.0,8.0,0.0,3.0,1.0,8.0,49.0,1.0,8.0,9.0,15.0,0.0,2.0,2.0,8.0,10.0,9.0,8.0,15.0,45.0,10.0,1.09,10.0,25.0,2.0,15.0,0.0,8.0,1.0,62.0,1.0,5.0,3.0,2.0,6.0,2.125,0.0,3.0,1.625,1.0,2.0,1.125,1.0,2.0,0.454545454545455,0.0,3.0,3.0,3.0,201.0,1.0,0.682692307692308,0.333333333333333,0.0,5.0,3.0,0.0,0.0
0.0,4.0,69.0,1.0,0.0,1.0,1.0,3.0,1.0,10.0,0.0,5.0,1.0,3.0,41.0,1.0,3.0,3.0,9.0,1.0,1.0,1.0,2.0,6.0,3.0,3.0,9.0,22.0,5.0,1.86,6.0,14.0,1.0,10.0,0.0,3.0,1.0,50.0,6.0,4.0,2.0,1.0,6.0,4.33333333333333,3.0,3.0,2.33333333333333,1.0,1.0,1.0,1.0,0.0,0.0,0.0,2.0,2.0,2.0,138.0,0.0,0.855072463768116,0.5,0.0,2.0,2.0,1.0,0.0
1.0,7.0,381.0,3.0,0.0,1.0,6.0,30.0,1.0,13.0,0.0,4.0,1.0,23.0,162.0,6.0,23.0,30.0,47.0,8.0,4.0,3.0,14.0,68.0,30.0,23.0,57.0,176.0,47.0,0.92,43.0,104.0,3.0,73.0,0.0,23.0,1.0,100.0,6.0,2.0,11.0,2.0,9.0,2.82608695652174,0.0,8.0,2.26086956521739,0.0,4.0,1.34782608695652,1.0,2.0,0.366666666666667,0.0,3.0,3.0,3.0,720.0,2.0,0.545931758530184,0.333333333333333,0.0,3.0,3.0,2.0,0.0
0.0,5.0,92.0,1.0,0.0,1.0,1.0,3.0,1.0,14.0,0.0,8.0,1.0,3.0,57.0,1.0,3.0,3.0,13.0,1.0,0.0,1.0,2.0,7.0,3.0,3.0,11.0,27.0,6.0,2.11,9.0,17.0,1.0,13.0,0.0,3.0,1.0,100.0,7.0,0.0,8.0,1.0,5.0,4.33333333333333,3.0,7.0,4.33333333333333,2.0,1.0,1.0,1.0,0.0,0.0,0.0,2.0,2.0,2.0,184.0,0.0,0.793478260869565,0.5,0.0,3.0,2.0,0.0,0.0
0.0,4.0,76.0,1.0,0.0,1.0,1.0,5.0,1.0,7.0,0.0,3.0,1.0,5.0,37.0,1.0,5.0,5.0,12.0,4.0,1.0,1.0,1.0,7.0,5.0,5.0,12.0,30.0,6.0,1.23,9.0,18.0,1.0,12.0,0.0,5.0,1.0,50.0,6.0,2.0,4.0,1.0,4.0,2.2,1.0,3.0,2.0,1.0,1.0,1.0,1.0,3.0,0.375,0.0,2.0,2.0,2.0,152.0,0.0,0.855263157894737,0.5,0.0,3.0,2.0,0.0,0.0
0.0,6.0,126.0,2.0,0.0,1.0,2.0,6.0,1.0,15.0,0.0,8.0,1.0,5.0,65.0,1.0,5.0,6.0,22.0,0.0,1.0,2.0,5.0,12.0,6.0,5.0,18.0,46.0,10.0,1.41,15.0,28.0,2.0,21.0,0.0,5.0,1.0,73.0,7.0,0.0,7.0,1.0,10.0,6.2,2.0,9.0,3.6,1.0,2.0,1.2,1.0,1.0,0.428571428571429,0.0,2.0,2.0,2.0,252.0,0.0,0.880952380952381,0.5,0.0,3.0,2.0,0.0,0.0
0.0,6.0,127.0,2.0,0.0,1.0,1.0,9.0,1.0,11.0,0.0,5.0,1.0,7.0,64.0,1.0,7.0,9.0,20.0,3.0,1.0,2.0,4.0,17.0,9.0,7.0,17.0,53.0,13.0,1.21,10.0,30.0,2.0,20.0,0.0,7.0,1.0,71.0,4.0,0.0,7.0,1.0,4.0,2.14285714285714,1.0,7.0,3.0,1.0,2.0,1.28571428571429,1.0,1.0,0.444444444444444,0.0,2.0,2.0,2.0,254.0,0.0,0.724409448818898,0.5,0.0,4.0,2.0,0.0,0.0
0.0,4.0,60.0,1.0,0.0,1.0,1.0,2.0,1.0,11.0,0.0,7.0,1.0,2.0,37.0,1.0,2.0,2.0,8.0,0.0,0.0,1.0,2.0,3.0,2.0,2.0,8.0,16.0,2.0,2.31,7.0,10.0,1.0,7.0,0.0,2.0,1.0,100.0,2.0,0.0,2.0,2.0,2.0,1.5,1.0,2.0,2.0,2.0,1.0,1.0,1.0,0.0,0.0,0.0,2.0,2.0,2.0,120.0,0.0,0.8,0.5,0.0,3.0,2.0,0.0,0.0
0.0,4.0,67.0,1.0,0.0,1.0,1.0,2.0,1.0,14.0,0.0,9.0,1.0,2.0,44.0,1.0,2.0,2.0,9.0,0.0,0.0,1.0,2.0,3.0,2.0,2.0,8.0,17.0,2.0,2.59,6.0,10.0,1.0,7.0,0.0,2.0,1.0,100.0,3.0,2.0,1.0,2.0,5.0,4.5,4.0,2.0,2.0,2.0,1.0,1.0,1.0,0.0,0.0,0.0,3.0,3.0,3.0,136.0,2.0,0.791044776119403,0.333333333333333,0.0,3.0,3.0,1.0,0.0
0.0,6.0,174.0,2.0,0.0,1.0,4.0,11.0,1.0,12.0,0.0,4.0,1.0,10.0,76.0,4.0,10.0,11.0,23.0,0.0,3.0,2.0,10.0,27.0,11.0,10.0,27.0,76.0,19.0,1.0,22.0,46.0,2.0,33.0,0.0,10.0,1.0,100.0,5.0,1.0,5.0,2.0,4.0,2.1,1.0,9.0,2.7,1.0,2.0,1.1,1.0,1.0,0.2,0.0,2.0,2.0,2.0,348.0,0.0,0.867816091954023,0.5,0.0,2.0,2.0,2.0,0.0
0.0,4.0,72.0,1.0,0.0,1.0,1.0,3.0,1.0,8.0,0.0,4.0,1.0,3.0,46.0,1.0,3.0,3.0,8.0,0.0,1.0,1.0,3.0,4.0,3.0,3.0,8.0,19.0,3.0,2.42,7.0,11.0,1.0,7.0,0.0,3.0,1.0,50.0,2.0,0.0,1.0,1.0,2.0,1.33333333333333,1.0,2.0,1.66666666666667,1.0,1.0,1.0,1.0,0.0,0.0,0.0,3.0,3.0,3.0,145.0,1.0,0.791666666666667,0.333333333333333,0.0,3.0,3.0,1.0,0.0
0.0,24.0,135.0,7.0,0.0,1.0,4.0,9.0,3.0,33.0,0.0,4.0,3.0,3.0,36.0,3.0,3.0,9.0,24.0,2.0,0.0,7.0,1.0,41.0,9.0,3.0,27.0,78.0,21.0,0.46,21.0,48.0,7.0,38.0,5.0,3.0,3.0,100.0,7.0,0.0,7.0,2.0,4.0,2.33333333333333,1.0,13.0,5.66666666666667,1.0,28.0,10.0,1.0,3.0,1.28571428571429,0.0,2.0,2.0,2.0,270.0,0.0,0.851851851851852,0.5,0.0,3.0,2.0,0.0,0.0
0.0,6.0,109.0,1.0,0.0,1.0,3.0,5.0,1.0,13.0,0.0,6.0,1.0,5.0,56.0,2.0,5.0,5.0,14.0,2.0,2.0,1.0,3.0,14.0,5.0,5.0,16.0,38.0,9.0,1.47,15.0,25.0,1.0,19.0,1.0,5.0,1.0,100.0,7.0,0.0,6.0,2.0,6.0,2.8,0.0,8.0,3.0,1.0,1.0,1.0,1.0,0.0,0.0,0.0,2.0,2.0,2.0,218.0,0.0,0.853211009174312,0.5,0.0,3.0,2.0,2.0,0.0
0.0,5.0,96.0,1.0,0.0,1.0,3.0,5.0,1.0,11.0,0.0,5.0,1.0,5.0,49.0,2.0,5.0,5.0,13.0,2.0,1.0,1.0,3.0,11.0,5.0,5.0,15.0,35.0,6.0,1.4,12.0,21.0,1.0,15.0,0.0,5.0,1.0,100.0,6.0,1.0,3.0,2.0,5.0,1.8,0.0,4.0,1.6,0.0,1.0,1.0,1.0,0.0,0.0,0.0,2.0,2.0,2.0,192.0,0.0,0.854166666666667,0.5,0.0,3.0,2.0,2.0,0.0
0.0,1.0,50.0,1.0,1.0,1.0,0.0,1.0,1.0,15.0,0.0,14.0,1.0,1.0,39.0,1.0,1.0,1.0,5.0,0.0,0.0,1.0,0.0,0.0,1.0,1.0,5.0,7.0,0.0,5.57,4.0,5.0,1.0,4.0,0.0,1.0,1.0,0.0,6.0,2.0,2.0,1.0,1.0,1.0,1.0,1.0,1.0,1.0,1.0,1.0,1.0,0.0,0.0,0.0,2.0,2.0,2.0,100.0,0.0,0.78,0.5,0.0,3.0,2.0,0.0,0.0
0.0,1.0,61.0,1.0,2.0,1.0,0.0,2.0,1.0,5.0,0.0,4.0,1.0,2.0,51.0,1.0,2.0,2.0,5.0,0.0,0.0,1.0,0.0,0.0,2.0,2.0,5.0,7.0,0.0,7.29,3.0,5.0,1.0,4.0,0.0,2.0,1.0,0.0,3.0,0.0,0.0,1.0,2.0,2.0,2.0,1.0,0.5,0.0,1.0,1.0,1.0,0.0,0.0,0.0,2.0,2.0,2.0,122.0,0.0,0.836065573770492,0.5,0.0,2.0,2.0,2.0,0.0
0.0,4.0,40.0,1.0,0.0,1.0,1.0,1.0,1.0,8.0,0.0,4.0,1.0,1.0,27.0,1.0,1.0,1.0,5.0,0.0,0.0,1.0,1.0,2.0,1.0,1.0,5.0,10.0,1.0,2.7,3.0,6.0,1.0,4.0,0.0,1.0,1.0,100.0,6.0,0.0,0.0,1.0,2.0,2.0,2.0,2.0,2.0,2.0,1.0,1.0,1.0,0.0,0.0,0.0,2.0,2.0,2.0,80.0,0.0,0.775,0.5,0.0,3.0,2.0,0.0,0.0
0.0,5.0,62.0,1.0,0.0,1.0,1.0,2.0,1.0,12.0,0.0,7.0,1.0,2.0,36.0,1.0,2.0,2.0,8.0,0.0,1.0,1.0,2.0,6.0,2.0,2.0,8.0,19.0,5.0,1.89,7.0,13.0,1.0,10.0,0.0,2.0,1.0,50.0,7.0,0.0,3.0,1.0,5.0,3.0,1.0,6.0,3.5,1.0,1.0,1.0,1.0,0.0,0.0,0.0,2.0,2.0,2.0,124.0,0.0,0.838709677419355,0.5,0.0,2.0,2.0,1.0,0.0
0.0,4.0,79.0,1.0,0.0,1.0,1.0,4.0,1.0,9.0,0.0,5.0,1.0,4.0,46.0,1.0,4.0,4.0,11.0,1.0,0.0,1.0,3.0,5.0,4.0,4.0,10.0,25.0,4.0,1.84,8.0,14.0,1.0,9.0,0.0,4.0,1.0,100.0,4.0,0.0,5.0,1.0,3.0,2.25,2.0,4.0,2.75,2.0,1.0,1.0,1.0,0.0,0.0,0.0,2.0,2.0,2.0,158.0,0.0,0.721518987341772,0.5,0.0,3.0,2.0,1.0,0.0
0.0,4.0,45.0,1.0,0.0,1.0,0.0,2.0,1.0,7.0,0.0,3.0,1.0,2.0,27.0,1.0,2.0,2.0,7.0,0.0,0.0,1.0,2.0,3.0,2.0,2.0,7.0,15.0,2.0,1.8,3.0,9.0,1.0,6.0,0.0,2.0,1.0,0.0,2.0,0.0,2.0,1.0,1.0,0.5,0.0,3.0,3.0,3.0,1.0,1.0,1.0,0.0,0.0,0.0,2.0,2.0,2.0,90.0,0.0,0.577777777777778,0.5,0.0,3.0,2.0,1.0,0.0
0.0,14.0,122.0,4.0,0.0,1.0,3.0,7.0,2.0,22.0,0.0,5.0,2.0,4.0,47.0,3.0,4.0,7.0,15.0,3.0,0.0,4.0,1.0,28.0,7.0,4.0,19.0,57.0,16.0,0.82,18.0,35.0,4.0,27.0,3.0,4.0,2.0,100.0,7.0,1.0,5.0,2.0,5.0,2.25,0.0,13.0,4.5,1.0,5.0,2.0,1.0,0.0,0.0,0.0,3.0,3.0,3.0,231.0,1.0,0.721311475409836,0.333333333333333,0.0,3.0,3.0,1.0,0.0
0.0,1.0,56.0,1.0,3.0,1.0,0.0,3.0,1.0,8.0,0.0,7.0,1.0,3.0,42.0,1.0,3.0,3.0,7.0,0.0,0.0,1.0,0.0,0.0,3.0,3.0,7.0,9.0,0.0,4.67,5.0,7.0,1.0,6.0,0.0,3.0,1.0,0.0,5.0,2.0,1.0,1.0,1.0,1.0,1.0,1.0,1.0,1.0,1.0,1.0,1.0,0.0,0.0,0.0,2.0,2.0,2.0,112.0,0.0,0.696428571428571,0.5,0.0,3.0,2.0,0.0,0.0
0.0,1.0,32.0,1.0,0.0,1.0,0.0,1.0,1.0,5.0,0.0,4.0,1.0,1.0,25.0,1.0,1.0,1.0,3.0,0.0,0.0,1.0,1.0,0.0,1.0,1.0,3.0,5.0,0.0,5.0,2.0,3.0,1.0,2.0,0.0,1.0,1.0,0.0,6.0,1.0,0.0,1.0,2.0,2.0,2.0,1.0,1.0,1.0,1.0,1.0,1.0,0.0,0.0,0.0,2.0,2.0,1.0,32.0,0.0,1.0,1.0,0.0,1.0,1.0,0.0,0.0
0.0,5.0,100.0,1.0,0.0,1.0,1.0,5.0,1.0,14.0,0.0,8.0,1.0,4.0,56.0,1.0,4.0,4.0,14.0,2.0,1.0,2.0,2.0,12.0,4.0,4.0,14.0,34.0,9.0,1.65,10.0,23.0,1.0,18.0,0.0,4.0,1.0,75.0,7.0,1.0,6.0,1.0,4.0,2.75,1.0,12.0,4.75,2.0,1.0,1.0,1.0,0.0,0.0,0.0,2.0,2.0,2.0,200.0,0.0,0.77,0.5,0.0,3.0,2.0,1.0,0.0
1.0,5.0,179.0,2.0,3.0,1.0,4.0,18.0,1.0,9.0,0.0,2.0,1.0,16.0,63.0,5.0,16.0,18.0,22.0,0.0,1.0,2.0,12.0,30.0,18.0,16.0,30.0,88.0,18.0,0.72,28.0,48.0,2.0,30.0,0.0,16.0,1.0,100.0,4.0,2.0,6.0,2.0,4.0,1.5625,1.0,6.0,2.375,1.0,2.0,1.125,1.0,1.0,0.181818181818182,0.0,7.0,7.0,5.0,269.0,26.0,0.664804469273743,0.285714285714286,0.0,2.0,5.0,3.0,0.0
0.0,5.0,84.0,1.0,0.0,1.0,2.0,3.0,1.0,12.0,0.0,6.0,1.0,3.0,46.0,1.0,3.0,3.0,15.0,0.0,0.0,1.0,3.0,11.0,3.0,3.0,14.0,30.0,6.0,1.53,8.0,20.0,1.0,16.0,0.0,3.0,1.0,83.0,7.0,0.0,6.0,1.0,4.0,2.66666666666667,0.0,10.0,5.0,2.0,1.0,1.0,1.0,0.0,0.0,0.0,2.0,2.0,2.0,168.0,0.0,0.797619047619048,0.5,0.0,3.0,2.0,0.0,0.0
0.0,4.0,108.0,1.0,0.0,1.0,1.0,5.0,1.0,10.0,0.0,5.0,1.0,5.0,65.0,1.0,5.0,5.0,14.0,1.0,1.0,1.0,4.0,8.0,5.0,5.0,14.0,33.0,7.0,1.97,10.0,21.0,1.0,15.0,0.0,5.0,1.0,60.0,2.0,3.0,5.0,1.0,7.0,4.4,3.0,3.0,2.4,1.0,1.0,1.0,1.0,0.0,0.0,0.0,4.0,4.0,4.0,224.0,8.0,0.787037037037037,0.25,0.0,3.0,4.0,3.0,0.0
0.0,7.0,102.0,4.0,0.0,1.0,1.0,11.0,2.0,12.0,0.0,3.0,2.0,5.0,42.0,1.0,5.0,10.0,11.0,0.0,1.0,5.0,5.0,15.0,10.0,7.0,11.0,47.0,13.0,0.89,13.0,24.0,4.0,14.0,0.0,5.0,2.0,50.0,1.0,0.0,1.0,3.0,5.0,2.6,1.0,4.0,2.0,1.0,6.0,2.2,1.0,1.0,0.625,0.0,3.0,3.0,3.0,208.0,3.0,0.862745098039216,0.333333333333333,0.0,2.0,3.0,2.0,0.0
0.0,4.0,103.0,2.0,0.0,1.0,0.0,7.0,1.0,9.0,0.0,4.0,1.0,6.0,54.0,1.0,6.0,7.0,13.0,0.0,1.0,2.0,6.0,10.0,7.0,6.0,13.0,38.0,7.0,1.42,11.0,20.0,2.0,12.0,0.0,6.0,1.0,33.0,1.0,2.0,3.0,4.0,4.0,2.0,0.0,4.0,1.66666666666667,0.0,2.0,1.16666666666667,1.0,1.0,0.375,0.0,2.0,2.0,2.0,206.0,0.0,0.844660194174757,0.5,0.0,3.0,2.0,0.0,0.0
0.0,5.0,83.0,2.0,0.0,1.0,1.0,7.0,1.0,9.0,0.0,3.0,1.0,5.0,39.0,1.0,5.0,6.0,12.0,0.0,2.0,3.0,5.0,12.0,6.0,5.0,12.0,36.0,8.0,1.08,8.0,20.0,2.0,13.0,0.0,5.0,1.0,66.0,1.0,0.0,0.0,2.0,6.0,3.6,1.0,4.0,2.4,1.0,2.0,1.2,1.0,1.0,0.428571428571429,0.0,2.0,2.0,2.0,166.0,0.0,0.879518072289157,0.5,0.0,2.0,2.0,2.0,0.0
0.0,3.0,57.0,1.0,0.0,1.0,0.0,3.0,1.0,7.0,0.0,4.0,1.0,3.0,37.0,1.0,3.0,3.0,8.0,0.0,1.0,1.0,3.0,2.0,3.0,3.0,8.0,15.0,2.0,2.47,5.0,10.0,1.0,7.0,0.0,3.0,1.0,33.0,1.0,6.0,2.0,2.0,1.0,0.666666666666667,0.0,2.0,1.33333333333333,1.0,1.0,1.0,1.0,1.0,0.166666666666667,0.0,2.0,2.0,2.0,116.0,0.0,0.793103448275862,0.5,0.0,3.0,2.0,0.0,0.0
0.0,1.0,45.0,1.0,2.0,1.0,0.0,2.0,1.0,5.0,0.0,4.0,1.0,2.0,34.0,1.0,2.0,2.0,7.0,0.0,0.0,1.0,0.0,0.0,2.0,2.0,7.0,8.0,0.0,4.25,3.0,7.0,1.0,6.0,0.0,2.0,1.0,0.0,3.0,2.0,2.0,1.0,2.0,2.0,2.0,1.0,1.0,1.0,1.0,1.0,1.0,0.0,0.0,0.0,2.0,2.0,2.0,92.0,0.0,0.695652173913043,0.5,0.0,3.0,2.0,1.0,0.0
0.0,5.0,68.0,2.0,0.0,1.0,1.0,4.0,1.0,9.0,0.0,4.0,1.0,3.0,38.0,1.0,3.0,4.0,10.0,0.0,2.0,2.0,3.0,6.0,4.0,3.0,10.0,24.0,5.0,1.58,6.0,15.0,2.0,10.0,0.0,3.0,1.0,55.0,1.0,0.0,2.0,2.0,3.0,1.66666666666667,1.0,3.0,2.33333333333333,2.0,2.0,1.33333333333333,1.0,1.0,0.6,0.0,2.0,2.0,2.0,138.0,0.0,0.768115942028985,0.5,0.0,3.0,2.0,1.0,0.0
0.0,12.0,320.0,5.0,0.0,1.0,7.0,20.0,2.0,21.0,0.0,6.0,2.0,12.0,140.0,6.0,12.0,19.0,36.0,5.0,1.0,6.0,7.0,64.0,19.0,12.0,44.0,137.0,34.0,1.02,43.0,78.0,5.0,58.0,2.0,12.0,2.0,100.0,6.0,1.0,5.0,2.0,6.0,1.91666666666667,0.0,11.0,3.66666666666667,1.0,16.0,2.58333333333333,1.0,1.0,0.263157894736842,0.0,6.0,6.0,5.0,675.0,45.0,0.9,0.333333333333333,0.0,2.0,5.0,4.0,1.0
2.0,10.0,624.0,4.0,1.0,1.0,17.0,47.0,2.0,18.0,0.0,7.0,2.0,31.0,271.0,12.0,31.0,47.0,77.0,17.0,1.0,4.0,11.0,124.0,47.0,35.0,86.0,297.0,70.0,0.91,56.0,156.0,4.0,111.0,0.0,31.0,2.0,100.0,7.0,2.0,7.0,2.0,6.0,2.48387096774194,1.0,7.0,2.64516129032258,0.0,6.0,1.54838709677419,1.0,2.0,0.444444444444444,0.0,4.0,4.0,3.0,1248.0,624.0,0.919871794871795,0.5,0.0,1.0,3.0,5.0,0.0
0.0,4.0,106.0,1.0,0.0,1.0,0.0,7.0,1.0,8.0,0.0,4.0,1.0,7.0,53.0,1.0,7.0,7.0,16.0,1.0,3.0,1.0,6.0,9.0,7.0,7.0,16.0,40.0,8.0,1.32,13.0,24.0,1.0,16.0,0.0,7.0,1.0,71.0,1.0,2.0,5.0,2.0,4.0,1.57142857142857,0.0,3.0,1.42857142857143,1.0,1.0,1.0,1.0,4.0,0.4,0.0,4.0,4.0,3.0,213.0,107.0,0.783018867924528,0.5,0.0,2.0,3.0,3.0,0.0
0.0,7.0,145.0,3.0,0.0,1.0,1.0,11.0,1.0,13.0,0.0,5.0,1.0,9.0,70.0,2.0,9.0,11.0,18.0,0.0,2.0,3.0,9.0,21.0,11.0,9.0,20.0,59.0,15.0,1.19,16.0,35.0,3.0,24.0,0.0,9.0,1.0,100.0,2.0,1.0,4.0,2.0,3.0,1.44444444444444,0.0,6.0,1.66666666666667,1.0,4.0,1.33333333333333,1.0,1.0,0.25,0.0,4.0,4.0,3.0,291.0,146.0,0.83448275862069,0.5,0.0,2.0,3.0,3.0,0.0
0.0,4.0,82.0,1.0,0.0,1.0,1.0,5.0,1.0,10.0,0.0,5.0,1.0,5.0,47.0,2.0,5.0,5.0,9.0,0.0,0.0,1.0,5.0,7.0,5.0,5.0,11.0,27.0,4.0,1.74,8.0,15.0,1.0,10.0,0.0,5.0,1.0,100.0,2.0,1.0,5.0,2.0,4.0,1.8,0.0,3.0,1.8,1.0,1.0,1.0,1.0,0.0,0.0,0.0,4.0,4.0,3.0,165.0,83.0,0.731707317073171,0.5,0.0,2.0,3.0,3.0,0.0
0.0,6.0,173.0,3.0,0.0,1.0,10.0,10.0,1.0,12.0,0.0,6.0,1.0,6.0,92.0,3.0,6.0,8.0,26.0,0.0,3.0,5.0,6.0,24.0,8.0,6.0,25.0,61.0,12.0,1.51,20.0,37.0,3.0,28.0,0.0,6.0,2.0,100.0,3.0,0.0,2.0,2.0,7.0,3.66666666666667,1.0,4.0,1.83333333333333,1.0,3.0,1.33333333333333,1.0,1.0,0.3,0.0,4.0,4.0,3.0,347.0,174.0,0.884393063583815,0.5,0.0,2.0,3.0,3.0,0.0
0.0,1.0,132.0,1.0,7.0,1.0,0.0,7.0,1.0,13.0,0.0,12.0,1.0,7.0,107.0,1.0,7.0,7.0,13.0,0.0,0.0,1.0,0.0,0.0,7.0,7.0,13.0,15.0,0.0,7.13,10.0,13.0,1.0,12.0,0.0,7.0,1.0,0.0,3.0,1.0,5.0,1.0,8.0,2.28571428571429,1.0,1.0,0.857142857142857,0.0,1.0,1.0,1.0,0.0,0.0,0.0,4.0,4.0,3.0,265.0,133.0,0.818181818181818,0.5,0.0,2.0,3.0,4.0,0.0
0.0,1.0,47.0,1.0,0.0,1.0,0.0,1.0,1.0,10.0,0.0,9.0,1.0,1.0,33.0,1.0,1.0,1.0,6.0,0.0,0.0,1.0,1.0,0.0,1.0,1.0,6.0,8.0,0.0,4.12,6.0,6.0,1.0,5.0,0.0,1.0,1.0,0.0,3.0,1.0,1.0,1.0,2.0,2.0,2.0,0.0,0.0,0.0,1.0,1.0,1.0,0.0,0.0,0.0,4.0,4.0,3.0,95.0,48.0,0.51063829787234,0.5,0.0,3.0,3.0,3.0,0.0
0.0,31.0,278.0,11.0,0.0,2.0,1.0,26.0,6.0,54.0,0.0,20.0,6.0,4.0,104.0,1.0,4.0,23.0,48.0,2.0,5.0,12.0,2.0,83.0,23.0,7.0,54.0,151.0,58.0,0.69,36.0,112.0,11.0,91.0,5.0,4.0,7.0,50.0,4.0,0.0,8.0,1.0,8.0,6.25,5.0,17.0,8.75,2.0,120.0,43.25,1.0,4.0,2.66666666666667,0.0,4.0,4.0,3.0,558.0,280.0,0.838129496402878,0.5,0.0,3.0,3.0,1.0,0.0
0.0,6.0,139.0,4.0,0.0,1.0,1.0,10.0,1.0,12.0,0.0,6.0,1.0,7.0,68.0,1.0,7.0,10.0,21.0,1.0,3.0,4.0,6.0,16.0,10.0,7.0,20.0,56.0,12.0,1.21,15.0,32.0,4.0,22.0,0.0,7.0,1.0,67.0,3.0,1.0,4.0,1.0,5.0,2.14285714285714,1.0,6.0,2.0,1.0,3.0,1.28571428571429,1.0,2.0,0.666666666666667,0.0,4.0,4.0,3.0,279.0,140.0,0.81294964028777,0.5,0.0,2.0,3.0,3.0,0.0
0.0,6.0,128.0,4.0,0.0,1.0,1.0,9.0,2.0,13.0,0.0,6.0,2.0,6.0,63.0,1.0,6.0,9.0,19.0,0.0,3.0,4.0,6.0,15.0,9.0,6.0,19.0,51.0,11.0,1.24,14.0,30.0,4.0,21.0,0.0,6.0,2.0,66.0,3.0,0.0,4.0,1.0,5.0,2.16666666666667,1.0,6.0,2.16666666666667,1.0,3.0,1.33333333333333,1.0,2.0,0.75,0.0,4.0,4.0,3.0,257.0,129.0,0.796875,0.5,0.0,2.0,3.0,3.0,0.0
4.0,15.0,236.0,6.0,0.0,2.0,1.0,20.0,3.0,25.0,0.0,9.0,3.0,7.0,84.0,1.0,7.0,19.0,33.0,1.0,4.0,7.0,2.0,60.0,19.0,12.0,34.0,130.0,42.0,0.65,23.0,76.0,6.0,56.0,0.0,7.0,3.0,77.0,4.0,0.0,8.0,1.0,9.0,4.57142857142857,2.0,13.0,4.71428571428571,1.0,14.0,3.85714285714286,1.0,2.0,1.11111111111111,0.0,4.0,4.0,3.0,475.0,239.0,0.872881355932203,0.5,0.0,2.0,3.0,3.0,0.0
2.0,13.0,431.0,9.0,0.0,1.0,6.0,42.0,3.0,22.0,1.0,8.0,3.0,16.0,165.0,6.0,16.0,40.0,64.0,5.0,1.0,10.0,9.0,108.0,40.0,21.0,70.0,226.0,77.0,0.73,40.0,147.0,9.0,106.0,1.0,15.0,3.0,100.0,8.0,1.0,12.0,2.0,7.0,3.5625,0.0,12.0,3.9375,1.0,25.0,4.25,1.0,3.0,0.695652173913043,0.0,4.0,4.0,3.0,867.0,435.0,0.819444444444444,0.5,0.0,2.0,3.0,3.0,0.0
0.0,9.0,146.0,2.0,0.0,1.0,3.0,8.0,1.0,17.0,0.0,6.0,1.0,7.0,65.0,3.0,7.0,8.0,20.0,2.0,0.0,2.0,5.0,25.0,8.0,7.0,24.0,64.0,15.0,1.02,17.0,39.0,2.0,30.0,1.0,7.0,1.0,100.0,8.0,1.0,5.0,2.0,2.0,1.57142857142857,0.0,8.0,3.14285714285714,2.0,2.0,1.14285714285714,1.0,1.0,0.272727272727273,0.0,10.0,10.0,4.0,1812.0,910.0,0.780821917808219,0.3,0.0,3.0,4.0,2.0,0.0
0.0,3.0,106.0,2.0,0.0,1.0,1.0,11.0,1.0,6.0,0.0,2.0,1.0,10.0,48.0,1.0,10.0,11.0,15.0,0.0,0.0,2.0,10.0,10.0,11.0,10.0,15.0,44.0,8.0,1.09,14.0,23.0,2.0,14.0,0.0,10.0,1.0,100.0,1.0,0.0,1.0,2.0,1.0,0.4,0.0,3.0,0.9,0.0,2.0,1.1,1.0,1.0,0.307692307692308,0.0,2.0,2.0,2.0,212.0,0.0,0.311320754716981,0.5,0.0,4.0,2.0,0.0,0.0
1.0,6.0,439.0,2.0,0.0,1.0,5.0,22.0,1.0,16.0,0.0,9.0,1.0,18.0,262.0,3.0,18.0,22.0,52.0,7.0,4.0,2.0,10.0,56.0,22.0,18.0,50.0,139.0,33.0,1.88,38.0,83.0,2.0,62.0,0.0,18.0,1.0,100.0,6.0,2.0,9.0,2.0,9.0,2.77777777777778,1.0,13.0,3.44444444444444,0.0,2.0,1.16666666666667,1.0,1.0,0.304347826086957,0.0,2.0,2.0,2.0,878.0,0.0,0.920273348519362,0.5,0.0,1.0,2.0,3.0,0.0
3.0,13.0,560.0,7.0,0.0,2.0,9.0,52.0,3.0,23.0,4.0,8.0,3.0,18.0,204.0,1.0,18.0,47.0,59.0,5.0,1.0,8.0,10.0,167.0,47.0,31.0,61.0,304.0,141.0,0.67,52.0,202.0,7.0,157.0,1.0,14.0,3.0,82.0,1.0,0.0,0.0,1.0,13.0,4.16666666666667,2.0,10.0,4.22222222222222,2.0,13.0,3.05555555555556,1.0,5.0,1.61904761904762,0.0,2.0,2.0,2.0,1120.0,0.0,0.985714285714286,0.5,0.0,1.0,2.0,2.0,0.0
1.0,13.0,107.0,5.0,0.0,1.0,2.0,8.0,3.0,19.0,2.0,5.0,3.0,3.0,42.0,1.0,3.0,8.0,18.0,0.0,0.0,5.0,2.0,17.0,8.0,3.0,17.0,53.0,11.0,0.79,12.0,28.0,5.0,19.0,1.0,1.0,3.0,50.0,1.0,0.0,5.0,1.0,6.0,2.66666666666667,0.0,8.0,5.0,1.0,5.0,2.66666666666667,1.0,3.0,2.0,0.0,3.0,3.0,2.0,217.0,3.0,0.850467289719626,0.666666666666667,0.0,3.0,2.0,2.0,0.0
0.0,4.0,150.0,1.0,0.0,1.0,3.0,3.0,1.0,6.0,1.0,2.0,1.0,3.0,40.0,1.0,3.0,3.0,11.0,2.0,0.0,1.0,1.0,87.0,3.0,3.0,10.0,102.0,3.0,0.39,8.0,13.0,1.0,9.0,0.0,2.0,1.0,77.0,4.0,0.0,0.0,1.0,3.0,1.33333333333333,0.0,2.0,1.33333333333333,1.0,1.0,1.0,1.0,1.0,0.166666666666667,0.0,3.0,3.0,3.0,300.0,150.0,0.993333333333333,0.333333333333333,0.0,1.0,3.0,1.0,0.0
0.0,4.0,185.0,2.0,0.0,1.0,0.0,15.0,1.0,10.0,0.0,5.0,1.0,12.0,99.0,1.0,12.0,15.0,23.0,3.0,3.0,2.0,9.0,20.0,15.0,12.0,26.0,69.0,14.0,1.43,17.0,40.0,2.0,27.0,0.0,12.0,1.0,75.0,1.0,2.0,2.0,2.0,4.0,1.33333333333333,0.0,4.0,1.75,1.0,2.0,1.25,1.0,4.0,0.6,0.0,1.0,1.0,1.0,185.0,0.0,1.0,1.0,0.0,1.0,1.0,0.0,0.0
0.0,4.0,65.0,1.0,0.0,1.0,1.0,4.0,1.0,8.0,0.0,4.0,1.0,4.0,39.0,1.0,4.0,4.0,7.0,0.0,0.0,1.0,4.0,6.0,4.0,4.0,7.0,21.0,5.0,1.86,5.0,12.0,1.0,7.0,0.0,4.0,1.0,100.0,8.0,0.0,2.0,1.0,3.0,0.75,0.0,3.0,2.25,1.0,1.0,1.0,1.0,0.0,0.0,0.0,2.0,2.0,2.0,132.0,0.0,0.727272727272727,0.5,0.0,3.0,2.0,0.0,0.0
0.0,4.0,200.0,2.0,0.0,1.0,1.0,17.0,1.0,8.0,0.0,3.0,1.0,15.0,92.0,1.0,15.0,17.0,27.0,3.0,3.0,2.0,12.0,22.0,17.0,15.0,27.0,83.0,20.0,1.11,25.0,47.0,2.0,29.0,0.0,15.0,1.0,80.0,2.0,0.0,2.0,1.0,6.0,1.4,0.0,3.0,1.8,1.0,2.0,1.13333333333333,1.0,1.0,0.277777777777778,0.0,2.0,2.0,1.0,201.0,33.0,1.0,1.0,0.0,1.0,1.0,0.0,0.0
0.0,4.0,169.0,1.0,0.0,1.0,0.0,10.0,1.0,12.0,0.0,7.0,1.0,10.0,100.0,1.0,10.0,10.0,19.0,0.0,1.0,1.0,10.0,16.0,10.0,10.0,17.0,57.0,15.0,1.75,12.0,32.0,1.0,21.0,0.0,10.0,1.0,30.0,7.0,0.0,1.0,2.0,4.0,1.7,0.0,3.0,2.1,1.0,1.0,1.0,1.0,0.0,0.0,0.0,3.0,3.0,1.0,177.0,8.0,1.0,1.0,0.0,1.0,1.0,0.0,0.0
0.0,1.0,99.0,1.0,7.0,1.0,0.0,7.0,1.0,7.0,0.0,6.0,1.0,7.0,78.0,1.0,7.0,7.0,11.0,0.0,0.0,1.0,0.0,0.0,7.0,7.0,11.0,13.0,0.0,6.0,8.0,11.0,1.0,10.0,0.0,7.0,1.0,0.0,4.0,1.0,0.0,1.0,2.0,1.14285714285714,1.0,1.0,1.0,1.0,1.0,1.0,1.0,0.0,0.0,0.0,2.0,2.0,1.0,101.0,2.0,1.0,1.0,0.0,1.0,1.0,0.0,0.0
0.0,8.0,74.0,2.0,0.0,1.0,1.0,5.0,1.0,14.0,0.0,5.0,1.0,3.0,39.0,1.0,3.0,4.0,9.0,0.0,0.0,2.0,3.0,12.0,4.0,3.0,9.0,29.0,6.0,1.34,6.0,15.0,2.0,10.0,0.0,3.0,2.0,100.0,8.0,0.0,4.0,1.0,3.0,1.0,0.0,8.0,4.66666666666667,2.0,2.0,1.33333333333333,1.0,1.0,0.6,0.0,2.0,2.0,2.0,148.0,0.0,0.756756756756757,0.5,0.0,3.0,2.0,0.0,0.0
0.0,1.0,42.0,1.0,1.0,1.0,0.0,1.0,1.0,7.0,0.0,6.0,1.0,1.0,35.0,1.0,1.0,1.0,4.0,0.0,0.0,1.0,0.0,0.0,1.0,1.0,4.0,5.0,0.0,7.0,2.0,4.0,1.0,3.0,0.0,1.0,1.0,0.0,3.0,1.0,1.0,1.0,1.0,1.0,1.0,1.0,1.0,1.0,1.0,1.0,1.0,0.0,0.0,0.0,2.0,2.0,2.0,86.0,0.0,0.651162790697674,0.5,0.0,2.0,2.0,1.0,0.0
0.0,1.0,184.0,1.0,16.0,1.0,0.0,16.0,1.0,7.0,0.0,6.0,1.0,16.0,144.0,1.0,16.0,16.0,20.0,0.0,0.0,1.0,0.0,0.0,16.0,16.0,20.0,22.0,0.0,6.55,18.0,20.0,1.0,19.0,0.0,16.0,1.0,0.0,3.0,1.0,2.0,1.0,6.0,1.25,0.0,1.0,0.5,0.0,1.0,1.0,1.0,0.0,0.0,0.0,4.0,4.0,3.0,371.0,13.0,0.91304347826087,0.5,0.0,2.0,3.0,1.0,0.0
0.0,1.0,44.0,1.0,3.0,1.0,0.0,3.0,1.0,5.0,0.0,4.0,1.0,3.0,33.0,1.0,3.0,3.0,6.0,0.0,0.0,1.0,0.0,0.0,3.0,3.0,6.0,7.0,0.0,4.71,4.0,6.0,1.0,5.0,0.0,3.0,1.0,0.0,3.0,1.0,1.0,1.0,1.0,1.0,1.0,0.0,0.0,0.0,1.0,1.0,1.0,0.0,0.0,0.0,2.0,2.0,2.0,90.0,0.0,0.666666666666667,0.5,0.0,2.0,2.0,1.0,0.0
0.0,1.0,95.0,1.0,5.0,1.0,0.0,5.0,1.0,10.0,0.0,9.0,1.0,5.0,78.0,1.0,5.0,5.0,9.0,0.0,0.0,1.0,0.0,0.0,5.0,5.0,9.0,11.0,0.0,7.09,6.0,9.0,1.0,8.0,0.0,5.0,1.0,0.0,3.0,2.0,3.0,1.0,4.0,2.2,1.0,1.0,0.6,0.0,1.0,1.0,1.0,0.0,0.0,0.0,2.0,2.0,2.0,190.0,0.0,0.831578947368421,0.5,0.0,2.0,2.0,1.0,0.0
0.0,4.0,68.0,1.0,0.0,1.0,1.0,4.0,1.0,8.0,0.0,4.0,1.0,4.0,40.0,1.0,4.0,4.0,8.0,0.0,0.0,1.0,4.0,7.0,4.0,4.0,8.0,23.0,5.0,1.74,5.0,13.0,1.0,8.0,0.0,4.0,1.0,100.0,8.0,0.0,3.0,1.0,3.0,0.75,0.0,4.0,3.0,2.0,1.0,1.0,1.0,0.0,0.0,0.0,3.0,3.0,3.0,138.0,2.0,0.735294117647059,0.333333333333333,0.0,3.0,3.0,0.0,0.0
0.0,7.0,83.0,2.0,0.0,1.0,1.0,5.0,1.0,12.0,0.0,4.0,1.0,4.0,42.0,1.0,4.0,5.0,9.0,1.0,0.0,2.0,3.0,13.0,5.0,4.0,9.0,33.0,8.0,1.27,8.0,17.0,2.0,11.0,0.0,4.0,1.0,100.0,8.0,0.0,5.0,1.0,3.0,0.75,0.0,8.0,4.0,2.0,2.0,1.25,1.0,1.0,0.5,0.0,5.0,5.0,4.0,173.0,5.0,0.903614457831325,0.4,0.0,2.0,4.0,1.0,0.0
0.0,4.0,58.0,1.0,0.0,1.0,1.0,3.0,1.0,9.0,0.0,4.0,1.0,3.0,37.0,1.0,3.0,3.0,6.0,0.0,0.0,1.0,3.0,5.0,3.0,3.0,6.0,17.0,4.0,2.18,4.0,10.0,1.0,6.0,0.0,3.0,1.0,100.0,8.0,0.0,2.0,1.0,3.0,1.0,0.0,3.0,2.66666666666667,2.0,1.0,1.0,1.0,0.0,0.0,0.0,2.0,2.0,2.0,118.0,0.0,0.711864406779661,0.5,0.0,3.0,2.0,0.0,0.0
0.0,4.0,171.0,2.0,0.0,1.0,1.0,10.0,1.0,13.0,0.0,8.0,1.0,9.0,107.0,1.0,9.0,10.0,17.0,0.0,2.0,2.0,9.0,15.0,10.0,9.0,17.0,51.0,14.0,2.1,13.0,31.0,2.0,21.0,0.0,9.0,1.0,70.0,7.0,1.0,3.0,1.0,6.0,3.11111111111111,1.0,7.0,3.11111111111111,1.0,1.0,1.0,1.0,0.0,0.0,0.0,2.0,2.0,2.0,342.0,0.0,0.894736842105263,0.5,0.0,2.0,2.0,1.0,0.0
0.0,5.0,347.0,4.0,0.0,1.0,6.0,22.0,1.0,14.0,0.0,8.0,1.0,17.0,191.0,1.0,17.0,22.0,38.0,5.0,3.0,4.0,12.0,43.0,22.0,17.0,37.0,119.0,36.0,1.61,37.0,73.0,4.0,51.0,0.0,17.0,1.0,91.0,6.0,3.0,7.0,3.0,11.0,2.52941176470588,0.0,14.0,2.76470588235294,0.0,6.0,1.41176470588235,1.0,2.0,0.421052631578947,0.0,5.0,5.0,3.0,695.0,18.0,0.927953890489914,0.6,0.0,1.0,3.0,2.0,0.0
0.0,3.0,87.0,1.0,0.0,1.0,0.0,5.0,1.0,8.0,0.0,5.0,1.0,5.0,56.0,1.0,5.0,5.0,10.0,3.0,1.0,1.0,2.0,5.0,5.0,5.0,10.0,24.0,5.0,2.33,7.0,15.0,1.0,10.0,0.0,5.0,1.0,60.0,7.0,5.0,3.0,1.0,11.0,4.4,0.0,4.0,1.8,0.0,1.0,1.0,1.0,0.0,0.0,0.0,2.0,2.0,2.0,176.0,0.0,0.806818181818182,0.5,0.0,2.0,2.0,1.0,0.0
0.0,9.0,56.0,1.0,0.0,1.0,1.0,1.0,1.0,17.0,0.0,8.0,1.0,1.0,38.0,1.0,1.0,1.0,5.0,0.0,0.0,1.0,1.0,7.0,1.0,1.0,5.0,15.0,6.0,2.53,3.0,11.0,1.0,9.0,0.0,1.0,1.0,100.0,6.0,0.0,6.0,1.0,3.0,3.0,3.0,8.0,8.0,8.0,1.0,1.0,1.0,0.0,0.0,0.0,2.0,2.0,2.0,112.0,0.0,0.732142857142857,0.5,0.0,2.0,2.0,1.0,0.0
0.0,5.0,310.0,4.0,0.0,1.0,3.0,32.0,1.0,11.0,0.0,5.0,1.0,19.0,144.0,3.0,19.0,28.0,39.0,3.0,4.0,4.0,16.0,50.0,28.0,25.0,43.0,132.0,38.0,1.09,34.0,81.0,4.0,54.0,0.0,19.0,2.0,100.0,3.0,2.0,3.0,2.0,6.0,2.42105263157895,0.0,5.0,2.63157894736842,1.0,3.0,1.42105263157895,1.0,2.0,0.521739130434783,0.0,3.0,3.0,3.0,914.0,152.0,0.967845659163987,0.333333333333333,0.0,1.0,3.0,3.0,0.0
1.0,6.0,482.0,5.0,1.0,1.0,5.0,39.0,1.0,12.0,0.0,5.0,1.0,27.0,241.0,6.0,27.0,39.0,61.0,3.0,7.0,5.0,22.0,66.0,39.0,27.0,68.0,199.0,49.0,1.21,42.0,117.0,5.0,78.0,0.0,27.0,1.0,100.0,6.0,8.0,10.0,2.0,7.0,2.44444444444444,0.0,9.0,2.48148148148148,0.0,5.0,1.40740740740741,1.0,4.0,0.529411764705882,0.0,10.0,10.0,4.0,1004.0,31.0,0.941908713692946,0.5,0.0,2.0,4.0,1.0,0.0
0.0,18.0,54.0,1.0,0.0,1.0,0.0,1.0,1.0,24.0,0.0,11.0,1.0,1.0,30.0,1.0,1.0,1.0,6.0,0.0,0.0,1.0,1.0,15.0,1.0,1.0,6.0,25.0,13.0,1.2,7.0,19.0,1.0,17.0,3.0,1.0,1.0,0.0,2.0,0.0,1.0,1.0,0.0,0.0,0.0,3.0,3.0,3.0,1.0,1.0,1.0,0.0,0.0,0.0,3.0,3.0,3.0,108.0,54.0,0.814814814814815,0.333333333333333,0.0,3.0,3.0,0.0,0.0
0.0,14.0,75.0,2.0,0.0,1.0,0.0,4.0,2.0,20.0,0.0,3.0,2.0,2.0,27.0,1.0,2.0,4.0,19.0,0.0,0.0,2.0,2.0,18.0,4.0,2.0,17.0,35.0,6.0,0.77,13.0,23.0,2.0,18.0,3.0,2.0,2.0,0.0,2.0,0.0,2.0,1.0,1.0,1.0,1.0,5.0,5.0,5.0,2.0,2.0,2.0,1.0,1.0,1.0,3.0,3.0,3.0,153.0,3.0,1.0,0.333333333333333,0.0,1.0,3.0,0.0,0.0
0.0,3.0,37.0,1.0,0.0,1.0,0.0,1.0,1.0,4.0,0.0,1.0,1.0,1.0,27.0,1.0,1.0,1.0,4.0,0.0,0.0,1.0,1.0,0.0,1.0,1.0,4.0,8.0,0.0,3.38,2.0,4.0,1.0,2.0,0.0,1.0,1.0,0.0,3.0,0.0,0.0,1.0,0.0,0.0,0.0,1.0,1.0,1.0,1.0,1.0,1.0,0.0,0.0,0.0,2.0,2.0,2.0,74.0,0.0,0.918918918918919,0.5,0.0,2.0,2.0,0.0,0.0
1.0,5.0,65.0,2.0,0.0,1.0,0.0,4.0,1.0,7.0,0.0,2.0,1.0,3.0,37.0,1.0,3.0,4.0,9.0,0.0,0.0,2.0,2.0,5.0,4.0,3.0,9.0,23.0,4.0,1.61,5.0,13.0,2.0,8.0,0.0,3.0,1.0,0.0,1.0,1.0,3.0,2.0,1.0,1.0,1.0,2.0,1.66666666666667,1.0,2.0,1.33333333333333,1.0,4.0,1.16666666666667,0.0,2.0,2.0,2.0,66.0,1.0,1.0,0.5,0.0,1.0,2.0,0.0,0.0
0.0,11.0,140.0,3.0,0.0,2.0,0.0,16.0,3.0,15.0,0.0,4.0,3.0,6.0,55.0,1.0,6.0,16.0,18.0,0.0,1.0,3.0,6.0,30.0,16.0,10.0,19.0,75.0,25.0,0.73,10.0,44.0,3.0,27.0,0.0,6.0,3.0,0.0,1.0,0.0,0.0,2.0,8.0,4.33333333333333,2.0,5.0,2.83333333333333,1.0,4.0,3.0,2.0,2.0,1.5,1.0,1.0,1.0,1.0,140.0,0.0,1.0,1.0,0.0,1.0,1.0,0.0,0.0
0.0,2.0,49.0,1.0,0.0,1.0,0.0,2.0,1.0,9.0,0.0,6.0,1.0,2.0,38.0,1.0,2.0,2.0,4.0,1.0,0.0,1.0,1.0,1.0,2.0,2.0,4.0,9.0,1.0,4.22,2.0,5.0,1.0,3.0,0.0,2.0,1.0,0.0,2.0,1.0,1.0,1.0,2.0,1.5,1.0,3.0,2.0,1.0,1.0,1.0,1.0,0.0,0.0,0.0,1.0,1.0,1.0,49.0,0.0,1.0,1.0,0.0,1.0,1.0,0.0,0.0
0.0,1.0,55.0,1.0,2.0,1.0,0.0,2.0,1.0,12.0,0.0,11.0,1.0,2.0,45.0,1.0,2.0,2.0,5.0,0.0,0.0,1.0,0.0,0.0,2.0,2.0,5.0,7.0,0.0,6.43,3.0,5.0,1.0,4.0,0.0,2.0,1.0,0.0,0.0,4.0,0.0,0.0,4.0,3.0,2.0,1.0,1.0,1.0,1.0,1.0,1.0,0.0,0.0,0.0,1.0,1.0,1.0,55.0,0.0,1.0,1.0,0.0,1.0,1.0,0.0,0.0
1.0,18.0,164.0,8.0,0.0,1.0,1.0,20.0,4.0,28.0,1.0,8.0,4.0,4.0,59.0,1.0,4.0,15.0,24.0,1.0,1.0,8.0,2.0,40.0,15.0,4.0,26.0,89.0,25.0,0.66,18.0,51.0,8.0,36.0,2.0,3.0,5.0,75.0,1.0,2.0,7.0,1.0,9.0,4.5,2.0,12.0,5.75,1.0,22.0,7.25,1.0,4.0,2.66666666666667,0.0,1.0,1.0,1.0,164.0,0.0,1.0,1.0,0.0,1.0,1.0,0.0,0.0
0.0,4.0,46.0,1.0,0.0,1.0,0.0,2.0,1.0,7.0,0.0,3.0,1.0,2.0,28.0,1.0,2.0,2.0,5.0,0.0,0.0,1.0,2.0,2.0,2.0,2.0,5.0,13.0,2.0,2.15,5.0,7.0,1.0,4.0,0.0,2.0,1.0,0.0,1.0,0.0,0.0,2.0,1.0,0.5,0.0,1.0,1.0,1.0,1.0,1.0,1.0,0.0,0.0,0.0,1.0,1.0,1.0,46.0,0.0,1.0,1.0,0.0,1.0,1.0,0.0,0.0
0.0,8.0,86.0,2.0,0.0,1.0,1.0,3.0,2.0,15.0,2.0,7.0,2.0,2.0,59.0,1.0,2.0,3.0,6.0,0.0,0.0,2.0,2.0,9.0,3.0,2.0,6.0,22.0,4.0,2.68,5.0,10.0,2.0,6.0,0.0,0.0,2.0,0.0,1.0,0.0,1.0,1.0,4.0,3.0,2.0,1.0,1.0,1.0,2.0,1.5,1.0,1.0,0.8,0.0,1.0,1.0,1.0,86.0,0.0,1.0,1.0,0.0,1.0,1.0,0.0,0.0
0.0,1.0,34.0,1.0,1.0,1.0,0.0,1.0,1.0,4.0,0.0,3.0,1.0,1.0,26.0,1.0,1.0,1.0,4.0,0.0,0.0,1.0,0.0,0.0,1.0,1.0,4.0,6.0,0.0,4.33,2.0,4.0,1.0,3.0,0.0,1.0,1.0,0.0,3.0,2.0,1.0,1.0,3.0,3.0,3.0,1.0,1.0,1.0,1.0,1.0,1.0,2.0,0.5,0.0,1.0,1.0,1.0,34.0,0.0,1.0,1.0,0.0,1.0,1.0,0.0,0.0
0.0,1.0,61.0,1.0,1.0,1.0,0.0,1.0,1.0,7.0,0.0,6.0,1.0,1.0,53.0,1.0,1.0,1.0,4.0,0.0,0.0,1.0,0.0,0.0,1.0,1.0,4.0,6.0,0.0,8.83,2.0,4.0,1.0,3.0,0.0,1.0,1.0,0.0,3.0,8.0,0.0,1.0,3.0,3.0,3.0,1.0,1.0,1.0,1.0,1.0,1.0,0.0,0.0,0.0,1.0,1.0,1.0,61.0,0.0,1.0,1.0,0.0,1.0,1.0,0.0,0.0
1.0,10.0,503.0,10.0,1.0,2.0,3.0,49.0,2.0,18.0,6.0,6.0,2.0,17.0,232.0,5.0,17.0,38.0,53.0,5.0,8.0,10.0,10.0,91.0,38.0,33.0,50.0,226.0,63.0,1.03,45.0,113.0,10.0,73.0,0.0,11.0,3.0,56.0,1.0,2.0,5.0,5.0,11.0,3.82352941176471,0.0,16.0,5.29411764705882,1.0,10.0,2.17647058823529,1.0,2.0,0.521739130434783,0.0,3.0,3.0,2.0,503.0,0.0,0.996023856858847,0.666666666666667,0.0,1.0,2.0,1.0,0.0
0.0,13.0,192.0,3.0,0.0,1.0,0.0,16.0,2.0,17.0,0.0,2.0,2.0,8.0,42.0,1.0,8.0,16.0,33.0,3.0,4.0,3.0,5.0,60.0,16.0,8.0,32.0,124.0,45.0,0.34,26.0,77.0,3.0,60.0,1.0,8.0,2.0,46.0,2.0,0.0,2.0,1.0,9.0,3.625,2.0,8.0,4.875,1.0,4.0,2.125,1.0,1.0,0.9,0.0,1.0,1.0,1.0,191.0,0.0,0.900523560209424,1.0,0.0,2.0,1.0,1.0,0.0
0.0,7.0,93.0,1.0,0.0,1.0,2.0,5.0,1.0,9.0,0.0,1.0,1.0,5.0,28.0,3.0,5.0,5.0,18.0,1.0,0.0,1.0,4.0,21.0,5.0,5.0,19.0,48.0,13.0,0.58,17.0,32.0,1.0,26.0,1.0,5.0,1.0,50.0,2.0,0.0,5.0,2.0,2.0,1.0,0.0,8.0,4.0,1.0,1.0,1.0,1.0,0.0,0.0,0.0,1.0,1.0,1.0,93.0,0.0,0.78494623655914,1.0,0.0,3.0,1.0,0.0,0.0
0.0,4.0,51.0,1.0,0.0,1.0,0.0,2.0,1.0,6.0,0.0,1.0,1.0,2.0,25.0,1.0,2.0,2.0,11.0,1.0,2.0,1.0,1.0,3.0,2.0,2.0,11.0,18.0,1.0,1.39,8.0,12.0,1.0,9.0,0.0,2.0,1.0,75.0,2.0,0.0,1.0,1.0,1.0,0.5,0.0,2.0,1.5,1.0,1.0,1.0,1.0,0.0,0.0,0.0,1.0,1.0,1.0,51.0,0.0,0.627450980392157,1.0,0.0,3.0,1.0,0.0,0.0
0.0,4.0,47.0,1.0,0.0,1.0,0.0,2.0,1.0,7.0,0.0,3.0,1.0,2.0,28.0,1.0,2.0,2.0,6.0,0.0,2.0,1.0,2.0,3.0,2.0,2.0,6.0,13.0,2.0,2.15,6.0,8.0,1.0,5.0,0.0,2.0,1.0,50.0,1.0,1.0,1.0,1.0,3.0,3.0,3.0,1.0,1.0,1.0,1.0,1.0,1.0,0.0,0.0,0.0,1.0,1.0,1.0,48.0,0.0,0.708333333333333,1.0,0.0,2.0,1.0,1.0,0.0
0.0,3.0,55.0,1.0,0.0,1.0,0.0,3.0,1.0,7.0,0.0,3.0,1.0,3.0,33.0,1.0,3.0,3.0,6.0,0.0,1.0,1.0,3.0,2.0,3.0,3.0,6.0,16.0,2.0,2.06,6.0,8.0,1.0,4.0,0.0,3.0,1.0,33.0,1.0,0.0,0.0,1.0,3.0,1.33333333333333,0.0,2.0,1.33333333333333,1.0,1.0,1.0,1.0,0.0,0.0,0.0,1.0,1.0,1.0,55.0,0.0,0.745454545454545,1.0,0.0,2.0,1.0,1.0,0.0
0.0,4.0,47.0,1.0,0.0,1.0,0.0,2.0,1.0,7.0,0.0,3.0,1.0,2.0,28.0,1.0,2.0,2.0,6.0,0.0,2.0,1.0,2.0,3.0,2.0,2.0,6.0,13.0,2.0,2.15,6.0,8.0,1.0,5.0,0.0,2.0,1.0,50.0,2.0,0.0,1.0,1.0,3.0,3.0,3.0,1.0,1.0,1.0,1.0,1.0,1.0,0.0,0.0,0.0,1.0,1.0,1.0,48.0,0.0,0.708333333333333,1.0,0.0,2.0,1.0,1.0,0.0
0.0,9.0,184.0,1.0,0.0,1.0,10.0,9.0,1.0,14.0,0.0,2.0,1.0,9.0,47.0,6.0,9.0,9.0,46.0,0.0,0.0,1.0,9.0,62.0,9.0,9.0,46.0,110.0,29.0,0.43,27.0,75.0,1.0,65.0,1.0,9.0,1.0,100.0,2.0,0.0,10.0,2.0,2.0,1.0,0.0,14.0,4.33333333333333,1.0,1.0,1.0,1.0,0.0,0.0,0.0,2.0,2.0,1.0,184.0,0.0,0.71195652173913,1.0,0.0,4.0,1.0,2.0,0.0
0.0,3.0,55.0,1.0,0.0,1.0,0.0,3.0,1.0,7.0,0.0,3.0,1.0,3.0,33.0,1.0,3.0,3.0,6.0,0.0,1.0,1.0,3.0,2.0,3.0,3.0,6.0,16.0,2.0,2.06,6.0,8.0,1.0,4.0,0.0,3.0,1.0,33.0,1.0,0.0,0.0,1.0,3.0,1.33333333333333,0.0,2.0,1.33333333333333,1.0,1.0,1.0,1.0,0.0,0.0,0.0,1.0,1.0,1.0,55.0,0.0,0.745454545454545,1.0,0.0,2.0,1.0,1.0,0.0
0.0,1.0,31.0,1.0,1.0,1.0,0.0,1.0,1.0,4.0,0.0,3.0,1.0,1.0,25.0,1.0,1.0,1.0,3.0,0.0,0.0,1.0,0.0,0.0,1.0,1.0,3.0,5.0,0.0,5.0,1.0,3.0,1.0,2.0,0.0,1.0,1.0,0.0,0.0,1.0,0.0,0.0,1.0,1.0,1.0,1.0,1.0,1.0,1.0,1.0,1.0,0.0,0.0,0.0,1.0,1.0,1.0,31.0,0.0,0.548387096774194,1.0,0.0,2.0,1.0,1.0,0.0
0.0,4.0,45.0,1.0,0.0,1.0,0.0,2.0,1.0,7.0,0.0,3.0,1.0,2.0,28.0,1.0,2.0,2.0,5.0,0.0,1.0,1.0,2.0,2.0,2.0,2.0,5.0,13.0,2.0,2.15,4.0,7.0,1.0,4.0,0.0,2.0,1.0,0.0,1.0,0.0,0.0,2.0,1.0,1.0,1.0,2.0,1.5,1.0,1.0,1.0,1.0,0.0,0.0,0.0,1.0,1.0,1.0,45.0,0.0,0.666666666666667,1.0,0.0,2.0,1.0,1.0,0.0
0.0,1.0,53.0,1.0,5.0,1.0,0.0,5.0,1.0,4.0,0.0,3.0,1.0,5.0,38.0,1.0,5.0,5.0,7.0,0.0,0.0,1.0,0.0,0.0,5.0,5.0,7.0,8.0,0.0,4.75,7.0,7.0,1.0,6.0,0.0,5.0,1.0,0.0,0.0,1.0,0.0,0.0,2.0,1.0,0.0,1.0,0.8,0.0,1.0,1.0,1.0,0.0,0.0,0.0,1.0,1.0,1.0,54.0,0.0,0.685185185185185,1.0,0.0,2.0,1.0,1.0,0.0
0.0,4.0,48.0,1.0,0.0,1.0,1.0,2.0,1.0,7.0,0.0,3.0,1.0,2.0,28.0,1.0,2.0,2.0,7.0,0.0,1.0,1.0,2.0,3.0,2.0,2.0,7.0,15.0,2.0,1.87,5.0,9.0,1.0,6.0,0.0,2.0,1.0,50.0,1.0,0.0,0.0,2.0,1.0,1.0,1.0,2.0,1.5,1.0,1.0,1.0,1.0,0.0,0.0,0.0,2.0,2.0,1.0,48.0,0.0,0.645833333333333,1.0,0.0,3.0,1.0,1.0,0.0
0.0,4.0,80.0,1.0,0.0,1.0,0.0,6.0,1.0,7.0,0.0,3.0,1.0,6.0,40.0,1.0,6.0,6.0,9.0,0.0,1.0,1.0,6.0,10.0,6.0,6.0,9.0,32.0,9.0,1.25,8.0,18.0,1.0,11.0,0.0,6.0,1.0,0.0,1.0,0.0,0.0,2.0,2.0,1.16666666666667,0.0,3.0,2.16666666666667,1.0,1.0,1.0,1.0,0.0,0.0,0.0,1.0,1.0,1.0,80.0,0.0,0.725,1.0,0.0,3.0,1.0,0.0,0.0
0.0,3.0,39.0,1.0,0.0,1.0,0.0,1.0,1.0,3.0,0.0,0.0,1.0,1.0,28.0,1.0,1.0,1.0,4.0,0.0,0.0,1.0,1.0,0.0,1.0,1.0,4.0,8.0,0.0,3.5,3.0,4.0,1.0,2.0,0.0,1.0,1.0,0.0,6.0,0.0,1.0,1.0,0.0,0.0,0.0,1.0,1.0,1.0,1.0,1.0,1.0,1.0,0.25,0.0,2.0,2.0,2.0,78.0,0.0,0.41025641025641,0.5,0.0,5.0,2.0,0.0,0.0
0.0,3.0,68.0,1.0,0.0,1.0,1.0,4.0,1.0,7.0,0.0,3.0,1.0,4.0,37.0,1.0,4.0,4.0,13.0,1.0,0.0,1.0,3.0,3.0,4.0,4.0,13.0,24.0,2.0,1.54,7.0,15.0,1.0,10.0,0.0,4.0,1.0,100.0,3.0,0.0,5.0,1.0,1.0,0.5,0.0,2.0,1.0,0.0,1.0,1.0,1.0,0.0,0.0,0.0,5.0,5.0,3.0,144.0,6.0,0.304347826086957,0.6,0.0,5.0,3.0,0.0,0.0
0.0,4.0,37.0,1.0,0.0,1.0,0.0,1.0,1.0,9.0,0.0,5.0,1.0,1.0,26.0,1.0,1.0,1.0,4.0,0.0,0.0,1.0,1.0,1.0,1.0,1.0,4.0,8.0,1.0,3.25,3.0,5.0,1.0,3.0,0.0,1.0,1.0,0.0,5.0,1.0,1.0,1.0,0.0,0.0,0.0,2.0,2.0,2.0,1.0,1.0,1.0,0.0,0.0,0.0,2.0,2.0,2.0,76.0,0.0,0.5,0.5,0.0,3.0,2.0,1.0,0.0
0.0,4.0,47.0,1.0,0.0,1.0,0.0,1.0,1.0,4.0,0.0,0.0,1.0,1.0,33.0,1.0,1.0,1.0,6.0,1.0,0.0,1.0,0.0,1.0,1.0,1.0,6.0,11.0,1.0,3.0,3.0,7.0,1.0,5.0,0.0,1.0,1.0,0.0,3.0,0.0,2.0,1.0,3.0,3.0,3.0,2.0,2.0,2.0,1.0,1.0,1.0,0.0,0.0,0.0,4.0,4.0,3.0,100.0,6.0,0.48936170212766,0.5,0.0,3.0,3.0,1.0,0.0
0.0,12.0,78.0,2.0,1.0,1.0,1.0,3.0,2.0,20.0,1.0,6.0,2.0,2.0,35.0,1.0,2.0,3.0,14.0,0.0,0.0,2.0,1.0,16.0,3.0,2.0,14.0,36.0,11.0,0.97,7.0,25.0,2.0,21.0,1.0,1.0,2.0,100.0,1.0,0.0,0.0,1.0,1.0,0.5,0.0,9.0,5.0,1.0,2.0,1.5,1.0,1.0,0.75,0.0,3.0,3.0,2.0,159.0,3.0,0.782051282051282,0.666666666666667,0.0,3.0,2.0,0.0,0.0
0.0,7.0,45.0,1.0,0.0,1.0,0.0,1.0,1.0,12.0,0.0,4.0,1.0,1.0,30.0,1.0,1.0,1.0,4.0,0.0,0.0,1.0,1.0,4.0,1.0,1.0,4.0,12.0,1.0,2.5,3.0,5.0,1.0,3.0,1.0,1.0,1.0,0.0,3.0,0.0,0.0,1.0,0.0,0.0,0.0,2.0,2.0,2.0,1.0,1.0,1.0,0.0,0.0,0.0,5.0,5.0,4.0,92.0,47.0,0.933333333333333,0.4,0.0,1.0,4.0,2.0,0.0
0.0,1.0,58.0,1.0,1.0,1.0,0.0,1.0,1.0,6.0,0.0,5.0,1.0,1.0,48.0,1.0,1.0,1.0,5.0,0.0,0.0,1.0,0.0,0.0,1.0,1.0,5.0,7.0,0.0,6.86,3.0,5.0,1.0,4.0,0.0,1.0,1.0,0.0,3.0,4.0,0.0,1.0,1.0,1.0,1.0,1.0,1.0,1.0,1.0,1.0,1.0,2.0,0.5,0.0,2.0,2.0,2.0,116.0,0.0,0.706896551724138,0.5,0.0,2.0,2.0,2.0,0.0
4.0,10.0,276.0,5.0,0.0,1.0,0.0,31.0,2.0,16.0,1.0,5.0,2.0,13.0,103.0,1.0,13.0,28.0,35.0,0.0,5.0,5.0,9.0,63.0,28.0,13.0,33.0,149.0,43.0,0.69,25.0,76.0,5.0,49.0,0.0,12.0,2.0,75.0,1.0,0.0,3.0,2.0,10.0,5.30769230769231,2.0,7.0,3.69230769230769,1.0,4.0,2.15384615384615,1.0,2.0,1.0,0.0,4.0,4.0,3.0,568.0,17.0,0.891304347826087,0.5,0.0,1.0,3.0,4.0,0.0
0.0,5.0,146.0,2.0,0.0,1.0,1.0,9.0,1.0,11.0,0.0,5.0,1.0,8.0,70.0,2.0,8.0,9.0,24.0,4.0,1.0,2.0,4.0,16.0,9.0,8.0,22.0,58.0,9.0,1.21,18.0,31.0,2.0,21.0,0.0,8.0,1.0,71.0,3.0,2.0,3.0,2.0,4.0,1.75,0.0,4.0,2.375,1.0,2.0,1.125,1.0,1.0,0.272727272727273,0.0,3.0,3.0,3.0,293.0,1.0,0.801369863013699,0.333333333333333,0.0,3.0,3.0,3.0,0.0
1.0,18.0,116.0,5.0,0.0,1.0,0.0,6.0,3.0,20.0,0.0,1.0,3.0,2.0,63.0,1.0,2.0,6.0,17.0,0.0,0.0,5.0,1.0,20.0,6.0,2.0,16.0,46.0,10.0,1.37,7.0,26.0,5.0,19.0,0.0,2.0,3.0,0.0,1.0,0.0,2.0,2.0,4.0,2.5,1.0,8.0,7.0,6.0,6.0,3.5,1.0,2.0,1.5,0.0,3.0,3.0,3.0,236.0,2.0,0.256410256410256,0.333333333333333,0.0,6.0,3.0,1.0,0.0
0.0,5.0,343.0,3.0,0.0,1.0,0.0,36.0,1.0,8.0,0.0,3.0,1.0,29.0,126.0,1.0,29.0,36.0,65.0,0.0,1.0,3.0,29.0,52.0,36.0,29.0,59.0,181.0,41.0,0.7,36.0,100.0,3.0,63.0,0.0,29.0,1.0,82.0,1.0,1.0,0.0,3.0,10.0,0.724137931034483,0.0,12.0,1.89655172413793,0.0,4.0,1.27586206896552,1.0,2.0,0.375,0.0,4.0,4.0,4.0,705.0,26.0,0.932944606413994,0.25,0.0,1.0,4.0,3.0,0.0
0.0,4.0,51.0,1.0,0.0,1.0,0.0,2.0,1.0,8.0,0.0,4.0,1.0,2.0,30.0,1.0,2.0,2.0,7.0,0.0,1.0,1.0,2.0,2.0,2.0,2.0,7.0,15.0,2.0,2.0,6.0,9.0,1.0,6.0,0.0,2.0,1.0,0.0,1.0,0.0,0.0,2.0,4.0,2.5,1.0,2.0,1.5,1.0,1.0,1.0,1.0,0.0,0.0,0.0,2.0,2.0,2.0,102.0,0.0,0.686274509803922,0.5,0.0,3.0,2.0,0.0,0.0
0.0,0.0,29.0,0.0,0.0,0.0,0.0,0.0,0.0,0.0,0.0,0.0,0.0,0.0,21.0,1.0,0.0,0.0,3.0,0.0,0.0,0.0,0.0,0.0,0.0,0.0,3.0,5.0,0.0,4.2,3.0,3.0,0.0,2.0,0.0,0.0,0.0,0.0,1.0,0.0,0.0,2.0,0.0,0.0,0.0,0.0,0.0,0.0,0.0,0.0,0.0,0.0,0.0,0.0,2.0,2.0,2.0,58.0,0.0,0.448275862068966,0.5,0.0,3.0,2.0,1.0,0.0
0.0,11.0,248.0,3.0,0.0,1.0,0.0,18.0,2.0,16.0,0.0,3.0,2.0,12.0,61.0,1.0,12.0,18.0,53.0,1.0,2.0,3.0,11.0,76.0,18.0,12.0,45.0,149.0,40.0,0.41,38.0,85.0,3.0,66.0,1.0,12.0,2.0,33.0,2.0,0.0,6.0,1.0,3.0,2.16666666666667,1.0,6.0,3.58333333333333,1.0,4.0,1.58333333333333,1.0,1.0,0.5,0.0,2.0,2.0,2.0,494.0,0.0,0.870445344129555,0.5,0.0,2.0,2.0,3.0,0.0
0.0,3.0,37.0,1.0,0.0,1.0,0.0,1.0,1.0,4.0,0.0,1.0,1.0,1.0,27.0,1.0,1.0,1.0,4.0,0.0,0.0,1.0,1.0,0.0,1.0,1.0,4.0,8.0,0.0,3.38,2.0,4.0,1.0,2.0,0.0,1.0,1.0,0.0,3.0,0.0,0.0,1.0,0.0,0.0,0.0,1.0,1.0,1.0,1.0,1.0,1.0,0.0,0.0,0.0,2.0,2.0,2.0,74.0,0.0,0.918918918918919,0.5,0.0,2.0,2.0,0.0,0.0
1.0,48.0,160.0,11.0,0.0,4.0,1.0,14.0,7.0,52.0,0.0,2.0,7.0,2.0,29.0,1.0,2.0,14.0,33.0,0.0,2.0,11.0,1.0,53.0,14.0,7.0,32.0,118.0,30.0,0.25,13.0,62.0,11.0,48.0,2.0,2.0,7.0,33.0,1.0,0.0,6.0,2.0,11.0,7.0,3.0,14.0,8.5,3.0,62.0,32.5,3.0,4.0,3.6,2.0,1.0,1.0,1.0,160.0,0.0,1.0,1.0,0.0,1.0,1.0,0.0,0.0
2.0,12.0,291.0,9.0,0.0,1.0,0.0,22.0,2.0,22.0,1.0,9.0,2.0,10.0,123.0,2.0,10.0,22.0,48.0,6.0,0.0,9.0,2.0,58.0,22.0,10.0,45.0,150.0,33.0,0.82,20.0,78.0,9.0,59.0,0.0,9.0,2.0,0.0,6.0,4.0,14.0,2.0,7.0,2.3,1.0,20.0,3.4,1.0,11.0,2.5,1.0,4.0,1.28571428571429,0.0,8.0,8.0,3.0,419.0,128.0,0.989690721649485,0.75,0.0,1.0,3.0,2.0,0.0
0.0,8.0,159.0,5.0,0.0,1.0,1.0,13.0,2.0,14.0,0.0,5.0,2.0,7.0,64.0,1.0,7.0,13.0,29.0,2.0,3.0,5.0,5.0,25.0,13.0,10.0,29.0,78.0,18.0,0.82,17.0,47.0,5.0,33.0,0.0,7.0,2.0,71.0,2.0,1.0,6.0,2.0,6.0,2.28571428571429,1.0,8.0,2.42857142857143,1.0,5.0,1.85714285714286,1.0,2.0,0.888888888888889,0.0,1.0,1.0,1.0,159.0,0.0,1.0,1.0,0.0,1.0,1.0,0.0,0.0
0.0,6.0,69.0,2.0,0.0,1.0,0.0,4.0,1.0,10.0,0.0,4.0,1.0,3.0,33.0,1.0,3.0,4.0,13.0,0.0,1.0,2.0,3.0,8.0,4.0,3.0,14.0,29.0,5.0,1.14,7.0,19.0,2.0,15.0,0.0,3.0,1.0,0.0,3.0,0.0,2.0,1.0,2.0,1.66666666666667,1.0,4.0,3.0,2.0,2.0,1.33333333333333,1.0,1.0,0.6,0.0,1.0,1.0,1.0,69.0,0.0,1.0,1.0,0.0,1.0,1.0,0.0,0.0
0.0,6.0,78.0,2.0,0.0,1.0,0.0,4.0,1.0,15.0,0.0,8.0,1.0,3.0,46.0,1.0,3.0,4.0,11.0,0.0,1.0,2.0,3.0,7.0,4.0,3.0,10.0,27.0,6.0,1.7,5.0,16.0,2.0,11.0,0.0,3.0,1.0,0.0,3.0,0.0,3.0,1.0,4.0,3.33333333333333,2.0,4.0,3.0,2.0,2.0,1.33333333333333,1.0,1.0,0.6,0.0,1.0,1.0,1.0,78.0,0.0,1.0,1.0,0.0,1.0,1.0,0.0,0.0
0.0,4.0,36.0,1.0,0.0,1.0,0.0,1.0,1.0,6.0,0.0,1.0,1.0,1.0,25.0,1.0,1.0,1.0,3.0,0.0,0.0,1.0,1.0,1.0,1.0,1.0,3.0,8.0,1.0,3.12,3.0,4.0,1.0,2.0,1.0,1.0,1.0,0.0,3.0,0.0,0.0,1.0,0.0,0.0,0.0,2.0,2.0,2.0,1.0,1.0,1.0,0.0,0.0,0.0,2.0,2.0,2.0,37.0,1.0,1.0,0.5,0.0,1.0,2.0,0.0,0.0
0.0,7.0,45.0,1.0,0.0,1.0,1.0,1.0,1.0,10.0,0.0,3.0,1.0,1.0,24.0,1.0,1.0,1.0,10.0,0.0,0.0,1.0,1.0,5.0,1.0,1.0,10.0,17.0,2.0,1.41,4.0,12.0,1.0,10.0,0.0,1.0,1.0,0.0,5.0,0.0,3.0,1.0,1.0,1.0,1.0,8.0,8.0,8.0,1.0,1.0,1.0,0.0,0.0,0.0,4.0,4.0,3.0,54.0,54.0,1.0,0.5,0.0,1.0,3.0,0.0,0.0
0.0,6.0,62.0,1.0,0.0,1.0,0.0,2.0,1.0,9.0,0.0,3.0,1.0,2.0,27.0,1.0,2.0,2.0,10.0,0.0,0.0,1.0,2.0,12.0,2.0,2.0,9.0,29.0,9.0,0.93,6.0,18.0,1.0,14.0,0.0,2.0,1.0,0.0,2.0,0.0,4.0,1.0,2.0,2.0,2.0,4.0,4.0,4.0,1.0,1.0,1.0,0.0,0.0,0.0,2.0,2.0,2.0,62.0,62.0,1.0,0.5,0.0,1.0,2.0,0.0,0.0
0.0,9.0,59.0,1.0,0.0,1.0,0.0,3.0,1.0,10.0,0.0,0.0,1.0,3.0,24.0,2.0,3.0,3.0,13.0,1.0,0.0,1.0,2.0,11.0,3.0,3.0,14.0,31.0,5.0,0.77,4.0,19.0,1.0,15.0,0.0,3.0,1.0,0.0,5.0,0.0,4.0,2.0,1.0,0.333333333333333,0.0,5.0,3.33333333333333,1.0,1.0,1.0,1.0,0.0,0.0,0.0,4.0,4.0,3.0,65.0,65.0,0.864406779661017,0.5,0.0,2.0,3.0,0.0,0.0
0.0,7.0,37.0,1.0,0.0,1.0,0.0,1.0,1.0,10.0,0.0,3.0,1.0,1.0,22.0,1.0,1.0,1.0,6.0,0.0,0.0,1.0,1.0,4.0,1.0,1.0,6.0,13.0,3.0,1.69,2.0,9.0,1.0,7.0,0.0,1.0,1.0,0.0,2.0,0.0,3.0,1.0,2.0,2.0,2.0,4.0,4.0,4.0,1.0,1.0,1.0,0.0,0.0,0.0,2.0,2.0,2.0,37.0,37.0,1.0,0.5,0.0,1.0,2.0,0.0,0.0
0.0,12.0,61.0,1.0,0.0,1.0,1.0,2.0,1.0,16.0,0.0,1.0,1.0,2.0,22.0,2.0,2.0,2.0,18.0,0.0,0.0,1.0,2.0,12.0,2.0,2.0,18.0,31.0,5.0,0.71,8.0,23.0,1.0,20.0,2.0,2.0,1.0,100.0,5.0,0.0,4.0,2.0,1.0,0.5,0.0,7.0,5.0,3.0,1.0,1.0,1.0,0.0,0.0,0.0,2.0,2.0,2.0,61.0,61.0,1.0,0.5,0.0,1.0,2.0,0.0,0.0
0.0,4.0,38.0,1.0,0.0,1.0,1.0,1.0,1.0,8.0,0.0,4.0,1.0,1.0,25.0,1.0,1.0,1.0,4.0,0.0,0.0,1.0,1.0,2.0,1.0,1.0,4.0,9.0,1.0,2.78,4.0,5.0,1.0,3.0,0.0,1.0,1.0,100.0,2.0,1.0,0.0,1.0,0.0,0.0,0.0,1.0,1.0,1.0,1.0,1.0,1.0,6.0,1.5,0.0,2.0,2.0,2.0,76.0,0.0,0.526315789473684,0.5,0.0,2.0,2.0,2.0,0.0
0.0,8.0,39.0,2.0,0.0,1.0,0.0,2.0,2.0,8.0,0.0,0.0,2.0,1.0,26.0,1.0,1.0,2.0,4.0,0.0,0.0,2.0,1.0,3.0,2.0,1.0,4.0,12.0,2.0,2.17,1.0,6.0,2.0,3.0,0.0,1.0,2.0,0.0,3.0,8.0,2.0,1.0,0.0,0.0,0.0,4.0,4.0,4.0,2.0,2.0,2.0,1.0,1.0,1.0,2.0,2.0,2.0,78.0,0.0,0.333333333333333,0.5,0.0,3.0,2.0,1.0,0.0
5.0,10.0,438.0,8.0,0.0,1.0,3.0,41.0,2.0,19.0,0.0,7.0,2.0,18.0,178.0,2.0,18.0,39.0,50.0,0.0,3.0,9.0,13.0,94.0,39.0,24.0,51.0,212.0,70.0,0.84,48.0,121.0,8.0,79.0,1.0,18.0,2.0,74.0,2.0,0.0,8.0,2.0,6.0,3.0,0.0,13.0,4.55555555555556,1.0,14.0,2.5,1.0,5.0,1.28571428571429,0.0,5.0,5.0,4.0,889.0,10.0,0.9337899543379,0.4,0.0,1.0,4.0,4.0,0.0
0.0,5.0,127.0,2.0,0.0,1.0,0.0,12.0,1.0,9.0,0.0,3.0,1.0,9.0,56.0,1.0,9.0,12.0,18.0,6.0,2.0,2.0,3.0,19.0,12.0,9.0,18.0,57.0,14.0,0.98,14.0,32.0,2.0,20.0,0.0,9.0,1.0,66.0,4.0,2.0,6.0,1.0,4.0,1.66666666666667,0.0,4.0,2.33333333333333,0.0,2.0,1.33333333333333,1.0,2.0,0.583333333333333,0.0,7.0,7.0,4.0,239.0,10.0,0.299212598425197,0.428571428571429,0.0,6.0,4.0,2.0,2.0
1.0,10.0,309.0,9.0,0.0,1.0,4.0,29.0,2.0,18.0,1.0,6.0,2.0,13.0,114.0,1.0,13.0,29.0,48.0,9.0,0.0,9.0,3.0,74.0,29.0,17.0,44.0,156.0,51.0,0.73,39.0,95.0,9.0,68.0,1.0,12.0,2.0,96.0,3.0,9.0,15.0,1.0,7.0,2.69230769230769,1.0,13.0,3.38461538461538,0.0,64.0,6.76923076923077,1.0,2.0,0.6,0.0,10.0,10.0,6.0,643.0,47.0,0.579288025889968,0.3,0.0,3.0,6.0,6.0,1.0
0.0,5.0,219.0,2.0,0.0,1.0,3.0,16.0,1.0,11.0,0.0,5.0,1.0,12.0,107.0,2.0,12.0,16.0,29.0,6.0,4.0,2.0,6.0,28.0,16.0,12.0,29.0,85.0,22.0,1.26,27.0,51.0,2.0,34.0,0.0,12.0,1.0,80.0,4.0,9.0,6.0,2.0,5.0,2.25,1.0,5.0,2.33333333333333,0.0,2.0,1.33333333333333,1.0,1.0,0.4,0.0,4.0,4.0,3.0,445.0,5.0,0.625570776255708,0.5,0.0,4.0,3.0,3.0,0.0
7.0,10.0,1066.0,9.0,0.0,1.0,3.0,106.0,2.0,16.0,0.0,4.0,2.0,54.0,323.0,11.0,54.0,103.0,140.0,4.0,13.0,9.0,43.0,286.0,103.0,54.0,141.0,601.0,214.0,0.54,146.0,355.0,9.0,252.0,1.0,54.0,2.0,100.0,5.0,1.0,19.0,2.0,45.0,3.5,0.0,19.0,3.44444444444444,0.0,100.0,4.61111111111111,1.0,2.0,0.46969696969697,0.0,21.0,21.0,7.0,2237.0,106.0,0.449343339587242,0.380952380952381,3.0,5.0,4.0,5.0,2.0
0.0,4.0,65.0,1.0,0.0,1.0,1.0,3.0,1.0,9.0,0.0,5.0,1.0,3.0,42.0,1.0,3.0,3.0,7.0,2.0,0.0,1.0,1.0,4.0,3.0,3.0,7.0,18.0,3.0,2.33,5.0,10.0,1.0,6.0,0.0,3.0,1.0,100.0,5.0,1.0,2.0,1.0,4.0,2.0,1.0,3.0,1.66666666666667,0.0,1.0,1.0,1.0,0.0,0.0,0.0,2.0,2.0,2.0,130.0,0.0,0.476923076923077,0.5,0.0,4.0,2.0,1.0,0.0
0.0,4.0,59.0,1.0,0.0,1.0,0.0,3.0,1.0,7.0,0.0,3.0,1.0,3.0,35.0,1.0,3.0,3.0,6.0,0.0,0.0,1.0,3.0,3.0,3.0,3.0,6.0,17.0,3.0,2.06,7.0,9.0,1.0,5.0,0.0,3.0,1.0,0.0,1.0,3.0,0.0,2.0,1.0,1.0,1.0,1.0,1.0,1.0,1.0,1.0,1.0,1.0,0.166666666666667,0.0,2.0,2.0,2.0,118.0,0.0,0.644067796610169,0.5,0.0,3.0,2.0,0.0,0.0
0.0,6.0,89.0,2.0,0.0,1.0,1.0,4.0,1.0,13.0,0.0,7.0,1.0,3.0,52.0,1.0,3.0,4.0,12.0,0.0,2.0,2.0,3.0,8.0,4.0,3.0,12.0,29.0,7.0,1.79,8.0,19.0,2.0,14.0,0.0,3.0,1.0,55.0,2.0,0.0,3.0,1.0,4.0,3.0,2.0,5.0,3.0,2.0,2.0,1.33333333333333,1.0,1.0,0.6,0.0,2.0,2.0,2.0,178.0,0.0,0.752808988764045,0.5,0.0,3.0,2.0,0.0,0.0
0.0,4.0,109.0,2.0,0.0,1.0,0.0,10.0,1.0,9.0,0.0,4.0,1.0,7.0,59.0,1.0,7.0,10.0,14.0,0.0,1.0,2.0,7.0,10.0,10.0,7.0,14.0,37.0,7.0,1.59,13.0,21.0,2.0,13.0,0.0,7.0,1.0,42.0,1.0,2.0,0.0,2.0,3.0,2.14285714285714,2.0,3.0,2.0,1.0,1.0,1.0,1.0,0.0,0.0,0.0,2.0,2.0,2.0,218.0,0.0,0.807339449541284,0.5,0.0,2.0,2.0,1.0,0.0
0.0,4.0,110.0,2.0,0.0,1.0,1.0,10.0,1.0,9.0,0.0,4.0,1.0,7.0,58.0,1.0,7.0,10.0,15.0,0.0,1.0,2.0,7.0,11.0,10.0,7.0,15.0,38.0,7.0,1.53,14.0,22.0,2.0,14.0,0.0,7.0,1.0,71.0,1.0,0.0,0.0,2.0,2.0,1.85714285714286,1.0,3.0,2.0,1.0,1.0,1.0,1.0,0.0,0.0,0.0,2.0,2.0,2.0,220.0,0.0,0.809090909090909,0.5,0.0,2.0,2.0,1.0,0.0
0.0,4.0,66.0,1.0,0.0,1.0,1.0,3.0,1.0,7.0,0.0,3.0,1.0,3.0,42.0,1.0,3.0,3.0,8.0,0.0,0.0,1.0,3.0,4.0,3.0,3.0,8.0,19.0,3.0,2.21,5.0,11.0,1.0,7.0,0.0,3.0,1.0,100.0,2.0,0.0,0.0,1.0,6.0,3.0,1.0,2.0,1.66666666666667,1.0,1.0,1.0,1.0,0.0,0.0,0.0,2.0,2.0,2.0,132.0,0.0,0.696969696969697,0.5,0.0,3.0,2.0,0.0,0.0
0.0,9.0,169.0,3.0,0.0,1.0,1.0,15.0,2.0,15.0,0.0,4.0,2.0,8.0,57.0,1.0,8.0,12.0,25.0,6.0,1.0,5.0,2.0,43.0,12.0,8.0,25.0,91.0,32.0,0.63,21.0,57.0,3.0,45.0,1.0,8.0,2.0,93.0,4.0,0.0,10.0,1.0,2.0,1.125,0.0,9.0,3.875,0.0,3.0,1.5,1.0,2.0,0.909090909090909,0.0,4.0,4.0,2.0,177.0,5.0,1.0,0.75,0.0,1.0,2.0,0.0,2.0
0.0,7.0,159.0,3.0,0.0,1.0,0.0,13.0,2.0,13.0,0.0,5.0,2.0,8.0,74.0,1.0,8.0,13.0,18.0,7.0,0.0,3.0,1.0,27.0,13.0,8.0,18.0,72.0,20.0,1.03,13.0,38.0,3.0,25.0,0.0,8.0,2.0,0.0,5.0,4.0,5.0,1.0,2.0,1.125,0.0,9.0,3.25,0.0,3.0,1.625,1.0,2.0,0.9,0.0,6.0,6.0,4.0,326.0,5.0,0.610062893081761,0.333333333333333,0.0,4.0,4.0,2.0,0.0
1.0,10.0,170.0,4.0,0.0,1.0,1.0,16.0,2.0,16.0,0.0,5.0,2.0,7.0,67.0,1.0,7.0,15.0,24.0,4.0,2.0,5.0,2.0,33.0,15.0,7.0,23.0,84.0,22.0,0.8,19.0,45.0,4.0,30.0,0.0,7.0,2.0,85.0,5.0,6.0,6.0,1.0,4.0,1.85714285714286,0.0,9.0,3.57142857142857,0.0,6.0,2.57142857142857,1.0,2.0,1.11111111111111,0.0,6.0,6.0,4.0,352.0,10.0,0.823529411764706,0.5,0.0,3.0,4.0,1.0,0.0
1.0,7.0,120.0,2.0,0.0,1.0,1.0,9.0,1.0,11.0,2.0,3.0,1.0,8.0,53.0,3.0,8.0,9.0,18.0,2.0,0.0,2.0,5.0,18.0,9.0,8.0,19.0,56.0,12.0,0.95,11.0,31.0,2.0,21.0,0.0,6.0,1.0,100.0,6.0,1.0,7.0,2.0,5.0,2.75,1.0,4.0,1.875,1.0,2.0,1.125,1.0,1.0,0.25,0.0,2.0,2.0,2.0,240.0,0.0,0.825,0.5,0.0,3.0,2.0,0.0,0.0
0.0,7.0,57.0,2.0,0.0,1.0,0.0,3.0,2.0,9.0,0.0,1.0,2.0,2.0,31.0,1.0,2.0,3.0,10.0,1.0,0.0,2.0,1.0,7.0,3.0,2.0,10.0,23.0,5.0,1.35,3.0,15.0,2.0,11.0,0.0,2.0,2.0,0.0,6.0,3.0,4.0,1.0,2.0,1.0,0.0,4.0,3.0,2.0,2.0,1.5,1.0,1.0,0.75,0.0,3.0,3.0,1.0,113.0,56.0,1.0,1.0,0.0,1.0,1.0,0.0,0.0
0.0,1.0,92.0,1.0,3.0,1.0,1.0,3.0,1.0,7.0,0.0,6.0,1.0,3.0,77.0,1.0,3.0,3.0,7.0,0.0,0.0,1.0,0.0,1.0,3.0,3.0,7.0,9.0,0.0,8.56,6.0,7.0,1.0,6.0,0.0,3.0,1.0,100.0,3.0,3.0,0.0,1.0,3.0,3.0,3.0,1.0,1.0,1.0,1.0,1.0,1.0,0.0,0.0,0.0,3.0,3.0,3.0,185.0,1.0,0.793478260869565,0.333333333333333,0.0,2.0,3.0,2.0,0.0
0.0,1.0,43.0,1.0,1.0,1.0,0.0,1.0,1.0,4.0,0.0,3.0,1.0,1.0,36.0,1.0,1.0,1.0,3.0,0.0,0.0,1.0,0.0,0.0,1.0,1.0,3.0,5.0,0.0,7.2,2.0,3.0,1.0,2.0,0.0,1.0,1.0,0.0,0.0,3.0,0.0,0.0,1.0,1.0,1.0,1.0,1.0,1.0,1.0,1.0,1.0,0.0,0.0,0.0,3.0,3.0,3.0,91.0,5.0,0.488372093023256,0.333333333333333,0.0,3.0,3.0,1.0,0.0
0.0,6.0,110.0,2.0,0.0,1.0,2.0,9.0,1.0,10.0,0.0,3.0,1.0,8.0,50.0,2.0,8.0,9.0,15.0,4.0,0.0,2.0,4.0,16.0,9.0,8.0,19.0,49.0,9.0,1.02,11.0,28.0,2.0,19.0,0.0,8.0,1.0,100.0,6.0,13.0,6.0,2.0,4.0,1.625,0.0,3.0,1.625,0.0,2.0,1.125,1.0,2.0,0.416666666666667,0.0,2.0,2.0,2.0,220.0,0.0,0.527272727272727,0.5,0.0,5.0,2.0,1.0,0.0
0.0,7.0,121.0,3.0,0.0,1.0,2.0,13.0,1.0,11.0,0.0,3.0,1.0,8.0,48.0,2.0,8.0,11.0,15.0,5.0,0.0,5.0,3.0,21.0,11.0,8.0,19.0,60.0,13.0,0.8,13.0,32.0,3.0,21.0,0.0,8.0,2.0,100.0,5.0,30.0,6.0,2.0,4.0,1.375,0.0,6.0,2.25,0.0,3.0,1.375,1.0,2.0,0.727272727272727,0.0,2.0,2.0,2.0,242.0,0.0,0.462809917355372,0.5,0.0,5.0,2.0,1.0,0.0
0.0,6.0,138.0,2.0,0.0,1.0,2.0,11.0,1.0,10.0,0.0,3.0,1.0,10.0,63.0,2.0,10.0,11.0,16.0,7.0,1.0,2.0,3.0,20.0,11.0,10.0,21.0,56.0,12.0,1.12,19.0,33.0,2.0,22.0,0.0,10.0,1.0,100.0,7.0,5.0,4.0,2.0,5.0,1.5,0.0,4.0,1.6,0.0,2.0,1.1,1.0,2.0,0.357142857142857,0.0,2.0,2.0,2.0,143.0,1.0,1.0,0.5,0.0,1.0,2.0,0.0,0.0
0.0,5.0,74.0,1.0,0.0,1.0,2.0,4.0,1.0,10.0,0.0,4.0,1.0,4.0,39.0,2.0,4.0,4.0,10.0,2.0,0.0,1.0,2.0,9.0,4.0,4.0,12.0,27.0,5.0,1.44,8.0,17.0,1.0,13.0,0.0,4.0,1.0,100.0,7.0,1.0,2.0,2.0,3.0,1.5,1.0,4.0,1.75,0.0,1.0,1.0,1.0,0.0,0.0,0.0,2.0,2.0,2.0,148.0,0.0,0.486486486486487,0.5,0.0,4.0,2.0,0.0,0.0
0.0,4.0,58.0,1.0,0.0,1.0,1.0,2.0,1.0,9.0,0.0,5.0,1.0,2.0,37.0,1.0,2.0,2.0,8.0,0.0,1.0,1.0,2.0,3.0,2.0,2.0,8.0,16.0,2.0,2.31,5.0,10.0,1.0,7.0,0.0,2.0,1.0,100.0,8.0,0.0,1.0,1.0,2.0,1.5,1.0,2.0,2.0,2.0,1.0,1.0,1.0,0.0,0.0,0.0,5.0,5.0,5.0,281.0,87.0,0.603448275862069,0.2,0.0,5.0,5.0,0.0,0.0
0.0,6.0,156.0,3.0,0.0,1.0,2.0,15.0,1.0,11.0,0.0,3.0,1.0,12.0,65.0,2.0,12.0,15.0,17.0,9.0,0.0,3.0,3.0,24.0,15.0,12.0,23.0,71.0,15.0,0.92,20.0,38.0,3.0,23.0,0.0,12.0,1.0,100.0,6.0,2.0,6.0,2.0,3.0,1.08333333333333,0.0,7.0,1.83333333333333,0.0,3.0,1.25,1.0,2.0,0.533333333333333,0.0,4.0,4.0,4.0,316.0,2.0,0.653846153846154,0.25,0.0,4.0,4.0,1.0,0.0
0.0,1.0,39.0,1.0,1.0,1.0,0.0,1.0,1.0,8.0,0.0,7.0,1.0,1.0,31.0,1.0,1.0,1.0,4.0,0.0,0.0,1.0,0.0,0.0,1.0,1.0,4.0,6.0,0.0,5.17,2.0,4.0,1.0,3.0,0.0,1.0,1.0,0.0,0.0,4.0,1.0,0.0,1.0,1.0,1.0,0.0,0.0,0.0,1.0,1.0,1.0,0.0,0.0,0.0,2.0,2.0,2.0,78.0,0.0,0.435897435897436,0.5,0.0,4.0,2.0,0.0,0.0
0.0,4.0,85.0,1.0,0.0,1.0,1.0,3.0,1.0,14.0,0.0,10.0,1.0,3.0,58.0,1.0,3.0,3.0,11.0,1.0,0.0,1.0,2.0,4.0,3.0,3.0,9.0,22.0,3.0,2.64,5.0,12.0,1.0,8.0,0.0,3.0,1.0,100.0,7.0,0.0,4.0,1.0,5.0,3.33333333333333,2.0,2.0,2.0,2.0,1.0,1.0,1.0,1.0,0.166666666666667,0.0,2.0,2.0,2.0,170.0,0.0,0.470588235294118,0.5,0.0,4.0,2.0,0.0,0.0
0.0,7.0,117.0,2.0,0.0,1.0,1.0,7.0,2.0,15.0,0.0,7.0,2.0,4.0,61.0,1.0,4.0,6.0,20.0,3.0,2.0,3.0,1.0,15.0,6.0,4.0,19.0,46.0,10.0,1.33,10.0,29.0,2.0,22.0,0.0,4.0,2.0,75.0,5.0,0.0,9.0,1.0,5.0,2.25,0.0,4.0,3.5,2.0,2.0,1.5,1.0,1.0,0.666666666666667,0.0,3.0,3.0,3.0,234.0,6.0,0.461538461538462,0.333333333333333,0.0,5.0,3.0,0.0,0.0
0.0,5.0,118.0,1.0,0.0,1.0,1.0,4.0,1.0,15.0,0.0,9.0,1.0,4.0,76.0,1.0,4.0,4.0,14.0,1.0,0.0,1.0,3.0,9.0,4.0,4.0,11.0,32.0,8.0,2.38,10.0,19.0,1.0,14.0,0.0,4.0,1.0,100.0,7.0,0.0,3.0,2.0,4.0,1.75,0.0,5.0,3.0,1.0,1.0,1.0,1.0,0.0,0.0,0.0,2.0,2.0,2.0,236.0,0.0,0.796610169491525,0.5,0.0,3.0,2.0,1.0,0.0
0.0,5.0,81.0,1.0,0.0,1.0,1.0,3.0,1.0,14.0,0.0,8.0,1.0,3.0,49.0,1.0,3.0,3.0,10.0,0.0,0.0,1.0,3.0,8.0,3.0,3.0,10.0,25.0,7.0,1.96,7.0,17.0,1.0,13.0,0.0,3.0,1.0,100.0,7.0,0.0,3.0,2.0,5.0,2.33333333333333,0.0,5.0,3.66666666666667,2.0,1.0,1.0,1.0,0.0,0.0,0.0,2.0,2.0,2.0,162.0,0.0,0.728395061728395,0.5,0.0,3.0,2.0,1.0,0.0
0.0,6.0,164.0,3.0,0.0,1.0,1.0,8.0,1.0,18.0,0.0,11.0,1.0,6.0,101.0,1.0,6.0,8.0,23.0,4.0,1.0,3.0,2.0,14.0,8.0,6.0,21.0,52.0,12.0,1.94,11.0,33.0,3.0,24.0,0.0,6.0,1.0,83.0,7.0,1.0,9.0,1.0,4.0,3.0,2.0,4.0,2.5,2.0,4.0,1.5,1.0,1.0,0.375,0.0,6.0,6.0,4.0,340.0,11.0,0.751515151515151,0.333333333333333,0.0,4.0,4.0,1.0,0.0
5.0,7.0,1092.0,5.0,3.0,1.0,7.0,97.0,2.0,14.0,5.0,6.0,2.0,60.0,486.0,2.0,60.0,96.0,157.0,10.0,12.0,6.0,42.0,194.0,96.0,65.0,157.0,508.0,149.0,0.96,98.0,306.0,5.0,218.0,0.0,55.0,2.0,96.0,1.0,1.0,50.0,2.0,115.0,9.35,0.0,12.0,2.75,0.0,7.0,1.71666666666667,1.0,3.0,0.587301587301587,0.0,27.0,27.0,9.0,2204.0,168.0,0.462454212454212,0.222222222222222,4.0,5.0,5.0,5.0,0.0
0.0,65.0,117.0,13.0,0.0,1.0,0.0,13.0,13.0,70.0,0.0,4.0,13.0,1.0,39.0,1.0,1.0,13.0,10.0,0.0,1.0,13.0,1.0,33.0,13.0,1.0,10.0,73.0,27.0,0.53,5.0,37.0,13.0,22.0,1.0,1.0,13.0,0.0,1.0,0.0,2.0,2.0,4.0,4.0,4.0,10.0,10.0,10.0,23.0,23.0,23.0,4.0,4.0,4.0,8.0,8.0,5.0,252.0,70.0,0.452991452991453,0.5,0.0,5.0,5.0,2.0,0.0
0.0,1.0,35.0,1.0,1.0,1.0,0.0,1.0,1.0,9.0,0.0,8.0,1.0,1.0,30.0,1.0,1.0,1.0,3.0,0.0,0.0,1.0,0.0,0.0,1.0,1.0,3.0,4.0,0.0,7.5,1.0,3.0,1.0,2.0,0.0,1.0,1.0,0.0,0.0,1.0,0.0,0.0,9.0,9.0,9.0,1.0,1.0,1.0,1.0,1.0,1.0,0.0,0.0,0.0,3.0,3.0,3.0,74.0,1.0,0.527777777777778,0.333333333333333,0.0,3.0,3.0,1.0,0.0
0.0,1.0,43.0,1.0,1.0,1.0,0.0,1.0,1.0,10.0,0.0,9.0,1.0,1.0,35.0,1.0,1.0,1.0,4.0,0.0,0.0,1.0,0.0,0.0,1.0,1.0,4.0,6.0,0.0,5.83,2.0,4.0,1.0,3.0,0.0,1.0,1.0,0.0,0.0,3.0,1.0,0.0,1.0,1.0,1.0,0.0,0.0,0.0,1.0,1.0,1.0,0.0,0.0,0.0,2.0,2.0,2.0,86.0,0.0,0.627906976744186,0.5,0.0,3.0,2.0,0.0,0.0
0.0,1.0,36.0,1.0,0.0,1.0,0.0,1.0,1.0,7.0,0.0,6.0,1.0,1.0,28.0,1.0,1.0,1.0,4.0,0.0,0.0,1.0,1.0,0.0,1.0,1.0,4.0,6.0,0.0,4.67,2.0,4.0,1.0,3.0,0.0,1.0,1.0,0.0,0.0,0.0,1.0,0.0,1.0,1.0,1.0,0.0,0.0,0.0,1.0,1.0,1.0,0.0,0.0,0.0,2.0,2.0,2.0,37.0,1.0,0.861111111111111,0.5,0.0,2.0,2.0,0.0,0.0
0.0,1.0,36.0,1.0,0.0,1.0,0.0,1.0,1.0,7.0,0.0,6.0,1.0,1.0,28.0,1.0,1.0,1.0,4.0,0.0,0.0,1.0,1.0,0.0,1.0,1.0,4.0,6.0,0.0,4.67,2.0,4.0,1.0,3.0,0.0,1.0,1.0,0.0,0.0,0.0,1.0,0.0,1.0,1.0,1.0,0.0,0.0,0.0,1.0,1.0,1.0,0.0,0.0,0.0,2.0,2.0,2.0,38.0,2.0,0.861111111111111,0.5,0.0,2.0,2.0,0.0,0.0
2.0,13.0,344.0,8.0,0.0,1.0,3.0,38.0,3.0,22.0,6.0,7.0,3.0,13.0,115.0,2.0,13.0,33.0,53.0,1.0,3.0,9.0,10.0,89.0,33.0,19.0,53.0,199.0,62.0,0.58,30.0,115.0,8.0,81.0,0.0,7.0,3.0,81.0,2.0,0.0,5.0,2.0,5.0,2.61538461538462,1.0,11.0,4.15384615384615,1.0,26.0,4.23076923076923,1.0,4.0,1.375,0.0,5.0,5.0,4.0,698.0,7.0,0.959302325581395,0.4,0.0,1.0,4.0,2.0,1.0
5.0,14.0,373.0,22.0,0.0,3.0,3.0,65.0,4.0,31.0,1.0,13.0,4.0,9.0,163.0,2.0,9.0,37.0,44.0,0.0,9.0,39.0,4.0,94.0,37.0,26.0,38.0,150.0,77.0,1.09,65.0,115.0,22.0,77.0,4.0,8.0,7.0,100.0,1.0,0.0,1.0,1.0,10.0,6.11111111111111,2.0,9.0,3.44444444444444,1.0,51.0,7.33333333333333,1.0,4.0,1.58333333333333,0.0,3.0,3.0,3.0,795.0,13.0,0.981233243967828,0.333333333333333,0.0,1.0,3.0,2.0,0.0
2.0,7.0,338.0,9.0,0.0,1.0,3.0,30.0,2.0,15.0,0.0,7.0,2.0,15.0,177.0,1.0,15.0,29.0,39.0,2.0,5.0,10.0,11.0,47.0,29.0,15.0,37.0,135.0,36.0,1.31,26.0,73.0,9.0,45.0,0.0,15.0,2.0,83.0,2.0,7.0,7.0,2.0,35.0,6.86666666666667,1.0,11.0,2.46666666666667,1.0,9.0,1.8,1.0,5.0,1.11764705882353,0.0,3.0,3.0,3.0,677.0,1.0,0.671597633136095,0.333333333333333,0.0,4.0,3.0,3.0,0.0
0.0,7.0,106.0,2.0,0.0,1.0,3.0,3.0,2.0,12.0,0.0,4.0,2.0,2.0,74.0,1.0,2.0,3.0,10.0,0.0,1.0,2.0,2.0,9.0,3.0,2.0,10.0,24.0,5.0,3.08,8.0,15.0,2.0,11.0,0.0,2.0,2.0,75.0,3.0,0.0,1.0,1.0,2.0,2.0,2.0,4.0,2.5,1.0,2.0,1.5,1.0,1.0,0.8,0.0,2.0,2.0,2.0,212.0,0.0,0.594339622641509,0.5,0.0,3.0,2.0,1.0,0.0
0.0,4.0,66.0,1.0,0.0,1.0,1.0,4.0,1.0,9.0,0.0,5.0,1.0,4.0,39.0,1.0,4.0,4.0,8.0,0.0,0.0,1.0,4.0,5.0,4.0,4.0,8.0,21.0,4.0,1.86,6.0,12.0,1.0,7.0,0.0,4.0,1.0,100.0,3.0,2.0,0.0,1.0,3.0,1.5,0.0,2.0,2.0,2.0,1.0,1.0,1.0,0.0,0.0,0.0,2.0,2.0,2.0,134.0,0.0,0.746268656716418,0.5,0.0,2.0,2.0,2.0,0.0
0.0,2.0,96.0,1.0,2.0,1.0,1.0,4.0,1.0,12.0,0.0,10.0,1.0,4.0,72.0,2.0,4.0,4.0,8.0,0.0,0.0,1.0,2.0,5.0,4.0,4.0,9.0,19.0,2.0,3.79,5.0,11.0,1.0,8.0,0.0,4.0,1.0,100.0,1.0,9.0,2.0,2.0,2.0,1.0,0.0,1.0,1.0,1.0,1.0,1.0,1.0,0.0,0.0,0.0,2.0,2.0,2.0,192.0,0.0,0.604166666666667,0.5,0.0,4.0,2.0,0.0,0.0
0.0,1.0,39.0,1.0,1.0,1.0,0.0,1.0,1.0,10.0,0.0,9.0,1.0,1.0,31.0,1.0,1.0,1.0,4.0,0.0,0.0,1.0,0.0,0.0,1.0,1.0,4.0,6.0,0.0,5.17,2.0,4.0,1.0,3.0,0.0,1.0,1.0,0.0,0.0,4.0,1.0,0.0,1.0,1.0,1.0,0.0,0.0,0.0,1.0,1.0,1.0,0.0,0.0,0.0,2.0,2.0,2.0,78.0,0.0,0.58974358974359,0.5,0.0,3.0,2.0,0.0,0.0
0.0,5.0,72.0,2.0,0.0,1.0,0.0,4.0,1.0,10.0,0.0,4.0,1.0,3.0,38.0,1.0,3.0,4.0,12.0,0.0,1.0,2.0,3.0,7.0,4.0,3.0,12.0,27.0,5.0,1.41,7.0,17.0,2.0,12.0,0.0,3.0,1.0,33.0,1.0,0.0,3.0,2.0,3.0,1.66666666666667,0.0,3.0,2.0,1.0,2.0,1.33333333333333,1.0,1.0,0.666666666666667,0.0,2.0,2.0,2.0,144.0,0.0,0.625,0.5,0.0,4.0,2.0,0.0,0.0
0.0,1.0,46.0,1.0,2.0,1.0,0.0,2.0,1.0,7.0,0.0,6.0,1.0,2.0,34.0,1.0,2.0,2.0,7.0,0.0,0.0,1.0,0.0,0.0,2.0,2.0,7.0,9.0,0.0,3.78,3.0,7.0,1.0,6.0,0.0,2.0,1.0,0.0,3.0,0.0,2.0,1.0,1.0,1.0,1.0,1.0,1.0,1.0,1.0,1.0,1.0,0.0,0.0,0.0,2.0,2.0,2.0,92.0,0.0,0.5,0.5,0.0,4.0,2.0,0.0,0.0
0.0,11.0,86.0,3.0,0.0,2.0,0.0,8.0,3.0,15.0,0.0,4.0,3.0,3.0,36.0,1.0,3.0,8.0,14.0,0.0,1.0,3.0,3.0,16.0,8.0,7.0,16.0,43.0,13.0,0.84,7.0,29.0,3.0,20.0,0.0,3.0,3.0,0.0,1.0,1.0,2.0,2.0,3.0,2.66666666666667,2.0,4.0,3.0,1.0,3.0,2.66666666666667,2.0,2.0,1.83333333333333,1.0,3.0,3.0,3.0,173.0,1.0,0.511627906976744,0.333333333333333,0.0,5.0,3.0,0.0,0.0
0.0,5.0,82.0,2.0,0.0,1.0,0.0,5.0,1.0,11.0,0.0,6.0,1.0,4.0,51.0,1.0,4.0,5.0,10.0,2.0,0.0,2.0,2.0,6.0,5.0,4.0,10.0,28.0,6.0,1.82,5.0,16.0,2.0,10.0,0.0,4.0,1.0,0.0,1.0,1.0,3.0,2.0,4.0,1.75,0.0,3.0,1.75,1.0,2.0,1.25,1.0,1.0,0.571428571428571,0.0,2.0,2.0,2.0,164.0,0.0,0.646341463414634,0.5,0.0,4.0,2.0,0.0,0.0
0.0,11.0,130.0,2.0,0.0,1.0,0.0,7.0,2.0,19.0,0.0,8.0,2.0,4.0,77.0,2.0,4.0,7.0,14.0,2.0,1.0,2.0,2.0,14.0,7.0,4.0,14.0,45.0,10.0,1.71,9.0,24.0,2.0,17.0,0.0,4.0,2.0,33.0,2.0,2.0,5.0,2.0,2.0,1.5,1.0,5.0,3.25,1.0,2.0,1.75,1.0,1.0,0.714285714285714,0.0,3.0,3.0,3.0,261.0,3.0,0.453846153846154,0.333333333333333,0.0,4.0,3.0,1.0,0.0
0.0,4.0,67.0,1.0,0.0,1.0,1.0,3.0,1.0,9.0,0.0,4.0,1.0,3.0,38.0,1.0,3.0,3.0,9.0,0.0,2.0,1.0,3.0,6.0,3.0,3.0,9.0,22.0,5.0,1.73,7.0,14.0,1.0,10.0,0.0,3.0,1.0,55.0,4.0,0.0,2.0,1.0,6.0,2.66666666666667,1.0,4.0,2.0,1.0,1.0,1.0,1.0,0.0,0.0,0.0,3.0,3.0,3.0,135.0,1.0,0.313432835820896,0.333333333333333,0.0,4.0,3.0,0.0,0.0
0.0,4.0,53.0,1.0,0.0,1.0,1.0,2.0,1.0,9.0,0.0,4.0,1.0,2.0,32.0,1.0,2.0,2.0,7.0,0.0,1.0,1.0,2.0,4.0,2.0,2.0,7.0,16.0,3.0,2.0,5.0,10.0,1.0,7.0,0.0,2.0,1.0,50.0,4.0,0.0,1.0,1.0,5.0,3.0,1.0,4.0,3.0,2.0,1.0,1.0,1.0,0.0,0.0,0.0,4.0,4.0,4.0,108.0,4.0,0.415094339622642,0.25,0.0,4.0,4.0,1.0,0.0
0.0,5.0,207.0,3.0,0.0,1.0,0.0,19.0,1.0,9.0,0.0,3.0,1.0,15.0,87.0,1.0,15.0,19.0,31.0,7.0,1.0,3.0,8.0,22.0,19.0,15.0,28.0,92.0,18.0,0.95,28.0,46.0,3.0,26.0,0.0,15.0,1.0,86.0,2.0,1.0,7.0,3.0,20.0,3.06666666666667,0.0,5.0,1.0,0.0,4.0,1.4,1.0,2.0,0.333333333333333,0.0,4.0,4.0,4.0,441.0,16.0,0.323671497584541,0.25,0.0,6.0,4.0,2.0,0.0
0.0,4.0,187.0,1.0,0.0,1.0,0.0,16.0,1.0,8.0,0.0,4.0,1.0,16.0,91.0,1.0,16.0,16.0,22.0,0.0,0.0,1.0,16.0,13.0,16.0,16.0,22.0,77.0,11.0,1.18,19.0,33.0,1.0,14.0,0.0,16.0,1.0,0.0,1.0,19.0,3.0,3.0,2.0,0.6875,0.0,2.0,0.5625,0.0,1.0,1.0,1.0,1.0,0.222222222222222,0.0,5.0,5.0,4.0,357.0,11.0,0.577540106951872,0.4,0.0,5.0,4.0,1.0,0.0
0.0,6.0,69.0,4.0,0.0,1.0,0.0,6.0,2.0,11.0,0.0,4.0,2.0,3.0,35.0,1.0,3.0,6.0,10.0,0.0,0.0,4.0,3.0,7.0,6.0,3.0,9.0,28.0,7.0,1.25,6.0,16.0,4.0,10.0,0.0,3.0,2.0,0.0,2.0,3.0,1.0,2.0,3.0,1.33333333333333,0.0,4.0,2.0,1.0,4.0,2.0,1.0,2.0,1.2,0.0,2.0,2.0,2.0,138.0,0.0,0.753623188405797,0.5,0.0,3.0,2.0,0.0,0.0
0.0,11.0,133.0,5.0,0.0,1.0,1.0,8.0,2.0,24.0,0.0,11.0,2.0,3.0,79.0,1.0,3.0,7.0,14.0,1.0,1.0,6.0,2.0,17.0,7.0,3.0,13.0,45.0,13.0,1.76,9.0,26.0,5.0,19.0,1.0,3.0,3.0,50.0,3.0,0.0,3.0,1.0,5.0,5.0,5.0,6.0,4.0,3.0,8.0,3.33333333333333,1.0,1.0,0.6,0.0,2.0,2.0,2.0,266.0,0.0,0.744360902255639,0.5,0.0,3.0,2.0,2.0,0.0
1.0,7.0,314.0,2.0,0.0,1.0,10.0,25.0,1.0,13.0,10.0,5.0,1.0,21.0,157.0,10.0,21.0,23.0,23.0,0.0,1.0,4.0,20.0,55.0,23.0,21.0,39.0,134.0,25.0,1.17,24.0,64.0,2.0,40.0,0.0,11.0,1.0,100.0,3.0,0.0,3.0,2.0,10.0,2.42857142857143,0.0,5.0,1.95238095238095,1.0,2.0,1.0952380952381,1.0,1.0,0.125,0.0,4.0,4.0,3.0,668.0,37.0,0.514285714285714,0.5,0.0,3.0,3.0,3.0,0.0
0.0,1.0,143.0,1.0,9.0,1.0,0.0,9.0,1.0,9.0,0.0,8.0,1.0,9.0,118.0,1.0,9.0,9.0,14.0,0.0,0.0,1.0,0.0,0.0,9.0,9.0,14.0,15.0,0.0,7.87,10.0,14.0,1.0,13.0,0.0,9.0,1.0,0.0,3.0,1.0,2.0,1.0,3.0,1.22222222222222,1.0,1.0,0.333333333333333,0.0,1.0,1.0,1.0,0.0,0.0,0.0,4.0,4.0,3.0,296.0,16.0,0.604166666666667,0.5,0.0,4.0,3.0,3.0,0.0
0.0,3.0,53.0,1.0,1.0,1.0,1.0,2.0,1.0,4.0,0.0,1.0,1.0,2.0,29.0,2.0,2.0,2.0,12.0,0.0,0.0,1.0,1.0,5.0,2.0,2.0,12.0,21.0,1.0,1.38,3.0,13.0,1.0,11.0,0.0,2.0,1.0,100.0,4.0,1.0,5.0,2.0,4.0,2.5,1.0,2.0,1.0,0.0,1.0,1.0,1.0,0.0,0.0,0.0,2.0,2.0,2.0,106.0,0.0,0.320754716981132,0.5,0.0,4.0,2.0,0.0,0.0
0.0,8.0,82.0,3.0,0.0,1.0,1.0,6.0,2.0,13.0,0.0,5.0,2.0,3.0,42.0,1.0,3.0,6.0,10.0,0.0,2.0,3.0,3.0,10.0,6.0,3.0,10.0,33.0,9.0,1.27,7.0,19.0,3.0,12.0,0.0,3.0,2.0,55.0,2.0,1.0,3.0,1.0,4.0,2.66666666666667,0.0,3.0,2.33333333333333,1.0,4.0,2.33333333333333,1.0,1.0,0.8,0.0,4.0,4.0,4.0,167.0,3.0,0.329268292682927,0.25,0.0,4.0,4.0,2.0,0.0
0.0,5.0,174.0,2.0,0.0,1.0,2.0,17.0,2.0,10.0,0.0,4.0,2.0,11.0,74.0,2.0,11.0,17.0,30.0,0.0,3.0,2.0,11.0,25.0,17.0,11.0,30.0,81.0,18.0,0.91,19.0,48.0,2.0,31.0,0.0,11.0,2.0,66.0,3.0,1.0,5.0,2.0,3.0,1.72727272727273,1.0,4.0,2.45454545454545,1.0,2.0,1.36363636363636,1.0,1.0,0.428571428571429,0.0,5.0,5.0,5.0,354.0,7.0,0.84,0.2,0.0,3.0,5.0,1.0,0.0
2.0,8.0,3650.0,12.0,14.0,1.0,52.0,361.0,2.0,16.0,0.0,7.0,2.0,180.0,1660.0,14.0,180.0,332.0,355.0,41.0,15.0,13.0,123.0,698.0,332.0,206.0,360.0,1660.0,507.0,1.0,334.0,867.0,12.0,534.0,0.0,180.0,2.0,100.0,2.0,34.0,57.0,3.0,114.0,10.3222222222222,0.0,25.0,3.48333333333333,0.0,72.0,2.63333333333333,1.0,6.0,0.666666666666667,0.0,51.0,51.0,10.0,8133.0,1022.0,0.509315068493151,0.294117647058824,2.0,4.0,8.0,8.0,7.0
0.0,4.0,51.0,1.0,0.0,1.0,1.0,2.0,1.0,8.0,0.0,4.0,1.0,2.0,31.0,1.0,2.0,2.0,7.0,0.0,1.0,1.0,2.0,3.0,2.0,2.0,7.0,15.0,2.0,2.07,5.0,9.0,1.0,6.0,0.0,2.0,1.0,50.0,1.0,0.0,2.0,2.0,3.0,2.5,2.0,2.0,2.0,2.0,1.0,1.0,1.0,2.0,0.4,0.0,2.0,2.0,2.0,102.0,0.0,0.588235294117647,0.5,0.0,4.0,2.0,0.0,0.0
0.0,10.0,63.0,2.0,0.0,1.0,1.0,5.0,2.0,14.0,0.0,4.0,2.0,2.0,31.0,1.0,2.0,4.0,7.0,0.0,1.0,3.0,2.0,9.0,4.0,2.0,7.0,27.0,6.0,1.15,5.0,13.0,2.0,8.0,0.0,2.0,3.0,50.0,1.0,0.0,2.0,2.0,3.0,2.5,2.0,3.0,2.5,2.0,2.0,2.0,2.0,1.0,1.0,1.0,2.0,2.0,2.0,126.0,0.0,0.444444444444444,0.5,0.0,5.0,2.0,0.0,0.0
0.0,4.0,49.0,1.0,0.0,1.0,1.0,2.0,1.0,8.0,0.0,4.0,1.0,2.0,31.0,1.0,2.0,2.0,6.0,0.0,1.0,1.0,2.0,3.0,2.0,2.0,6.0,14.0,2.0,2.21,4.0,8.0,1.0,5.0,0.0,2.0,1.0,50.0,1.0,0.0,1.0,2.0,2.0,1.5,1.0,2.0,2.0,2.0,1.0,1.0,1.0,0.0,0.0,0.0,2.0,2.0,2.0,98.0,0.0,0.591836734693878,0.5,0.0,4.0,2.0,0.0,0.0
0.0,4.0,238.0,2.0,0.0,1.0,8.0,16.0,1.0,9.0,0.0,5.0,1.0,15.0,123.0,1.0,15.0,16.0,33.0,0.0,4.0,2.0,15.0,28.0,16.0,15.0,32.0,83.0,17.0,1.48,32.0,49.0,2.0,33.0,0.0,15.0,1.0,91.0,1.0,0.0,1.0,2.0,9.0,3.46666666666667,1.0,5.0,2.0,1.0,1.0,1.0,1.0,0.0,0.0,0.0,2.0,2.0,2.0,476.0,0.0,0.449579831932773,0.5,0.0,4.0,2.0,1.0,0.0
0.0,6.0,359.0,4.0,1.0,1.0,2.0,35.0,1.0,12.0,0.0,6.0,1.0,22.0,177.0,1.0,22.0,32.0,46.0,0.0,1.0,5.0,21.0,51.0,32.0,24.0,49.0,151.0,40.0,1.17,31.0,89.0,4.0,59.0,0.0,22.0,2.0,81.0,1.0,0.0,5.0,2.0,9.0,3.31818181818182,0.0,7.0,2.81818181818182,1.0,4.0,1.45454545454545,1.0,2.0,0.541666666666667,0.0,7.0,7.0,3.0,823.0,96.0,0.486111111111111,0.571428571428571,0.0,3.0,3.0,3.0,0.0
0.0,5.0,179.0,3.0,0.0,1.0,1.0,14.0,1.0,12.0,0.0,6.0,1.0,10.0,86.0,1.0,10.0,14.0,25.0,1.0,4.0,3.0,9.0,20.0,14.0,10.0,25.0,73.0,19.0,1.18,20.0,44.0,3.0,29.0,0.0,10.0,1.0,82.0,1.0,0.0,5.0,2.0,3.0,1.9,0.0,7.0,1.8,0.0,3.0,1.4,1.0,2.0,0.666666666666667,0.0,4.0,4.0,3.0,366.0,6.0,0.605555555555556,0.5,0.0,4.0,3.0,0.0,1.0
0.0,1.0,34.0,1.0,1.0,1.0,0.0,1.0,1.0,5.0,0.0,4.0,1.0,1.0,28.0,1.0,1.0,1.0,3.0,0.0,0.0,1.0,0.0,0.0,1.0,1.0,3.0,5.0,0.0,5.6,1.0,3.0,1.0,2.0,0.0,1.0,1.0,0.0,0.0,3.0,0.0,0.0,6.0,6.0,6.0,0.0,0.0,0.0,1.0,1.0,1.0,0.0,0.0,0.0,2.0,2.0,2.0,68.0,0.0,0.588235294117647,0.5,0.0,2.0,2.0,1.0,1.0
0.0,2.0,46.0,1.0,1.0,1.0,2.0,2.0,1.0,5.0,0.0,2.0,1.0,2.0,29.0,2.0,2.0,2.0,6.0,0.0,0.0,1.0,1.0,4.0,2.0,2.0,7.0,13.0,1.0,2.23,4.0,8.0,1.0,6.0,0.0,2.0,1.0,100.0,3.0,8.0,1.0,2.0,2.0,1.0,0.0,1.0,1.0,1.0,1.0,1.0,1.0,0.0,0.0,0.0,3.0,3.0,3.0,95.0,1.0,0.340425531914894,0.333333333333333,0.0,4.0,3.0,0.0,0.0
0.0,0.0,32.0,0.0,0.0,0.0,0.0,0.0,0.0,0.0,0.0,0.0,0.0,0.0,25.0,1.0,0.0,0.0,3.0,0.0,0.0,0.0,0.0,0.0,0.0,0.0,3.0,5.0,0.0,5.0,2.0,3.0,0.0,2.0,0.0,0.0,0.0,0.0,2.0,146.0,0.0,1.0,0.0,0.0,0.0,0.0,0.0,0.0,0.0,0.0,0.0,0.0,0.0,0.0,2.0,2.0,2.0,64.0,0.0,0.96875,0.5,0.0,1.0,2.0,1.0,0.0
0.0,1.0,42.0,1.0,0.0,1.0,0.0,2.0,1.0,5.0,0.0,4.0,1.0,2.0,31.0,1.0,2.0,2.0,5.0,0.0,0.0,1.0,2.0,0.0,2.0,2.0,5.0,7.0,0.0,4.43,4.0,5.0,1.0,4.0,0.0,2.0,1.0,0.0,3.0,2.0,1.0,1.0,1.0,1.0,1.0,0.0,0.0,0.0,1.0,1.0,1.0,0.0,0.0,0.0,3.0,3.0,3.0,89.0,3.0,0.357142857142857,0.333333333333333,0.0,3.0,3.0,1.0,0.0
0.0,1.0,43.0,1.0,0.0,1.0,0.0,1.0,1.0,7.0,0.0,7.0,1.0,1.0,34.0,1.0,1.0,1.0,5.0,0.0,0.0,1.0,1.0,0.0,1.0,1.0,5.0,7.0,0.0,4.86,3.0,5.0,1.0,4.0,0.0,1.0,1.0,0.0,3.0,2.0,1.0,1.0,4.0,4.0,4.0,1.0,1.0,1.0,1.0,1.0,1.0,0.0,0.0,0.0,3.0,3.0,3.0,92.0,4.0,0.302325581395349,0.333333333333333,0.0,4.0,3.0,0.0,0.0
0.0,1.0,40.0,1.0,1.0,1.0,0.0,1.0,1.0,5.0,0.0,4.0,1.0,1.0,34.0,1.0,1.0,1.0,3.0,0.0,0.0,1.0,0.0,0.0,1.0,1.0,3.0,5.0,0.0,6.8,1.0,3.0,1.0,2.0,0.0,1.0,1.0,0.0,0.0,1.0,1.0,0.0,1.0,1.0,1.0,0.0,0.0,0.0,1.0,1.0,1.0,0.0,0.0,0.0,2.0,2.0,2.0,80.0,0.0,0.65,0.5,0.0,2.0,2.0,1.0,0.0
0.0,1.0,55.0,1.0,1.0,1.0,0.0,1.0,1.0,5.0,0.0,4.0,1.0,1.0,47.0,1.0,1.0,1.0,4.0,0.0,0.0,1.0,0.0,0.0,1.0,1.0,4.0,6.0,0.0,7.83,2.0,4.0,1.0,3.0,0.0,1.0,1.0,0.0,0.0,5.0,1.0,0.0,1.0,1.0,1.0,0.0,0.0,0.0,1.0,1.0,1.0,0.0,0.0,0.0,3.0,3.0,3.0,111.0,1.0,0.4,0.333333333333333,0.0,3.0,3.0,2.0,0.0
0.0,6.0,54.0,1.0,0.0,1.0,0.0,2.0,1.0,11.0,0.0,4.0,1.0,2.0,30.0,1.0,2.0,2.0,8.0,0.0,0.0,1.0,2.0,7.0,2.0,2.0,8.0,21.0,7.0,1.43,3.0,15.0,1.0,12.0,0.0,2.0,1.0,0.0,1.0,0.0,8.0,2.0,6.0,3.0,0.0,1.0,1.0,1.0,1.0,1.0,1.0,0.0,0.0,0.0,6.0,6.0,5.0,128.0,18.0,0.462962962962963,0.333333333333333,0.0,4.0,5.0,2.0,0.0
0.0,1.0,63.0,1.0,2.0,1.0,0.0,2.0,1.0,12.0,0.0,11.0,1.0,2.0,54.0,1.0,2.0,2.0,4.0,0.0,0.0,1.0,0.0,0.0,2.0,2.0,4.0,6.0,0.0,9.0,3.0,4.0,1.0,3.0,0.0,2.0,1.0,0.0,0.0,1.0,2.0,0.0,6.0,6.0,6.0,1.0,1.0,1.0,1.0,1.0,1.0,0.0,0.0,0.0,2.0,2.0,2.0,126.0,0.0,0.53968253968254,0.5,0.0,3.0,2.0,4.0,0.0
0.0,1.0,140.0,1.0,15.0,1.0,0.0,15.0,1.0,6.0,0.0,5.0,1.0,15.0,105.0,1.0,15.0,15.0,18.0,0.0,0.0,1.0,0.0,0.0,15.0,15.0,18.0,19.0,0.0,5.53,16.0,18.0,1.0,17.0,0.0,15.0,1.0,0.0,3.0,1.0,2.0,1.0,22.0,3.26666666666667,0.0,1.0,0.533333333333333,0.0,1.0,1.0,1.0,0.0,0.0,0.0,3.0,3.0,3.0,294.0,12.0,0.985815602836879,0.333333333333333,0.0,1.0,3.0,1.0,0.0
0.0,1.0,34.0,1.0,1.0,1.0,1.0,1.0,1.0,4.0,0.0,3.0,1.0,1.0,25.0,1.0,1.0,1.0,5.0,0.0,0.0,1.0,0.0,2.0,1.0,1.0,4.0,7.0,0.0,3.57,2.0,4.0,1.0,3.0,0.0,1.0,1.0,100.0,4.0,1.0,1.0,1.0,0.0,0.0,0.0,0.0,0.0,0.0,1.0,1.0,1.0,0.0,0.0,0.0,2.0,2.0,2.0,68.0,0.0,0.382352941176471,0.5,0.0,4.0,2.0,0.0,0.0
0.0,0.0,36.0,0.0,0.0,0.0,0.0,0.0,0.0,0.0,0.0,0.0,0.0,0.0,30.0,1.0,0.0,0.0,2.0,0.0,0.0,0.0,0.0,0.0,0.0,0.0,2.0,4.0,0.0,7.5,2.0,2.0,0.0,1.0,0.0,0.0,0.0,0.0,3.0,7.0,0.0,1.0,0.0,0.0,0.0,0.0,0.0,0.0,0.0,0.0,0.0,0.0,0.0,0.0,2.0,2.0,2.0,72.0,0.0,0.361111111111111,0.5,0.0,4.0,2.0,0.0,0.0
0.0,1.0,56.0,1.0,2.0,1.0,0.0,2.0,1.0,8.0,0.0,7.0,1.0,2.0,48.0,1.0,2.0,2.0,4.0,0.0,0.0,1.0,0.0,0.0,2.0,2.0,4.0,6.0,0.0,8.0,2.0,4.0,1.0,3.0,0.0,2.0,1.0,0.0,0.0,13.0,1.0,0.0,2.0,1.5,1.0,0.0,0.0,0.0,1.0,1.0,1.0,0.0,0.0,0.0,2.0,2.0,2.0,112.0,0.0,0.732142857142857,0.5,0.0,2.0,2.0,2.0,0.0
0.0,1.0,43.0,1.0,1.0,1.0,0.0,1.0,1.0,10.0,0.0,9.0,1.0,1.0,35.0,1.0,1.0,1.0,4.0,0.0,0.0,1.0,0.0,0.0,1.0,1.0,4.0,6.0,0.0,5.83,2.0,4.0,1.0,3.0,0.0,1.0,1.0,0.0,0.0,1.0,1.0,0.0,1.0,1.0,1.0,1.0,1.0,1.0,1.0,1.0,1.0,0.0,0.0,0.0,2.0,2.0,2.0,86.0,0.0,0.627906976744186,0.5,0.0,3.0,2.0,0.0,0.0
0.0,3.0,54.0,1.0,1.0,1.0,1.0,2.0,1.0,4.0,0.0,1.0,1.0,2.0,35.0,2.0,2.0,2.0,7.0,0.0,0.0,1.0,1.0,5.0,2.0,2.0,7.0,16.0,1.0,2.19,3.0,8.0,1.0,6.0,0.0,2.0,1.0,100.0,4.0,5.0,5.0,2.0,3.0,1.5,0.0,2.0,1.0,0.0,1.0,1.0,1.0,0.0,0.0,0.0,2.0,2.0,2.0,108.0,0.0,0.5,0.5,0.0,4.0,2.0,0.0,0.0
0.0,1.0,46.0,1.0,1.0,1.0,0.0,1.0,1.0,12.0,0.0,11.0,1.0,1.0,39.0,1.0,1.0,1.0,4.0,0.0,0.0,1.0,0.0,0.0,1.0,1.0,4.0,5.0,0.0,7.8,2.0,4.0,1.0,3.0,0.0,1.0,1.0,0.0,0.0,4.0,1.0,0.0,1.0,1.0,1.0,1.0,1.0,1.0,1.0,1.0,1.0,0.0,0.0,0.0,2.0,2.0,2.0,94.0,0.0,0.51063829787234,0.5,0.0,3.0,2.0,1.0,0.0
1.0,10.0,232.0,9.0,0.0,1.0,0.0,18.0,2.0,25.0,0.0,13.0,2.0,7.0,132.0,1.0,7.0,16.0,30.0,0.0,0.0,10.0,6.0,30.0,16.0,9.0,22.0,85.0,23.0,1.55,15.0,45.0,9.0,29.0,0.0,7.0,3.0,0.0,1.0,0.0,7.0,1.0,20.0,7.85714285714286,0.0,17.0,4.0,1.0,36.0,6.14285714285714,1.0,2.0,0.777777777777778,0.0,3.0,3.0,3.0,479.0,17.0,0.472103004291845,0.333333333333333,0.0,5.0,3.0,1.0,3.0
0.0,5.0,808.0,10.0,3.0,1.0,2.0,78.0,1.0,11.0,0.0,5.0,1.0,56.0,362.0,1.0,56.0,74.0,98.0,0.0,10.0,11.0,53.0,127.0,74.0,59.0,97.0,362.0,108.0,1.0,85.0,205.0,10.0,130.0,0.0,56.0,1.0,91.0,2.0,1.0,9.0,1.0,52.0,7.69642857142857,1.0,14.0,2.21428571428571,1.0,128.0,3.44642857142857,1.0,6.0,0.440677966101695,0.0,9.0,9.0,7.0,1609.0,17.0,0.436881188118812,0.222222222222222,0.0,3.0,7.0,4.0,1.0
0.0,5.0,127.0,1.0,0.0,1.0,0.0,8.0,1.0,9.0,0.0,4.0,1.0,8.0,65.0,1.0,8.0,8.0,19.0,0.0,5.0,1.0,8.0,15.0,8.0,8.0,18.0,52.0,13.0,1.25,11.0,31.0,1.0,22.0,0.0,8.0,1.0,65.0,1.0,0.0,2.0,1.0,7.0,2.625,1.0,6.0,2.625,1.0,1.0,1.0,1.0,0.0,0.0,0.0,4.0,4.0,4.0,265.0,11.0,0.62992125984252,0.25,0.0,4.0,4.0,2.0,0.0
0.0,16.0,87.0,5.0,0.0,1.0,0.0,10.0,3.0,26.0,0.0,8.0,3.0,2.0,40.0,1.0,2.0,6.0,15.0,0.0,0.0,9.0,2.0,19.0,6.0,2.0,15.0,40.0,11.0,1.0,8.0,26.0,5.0,19.0,1.0,2.0,5.0,0.0,1.0,0.0,3.0,2.0,2.0,1.5,1.0,14.0,7.5,1.0,10.0,5.5,1.0,2.0,1.5,0.0,3.0,3.0,3.0,176.0,3.0,0.908045977011494,0.333333333333333,0.0,1.0,3.0,2.0,0.0
0.0,12.0,100.0,3.0,0.0,2.0,1.0,4.0,2.0,29.0,0.0,14.0,2.0,2.0,52.0,1.0,2.0,4.0,21.0,0.0,0.0,3.0,2.0,15.0,4.0,4.0,18.0,37.0,5.0,1.41,11.0,23.0,3.0,18.0,2.0,2.0,2.0,100.0,1.0,0.0,8.0,2.0,3.0,2.0,1.0,14.0,7.5,1.0,3.0,2.0,1.0,2.0,1.5,0.0,4.0,4.0,3.0,204.0,4.0,0.89,0.5,0.0,2.0,3.0,1.0,0.0
1.0,22.0,106.0,3.0,0.0,1.0,1.0,6.0,2.0,28.0,0.0,6.0,2.0,2.0,43.0,1.0,2.0,4.0,25.0,0.0,0.0,5.0,1.0,35.0,4.0,2.0,24.0,58.0,18.0,0.74,5.0,42.0,3.0,37.0,0.0,2.0,3.0,50.0,1.0,0.0,8.0,2.0,4.0,3.5,3.0,15.0,11.0,7.0,3.0,2.0,1.0,6.0,1.8,0.0,4.0,4.0,3.0,232.0,13.0,0.700934579439252,0.5,0.0,3.0,3.0,1.0,0.0
0.0,4.0,113.0,1.0,0.0,1.0,1.0,4.0,1.0,9.0,0.0,5.0,1.0,4.0,82.0,1.0,4.0,4.0,12.0,1.0,0.0,1.0,3.0,5.0,4.0,4.0,12.0,25.0,4.0,3.28,6.0,16.0,1.0,11.0,0.0,4.0,1.0,100.0,3.0,16.0,4.0,1.0,128.0,54.25,2.0,3.0,2.25,2.0,1.0,1.0,1.0,2.0,0.285714285714286,0.0,2.0,2.0,2.0,228.0,0.0,0.56140350877193,0.5,0.0,4.0,2.0,0.0,0.0
0.0,4.0,83.0,1.0,0.0,1.0,1.0,4.0,1.0,10.0,0.0,5.0,1.0,4.0,49.0,1.0,4.0,4.0,14.0,1.0,0.0,1.0,3.0,6.0,4.0,4.0,14.0,28.0,4.0,1.75,6.0,18.0,1.0,13.0,0.0,4.0,1.0,100.0,3.0,2.0,5.0,1.0,8.0,4.0,1.0,3.0,2.5,2.0,1.0,1.0,1.0,0.0,0.0,0.0,2.0,2.0,2.0,166.0,0.0,0.373493975903614,0.5,0.0,5.0,2.0,1.0,0.0
3.0,10.0,247.0,7.0,0.0,2.0,1.0,19.0,2.0,23.0,0.0,12.0,2.0,8.0,135.0,1.0,8.0,17.0,29.0,1.0,1.0,9.0,4.0,33.0,17.0,13.0,23.0,94.0,29.0,1.44,18.0,52.0,7.0,35.0,0.0,8.0,2.0,75.0,3.0,0.0,3.0,1.0,5.0,3.5,1.0,7.0,3.25,1.0,7.0,2.125,1.0,2.0,1.0,0.0,3.0,3.0,3.0,497.0,1.0,0.806451612903226,0.333333333333333,0.0,3.0,3.0,3.0,0.0
0.0,12.0,383.0,5.0,0.0,1.0,2.0,22.0,2.0,23.0,0.0,9.0,2.0,11.0,187.0,1.0,11.0,22.0,44.0,2.0,4.0,5.0,9.0,72.0,22.0,13.0,38.0,161.0,52.0,1.16,35.0,90.0,5.0,67.0,1.0,11.0,2.0,87.0,5.0,17.0,10.0,2.0,18.0,4.45454545454545,1.0,14.0,4.09090909090909,1.0,8.0,2.36363636363636,1.0,4.0,0.714285714285714,0.0,7.0,7.0,6.0,970.0,233.0,0.475195822454308,0.285714285714286,0.0,5.0,6.0,3.0,1.0
0.0,4.0,38.0,1.0,0.0,1.0,1.0,1.0,1.0,7.0,0.0,3.0,1.0,1.0,25.0,1.0,1.0,1.0,4.0,0.0,0.0,1.0,1.0,2.0,1.0,1.0,4.0,9.0,1.0,2.78,4.0,5.0,1.0,3.0,0.0,1.0,1.0,100.0,6.0,0.0,0.0,1.0,8.0,8.0,8.0,2.0,2.0,2.0,1.0,1.0,1.0,0.0,0.0,0.0,2.0,2.0,2.0,76.0,0.0,0.342105263157895,0.5,0.0,4.0,2.0,0.0,0.0
3.0,28.0,234.0,8.0,0.0,3.0,1.0,23.0,4.0,33.0,0.0,3.0,4.0,5.0,43.0,1.0,5.0,21.0,52.0,0.0,1.0,9.0,2.0,83.0,21.0,15.0,47.0,168.0,40.0,0.26,23.0,87.0,8.0,65.0,2.0,5.0,5.0,90.0,1.0,2.0,21.0,2.0,4.0,2.2,1.0,23.0,11.0,3.0,22.0,8.4,2.0,4.0,2.71428571428571,1.0,6.0,6.0,4.0,595.0,127.0,0.525641025641026,0.333333333333333,0.0,2.0,4.0,1.0,0.0
2.0,8.0,293.0,5.0,0.0,1.0,3.0,28.0,2.0,12.0,1.0,4.0,2.0,17.0,105.0,3.0,17.0,27.0,51.0,6.0,3.0,6.0,9.0,62.0,27.0,23.0,51.0,161.0,41.0,0.65,27.0,92.0,5.0,65.0,0.0,16.0,2.0,100.0,4.0,2.0,8.0,2.0,7.0,2.05882352941176,0.0,12.0,3.64705882352941,0.0,5.0,1.58823529411765,1.0,3.0,0.714285714285714,0.0,5.0,5.0,4.0,586.0,2.0,0.469387755102041,0.4,0.0,3.0,4.0,2.0,0.0
2.0,27.0,233.0,10.0,0.0,3.0,1.0,27.0,5.0,45.0,0.0,15.0,5.0,4.0,85.0,1.0,4.0,20.0,38.0,0.0,2.0,16.0,2.0,63.0,20.0,10.0,34.0,129.0,39.0,0.66,19.0,73.0,10.0,51.0,2.0,4.0,7.0,58.0,2.0,0.0,18.0,1.0,4.0,3.5,3.0,17.0,12.25,2.0,10.0,5.5,1.0,4.0,3.0,0.0,5.0,5.0,5.0,549.0,81.0,0.867521367521368,0.2,0.0,3.0,5.0,1.0,0.0
1.0,18.0,189.0,4.0,1.0,1.0,3.0,11.0,2.0,26.0,0.0,5.0,2.0,6.0,68.0,5.0,6.0,11.0,30.0,1.0,4.0,4.0,3.0,43.0,11.0,6.0,34.0,95.0,28.0,0.72,26.0,62.0,4.0,50.0,3.0,6.0,2.0,100.0,6.0,0.0,4.0,2.0,5.0,3.66666666666667,2.0,15.0,6.5,2.0,5.0,1.83333333333333,1.0,2.0,0.615384615384615,0.0,2.0,2.0,2.0,380.0,0.0,0.436842105263158,0.5,0.0,5.0,2.0,0.0,0.0
1.0,7.0,266.0,2.0,0.0,1.0,1.0,26.0,1.0,13.0,0.0,5.0,1.0,20.0,119.0,3.0,20.0,26.0,27.0,2.0,6.0,2.0,17.0,47.0,26.0,20.0,39.0,120.0,33.0,0.99,27.0,72.0,2.0,48.0,0.0,20.0,1.0,75.0,3.0,2.0,4.0,2.0,5.0,1.65,0.0,4.0,2.1,1.0,2.0,1.25,1.0,1.0,0.375,0.0,4.0,4.0,4.0,556.0,11.0,0.740601503759398,0.25,0.0,3.0,4.0,0.0,0.0
0.0,6.0,459.0,5.0,0.0,1.0,1.0,39.0,2.0,14.0,0.0,7.0,2.0,25.0,227.0,2.0,25.0,38.0,56.0,8.0,3.0,5.0,17.0,72.0,38.0,25.0,53.0,190.0,59.0,1.19,42.0,112.0,5.0,75.0,0.0,25.0,2.0,79.0,6.0,2.0,12.0,1.0,9.0,3.88,0.0,14.0,3.4,1.0,8.0,1.6,1.0,5.0,0.620689655172414,0.0,3.0,3.0,3.0,898.0,0.0,0.278867102396514,0.333333333333333,0.0,5.0,3.0,4.0,1.0
0.0,7.0,289.0,6.0,0.0,1.0,3.0,29.0,2.0,14.0,0.0,6.0,2.0,16.0,133.0,1.0,16.0,25.0,38.0,4.0,1.0,8.0,12.0,50.0,25.0,20.0,36.0,126.0,35.0,1.06,30.0,71.0,6.0,46.0,0.0,16.0,2.0,90.0,7.0,2.0,5.0,1.0,6.0,3.6875,1.0,10.0,3.125,1.0,7.0,1.5625,1.0,3.0,0.666666666666667,0.0,6.0,6.0,3.0,567.0,6.0,0.341379310344828,0.666666666666667,0.0,4.0,3.0,2.0,0.0
0.0,8.0,177.0,3.0,0.0,1.0,1.0,17.0,1.0,13.0,0.0,4.0,1.0,10.0,75.0,2.0,10.0,14.0,23.0,0.0,3.0,6.0,10.0,35.0,14.0,12.0,25.0,87.0,24.0,0.86,15.0,49.0,3.0,34.0,0.0,10.0,2.0,68.0,5.0,2.0,4.0,2.0,4.0,2.4,1.0,8.0,2.7,1.0,3.0,1.4,1.0,2.0,0.538461538461538,0.0,2.0,2.0,2.0,354.0,0.0,0.943502824858757,0.5,0.0,2.0,2.0,0.0,0.0
1.0,6.0,161.0,3.0,1.0,1.0,0.0,17.0,2.0,11.0,0.0,5.0,2.0,10.0,74.0,2.0,10.0,15.0,20.0,3.0,0.0,5.0,5.0,22.0,15.0,10.0,20.0,72.0,19.0,1.03,15.0,39.0,3.0,24.0,0.0,10.0,2.0,0.0,6.0,2.0,4.0,1.0,5.0,2.1,0.0,6.0,2.5,1.0,3.0,1.4,1.0,2.0,0.615384615384615,0.0,6.0,6.0,4.0,295.0,6.0,0.260869565217391,0.333333333333333,0.0,6.0,4.0,3.0,0.0
0.0,7.0,233.0,4.0,0.0,1.0,2.0,16.0,1.0,15.0,0.0,7.0,1.0,11.0,135.0,2.0,11.0,15.0,19.0,3.0,2.0,5.0,8.0,31.0,15.0,11.0,23.0,79.0,19.0,1.71,19.0,42.0,4.0,26.0,0.0,11.0,1.0,88.0,6.0,10.0,2.0,2.0,9.0,2.27272727272727,0.0,6.0,1.90909090909091,0.0,6.0,1.54545454545455,1.0,2.0,0.428571428571429,0.0,8.0,8.0,5.0,484.0,24.0,0.482905982905983,0.375,0.0,5.0,5.0,2.0,1.0
0.0,16.0,184.0,11.0,0.0,1.0,2.0,18.0,3.0,25.0,0.0,6.0,3.0,5.0,65.0,1.0,5.0,16.0,22.0,1.0,1.0,13.0,4.0,44.0,16.0,5.0,23.0,93.0,30.0,0.7,26.0,53.0,11.0,36.0,2.0,5.0,4.0,86.0,5.0,0.0,8.0,1.0,11.0,5.2,1.0,20.0,6.0,2.0,144.0,29.8,1.0,4.0,1.85714285714286,0.0,5.0,5.0,3.0,364.0,5.0,0.66304347826087,0.4,0.0,5.0,3.0,1.0,0.0
0.0,9.0,207.0,6.0,0.0,1.0,1.0,18.0,2.0,16.0,0.0,6.0,2.0,9.0,94.0,1.0,9.0,17.0,22.0,6.0,0.0,6.0,3.0,37.0,17.0,9.0,22.0,96.0,26.0,0.98,17.0,48.0,6.0,31.0,0.0,9.0,2.0,100.0,6.0,1.0,7.0,2.0,8.0,2.66666666666667,0.0,14.0,3.55555555555556,0.0,12.0,2.44444444444444,1.0,3.0,1.0,0.0,3.0,3.0,3.0,415.0,1.0,0.526570048309179,0.333333333333333,0.0,4.0,3.0,1.0,0.0
0.0,6.0,412.0,7.0,2.0,1.0,3.0,28.0,1.0,15.0,0.0,8.0,1.0,20.0,215.0,3.0,20.0,28.0,56.0,1.0,4.0,7.0,17.0,59.0,28.0,20.0,53.0,152.0,37.0,1.41,45.0,90.0,7.0,62.0,0.0,20.0,1.0,90.0,8.0,0.0,11.0,1.0,4.0,2.35,1.0,24.0,3.2,1.0,4.0,1.25,1.0,3.0,0.458333333333333,0.0,3.0,3.0,3.0,837.0,0.0,0.716019417475728,0.333333333333333,0.0,3.0,3.0,3.0,0.0
0.0,10.0,242.0,5.0,0.0,1.0,1.0,20.0,2.0,16.0,0.0,5.0,2.0,11.0,106.0,2.0,11.0,19.0,30.0,5.0,0.0,6.0,6.0,48.0,19.0,13.0,31.0,114.0,32.0,0.93,22.0,63.0,5.0,43.0,0.0,11.0,2.0,100.0,6.0,0.0,6.0,2.0,8.0,2.09090909090909,0.0,7.0,3.27272727272727,0.0,5.0,1.72727272727273,1.0,2.0,0.714285714285714,0.0,5.0,5.0,4.0,498.0,2.0,0.71900826446281,0.4,0.0,3.0,4.0,1.0,0.0
0.0,12.0,76.0,2.0,0.0,1.0,1.0,3.0,2.0,15.0,0.0,2.0,2.0,2.0,33.0,1.0,2.0,3.0,9.0,1.0,0.0,2.0,1.0,17.0,3.0,2.0,9.0,32.0,7.0,1.03,11.0,16.0,2.0,12.0,1.0,2.0,2.0,100.0,4.0,0.0,4.0,1.0,2.0,2.0,2.0,8.0,5.0,2.0,2.0,1.5,1.0,1.0,0.75,0.0,3.0,3.0,2.0,153.0,1.0,0.736842105263158,0.666666666666667,0.0,3.0,2.0,1.0,0.0
0.0,9.0,153.0,4.0,0.0,2.0,1.0,11.0,2.0,16.0,0.0,6.0,2.0,5.0,84.0,1.0,5.0,10.0,13.0,0.0,2.0,4.0,5.0,24.0,10.0,8.0,13.0,55.0,21.0,1.53,14.0,34.0,4.0,23.0,1.0,5.0,2.0,46.0,1.0,2.0,1.0,2.0,6.0,3.2,1.0,3.0,2.8,2.0,4.0,2.2,1.0,1.0,0.571428571428571,0.0,2.0,2.0,2.0,308.0,0.0,0.422077922077922,0.5,0.0,5.0,2.0,0.0,0.0
0.0,5.0,238.0,3.0,0.0,1.0,1.0,17.0,1.0,11.0,0.0,5.0,1.0,14.0,131.0,1.0,14.0,17.0,24.0,4.0,0.0,3.0,10.0,27.0,17.0,14.0,23.0,85.0,22.0,1.54,22.0,45.0,3.0,27.0,0.0,14.0,1.0,100.0,8.0,4.0,4.0,2.0,7.0,3.28571428571429,0.0,9.0,2.5,0.0,3.0,1.21428571428571,1.0,2.0,0.4375,0.0,5.0,5.0,4.0,480.0,7.0,0.368200836820084,0.4,0.0,4.0,4.0,2.0,0.0
7.0,10.0,1587.0,7.0,0.0,1.0,7.0,162.0,2.0,18.0,0.0,6.0,2.0,81.0,650.0,18.0,81.0,148.0,174.0,23.0,8.0,8.0,51.0,345.0,148.0,88.0,184.0,801.0,228.0,0.81,136.0,412.0,7.0,264.0,0.0,81.0,2.0,96.0,4.0,43.0,35.0,2.0,43.0,2.93827160493827,0.0,17.0,3.1358024691358,0.0,16.0,2.08641975308642,1.0,4.0,0.79,0.0,19.0,19.0,8.0,4316.0,952.0,0.580970384373031,0.315789473684211,0.0,5.0,8.0,5.0,2.0
6.0,10.0,1395.0,11.0,0.0,1.0,8.0,168.0,2.0,17.0,2.0,6.0,2.0,68.0,492.0,7.0,68.0,149.0,170.0,17.0,6.0,11.0,45.0,318.0,149.0,90.0,171.0,760.0,245.0,0.65,143.0,416.0,11.0,266.0,0.0,66.0,2.0,95.0,5.0,12.0,26.0,2.0,25.0,4.58823529411765,0.0,18.0,3.27941176470588,0.0,26.0,3.04411764705882,1.0,5.0,0.868421052631579,0.0,27.0,27.0,8.0,3325.0,585.0,0.612903225806452,0.37037037037037,3.0,4.0,5.0,6.0,5.0
0.0,6.0,72.0,2.0,0.0,1.0,1.0,4.0,1.0,11.0,0.0,4.0,1.0,3.0,37.0,1.0,3.0,4.0,9.0,1.0,1.0,2.0,2.0,10.0,4.0,3.0,9.0,28.0,9.0,1.32,7.0,18.0,2.0,13.0,0.0,3.0,1.0,50.0,4.0,1.0,2.0,1.0,3.0,2.0,1.0,4.0,3.0,1.0,2.0,1.33333333333333,1.0,1.0,0.6,0.0,5.0,5.0,4.0,200.0,56.0,0.555555555555556,0.4,0.0,3.0,4.0,1.0,0.0
0.0,6.0,212.0,2.0,0.0,1.0,1.0,9.0,2.0,12.0,0.0,5.0,2.0,6.0,138.0,1.0,6.0,9.0,22.0,2.0,3.0,2.0,4.0,18.0,9.0,6.0,21.0,59.0,14.0,2.34,15.0,35.0,2.0,25.0,0.0,6.0,2.0,87.0,6.0,4.0,8.0,2.0,6.0,3.16666666666667,2.0,4.0,2.66666666666667,2.0,2.0,1.5,1.0,1.0,0.625,0.0,6.0,6.0,5.0,426.0,15.0,0.924528301886792,0.333333333333333,0.0,2.0,5.0,1.0,1.0
0.0,4.0,97.0,1.0,0.0,1.0,1.0,5.0,1.0,10.0,0.0,6.0,1.0,5.0,65.0,1.0,5.0,5.0,9.0,1.0,0.0,1.0,4.0,6.0,5.0,5.0,9.0,25.0,5.0,2.6,7.0,14.0,1.0,8.0,0.0,5.0,1.0,100.0,8.0,1.0,1.0,1.0,3.0,2.0,0.0,2.0,1.8,1.0,1.0,1.0,1.0,0.0,0.0,0.0,2.0,2.0,2.0,196.0,0.0,0.785714285714286,0.5,0.0,3.0,2.0,0.0,0.0
0.0,1.0,51.0,1.0,2.0,1.0,0.0,2.0,1.0,10.0,0.0,9.0,1.0,2.0,42.0,1.0,2.0,2.0,5.0,0.0,0.0,1.0,0.0,0.0,2.0,2.0,5.0,6.0,0.0,7.0,3.0,5.0,1.0,4.0,0.0,2.0,1.0,0.0,3.0,2.0,0.0,1.0,14.0,9.0,4.0,1.0,1.0,1.0,1.0,1.0,1.0,0.0,0.0,0.0,2.0,2.0,2.0,104.0,0.0,0.557692307692308,0.5,0.0,4.0,2.0,0.0,0.0
0.0,1.0,36.0,1.0,1.0,1.0,1.0,1.0,1.0,4.0,0.0,3.0,1.0,1.0,25.0,1.0,1.0,1.0,6.0,0.0,0.0,1.0,0.0,1.0,1.0,1.0,6.0,8.0,0.0,3.12,3.0,6.0,1.0,5.0,0.0,1.0,1.0,100.0,4.0,1.0,1.0,1.0,0.0,0.0,0.0,0.0,0.0,0.0,1.0,1.0,1.0,0.0,0.0,0.0,2.0,2.0,2.0,72.0,0.0,0.361111111111111,0.5,0.0,4.0,2.0,0.0,0.0
0.0,1.0,58.0,1.0,4.0,1.0,0.0,4.0,1.0,7.0,0.0,6.0,1.0,4.0,46.0,1.0,4.0,4.0,6.0,0.0,0.0,1.0,0.0,0.0,4.0,4.0,6.0,8.0,0.0,5.75,4.0,6.0,1.0,5.0,0.0,4.0,1.0,0.0,0.0,2.0,1.0,0.0,2.0,1.75,1.0,1.0,0.75,0.0,1.0,1.0,1.0,0.0,0.0,0.0,2.0,2.0,2.0,116.0,0.0,0.810344827586207,0.5,0.0,2.0,2.0,1.0,0.0
0.0,1.0,38.0,1.0,1.0,1.0,0.0,1.0,1.0,9.0,0.0,8.0,1.0,1.0,32.0,1.0,1.0,1.0,3.0,0.0,0.0,1.0,0.0,0.0,1.0,1.0,3.0,5.0,0.0,6.4,1.0,3.0,1.0,2.0,0.0,1.0,1.0,0.0,0.0,2.0,0.0,0.0,2.0,2.0,2.0,1.0,1.0,1.0,1.0,1.0,1.0,0.0,0.0,0.0,1.0,1.0,1.0,38.0,0.0,0.684210526315789,1.0,0.0,2.0,1.0,1.0,0.0
0.0,1.0,35.0,1.0,0.0,1.0,0.0,1.0,1.0,7.0,0.0,6.0,1.0,1.0,27.0,1.0,1.0,1.0,4.0,0.0,0.0,1.0,1.0,0.0,1.0,1.0,4.0,6.0,0.0,4.5,2.0,4.0,1.0,3.0,0.0,1.0,1.0,0.0,0.0,1.0,1.0,0.0,0.0,0.0,0.0,1.0,1.0,1.0,1.0,1.0,1.0,0.0,0.0,0.0,2.0,2.0,1.0,44.0,9.0,1.0,1.0,0.0,1.0,1.0,0.0,0.0
0.0,4.0,121.0,1.0,0.0,1.0,1.0,7.0,1.0,10.0,0.0,5.0,1.0,7.0,66.0,1.0,7.0,7.0,17.0,2.0,1.0,1.0,5.0,14.0,7.0,7.0,17.0,45.0,12.0,1.47,10.0,29.0,1.0,21.0,0.0,7.0,1.0,64.0,7.0,0.0,5.0,2.0,4.0,2.14285714285714,1.0,4.0,2.57142857142857,1.0,1.0,1.0,1.0,0.0,0.0,0.0,5.0,5.0,5.0,248.0,4.0,0.710743801652893,0.2,0.0,3.0,5.0,2.0,0.0
0.0,1.0,40.0,1.0,1.0,1.0,1.0,1.0,1.0,4.0,0.0,3.0,1.0,1.0,29.0,1.0,1.0,1.0,6.0,0.0,0.0,1.0,0.0,1.0,1.0,1.0,6.0,8.0,0.0,3.62,3.0,6.0,1.0,5.0,0.0,1.0,1.0,100.0,4.0,5.0,1.0,1.0,0.0,0.0,0.0,0.0,0.0,0.0,1.0,1.0,1.0,0.0,0.0,0.0,2.0,2.0,2.0,80.0,0.0,0.325,0.5,0.0,4.0,2.0,0.0,0.0
0.0,5.0,81.0,2.0,0.0,1.0,0.0,5.0,1.0,10.0,0.0,5.0,1.0,4.0,45.0,1.0,4.0,5.0,12.0,1.0,1.0,2.0,3.0,7.0,5.0,4.0,10.0,30.0,6.0,1.5,6.0,16.0,2.0,10.0,0.0,4.0,1.0,50.0,4.0,3.0,2.0,2.0,5.0,4.25,4.0,2.0,1.75,1.0,2.0,1.25,1.0,1.0,0.5,0.0,2.0,2.0,1.0,87.0,6.0,1.0,1.0,0.0,1.0,1.0,0.0,0.0
0.0,4.0,252.0,2.0,0.0,1.0,2.0,19.0,1.0,10.0,2.0,6.0,1.0,18.0,136.0,1.0,18.0,19.0,28.0,4.0,1.0,2.0,14.0,25.0,19.0,18.0,26.0,90.0,23.0,1.51,26.0,49.0,2.0,29.0,0.0,16.0,1.0,70.0,9.0,0.0,3.0,1.0,11.0,3.77777777777778,0.0,4.0,2.0,1.0,2.0,1.05555555555556,1.0,1.0,0.15,0.0,3.0,3.0,3.0,540.0,47.0,0.321428571428571,0.333333333333333,0.0,5.0,3.0,0.0,0.0
0.0,8.0,333.0,5.0,0.0,1.0,2.0,37.0,2.0,13.0,2.0,5.0,2.0,19.0,130.0,1.0,19.0,32.0,48.0,6.0,1.0,7.0,13.0,70.0,32.0,26.0,51.0,171.0,53.0,0.76,32.0,104.0,5.0,73.0,0.0,17.0,2.0,91.0,7.0,2.0,7.0,1.0,8.0,3.21052631578947,0.0,14.0,3.78947368421053,1.0,6.0,1.78947368421053,1.0,4.0,0.952380952380952,0.0,6.0,6.0,6.0,649.0,3.0,0.263473053892216,0.166666666666667,0.0,5.0,6.0,2.0,0.0
0.0,7.0,163.0,3.0,0.0,1.0,2.0,14.0,2.0,12.0,0.0,5.0,2.0,8.0,76.0,1.0,8.0,13.0,20.0,2.0,1.0,4.0,6.0,29.0,13.0,10.0,20.0,72.0,20.0,1.06,15.0,40.0,3.0,28.0,0.0,8.0,2.0,83.0,8.0,0.0,6.0,1.0,5.0,2.125,0.0,8.0,3.625,1.0,3.0,1.375,1.0,2.0,0.7,0.0,3.0,3.0,2.0,329.0,3.0,0.515337423312883,0.666666666666667,0.0,4.0,2.0,1.0,0.0
8.0,12.0,285.0,7.0,0.0,1.0,2.0,32.0,3.0,19.0,0.0,6.0,3.0,12.0,96.0,1.0,12.0,31.0,35.0,1.0,0.0,8.0,3.0,69.0,31.0,16.0,36.0,159.0,49.0,0.6,30.0,85.0,7.0,55.0,1.0,12.0,3.0,87.0,1.0,0.0,9.0,2.0,6.0,2.58333333333333,1.0,16.0,5.83333333333333,2.0,9.0,2.75,1.0,5.0,1.93333333333333,0.0,4.0,4.0,3.0,573.0,4.0,0.810526315789474,0.5,0.0,3.0,3.0,4.0,0.0
0.0,4.0,165.0,1.0,0.0,1.0,1.0,10.0,1.0,10.0,0.0,6.0,1.0,10.0,96.0,1.0,10.0,10.0,19.0,0.0,5.0,1.0,10.0,12.0,10.0,10.0,19.0,51.0,10.0,1.88,19.0,29.0,1.0,18.0,0.0,10.0,1.0,83.0,1.0,0.0,0.0,2.0,3.0,2.5,2.0,1.0,1.0,1.0,1.0,1.0,1.0,0.0,0.0,0.0,2.0,2.0,2.0,330.0,0.0,0.812121212121212,0.5,0.0,3.0,2.0,2.0,0.0
0.0,1.0,60.0,1.0,3.0,1.0,0.0,3.0,1.0,7.0,0.0,6.0,1.0,3.0,46.0,1.0,3.0,3.0,7.0,0.0,0.0,1.0,0.0,0.0,3.0,3.0,7.0,9.0,0.0,5.11,5.0,7.0,1.0,6.0,0.0,3.0,1.0,0.0,3.0,1.0,1.0,1.0,2.0,1.33333333333333,1.0,0.0,0.0,0.0,1.0,1.0,1.0,0.0,0.0,0.0,2.0,2.0,2.0,120.0,0.0,0.716666666666667,0.5,0.0,3.0,2.0,1.0,0.0
0.0,13.0,166.0,8.0,0.0,1.0,2.0,16.0,3.0,22.0,0.0,6.0,3.0,5.0,65.0,1.0,5.0,13.0,21.0,1.0,1.0,11.0,4.0,38.0,13.0,5.0,21.0,81.0,25.0,0.8,20.0,46.0,8.0,32.0,2.0,5.0,3.0,86.0,5.0,0.0,9.0,1.0,10.0,4.8,1.0,20.0,6.0,2.0,48.0,10.6,1.0,2.0,1.0,0.0,5.0,5.0,3.0,330.0,7.0,0.692771084337349,0.4,0.0,4.0,3.0,2.0,0.0
0.0,6.0,500.0,9.0,2.0,1.0,3.0,36.0,1.0,15.0,0.0,8.0,1.0,25.0,257.0,3.0,25.0,36.0,62.0,5.0,4.0,9.0,18.0,77.0,36.0,25.0,60.0,192.0,49.0,1.34,51.0,109.0,9.0,73.0,0.0,25.0,1.0,92.0,8.0,0.0,12.0,2.0,6.0,2.32,0.0,28.0,3.12,0.0,8.0,1.4,1.0,4.0,0.517241379310345,0.0,3.0,3.0,3.0,1001.0,1.0,0.322,0.333333333333333,0.0,5.0,3.0,2.0,0.0
0.0,9.0,171.0,3.0,0.0,1.0,1.0,15.0,2.0,13.0,0.0,4.0,2.0,9.0,74.0,2.0,9.0,14.0,20.0,5.0,0.0,4.0,4.0,33.0,14.0,11.0,20.0,79.0,21.0,0.94,18.0,41.0,3.0,26.0,0.0,9.0,2.0,100.0,6.0,0.0,4.0,2.0,7.0,2.22222222222222,0.0,5.0,2.55555555555556,0.0,3.0,1.55555555555556,1.0,2.0,0.75,0.0,5.0,5.0,4.0,355.0,2.0,0.649122807017544,0.4,0.0,4.0,4.0,1.0,0.0
0.0,5.0,71.0,1.0,0.0,1.0,1.0,4.0,1.0,9.0,0.0,4.0,1.0,4.0,40.0,1.0,4.0,4.0,8.0,0.0,0.0,1.0,4.0,9.0,4.0,4.0,8.0,25.0,8.0,1.6,6.0,16.0,1.0,11.0,0.0,4.0,1.0,100.0,8.0,1.0,1.0,1.0,5.0,3.25,2.0,3.0,3.0,3.0,1.0,1.0,1.0,0.0,0.0,0.0,3.0,3.0,3.0,146.0,2.0,0.666666666666667,0.333333333333333,0.0,4.0,3.0,0.0,0.0
0.0,7.0,59.0,2.0,0.0,1.0,1.0,3.0,2.0,13.0,0.0,6.0,2.0,2.0,34.0,1.0,2.0,3.0,7.0,1.0,0.0,2.0,1.0,8.0,3.0,2.0,7.0,21.0,5.0,1.62,4.0,12.0,2.0,8.0,0.0,2.0,2.0,100.0,5.0,0.0,3.0,1.0,3.0,2.5,2.0,4.0,3.0,2.0,2.0,1.5,1.0,1.0,0.75,0.0,3.0,3.0,3.0,126.0,6.0,0.583333333333333,0.333333333333333,0.0,4.0,3.0,1.0,0.0
0.0,4.0,61.0,1.0,0.0,1.0,1.0,3.0,1.0,7.0,0.0,3.0,1.0,3.0,37.0,1.0,3.0,3.0,7.0,1.0,0.0,1.0,2.0,4.0,3.0,3.0,7.0,18.0,3.0,2.06,6.0,10.0,1.0,6.0,0.0,3.0,1.0,100.0,5.0,2.0,1.0,1.0,3.0,1.33333333333333,0.0,2.0,1.66666666666667,1.0,1.0,1.0,1.0,0.0,0.0,0.0,2.0,2.0,2.0,122.0,0.0,0.704918032786885,0.5,0.0,2.0,2.0,1.0,0.0
0.0,8.0,234.0,4.0,0.0,1.0,1.0,14.0,2.0,17.0,0.0,8.0,2.0,9.0,139.0,1.0,9.0,14.0,16.0,3.0,0.0,4.0,6.0,37.0,14.0,9.0,16.0,82.0,31.0,1.7,13.0,47.0,4.0,32.0,0.0,9.0,2.0,100.0,6.0,3.0,3.0,1.0,3.0,1.33333333333333,0.0,9.0,2.88888888888889,0.0,4.0,1.55555555555556,1.0,3.0,1.0,0.0,2.0,2.0,2.0,470.0,0.0,0.323404255319149,0.5,0.0,6.0,2.0,0.0,0.0
0.0,4.0,62.0,1.0,0.0,1.0,1.0,3.0,1.0,9.0,0.0,5.0,1.0,3.0,36.0,1.0,3.0,3.0,10.0,1.0,0.0,1.0,2.0,5.0,3.0,3.0,9.0,21.0,4.0,1.71,5.0,13.0,1.0,9.0,0.0,3.0,1.0,100.0,7.0,0.0,3.0,1.0,6.0,4.33333333333333,2.0,3.0,2.33333333333333,2.0,1.0,1.0,1.0,0.0,0.0,0.0,3.0,3.0,3.0,125.0,0.0,0.317460317460317,0.333333333333333,0.0,4.0,3.0,1.0,0.0
0.0,6.0,117.0,3.0,0.0,1.0,1.0,8.0,1.0,13.0,0.0,6.0,1.0,6.0,59.0,1.0,6.0,8.0,12.0,2.0,0.0,3.0,4.0,17.0,8.0,6.0,12.0,47.0,14.0,1.26,11.0,26.0,3.0,17.0,0.0,6.0,1.0,100.0,7.0,11.0,2.0,1.0,28.0,11.1666666666667,1.0,8.0,3.16666666666667,1.0,3.0,1.33333333333333,1.0,2.0,0.75,0.0,2.0,2.0,2.0,234.0,0.0,0.435897435897436,0.5,0.0,4.0,2.0,1.0,0.0
0.0,7.0,195.0,4.0,0.0,1.0,1.0,14.0,1.0,14.0,0.0,6.0,1.0,10.0,89.0,1.0,10.0,14.0,29.0,0.0,2.0,4.0,10.0,28.0,14.0,10.0,30.0,88.0,20.0,1.01,20.0,50.0,4.0,35.0,0.0,10.0,1.0,66.0,1.0,0.0,3.0,2.0,5.0,2.8,1.0,6.0,2.9,1.0,4.0,1.4,1.0,4.0,1.15384615384615,0.0,2.0,2.0,2.0,390.0,0.0,0.343589743589744,0.5,0.0,5.0,2.0,0.0,0.0
0.0,6.0,175.0,4.0,0.0,1.0,1.0,17.0,2.0,12.0,0.0,4.0,2.0,10.0,72.0,1.0,10.0,16.0,25.0,3.0,2.0,5.0,7.0,29.0,16.0,12.0,25.0,82.0,25.0,0.88,21.0,50.0,4.0,33.0,0.0,10.0,2.0,83.0,6.0,0.0,6.0,1.0,6.0,1.6,0.0,7.0,2.8,1.0,4.0,1.6,1.0,3.0,1.0,0.0,5.0,5.0,4.0,367.0,2.0,0.302857142857143,0.4,0.0,5.0,4.0,0.0,0.0
0.0,12.0,389.0,7.0,0.0,1.0,8.0,32.0,2.0,21.0,0.0,6.0,2.0,12.0,132.0,2.0,12.0,29.0,69.0,4.0,4.0,9.0,8.0,91.0,29.0,12.0,69.0,199.0,54.0,0.66,58.0,123.0,7.0,93.0,2.0,12.0,3.0,100.0,7.0,0.0,16.0,2.0,9.0,2.58333333333333,0.0,17.0,6.08333333333333,2.0,9.0,2.75,1.0,4.0,1.53333333333333,0.0,4.0,4.0,3.0,782.0,4.0,0.904884318766067,0.5,0.0,2.0,3.0,1.0,1.0
0.0,11.0,202.0,5.0,0.0,1.0,0.0,17.0,2.0,22.0,0.0,10.0,2.0,7.0,93.0,1.0,7.0,16.0,24.0,3.0,0.0,5.0,4.0,38.0,16.0,7.0,25.0,92.0,29.0,1.01,17.0,54.0,5.0,37.0,0.0,7.0,2.0,0.0,1.0,2.0,8.0,2.0,6.0,2.42857142857143,0.0,10.0,4.0,1.0,16.0,3.85714285714286,1.0,3.0,1.5,0.0,2.0,2.0,2.0,406.0,0.0,0.596059113300493,0.5,0.0,4.0,2.0,0.0,0.0
0.0,8.0,91.0,3.0,0.0,1.0,1.0,6.0,2.0,14.0,0.0,5.0,2.0,3.0,50.0,1.0,3.0,6.0,12.0,0.0,1.0,3.0,3.0,11.0,6.0,3.0,12.0,33.0,8.0,1.52,8.0,20.0,3.0,13.0,0.0,3.0,2.0,50.0,2.0,1.0,3.0,1.0,3.0,1.66666666666667,1.0,3.0,2.0,1.0,4.0,2.33333333333333,1.0,1.0,0.8,0.0,2.0,2.0,2.0,184.0,0.0,0.5,0.5,0.0,4.0,2.0,0.0,0.0
0.0,4.0,52.0,1.0,0.0,1.0,1.0,1.0,1.0,10.0,0.0,6.0,1.0,1.0,39.0,1.0,1.0,1.0,5.0,0.0,0.0,1.0,1.0,2.0,1.0,1.0,5.0,9.0,1.0,4.33,4.0,6.0,1.0,4.0,0.0,1.0,1.0,100.0,3.0,0.0,1.0,1.0,2.0,2.0,2.0,2.0,2.0,2.0,1.0,1.0,1.0,0.0,0.0,0.0,2.0,2.0,2.0,106.0,0.0,0.641509433962264,0.5,0.0,3.0,2.0,0.0,0.0
0.0,4.0,101.0,1.0,0.0,1.0,2.0,5.0,1.0,8.0,0.0,4.0,1.0,5.0,55.0,2.0,5.0,5.0,17.0,1.0,1.0,1.0,4.0,8.0,5.0,5.0,17.0,37.0,6.0,1.49,9.0,23.0,1.0,16.0,0.0,5.0,1.0,100.0,6.0,0.0,5.0,2.0,2.0,1.2,0.0,6.0,3.0,1.0,1.0,1.0,1.0,0.0,0.0,0.0,2.0,2.0,2.0,202.0,0.0,0.356435643564356,0.5,0.0,4.0,2.0,2.0,1.0
0.0,4.0,88.0,1.0,0.0,1.0,1.0,5.0,1.0,8.0,0.0,4.0,1.0,5.0,47.0,1.0,5.0,5.0,16.0,1.0,1.0,1.0,4.0,6.0,5.0,5.0,16.0,33.0,5.0,1.42,8.0,21.0,1.0,15.0,0.0,5.0,1.0,80.0,6.0,0.0,5.0,2.0,2.0,1.2,0.0,5.0,2.4,1.0,1.0,1.0,1.0,0.0,0.0,0.0,2.0,2.0,2.0,176.0,0.0,0.704545454545455,0.5,0.0,3.0,2.0,1.0,1.0
0.0,1.0,49.0,1.0,2.0,1.0,0.0,2.0,1.0,6.0,0.0,5.0,1.0,2.0,38.0,1.0,2.0,2.0,7.0,0.0,0.0,1.0,0.0,0.0,2.0,2.0,7.0,8.0,0.0,4.75,3.0,7.0,1.0,6.0,0.0,2.0,1.0,0.0,3.0,2.0,2.0,1.0,3.0,2.5,2.0,1.0,0.5,0.0,1.0,1.0,1.0,0.0,0.0,0.0,4.0,4.0,4.0,97.0,1.0,0.6,0.25,0.0,4.0,4.0,0.0,0.0
0.0,5.0,101.0,2.0,0.0,1.0,1.0,6.0,1.0,9.0,1.0,4.0,1.0,5.0,52.0,1.0,5.0,6.0,14.0,0.0,2.0,2.0,5.0,9.0,6.0,5.0,14.0,36.0,8.0,1.44,13.0,22.0,2.0,15.0,0.0,4.0,1.0,60.0,1.0,0.0,1.0,2.0,3.0,1.4,1.0,3.0,1.4,1.0,2.0,1.2,1.0,1.0,0.428571428571429,0.0,2.0,2.0,2.0,202.0,0.0,1.0,0.5,0.0,1.0,2.0,0.0,0.0
0.0,6.0,97.0,2.0,0.0,1.0,1.0,5.0,1.0,13.0,0.0,6.0,1.0,4.0,49.0,1.0,4.0,5.0,19.0,0.0,2.0,2.0,4.0,11.0,5.0,4.0,15.0,39.0,9.0,1.26,9.0,24.0,2.0,18.0,0.0,4.0,1.0,66.0,4.0,0.0,2.0,2.0,5.0,3.0,2.0,4.0,2.5,1.0,2.0,1.25,1.0,1.0,0.5,0.0,3.0,3.0,3.0,199.0,3.0,0.938775510204082,0.333333333333333,0.0,2.0,3.0,0.0,0.0
0.0,1.0,53.0,1.0,1.0,1.0,0.0,1.0,1.0,8.0,0.0,7.0,1.0,1.0,45.0,1.0,1.0,1.0,4.0,0.0,0.0,1.0,0.0,0.0,1.0,1.0,4.0,6.0,0.0,7.5,2.0,4.0,1.0,3.0,0.0,1.0,1.0,0.0,3.0,17.0,1.0,1.0,2.0,2.0,2.0,0.0,0.0,0.0,1.0,1.0,1.0,0.0,0.0,0.0,3.0,3.0,3.0,109.0,3.0,0.377358490566038,0.333333333333333,0.0,4.0,3.0,2.0,0.0
0.0,1.0,37.0,1.0,1.0,1.0,0.0,1.0,1.0,11.0,0.0,10.0,1.0,1.0,32.0,1.0,1.0,1.0,3.0,0.0,0.0,1.0,0.0,0.0,1.0,1.0,3.0,4.0,0.0,8.0,1.0,3.0,1.0,2.0,0.0,1.0,1.0,0.0,0.0,2.0,1.0,0.0,1.0,1.0,1.0,1.0,1.0,1.0,1.0,1.0,1.0,0.0,0.0,0.0,3.0,3.0,3.0,77.0,1.0,0.973684210526316,0.333333333333333,0.0,1.0,3.0,1.0,0.0
0.0,1.0,184.0,1.0,0.0,1.0,0.0,14.0,1.0,9.0,0.0,8.0,1.0,14.0,149.0,1.0,14.0,14.0,18.0,0.0,0.0,1.0,14.0,0.0,14.0,14.0,18.0,20.0,0.0,7.45,15.0,18.0,1.0,17.0,0.0,14.0,1.0,0.0,0.0,1.0,2.0,0.0,9.0,2.5,0.0,1.0,0.142857142857143,0.0,1.0,1.0,1.0,0.0,0.0,0.0,3.0,3.0,3.0,361.0,0.0,0.71195652173913,0.333333333333333,0.0,2.0,3.0,2.0,0.0
0.0,4.0,62.0,1.0,0.0,1.0,1.0,3.0,1.0,7.0,0.0,3.0,1.0,3.0,34.0,1.0,3.0,3.0,10.0,1.0,0.0,1.0,2.0,6.0,3.0,3.0,10.0,23.0,5.0,1.48,5.0,15.0,1.0,11.0,0.0,3.0,1.0,100.0,3.0,0.0,3.0,1.0,2.0,1.33333333333333,1.0,6.0,3.33333333333333,2.0,1.0,1.0,1.0,1.0,0.166666666666667,0.0,1.0,1.0,1.0,62.0,0.0,1.0,1.0,0.0,1.0,1.0,0.0,0.0
0.0,4.0,241.0,3.0,0.0,1.0,1.0,19.0,1.0,11.0,0.0,6.0,1.0,16.0,128.0,1.0,16.0,18.0,33.0,6.0,1.0,3.0,10.0,27.0,18.0,16.0,32.0,94.0,23.0,1.36,19.0,55.0,3.0,36.0,0.0,16.0,1.0,81.0,3.0,2.0,8.0,2.0,12.0,3.5625,0.0,7.0,2.0,0.0,4.0,1.1875,1.0,1.0,0.166666666666667,0.0,2.0,2.0,2.0,482.0,0.0,0.485477178423237,0.5,0.0,4.0,2.0,1.0,2.0
0.0,4.0,132.0,2.0,0.0,1.0,1.0,8.0,1.0,12.0,0.0,7.0,1.0,7.0,77.0,1.0,7.0,8.0,17.0,1.0,0.0,2.0,6.0,12.0,8.0,7.0,16.0,43.0,10.0,1.79,12.0,26.0,2.0,18.0,0.0,7.0,1.0,100.0,4.0,0.0,6.0,1.0,3.0,1.85714285714286,1.0,6.0,2.57142857142857,2.0,1.0,1.0,1.0,0.0,0.0,0.0,3.0,3.0,3.0,265.0,1.0,0.818181818181818,0.333333333333333,0.0,3.0,3.0,1.0,0.0
0.0,6.0,108.0,4.0,0.0,2.0,0.0,9.0,2.0,10.0,0.0,4.0,2.0,6.0,48.0,1.0,6.0,9.0,19.0,2.0,0.0,4.0,4.0,15.0,9.0,9.0,19.0,51.0,10.0,0.94,9.0,29.0,4.0,21.0,0.0,6.0,2.0,0.0,5.0,0.0,2.0,1.0,2.0,1.16666666666667,0.0,6.0,2.33333333333333,1.0,4.0,1.5,1.0,3.0,1.0,0.0,2.0,2.0,2.0,216.0,0.0,0.435185185185185,0.5,0.0,3.0,2.0,1.0,0.0
0.0,3.0,92.0,1.0,0.0,1.0,1.0,6.0,1.0,7.0,0.0,3.0,1.0,6.0,52.0,1.0,6.0,6.0,12.0,1.0,1.0,1.0,5.0,6.0,6.0,6.0,12.0,31.0,5.0,1.68,9.0,17.0,1.0,10.0,0.0,6.0,1.0,83.0,5.0,0.0,0.0,1.0,2.0,1.33333333333333,1.0,2.0,1.66666666666667,1.0,1.0,1.0,1.0,0.0,0.0,0.0,2.0,2.0,2.0,184.0,0.0,0.652173913043478,0.5,0.0,3.0,2.0,0.0,0.0
0.0,6.0,274.0,3.0,0.0,1.0,7.0,20.0,1.0,10.0,2.0,4.0,1.0,17.0,110.0,1.0,17.0,20.0,47.0,1.0,7.0,3.0,16.0,61.0,20.0,17.0,47.0,127.0,38.0,0.87,37.0,85.0,3.0,66.0,0.0,15.0,1.0,90.0,6.0,0.0,0.0,1.0,10.0,2.58823529411765,1.0,19.0,2.94117647058824,1.0,2.0,1.05882352941176,1.0,1.0,0.157894736842105,0.0,2.0,2.0,2.0,548.0,0.0,0.68978102189781,0.5,0.0,2.0,2.0,2.0,1.0
0.0,5.0,110.0,2.0,0.0,1.0,4.0,6.0,1.0,9.0,0.0,3.0,1.0,5.0,48.0,2.0,5.0,6.0,23.0,0.0,0.0,2.0,5.0,15.0,6.0,5.0,22.0,50.0,7.0,0.96,12.0,29.0,2.0,21.0,0.0,5.0,1.0,75.0,2.0,0.0,5.0,2.0,3.0,2.0,1.0,8.0,3.8,2.0,2.0,1.2,1.0,1.0,0.375,0.0,2.0,2.0,2.0,220.0,0.0,0.772727272727273,0.5,0.0,3.0,2.0,1.0,0.0
0.0,6.0,205.0,3.0,0.0,1.0,0.0,17.0,1.0,11.0,0.0,4.0,1.0,13.0,101.0,2.0,13.0,17.0,23.0,4.0,4.0,3.0,9.0,30.0,17.0,13.0,28.0,83.0,21.0,1.22,21.0,49.0,3.0,32.0,0.0,13.0,1.0,80.0,4.0,5.0,3.0,2.0,7.0,2.46153846153846,0.0,4.0,1.84615384615385,1.0,3.0,1.30769230769231,1.0,2.0,0.5625,0.0,4.0,4.0,4.0,431.0,11.0,0.746341463414634,0.25,0.0,3.0,4.0,1.0,0.0
7.0,12.0,457.0,8.0,0.0,1.0,6.0,35.0,2.0,20.0,0.0,7.0,2.0,16.0,180.0,3.0,16.0,30.0,74.0,1.0,7.0,11.0,8.0,109.0,30.0,16.0,69.0,235.0,61.0,0.77,42.0,130.0,8.0,98.0,0.0,16.0,2.0,100.0,2.0,0.0,18.0,3.0,11.0,4.0,1.0,19.0,5.5,1.0,48.0,4.4375,1.0,3.0,0.7,0.0,5.0,5.0,3.0,946.0,47.0,0.671772428884026,0.6,0.0,3.0,3.0,2.0,2.0
0.0,5.0,199.0,3.0,0.0,1.0,1.0,16.0,1.0,10.0,0.0,4.0,1.0,12.0,97.0,1.0,12.0,16.0,25.0,3.0,4.0,3.0,9.0,31.0,16.0,14.0,25.0,82.0,25.0,1.18,20.0,50.0,3.0,34.0,0.0,12.0,1.0,80.0,5.0,2.0,1.0,1.0,9.0,2.75,1.0,7.0,2.58333333333333,1.0,4.0,1.41666666666667,1.0,2.0,0.5,0.0,2.0,2.0,2.0,398.0,0.0,0.814070351758794,0.5,0.0,4.0,2.0,0.0,0.0
3.0,9.0,269.0,5.0,0.0,1.0,2.0,19.0,2.0,17.0,0.0,7.0,2.0,9.0,152.0,1.0,9.0,16.0,33.0,3.0,0.0,5.0,3.0,39.0,16.0,13.0,34.0,100.0,28.0,1.52,19.0,62.0,5.0,45.0,0.0,9.0,2.0,94.0,3.0,0.0,8.0,1.0,4.0,2.22222222222222,1.0,11.0,3.77777777777778,2.0,5.0,1.77777777777778,1.0,2.0,0.916666666666667,0.0,2.0,2.0,2.0,538.0,0.0,0.602230483271376,0.5,0.0,3.0,2.0,1.0,0.0
0.0,1.0,38.0,1.0,1.0,1.0,1.0,1.0,1.0,4.0,0.0,3.0,1.0,1.0,26.0,1.0,1.0,1.0,6.0,0.0,0.0,1.0,0.0,1.0,1.0,1.0,6.0,8.0,0.0,3.25,4.0,6.0,1.0,5.0,0.0,1.0,1.0,100.0,4.0,1.0,1.0,1.0,0.0,0.0,0.0,0.0,0.0,0.0,1.0,1.0,1.0,0.0,0.0,0.0,2.0,2.0,2.0,76.0,0.0,0.5,0.5,0.0,3.0,2.0,0.0,0.0
1.0,14.0,174.0,5.0,0.0,1.0,2.0,13.0,3.0,21.0,0.0,5.0,3.0,4.0,80.0,1.0,4.0,12.0,23.0,1.0,2.0,6.0,2.0,30.0,12.0,4.0,23.0,77.0,21.0,1.04,17.0,44.0,5.0,31.0,1.0,4.0,3.0,81.0,4.0,0.0,4.0,1.0,4.0,2.25,0.0,8.0,5.0,1.0,16.0,7.5,1.0,5.0,1.28571428571429,0.0,6.0,6.0,4.0,529.0,181.0,0.982758620689655,0.333333333333333,0.0,1.0,4.0,1.0,0.0
0.0,7.0,214.0,3.0,0.0,1.0,1.0,22.0,2.0,11.0,0.0,3.0,2.0,14.0,70.0,1.0,14.0,22.0,37.0,0.0,1.0,3.0,14.0,52.0,22.0,14.0,37.0,123.0,37.0,0.57,21.0,74.0,3.0,51.0,0.0,14.0,2.0,92.0,1.0,2.0,5.0,2.0,11.0,3.64285714285714,0.0,6.0,4.07142857142857,1.0,3.0,1.57142857142857,1.0,2.0,0.75,0.0,3.0,3.0,3.0,414.0,0.0,0.411214953271028,0.333333333333333,0.0,4.0,3.0,1.0,0.0
0.0,4.0,59.0,1.0,0.0,1.0,2.0,2.0,1.0,8.0,0.0,4.0,1.0,2.0,38.0,1.0,2.0,2.0,8.0,0.0,0.0,1.0,2.0,4.0,2.0,2.0,8.0,16.0,2.0,2.38,5.0,10.0,1.0,7.0,0.0,2.0,1.0,100.0,4.0,0.0,0.0,1.0,2.0,1.0,0.0,2.0,1.5,1.0,1.0,1.0,1.0,0.0,0.0,0.0,4.0,4.0,4.0,125.0,7.0,0.661016949152542,0.25,0.0,4.0,4.0,0.0,0.0
1.0,13.0,302.0,9.0,0.0,2.0,1.0,23.0,2.0,22.0,0.0,7.0,2.0,10.0,136.0,3.0,10.0,23.0,31.0,3.0,2.0,9.0,6.0,61.0,23.0,17.0,35.0,139.0,49.0,0.98,27.0,84.0,9.0,59.0,1.0,10.0,2.0,83.0,4.0,1.0,6.0,2.0,4.0,1.7,0.0,13.0,3.8,1.0,16.0,3.4,1.0,5.0,1.35714285714286,0.0,7.0,7.0,5.0,667.0,40.0,0.695364238410596,0.285714285714286,0.0,4.0,5.0,2.0,0.0
0.0,1.0,42.0,1.0,1.0,1.0,0.0,1.0,1.0,14.0,0.0,13.0,1.0,1.0,35.0,1.0,1.0,1.0,3.0,0.0,0.0,1.0,0.0,0.0,1.0,1.0,3.0,5.0,0.0,7.0,2.0,3.0,1.0,2.0,0.0,1.0,1.0,0.0,0.0,1.0,0.0,0.0,1.0,1.0,1.0,1.0,1.0,1.0,1.0,1.0,1.0,0.0,0.0,0.0,2.0,2.0,2.0,84.0,0.0,0.666666666666667,0.5,0.0,2.0,2.0,1.0,0.0
1.0,9.0,258.0,6.0,0.0,1.0,5.0,25.0,2.0,13.0,1.0,3.0,2.0,16.0,85.0,4.0,16.0,24.0,47.0,6.0,2.0,7.0,9.0,57.0,24.0,22.0,49.0,144.0,32.0,0.59,29.0,81.0,6.0,60.0,0.0,15.0,2.0,100.0,5.0,1.0,5.0,2.0,6.0,1.6875,0.0,13.0,3.0625,0.0,5.0,1.4375,1.0,3.0,0.714285714285714,0.0,4.0,4.0,3.0,521.0,5.0,0.732558139534884,0.5,0.0,3.0,3.0,0.0,0.0
0.0,7.0,204.0,3.0,0.0,1.0,0.0,23.0,2.0,14.0,0.0,6.0,2.0,10.0,98.0,1.0,10.0,17.0,20.0,4.0,2.0,6.0,6.0,31.0,17.0,10.0,20.0,86.0,26.0,1.14,20.0,46.0,3.0,28.0,0.0,10.0,2.0,70.0,4.0,3.0,5.0,1.0,8.0,3.2,1.0,7.0,2.9,1.0,4.0,1.8,1.0,5.0,0.923076923076923,0.0,4.0,4.0,3.0,407.0,5.0,0.916666666666667,0.5,0.0,1.0,3.0,2.0,0.0
0.0,7.0,224.0,3.0,0.0,1.0,1.0,19.0,2.0,13.0,0.0,6.0,2.0,12.0,106.0,1.0,12.0,18.0,26.0,2.0,3.0,4.0,10.0,34.0,18.0,12.0,25.0,100.0,29.0,1.06,18.0,54.0,3.0,35.0,0.0,12.0,2.0,79.0,6.0,1.0,9.0,1.0,30.0,5.66666666666667,0.0,6.0,3.25,0.0,4.0,1.58333333333333,1.0,1.0,0.428571428571429,0.0,4.0,4.0,4.0,454.0,7.0,0.696428571428571,0.25,0.0,4.0,4.0,3.0,0.0
0.0,9.0,111.0,3.0,0.0,1.0,1.0,7.0,2.0,15.0,0.0,5.0,2.0,4.0,54.0,2.0,4.0,7.0,14.0,0.0,2.0,3.0,4.0,18.0,7.0,4.0,15.0,46.0,14.0,1.17,11.0,29.0,3.0,21.0,0.0,4.0,2.0,44.0,6.0,0.0,5.0,2.0,3.0,2.0,1.0,5.0,3.5,1.0,4.0,2.0,1.0,1.0,0.571428571428571,0.0,2.0,2.0,2.0,222.0,0.0,0.783783783783784,0.5,0.0,3.0,2.0,0.0,0.0
0.0,10.0,253.0,10.0,0.0,1.0,1.0,26.0,2.0,19.0,0.0,8.0,2.0,10.0,115.0,1.0,10.0,22.0,29.0,2.0,4.0,13.0,8.0,47.0,22.0,10.0,29.0,116.0,36.0,0.99,22.0,65.0,10.0,44.0,0.0,10.0,3.0,76.0,4.0,1.0,9.0,1.0,6.0,2.9,1.0,18.0,4.3,1.0,40.0,5.0,1.0,4.0,1.08333333333333,0.0,6.0,6.0,5.0,544.0,22.0,0.385826771653543,0.333333333333333,0.0,6.0,5.0,0.0,0.0
0.0,1.0,37.0,1.0,1.0,1.0,1.0,1.0,1.0,4.0,0.0,3.0,1.0,1.0,25.0,1.0,1.0,1.0,7.0,0.0,0.0,1.0,0.0,2.0,1.0,1.0,6.0,9.0,0.0,2.78,3.0,6.0,1.0,5.0,0.0,1.0,1.0,100.0,4.0,3.0,1.0,1.0,0.0,0.0,0.0,0.0,0.0,0.0,1.0,1.0,1.0,0.0,0.0,0.0,2.0,2.0,2.0,74.0,0.0,0.351351351351351,0.5,0.0,5.0,2.0,0.0,0.0
0.0,6.0,371.0,3.0,8.0,1.0,4.0,23.0,1.0,14.0,0.0,7.0,1.0,18.0,171.0,5.0,18.0,23.0,51.0,1.0,10.0,3.0,9.0,60.0,23.0,18.0,52.0,154.0,48.0,1.11,46.0,100.0,3.0,76.0,0.0,18.0,1.0,66.0,4.0,3.0,8.0,2.0,7.0,2.94444444444444,0.0,17.0,3.5,1.0,3.0,1.22222222222222,1.0,2.0,0.416666666666667,0.0,3.0,3.0,3.0,744.0,0.0,0.55256064690027,0.333333333333333,0.0,4.0,3.0,2.0,0.0
0.0,8.0,229.0,2.0,0.0,1.0,3.0,15.0,1.0,16.0,0.0,6.0,1.0,12.0,107.0,3.0,12.0,15.0,26.0,2.0,2.0,2.0,10.0,38.0,15.0,12.0,32.0,100.0,24.0,1.07,22.0,56.0,2.0,39.0,0.0,12.0,1.0,100.0,4.0,0.0,10.0,2.0,5.0,2.08333333333333,1.0,7.0,3.08333333333333,1.0,2.0,1.25,1.0,2.0,0.5625,0.0,4.0,4.0,3.0,430.0,9.0,0.681222707423581,0.5,0.0,3.0,3.0,1.0,2.0
0.0,6.0,194.0,2.0,0.0,1.0,3.0,12.0,1.0,14.0,0.0,6.0,1.0,11.0,98.0,3.0,11.0,12.0,21.0,2.0,2.0,2.0,9.0,28.0,12.0,11.0,27.0,74.0,18.0,1.32,22.0,45.0,2.0,32.0,1.0,11.0,1.0,100.0,4.0,0.0,9.0,2.0,5.0,1.90909090909091,1.0,6.0,3.0,1.0,2.0,1.09090909090909,1.0,1.0,0.2,0.0,2.0,2.0,2.0,390.0,0.0,0.856410256410256,0.5,0.0,3.0,2.0,1.0,0.0
0.0,1.0,77.0,1.0,2.0,1.0,0.0,2.0,1.0,16.0,0.0,15.0,1.0,2.0,67.0,1.0,2.0,2.0,6.0,0.0,0.0,1.0,0.0,0.0,2.0,2.0,6.0,7.0,0.0,9.57,3.0,6.0,1.0,5.0,0.0,2.0,1.0,0.0,3.0,11.0,1.0,1.0,3.0,2.5,2.0,1.0,1.0,1.0,1.0,1.0,1.0,0.0,0.0,0.0,2.0,2.0,2.0,156.0,0.0,0.628205128205128,0.5,0.0,5.0,2.0,0.0,0.0
0.0,9.0,472.0,9.0,0.0,1.0,2.0,44.0,2.0,17.0,0.0,7.0,2.0,20.0,233.0,2.0,20.0,38.0,45.0,7.0,4.0,13.0,13.0,79.0,38.0,20.0,45.0,204.0,58.0,1.14,35.0,103.0,9.0,64.0,0.0,20.0,2.0,88.0,5.0,79.0,13.0,2.0,22.0,3.4,0.0,15.0,3.4,0.0,31.0,3.05,1.0,5.0,0.869565217391304,0.0,7.0,7.0,5.0,967.0,23.0,0.449152542372881,0.285714285714286,0.0,3.0,5.0,6.0,0.0
0.0,7.0,155.0,2.0,0.0,1.0,3.0,10.0,1.0,14.0,0.0,6.0,1.0,9.0,84.0,3.0,9.0,10.0,10.0,0.0,1.0,2.0,9.0,23.0,10.0,9.0,16.0,56.0,14.0,1.5,15.0,30.0,2.0,19.0,0.0,9.0,1.0,100.0,6.0,0.0,4.0,2.0,6.0,2.0,1.0,4.0,2.55555555555556,1.0,2.0,1.11111111111111,1.0,0.0,0.0,0.0,2.0,2.0,2.0,310.0,0.0,0.4,0.5,0.0,5.0,2.0,1.0,0.0
0.0,4.0,72.0,1.0,0.0,1.0,2.0,3.0,1.0,10.0,0.0,5.0,1.0,3.0,41.0,2.0,3.0,3.0,10.0,0.0,0.0,1.0,3.0,6.0,3.0,3.0,10.0,24.0,4.0,1.71,7.0,14.0,1.0,9.0,0.0,3.0,1.0,100.0,6.0,0.0,4.0,1.0,3.0,1.66666666666667,0.0,4.0,2.66666666666667,2.0,1.0,1.0,1.0,0.0,0.0,0.0,2.0,2.0,2.0,144.0,0.0,0.597222222222222,0.5,0.0,4.0,2.0,2.0,1.0
1.0,9.0,375.0,6.0,0.0,1.0,8.0,27.0,2.0,18.0,0.0,7.0,2.0,14.0,171.0,1.0,14.0,26.0,43.0,0.0,8.0,6.0,13.0,80.0,26.0,14.0,42.0,163.0,51.0,1.05,41.0,93.0,6.0,67.0,0.0,14.0,2.0,87.0,1.0,0.0,4.0,2.0,15.0,3.5,0.0,5.0,2.71428571428571,1.0,32.0,3.71428571428571,1.0,2.0,0.625,0.0,3.0,3.0,2.0,753.0,3.0,0.530666666666667,0.666666666666667,0.0,3.0,2.0,1.0,0.0
0.0,6.0,130.0,2.0,0.0,1.0,1.0,7.0,1.0,13.0,0.0,7.0,1.0,6.0,69.0,1.0,6.0,7.0,17.0,1.0,3.0,2.0,5.0,16.0,7.0,6.0,16.0,48.0,15.0,1.44,13.0,31.0,2.0,23.0,0.0,6.0,1.0,62.0,6.0,1.0,4.0,2.0,6.0,2.83333333333333,1.0,6.0,3.33333333333333,0.0,2.0,1.16666666666667,1.0,1.0,0.375,0.0,2.0,2.0,2.0,260.0,0.0,0.6,0.5,0.0,3.0,2.0,3.0,0.0
0.0,4.0,49.0,1.0,0.0,1.0,1.0,2.0,1.0,6.0,0.0,2.0,1.0,2.0,30.0,1.0,2.0,2.0,5.0,1.0,0.0,1.0,1.0,3.0,2.0,2.0,5.0,13.0,2.0,2.31,6.0,7.0,1.0,4.0,0.0,2.0,1.0,100.0,6.0,2.0,0.0,1.0,1.0,0.5,0.0,2.0,1.5,1.0,1.0,1.0,1.0,0.0,0.0,0.0,2.0,2.0,2.0,98.0,0.0,0.653061224489796,0.5,0.0,2.0,2.0,1.0,0.0
0.0,4.0,58.0,1.0,0.0,1.0,1.0,2.0,1.0,11.0,0.0,7.0,1.0,2.0,36.0,1.0,2.0,2.0,8.0,0.0,1.0,1.0,2.0,4.0,2.0,2.0,8.0,17.0,3.0,2.12,5.0,11.0,1.0,8.0,0.0,2.0,1.0,50.0,4.0,0.0,1.0,1.0,5.0,4.0,3.0,5.0,3.0,1.0,1.0,1.0,1.0,6.0,1.2,0.0,3.0,3.0,2.0,117.0,1.0,0.344827586206897,0.666666666666667,0.0,4.0,2.0,0.0,0.0
0.0,4.0,73.0,1.0,0.0,1.0,1.0,4.0,1.0,8.0,0.0,4.0,1.0,4.0,39.0,1.0,4.0,4.0,11.0,0.0,2.0,1.0,4.0,5.0,4.0,4.0,11.0,25.0,4.0,1.56,9.0,15.0,1.0,10.0,0.0,4.0,1.0,50.0,1.0,0.0,2.0,2.0,3.0,2.0,0.0,3.0,2.0,0.0,1.0,1.0,1.0,0.0,0.0,0.0,3.0,3.0,3.0,139.0,8.0,0.315068493150685,0.333333333333333,0.0,6.0,3.0,0.0,0.0
0.0,11.0,672.0,9.0,0.0,1.0,6.0,57.0,2.0,19.0,0.0,7.0,2.0,33.0,315.0,8.0,33.0,55.0,53.0,10.0,8.0,10.0,23.0,133.0,55.0,35.0,76.0,288.0,85.0,1.09,69.0,161.0,9.0,108.0,1.0,33.0,2.0,100.0,5.0,34.0,5.0,2.0,17.0,3.09090909090909,0.0,16.0,3.06060606060606,0.0,17.0,1.90909090909091,1.0,6.0,0.642857142857143,0.0,7.0,7.0,5.0,1548.0,167.0,0.425595238095238,0.285714285714286,0.0,4.0,5.0,5.0,1.0
0.0,5.0,200.0,3.0,0.0,1.0,1.0,15.0,1.0,11.0,0.0,4.0,1.0,13.0,97.0,3.0,13.0,15.0,26.0,6.0,2.0,3.0,7.0,26.0,15.0,13.0,30.0,81.0,19.0,1.2,22.0,49.0,3.0,33.0,0.0,13.0,1.0,50.0,5.0,3.0,3.0,2.0,6.0,2.23076923076923,0.0,6.0,2.38461538461538,0.0,3.0,1.15384615384615,1.0,2.0,0.352941176470588,0.0,6.0,6.0,3.0,440.0,40.0,0.415,0.5,0.0,6.0,3.0,0.0,2.0
0.0,5.0,261.0,3.0,2.0,1.0,2.0,22.0,1.0,11.0,0.0,5.0,1.0,16.0,120.0,3.0,16.0,21.0,31.0,0.0,4.0,4.0,14.0,36.0,21.0,16.0,31.0,111.0,31.0,1.08,30.0,62.0,3.0,38.0,0.0,16.0,1.0,60.0,6.0,11.0,3.0,2.0,5.0,2.25,0.0,7.0,2.4375,1.0,4.0,1.375,1.0,1.0,0.3,0.0,3.0,3.0,3.0,526.0,2.0,0.564885496183206,0.333333333333333,0.0,3.0,3.0,3.0,0.0
0.0,4.0,84.0,1.0,0.0,1.0,0.0,4.0,1.0,11.0,0.0,7.0,1.0,4.0,54.0,1.0,4.0,4.0,9.0,1.0,0.0,1.0,3.0,4.0,4.0,4.0,9.0,23.0,4.0,2.35,7.0,13.0,1.0,8.0,0.0,4.0,1.0,0.0,6.0,0.0,2.0,1.0,2.0,1.75,1.0,3.0,2.25,2.0,1.0,1.0,1.0,0.0,0.0,0.0,2.0,2.0,2.0,168.0,0.0,0.761904761904762,0.5,0.0,2.0,2.0,1.0,0.0
0.0,1.0,50.0,1.0,3.0,1.0,0.0,3.0,1.0,5.0,0.0,4.0,1.0,3.0,41.0,1.0,3.0,3.0,5.0,0.0,0.0,1.0,0.0,0.0,3.0,3.0,5.0,6.0,0.0,6.83,3.0,5.0,1.0,4.0,0.0,3.0,1.0,0.0,0.0,4.0,0.0,0.0,6.0,5.33333333333333,4.0,1.0,0.666666666666667,0.0,1.0,1.0,1.0,1.0,0.166666666666667,0.0,2.0,2.0,2.0,102.0,0.0,0.450980392156863,0.5,0.0,4.0,2.0,0.0,0.0
0.0,1.0,35.0,1.0,1.0,1.0,0.0,1.0,1.0,6.0,0.0,5.0,1.0,1.0,28.0,1.0,1.0,1.0,4.0,0.0,0.0,1.0,0.0,0.0,1.0,1.0,4.0,5.0,0.0,5.6,2.0,4.0,1.0,3.0,0.0,1.0,1.0,0.0,3.0,1.0,0.0,1.0,1.0,1.0,1.0,1.0,1.0,1.0,1.0,1.0,1.0,0.0,0.0,0.0,2.0,2.0,2.0,72.0,0.0,0.361111111111111,0.5,0.0,4.0,2.0,0.0,0.0
3.0,7.0,433.0,6.0,0.0,1.0,2.0,29.0,1.0,14.0,0.0,6.0,1.0,18.0,244.0,2.0,18.0,26.0,42.0,5.0,7.0,7.0,10.0,57.0,26.0,18.0,40.0,144.0,44.0,1.69,45.0,84.0,6.0,56.0,0.0,18.0,2.0,84.0,6.0,1.0,6.0,1.0,6.0,2.38888888888889,0.0,13.0,2.77777777777778,1.0,24.0,2.44444444444444,1.0,1.0,0.285714285714286,0.0,5.0,5.0,4.0,892.0,30.0,0.290322580645161,0.4,0.0,5.0,4.0,2.0,2.0
0.0,6.0,133.0,2.0,0.0,1.0,1.0,10.0,1.0,13.0,0.0,6.0,1.0,6.0,75.0,1.0,6.0,7.0,16.0,0.0,2.0,5.0,6.0,16.0,7.0,6.0,15.0,44.0,13.0,1.7,14.0,28.0,2.0,20.0,0.0,6.0,2.0,50.0,6.0,1.0,2.0,1.0,10.0,4.33333333333333,1.0,5.0,4.0,2.0,2.0,1.16666666666667,1.0,1.0,0.375,0.0,2.0,2.0,2.0,268.0,0.0,0.283582089552239,0.5,0.0,5.0,2.0,1.0,1.0
0.0,7.0,127.0,4.0,0.0,1.0,1.0,9.0,2.0,14.0,0.0,6.0,2.0,6.0,62.0,1.0,6.0,9.0,15.0,0.0,2.0,4.0,6.0,19.0,9.0,6.0,14.0,51.0,17.0,1.22,14.0,31.0,4.0,21.0,0.0,6.0,2.0,61.0,6.0,1.0,2.0,1.0,10.0,5.0,1.0,5.0,3.33333333333333,2.0,8.0,2.16666666666667,1.0,1.0,0.375,0.0,2.0,2.0,2.0,256.0,0.0,0.296875,0.5,0.0,5.0,2.0,1.0,0.0
0.0,5.0,136.0,1.0,0.0,1.0,1.0,6.0,1.0,15.0,0.0,9.0,1.0,6.0,85.0,1.0,6.0,6.0,14.0,3.0,1.0,1.0,3.0,13.0,6.0,6.0,12.0,39.0,12.0,2.18,12.0,24.0,1.0,17.0,0.0,6.0,1.0,83.0,6.0,2.0,6.0,1.0,11.0,5.0,1.0,7.0,2.66666666666667,1.0,1.0,1.0,1.0,0.0,0.0,0.0,2.0,2.0,2.0,274.0,0.0,0.45985401459854,0.5,0.0,5.0,2.0,0.0,0.0
1.0,11.0,587.0,9.0,0.0,1.0,5.0,39.0,2.0,23.0,11.0,12.0,2.0,19.0,291.0,2.0,19.0,37.0,95.0,1.0,5.0,9.0,17.0,105.0,37.0,23.0,85.0,255.0,63.0,1.14,42.0,148.0,9.0,109.0,0.0,8.0,2.0,100.0,3.0,1.0,16.0,1.0,10.0,4.26315789473684,0.0,22.0,4.63157894736842,0.0,15.0,2.36842105263158,1.0,5.0,1.04545454545455,0.0,5.0,5.0,4.0,1182.0,7.0,0.68259385665529,0.4,0.0,3.0,4.0,3.0,0.0
0.0,7.0,117.0,3.0,0.0,1.0,0.0,11.0,1.0,12.0,0.0,5.0,1.0,6.0,57.0,1.0,6.0,8.0,16.0,4.0,1.0,6.0,2.0,18.0,8.0,6.0,16.0,50.0,13.0,1.14,10.0,29.0,3.0,20.0,0.0,6.0,2.0,33.0,1.0,0.0,1.0,2.0,4.0,2.16666666666667,1.0,11.0,3.33333333333333,1.0,4.0,1.5,1.0,1.0,0.375,0.0,2.0,2.0,2.0,234.0,0.0,0.82051282051282,0.5,0.0,2.0,2.0,2.0,0.0
3.0,9.0,223.0,5.0,0.0,1.0,1.0,23.0,2.0,17.0,0.0,8.0,2.0,10.0,109.0,1.0,10.0,20.0,23.0,1.0,1.0,5.0,6.0,44.0,20.0,12.0,21.0,99.0,32.0,1.1,15.0,53.0,5.0,36.0,0.0,10.0,2.0,90.0,2.0,1.0,3.0,1.0,7.0,3.5,0.0,9.0,3.6,1.0,3.0,1.6,1.0,1.0,0.583333333333333,0.0,2.0,2.0,2.0,448.0,0.0,0.504464285714286,0.5,0.0,4.0,2.0,0.0,0.0
0.0,4.0,63.0,1.0,0.0,1.0,1.0,4.0,1.0,7.0,0.0,3.0,1.0,4.0,33.0,1.0,4.0,4.0,9.0,1.0,0.0,1.0,3.0,6.0,4.0,4.0,9.0,23.0,5.0,1.43,7.0,14.0,1.0,9.0,0.0,4.0,1.0,100.0,5.0,0.0,2.0,1.0,1.0,0.25,0.0,5.0,2.5,1.0,1.0,1.0,1.0,2.0,0.285714285714286,0.0,2.0,2.0,2.0,128.0,0.0,0.59375,0.5,0.0,3.0,2.0,0.0,0.0
1.0,6.0,479.0,3.0,1.0,1.0,4.0,39.0,1.0,12.0,0.0,5.0,1.0,34.0,200.0,3.0,34.0,39.0,74.0,2.0,14.0,3.0,30.0,90.0,39.0,34.0,75.0,233.0,69.0,0.86,46.0,144.0,3.0,105.0,0.0,34.0,1.0,100.0,6.0,1.0,8.0,2.0,16.0,1.5,0.0,16.0,1.88235294117647,0.0,4.0,1.11764705882353,1.0,1.0,0.131578947368421,0.0,2.0,2.0,1.0,480.0,0.0,1.0,1.0,0.0,1.0,1.0,0.0,0.0
1.0,10.0,203.0,4.0,1.0,1.0,3.0,12.0,2.0,16.0,0.0,6.0,2.0,8.0,81.0,2.0,8.0,12.0,44.0,3.0,1.0,4.0,3.0,50.0,12.0,8.0,45.0,108.0,28.0,0.75,14.0,73.0,4.0,60.0,0.0,8.0,2.0,100.0,5.0,0.0,17.0,2.0,4.0,1.875,0.0,14.0,4.875,1.0,6.0,1.75,1.0,1.0,0.363636363636364,0.0,7.0,7.0,4.0,1269.0,450.0,0.70935960591133,0.428571428571429,0.0,3.0,4.0,0.0,1.0
0.0,9.0,135.0,4.0,0.0,1.0,1.0,8.0,2.0,17.0,0.0,5.0,2.0,5.0,50.0,1.0,5.0,8.0,24.0,1.0,1.0,4.0,4.0,27.0,8.0,5.0,24.0,65.0,20.0,0.77,20.0,44.0,4.0,35.0,2.0,5.0,2.0,80.0,5.0,0.0,9.0,1.0,3.0,1.2,0.0,14.0,4.4,1.0,6.0,2.0,1.0,2.0,0.857142857142857,0.0,4.0,4.0,4.0,290.0,15.0,0.577777777777778,0.25,0.0,5.0,4.0,0.0,0.0
0.0,4.0,63.0,1.0,0.0,1.0,1.0,4.0,1.0,7.0,0.0,3.0,1.0,4.0,33.0,1.0,4.0,4.0,9.0,1.0,0.0,1.0,3.0,6.0,4.0,4.0,9.0,23.0,5.0,1.43,7.0,14.0,1.0,9.0,0.0,4.0,1.0,100.0,5.0,0.0,2.0,1.0,1.0,0.25,0.0,5.0,2.5,1.0,1.0,1.0,1.0,0.0,0.0,0.0,2.0,2.0,2.0,128.0,0.0,0.3125,0.5,0.0,5.0,2.0,0.0,0.0
0.0,4.0,64.0,1.0,0.0,1.0,1.0,4.0,1.0,7.0,0.0,3.0,1.0,4.0,33.0,1.0,4.0,4.0,9.0,1.0,0.0,1.0,3.0,6.0,4.0,4.0,9.0,23.0,5.0,1.43,8.0,14.0,1.0,9.0,0.0,4.0,1.0,100.0,5.0,0.0,2.0,1.0,1.0,0.25,0.0,5.0,2.5,1.0,1.0,1.0,1.0,0.0,0.0,0.0,2.0,2.0,2.0,130.0,0.0,0.338461538461538,0.5,0.0,5.0,2.0,0.0,0.0
0.0,4.0,99.0,1.0,0.0,1.0,1.0,5.0,1.0,11.0,0.0,7.0,1.0,5.0,58.0,1.0,5.0,5.0,16.0,0.0,0.0,1.0,5.0,9.0,5.0,5.0,16.0,34.0,6.0,1.71,7.0,22.0,1.0,16.0,0.0,5.0,1.0,100.0,5.0,0.0,3.0,1.0,5.0,2.2,0.0,6.0,3.0,1.0,1.0,1.0,1.0,0.0,0.0,0.0,2.0,2.0,2.0,198.0,0.0,0.404040404040404,0.5,0.0,4.0,2.0,0.0,0.0
0.0,4.0,44.0,1.0,0.0,1.0,1.0,1.0,1.0,10.0,0.0,6.0,1.0,1.0,30.0,1.0,1.0,1.0,6.0,0.0,0.0,1.0,1.0,2.0,1.0,1.0,6.0,11.0,1.0,2.73,3.0,7.0,1.0,5.0,0.0,1.0,1.0,100.0,7.0,0.0,1.0,1.0,2.0,2.0,2.0,3.0,3.0,3.0,1.0,1.0,1.0,2.0,0.5,0.0,2.0,2.0,2.0,88.0,0.0,0.545454545454545,0.5,0.0,3.0,2.0,1.0,0.0
0.0,4.0,40.0,1.0,0.0,1.0,1.0,1.0,1.0,10.0,0.0,6.0,1.0,1.0,26.0,1.0,1.0,1.0,5.0,0.0,0.0,1.0,1.0,2.0,1.0,1.0,5.0,10.0,1.0,2.6,4.0,6.0,1.0,4.0,0.0,1.0,1.0,100.0,6.0,0.0,0.0,1.0,1.0,1.0,1.0,2.0,2.0,2.0,1.0,1.0,1.0,0.0,0.0,0.0,1.0,1.0,1.0,40.0,0.0,1.0,1.0,0.0,1.0,1.0,0.0,0.0
0.0,5.0,341.0,3.0,0.0,1.0,4.0,26.0,1.0,11.0,0.0,5.0,1.0,23.0,154.0,4.0,23.0,26.0,54.0,5.0,1.0,3.0,18.0,52.0,26.0,25.0,57.0,153.0,37.0,1.01,34.0,94.0,3.0,67.0,0.0,23.0,1.0,100.0,6.0,1.0,6.0,2.0,32.0,2.91304347826087,0.0,7.0,2.73913043478261,1.0,3.0,1.1304347826087,1.0,2.0,0.25,0.0,3.0,3.0,3.0,691.0,9.0,0.392961876832845,0.333333333333333,0.0,4.0,3.0,2.0,2.0
1.0,10.0,277.0,3.0,0.0,1.0,2.0,18.0,2.0,21.0,0.0,9.0,2.0,10.0,133.0,2.0,10.0,18.0,29.0,3.0,3.0,3.0,6.0,50.0,18.0,10.0,31.0,118.0,34.0,1.13,26.0,65.0,3.0,45.0,1.0,10.0,2.0,77.0,4.0,3.0,6.0,2.0,10.0,3.9,1.0,10.0,3.3,1.0,4.0,1.9,1.0,2.0,0.769230769230769,0.0,7.0,7.0,6.0,552.0,10.0,0.512635379061372,0.285714285714286,0.0,3.0,6.0,3.0,0.0
0.0,6.0,127.0,2.0,0.0,1.0,1.0,7.0,1.0,11.0,0.0,4.0,1.0,5.0,68.0,1.0,5.0,7.0,17.0,2.0,1.0,2.0,3.0,15.0,7.0,5.0,16.0,48.0,12.0,1.42,11.0,28.0,2.0,20.0,0.0,5.0,1.0,80.0,5.0,90.0,6.0,1.0,86.0,22.0,1.0,4.0,2.4,2.0,2.0,1.4,1.0,1.0,0.571428571428571,0.0,5.0,5.0,5.0,260.0,6.0,0.425196850393701,0.2,0.0,5.0,5.0,2.0,0.0
0.0,6.0,99.0,2.0,0.0,1.0,1.0,6.0,1.0,10.0,0.0,3.0,1.0,5.0,46.0,1.0,5.0,6.0,17.0,1.0,0.0,2.0,4.0,13.0,6.0,5.0,15.0,43.0,8.0,1.07,10.0,23.0,2.0,16.0,0.0,5.0,1.0,100.0,3.0,0.0,4.0,1.0,5.0,2.4,0.0,8.0,3.2,2.0,2.0,1.2,1.0,1.0,0.5,0.0,2.0,2.0,2.0,198.0,0.0,0.545454545454545,0.5,0.0,4.0,2.0,0.0,0.0
0.0,6.0,83.0,2.0,0.0,1.0,1.0,5.0,1.0,10.0,0.0,3.0,1.0,4.0,38.0,1.0,4.0,5.0,14.0,1.0,0.0,2.0,3.0,12.0,5.0,4.0,13.0,37.0,7.0,1.03,8.0,20.0,2.0,14.0,0.0,4.0,1.0,100.0,2.0,0.0,3.0,1.0,7.0,3.0,0.0,8.0,3.5,2.0,2.0,1.25,1.0,1.0,0.5,0.0,2.0,2.0,2.0,166.0,0.0,0.759036144578313,0.5,0.0,3.0,2.0,0.0,0.0
0.0,4.0,114.0,1.0,0.0,1.0,1.0,6.0,1.0,12.0,0.0,8.0,1.0,6.0,69.0,1.0,6.0,6.0,16.0,2.0,0.0,1.0,4.0,11.0,6.0,6.0,16.0,37.0,8.0,1.86,8.0,24.0,1.0,17.0,0.0,6.0,1.0,100.0,5.0,0.0,6.0,1.0,3.0,2.33333333333333,1.0,3.0,2.33333333333333,2.0,1.0,1.0,1.0,0.0,0.0,0.0,2.0,2.0,2.0,230.0,0.0,0.443478260869565,0.5,0.0,4.0,2.0,1.0,0.0
0.0,6.0,83.0,2.0,0.0,1.0,1.0,5.0,1.0,10.0,0.0,4.0,1.0,4.0,38.0,1.0,4.0,5.0,14.0,1.0,0.0,2.0,3.0,12.0,5.0,4.0,13.0,37.0,7.0,1.03,8.0,20.0,2.0,14.0,0.0,4.0,1.0,100.0,2.0,1.0,3.0,1.0,4.0,2.25,0.0,8.0,3.5,2.0,2.0,1.25,1.0,1.0,0.5,0.0,2.0,2.0,2.0,166.0,0.0,0.927710843373494,0.5,0.0,2.0,2.0,0.0,0.0
0.0,17.0,190.0,4.0,0.0,1.0,3.0,16.0,2.0,26.0,0.0,8.0,2.0,7.0,77.0,3.0,7.0,16.0,29.0,1.0,0.0,4.0,6.0,43.0,16.0,7.0,26.0,99.0,28.0,0.78,14.0,54.0,4.0,37.0,1.0,7.0,2.0,100.0,4.0,2.0,5.0,2.0,7.0,4.42857142857143,1.0,7.0,3.85714285714286,3.0,8.0,3.28571428571429,1.0,1.0,0.454545454545455,0.0,2.0,2.0,2.0,380.0,0.0,0.447368421052632,0.5,0.0,4.0,2.0,2.0,0.0
0.0,4.0,90.0,1.0,0.0,1.0,1.0,5.0,1.0,10.0,0.0,6.0,1.0,5.0,51.0,1.0,5.0,5.0,13.0,1.0,0.0,1.0,4.0,9.0,5.0,5.0,13.0,32.0,7.0,1.59,7.0,20.0,1.0,14.0,0.0,5.0,1.0,100.0,5.0,0.0,4.0,1.0,3.0,2.2,1.0,3.0,2.2,2.0,1.0,1.0,1.0,0.0,0.0,0.0,3.0,3.0,3.0,181.0,1.0,0.755555555555556,0.333333333333333,0.0,3.0,3.0,1.0,0.0
0.0,33.0,86.0,2.0,0.0,1.0,1.0,3.0,2.0,38.0,0.0,3.0,2.0,1.0,32.0,1.0,1.0,2.0,22.0,0.0,0.0,3.0,1.0,29.0,2.0,1.0,21.0,47.0,14.0,0.68,7.0,35.0,2.0,32.0,2.0,1.0,3.0,0.0,1.0,0.0,8.0,2.0,4.0,4.0,4.0,21.0,21.0,21.0,2.0,2.0,2.0,1.0,1.0,1.0,3.0,3.0,2.0,177.0,3.0,0.505747126436782,0.666666666666667,0.0,3.0,2.0,1.0,0.0
0.0,21.0,65.0,2.0,0.0,1.0,1.0,2.0,2.0,25.0,0.0,3.0,2.0,1.0,29.0,1.0,1.0,2.0,13.0,0.0,0.0,2.0,1.0,17.0,2.0,1.0,13.0,31.0,11.0,0.94,5.0,24.0,2.0,21.0,1.0,1.0,2.0,0.0,1.0,0.0,4.0,2.0,4.0,4.0,4.0,13.0,13.0,13.0,2.0,2.0,2.0,1.0,1.0,1.0,4.0,4.0,3.0,136.0,4.0,0.590909090909091,0.5,0.0,3.0,3.0,2.0,0.0
20.0,10.0,1474.0,11.0,1.0,1.0,4.0,157.0,2.0,17.0,1.0,5.0,2.0,78.0,520.0,17.0,78.0,148.0,162.0,14.0,17.0,12.0,43.0,350.0,148.0,80.0,180.0,784.0,253.0,0.66,172.0,433.0,11.0,290.0,1.0,77.0,2.0,100.0,6.0,10.0,11.0,3.0,20.0,3.32051282051282,0.0,21.0,3.74358974358974,0.0,50.0,2.48717948717949,1.0,5.0,0.65979381443299,0.0,11.0,11.0,5.0,3285.0,442.0,0.835820895522388,0.454545454545455,0.0,3.0,5.0,3.0,3.0
1.0,10.0,496.0,5.0,1.0,1.0,16.0,39.0,2.0,17.0,1.0,5.0,2.0,25.0,187.0,11.0,25.0,39.0,68.0,8.0,3.0,5.0,15.0,110.0,39.0,27.0,82.0,261.0,62.0,0.72,48.0,144.0,5.0,104.0,0.0,24.0,2.0,100.0,7.0,2.0,8.0,2.0,7.0,2.16,0.0,8.0,2.68,0.0,12.0,1.84,1.0,2.0,0.486486486486487,0.0,2.0,2.0,2.0,498.0,2.0,1.0,0.5,0.0,1.0,2.0,0.0,0.0
0.0,12.0,265.0,9.0,0.0,1.0,1.0,35.0,3.0,16.0,0.0,3.0,3.0,12.0,72.0,1.0,12.0,30.0,44.0,0.0,5.0,12.0,12.0,70.0,30.0,12.0,52.0,165.0,51.0,0.44,28.0,103.0,9.0,73.0,0.0,12.0,3.0,69.0,1.0,0.0,1.0,3.0,5.0,3.0,1.0,12.0,3.41666666666667,1.0,25.0,4.0,1.0,4.0,1.42857142857143,0.0,4.0,4.0,3.0,529.0,6.0,0.807547169811321,0.5,0.0,3.0,3.0,2.0,0.0
0.0,1.0,131.0,1.0,12.0,1.0,0.0,12.0,1.0,7.0,0.0,6.0,1.0,12.0,98.0,1.0,12.0,12.0,16.0,0.0,0.0,1.0,0.0,0.0,12.0,12.0,16.0,18.0,0.0,5.44,15.0,16.0,1.0,15.0,0.0,12.0,1.0,0.0,0.0,1.0,1.0,0.0,6.0,2.08333333333333,0.0,1.0,0.333333333333333,0.0,1.0,1.0,1.0,0.0,0.0,0.0,2.0,2.0,2.0,262.0,0.0,0.847328244274809,0.5,0.0,2.0,2.0,2.0,0.0
0.0,1.0,68.0,1.0,6.0,1.0,0.0,6.0,1.0,5.0,0.0,4.0,1.0,6.0,50.0,1.0,6.0,6.0,9.0,0.0,0.0,1.0,0.0,0.0,6.0,6.0,9.0,11.0,0.0,4.55,7.0,9.0,1.0,8.0,0.0,6.0,1.0,0.0,0.0,1.0,0.0,0.0,2.0,1.0,0.0,0.0,0.0,0.0,1.0,1.0,1.0,0.0,0.0,0.0,2.0,2.0,2.0,136.0,0.0,0.735294117647059,0.5,0.0,2.0,2.0,2.0,0.0
0.0,6.0,178.0,3.0,0.0,1.0,5.0,12.0,1.0,13.0,0.0,6.0,1.0,10.0,84.0,2.0,10.0,12.0,26.0,9.0,0.0,3.0,1.0,29.0,12.0,12.0,24.0,79.0,16.0,1.06,15.0,40.0,3.0,27.0,0.0,10.0,1.0,100.0,6.0,1.0,6.0,2.0,5.0,2.7,1.0,7.0,2.3,1.0,3.0,1.2,1.0,2.0,0.461538461538462,0.0,1.0,1.0,1.0,178.0,0.0,1.0,1.0,0.0,1.0,1.0,0.0,0.0
0.0,4.0,79.0,1.0,0.0,1.0,1.0,4.0,1.0,9.0,0.0,5.0,1.0,4.0,44.0,1.0,4.0,4.0,12.0,1.0,0.0,1.0,3.0,5.0,4.0,4.0,12.0,26.0,4.0,1.69,9.0,16.0,1.0,11.0,0.0,4.0,1.0,100.0,8.0,0.0,3.0,1.0,2.0,1.75,1.0,3.0,2.25,2.0,1.0,1.0,1.0,0.0,0.0,0.0,1.0,1.0,1.0,79.0,0.0,1.0,1.0,0.0,1.0,1.0,0.0,0.0
0.0,7.0,83.0,1.0,0.0,1.0,2.0,4.0,1.0,12.0,0.0,4.0,1.0,4.0,39.0,2.0,4.0,4.0,13.0,2.0,0.0,1.0,2.0,14.0,4.0,4.0,14.0,35.0,9.0,1.11,9.0,23.0,1.0,18.0,0.0,4.0,1.0,100.0,7.0,1.0,6.0,2.0,4.0,3.0,2.0,4.0,3.0,2.0,1.0,1.0,1.0,0.0,0.0,0.0,1.0,1.0,1.0,83.0,0.0,1.0,1.0,0.0,1.0,1.0,0.0,0.0
0.0,5.0,102.0,1.0,0.0,1.0,2.0,6.0,1.0,10.0,0.0,5.0,1.0,6.0,52.0,2.0,6.0,6.0,15.0,3.0,0.0,1.0,3.0,10.0,6.0,6.0,17.0,39.0,6.0,1.33,11.0,23.0,1.0,16.0,0.0,6.0,1.0,100.0,8.0,0.0,3.0,2.0,3.0,2.0,1.0,3.0,1.66666666666667,0.0,1.0,1.0,1.0,0.0,0.0,0.0,1.0,1.0,1.0,102.0,0.0,1.0,1.0,0.0,1.0,1.0,0.0,0.0
0.0,4.0,61.0,1.0,0.0,1.0,1.0,3.0,1.0,7.0,0.0,3.0,1.0,3.0,37.0,1.0,3.0,3.0,9.0,1.0,0.0,1.0,2.0,4.0,3.0,3.0,9.0,19.0,3.0,1.95,5.0,12.0,1.0,8.0,0.0,3.0,1.0,100.0,2.0,9.0,2.0,1.0,22.0,11.0,1.0,2.0,1.66666666666667,1.0,1.0,1.0,1.0,0.0,0.0,0.0,2.0,2.0,2.0,124.0,0.0,0.32258064516129,0.5,0.0,5.0,2.0,0.0,0.0
0.0,4.0,68.0,1.0,0.0,1.0,1.0,4.0,1.0,8.0,0.0,4.0,1.0,4.0,39.0,1.0,4.0,4.0,10.0,0.0,0.0,1.0,4.0,5.0,4.0,4.0,10.0,23.0,4.0,1.7,6.0,14.0,1.0,9.0,0.0,4.0,1.0,100.0,3.0,47.0,2.0,1.0,86.0,25.0,0.0,2.0,1.75,1.0,1.0,1.0,1.0,0.0,0.0,0.0,3.0,3.0,3.0,140.0,2.0,0.318840579710145,0.333333333333333,0.0,5.0,3.0,0.0,0.0
0.0,5.0,83.0,2.0,0.0,1.0,1.0,5.0,1.0,11.0,0.0,5.0,1.0,4.0,45.0,1.0,4.0,5.0,13.0,1.0,1.0,2.0,3.0,7.0,5.0,4.0,11.0,30.0,6.0,1.5,8.0,17.0,2.0,11.0,0.0,4.0,1.0,87.0,4.0,3.0,4.0,2.0,5.0,3.75,2.0,3.0,2.25,2.0,2.0,1.25,1.0,1.0,0.5,0.0,3.0,3.0,3.0,170.0,2.0,0.69047619047619,0.333333333333333,0.0,4.0,3.0,0.0,0.0
1.0,10.0,415.0,7.0,1.0,1.0,4.0,32.0,2.0,17.0,0.0,6.0,2.0,16.0,162.0,2.0,16.0,31.0,80.0,10.0,4.0,8.0,4.0,93.0,31.0,21.0,75.0,220.0,59.0,0.74,34.0,134.0,7.0,101.0,0.0,16.0,2.0,95.0,4.0,238.0,20.0,2.0,13.0,3.25,0.0,20.0,4.625,1.0,12.0,2.375,1.0,6.0,1.42105263157895,0.0,14.0,14.0,6.0,1081.0,255.0,0.409638554216867,0.285714285714286,0.0,4.0,6.0,2.0,1.0
0.0,6.0,73.0,2.0,0.0,1.0,0.0,5.0,2.0,12.0,0.0,6.0,2.0,3.0,42.0,1.0,3.0,5.0,8.0,2.0,0.0,2.0,1.0,6.0,5.0,3.0,8.0,26.0,6.0,1.62,5.0,14.0,2.0,8.0,0.0,3.0,2.0,0.0,2.0,6.0,2.0,1.0,5.0,2.33333333333333,1.0,4.0,2.33333333333333,1.0,2.0,1.66666666666667,1.0,1.0,0.8,0.0,2.0,2.0,2.0,146.0,0.0,0.397260273972603,0.5,0.0,4.0,2.0,2.0,1.0
1.0,4.0,43.0,1.0,0.0,1.0,2.0,1.0,1.0,4.0,0.0,0.0,1.0,1.0,25.0,1.0,1.0,1.0,7.0,0.0,0.0,1.0,0.0,3.0,1.0,1.0,7.0,12.0,1.0,2.08,6.0,8.0,1.0,6.0,0.0,1.0,1.0,100.0,3.0,0.0,0.0,1.0,1.0,1.0,1.0,2.0,2.0,2.0,1.0,1.0,1.0,0.0,0.0,0.0,2.0,2.0,2.0,86.0,0.0,0.930232558139535,0.5,0.0,2.0,2.0,0.0,0.0
0.0,1.0,105.0,1.0,9.0,1.0,1.0,9.0,1.0,6.0,0.0,5.0,1.0,9.0,81.0,1.0,9.0,9.0,12.0,0.0,0.0,1.0,0.0,1.0,9.0,9.0,12.0,14.0,0.0,5.79,10.0,12.0,1.0,11.0,0.0,9.0,1.0,100.0,0.0,0.0,3.0,0.0,0.0,0.0,0.0,1.0,1.0,1.0,1.0,1.0,1.0,0.0,0.0,0.0,4.0,4.0,4.0,216.0,6.0,0.80952380952381,0.25,0.0,2.0,4.0,2.0,0.0
0.0,1.0,95.0,1.0,6.0,1.0,0.0,6.0,1.0,9.0,0.0,8.0,1.0,6.0,76.0,1.0,6.0,6.0,11.0,0.0,0.0,1.0,0.0,0.0,6.0,6.0,10.0,12.0,0.0,6.33,7.0,10.0,1.0,9.0,0.0,6.0,1.0,0.0,0.0,1.0,3.0,0.0,2.0,1.0,0.0,1.0,0.833333333333333,0.0,1.0,1.0,1.0,0.0,0.0,0.0,2.0,2.0,1.0,102.0,0.0,1.0,1.0,0.0,1.0,1.0,0.0,0.0
0.0,1.0,43.0,1.0,1.0,1.0,0.0,1.0,1.0,12.0,0.0,11.0,1.0,1.0,35.0,1.0,1.0,1.0,4.0,0.0,0.0,1.0,0.0,0.0,1.0,1.0,4.0,6.0,0.0,5.83,2.0,4.0,1.0,3.0,0.0,1.0,1.0,0.0,0.0,2.0,1.0,0.0,1.0,1.0,1.0,1.0,1.0,1.0,1.0,1.0,1.0,0.0,0.0,0.0,4.0,4.0,4.0,85.0,1.0,0.86046511627907,0.25,0.0,1.0,4.0,4.0,0.0
0.0,1.0,32.0,1.0,1.0,1.0,0.0,1.0,1.0,6.0,0.0,5.0,1.0,1.0,26.0,1.0,1.0,1.0,3.0,0.0,0.0,1.0,0.0,0.0,1.0,1.0,3.0,5.0,0.0,5.2,1.0,3.0,1.0,2.0,0.0,1.0,1.0,0.0,0.0,1.0,2.0,0.0,3.0,3.0,3.0,1.0,1.0,1.0,1.0,1.0,1.0,0.0,0.0,0.0,3.0,3.0,3.0,63.0,1.0,0.5,0.333333333333333,0.0,3.0,3.0,1.0,0.0
0.0,1.0,53.0,1.0,1.0,1.0,0.0,1.0,1.0,14.0,0.0,13.0,1.0,1.0,44.0,1.0,1.0,1.0,5.0,0.0,0.0,1.0,0.0,0.0,1.0,1.0,5.0,7.0,0.0,6.29,2.0,5.0,1.0,4.0,0.0,1.0,1.0,0.0,0.0,2.0,2.0,0.0,1.0,1.0,1.0,1.0,1.0,1.0,1.0,1.0,1.0,0.0,0.0,0.0,2.0,2.0,2.0,106.0,0.0,0.943396226415094,0.5,0.0,2.0,2.0,0.0,0.0
0.0,1.0,42.0,1.0,1.0,1.0,0.0,1.0,1.0,5.0,0.0,4.0,1.0,1.0,36.0,1.0,1.0,1.0,3.0,0.0,0.0,1.0,0.0,0.0,1.0,1.0,3.0,5.0,0.0,7.2,1.0,3.0,1.0,2.0,0.0,1.0,1.0,0.0,0.0,2.0,0.0,0.0,1.0,1.0,1.0,1.0,1.0,1.0,1.0,1.0,1.0,0.0,0.0,0.0,3.0,3.0,3.0,86.0,2.0,0.5,0.333333333333333,0.0,3.0,3.0,2.0,0.0
0.0,5.0,59.0,1.0,0.0,1.0,0.0,2.0,1.0,10.0,0.0,4.0,1.0,2.0,35.0,1.0,2.0,2.0,12.0,0.0,0.0,1.0,2.0,3.0,2.0,2.0,10.0,20.0,1.0,1.75,4.0,11.0,1.0,8.0,0.0,2.0,1.0,0.0,1.0,0.0,6.0,2.0,3.0,2.0,1.0,4.0,2.5,1.0,1.0,1.0,1.0,3.0,0.6,0.0,1.0,1.0,1.0,59.0,0.0,1.0,1.0,0.0,1.0,1.0,0.0,0.0
0.0,1.0,63.0,1.0,1.0,1.0,0.0,1.0,1.0,18.0,0.0,17.0,1.0,1.0,46.0,1.0,1.0,1.0,13.0,0.0,0.0,1.0,0.0,0.0,1.0,1.0,11.0,14.0,0.0,3.29,3.0,11.0,1.0,10.0,0.0,1.0,1.0,0.0,0.0,3.0,4.0,0.0,3.0,3.0,3.0,1.0,1.0,1.0,1.0,1.0,1.0,0.0,0.0,0.0,1.0,1.0,1.0,64.0,0.0,1.0,1.0,0.0,1.0,1.0,0.0,0.0
2.0,12.0,144.0,4.0,0.0,2.0,1.0,9.0,2.0,24.0,0.0,11.0,2.0,4.0,68.0,1.0,4.0,9.0,28.0,0.0,0.0,4.0,2.0,25.0,9.0,7.0,25.0,66.0,13.0,1.03,10.0,38.0,4.0,28.0,0.0,4.0,2.0,100.0,1.0,0.0,13.0,2.0,5.0,3.0,1.0,15.0,5.75,1.0,4.0,2.25,1.0,3.0,1.66666666666667,0.0,2.0,2.0,1.0,145.0,1.0,1.0,1.0,0.0,1.0,1.0,0.0,0.0
0.0,5.0,55.0,1.0,0.0,1.0,0.0,2.0,1.0,9.0,0.0,4.0,1.0,2.0,31.0,1.0,2.0,2.0,12.0,0.0,0.0,1.0,2.0,2.0,2.0,2.0,10.0,20.0,1.0,1.55,4.0,11.0,1.0,8.0,0.0,2.0,1.0,0.0,1.0,0.0,8.0,2.0,1.0,1.0,1.0,6.0,3.5,1.0,1.0,1.0,1.0,0.0,0.0,0.0,1.0,1.0,1.0,55.0,0.0,1.0,1.0,0.0,1.0,1.0,0.0,0.0
2.0,11.0,452.0,9.0,3.0,1.0,2.0,56.0,2.0,19.0,0.0,7.0,2.0,20.0,184.0,2.0,20.0,43.0,53.0,1.0,5.0,15.0,14.0,93.0,43.0,24.0,58.0,222.0,69.0,0.83,48.0,127.0,9.0,84.0,1.0,20.0,3.0,82.0,1.0,1.0,6.0,2.0,16.0,4.55,0.0,17.0,4.2,1.0,9.0,2.25,1.0,3.0,0.956521739130435,0.0,11.0,11.0,7.0,1277.0,342.0,0.831858407079646,0.181818181818182,0.0,2.0,7.0,4.0,0.0
2.0,17.0,519.0,13.0,0.0,1.0,1.0,54.0,3.0,27.0,0.0,9.0,3.0,16.0,183.0,2.0,16.0,54.0,71.0,5.0,5.0,13.0,9.0,128.0,54.0,18.0,62.0,290.0,87.0,0.63,46.0,149.0,13.0,97.0,1.0,16.0,3.0,83.0,1.0,0.0,21.0,2.0,8.0,3.375,1.0,17.0,5.625,1.0,104.0,10.1875,1.0,6.0,1.73684210526316,0.0,12.0,12.0,6.0,1517.0,302.0,0.703275529865125,0.333333333333333,0.0,3.0,6.0,3.0,0.0
0.0,2.0,81.0,1.0,0.0,1.0,0.0,5.0,1.0,7.0,0.0,5.0,1.0,5.0,62.0,1.0,5.0,5.0,7.0,0.0,0.0,1.0,5.0,1.0,5.0,5.0,7.0,14.0,1.0,4.43,5.0,8.0,1.0,5.0,0.0,5.0,1.0,0.0,1.0,3.0,0.0,1.0,3.0,2.0,1.0,1.0,1.0,1.0,1.0,1.0,1.0,0.0,0.0,0.0,4.0,4.0,4.0,177.0,15.0,0.617283950617284,0.25,0.0,4.0,4.0,1.0,0.0
0.0,4.0,114.0,1.0,0.0,1.0,1.0,7.0,1.0,10.0,0.0,5.0,1.0,7.0,63.0,1.0,7.0,7.0,13.0,0.0,1.0,1.0,7.0,13.0,7.0,7.0,13.0,41.0,12.0,1.54,10.0,25.0,1.0,17.0,0.0,7.0,1.0,50.0,3.0,0.0,2.0,1.0,12.0,4.14285714285714,1.0,4.0,3.0,1.0,1.0,1.0,1.0,0.0,0.0,0.0,2.0,2.0,2.0,228.0,0.0,0.491228070175439,0.5,0.0,5.0,2.0,0.0,0.0
0.0,4.0,51.0,1.0,0.0,1.0,1.0,2.0,1.0,10.0,0.0,6.0,1.0,2.0,33.0,1.0,2.0,2.0,6.0,0.0,0.0,1.0,2.0,3.0,2.0,2.0,6.0,14.0,2.0,2.36,4.0,8.0,1.0,5.0,0.0,2.0,1.0,100.0,3.0,0.0,0.0,1.0,3.0,3.0,3.0,2.0,2.0,2.0,1.0,1.0,1.0,0.0,0.0,0.0,2.0,2.0,2.0,102.0,0.0,0.705882352941177,0.5,0.0,2.0,2.0,1.0,0.0
3.0,17.0,494.0,15.0,0.0,2.0,1.0,50.0,3.0,28.0,0.0,9.0,3.0,14.0,165.0,1.0,14.0,45.0,76.0,3.0,4.0,18.0,8.0,132.0,45.0,21.0,74.0,275.0,98.0,0.6,54.0,172.0,15.0,128.0,2.0,14.0,4.0,75.0,1.0,0.0,32.0,1.0,16.0,4.78571428571429,0.0,30.0,7.85714285714286,1.0,225.0,18.2857142857143,1.0,5.0,1.75,0.0,11.0,11.0,7.0,1023.0,87.0,0.753036437246964,0.272727272727273,0.0,2.0,7.0,6.0,0.0
0.0,3.0,67.0,1.0,0.0,1.0,0.0,2.0,1.0,7.0,0.0,3.0,1.0,2.0,50.0,1.0,2.0,2.0,7.0,0.0,0.0,1.0,2.0,1.0,2.0,2.0,7.0,14.0,1.0,3.57,3.0,8.0,1.0,5.0,0.0,2.0,1.0,0.0,1.0,0.0,3.0,2.0,1.0,1.0,1.0,3.0,2.0,1.0,1.0,1.0,1.0,0.0,0.0,0.0,3.0,3.0,3.0,226.0,60.0,0.432835820895522,0.333333333333333,0.0,3.0,3.0,1.0,0.0
0.0,4.0,202.0,2.0,4.0,1.0,2.0,15.0,1.0,10.0,0.0,5.0,1.0,13.0,102.0,1.0,13.0,15.0,25.0,0.0,6.0,2.0,9.0,21.0,15.0,13.0,25.0,77.0,18.0,1.32,23.0,43.0,2.0,27.0,0.0,13.0,1.0,86.0,1.0,0.0,2.0,1.0,10.0,3.84615384615385,2.0,4.0,1.38461538461538,1.0,2.0,1.15384615384615,1.0,1.0,0.266666666666667,0.0,2.0,2.0,1.0,206.0,3.0,1.0,1.0,0.0,1.0,1.0,0.0,0.0
0.0,4.0,204.0,3.0,0.0,1.0,1.0,17.0,1.0,9.0,0.0,4.0,1.0,14.0,95.0,1.0,14.0,17.0,29.0,0.0,4.0,3.0,14.0,23.0,17.0,14.0,28.0,85.0,22.0,1.12,24.0,50.0,3.0,33.0,0.0,14.0,1.0,74.0,1.0,0.0,4.0,2.0,7.0,2.78571428571429,1.0,5.0,2.0,1.0,2.0,1.14285714285714,1.0,1.0,0.25,0.0,5.0,5.0,4.0,397.0,7.0,0.764705882352941,0.4,0.0,4.0,4.0,1.0,0.0
2.0,7.0,499.0,6.0,0.0,1.0,0.0,61.0,2.0,13.0,0.0,5.0,2.0,31.0,216.0,1.0,31.0,53.0,44.0,0.0,3.0,8.0,29.0,81.0,53.0,41.0,45.0,229.0,72.0,0.94,54.0,117.0,6.0,64.0,0.0,31.0,2.0,66.0,1.0,0.0,11.0,1.0,21.0,5.7741935483871,1.0,8.0,3.16129032258065,1.0,8.0,1.7741935483871,1.0,3.0,0.666666666666667,0.0,10.0,10.0,7.0,1200.0,193.0,0.81563126252505,0.4,0.0,3.0,7.0,4.0,0.0
2.0,84.0,412.0,33.0,0.0,9.0,1.0,60.0,14.0,119.0,0.0,23.0,14.0,3.0,107.0,1.0,3.0,42.0,42.0,0.0,0.0,51.0,1.0,160.0,42.0,28.0,42.0,266.0,109.0,0.4,39.0,151.0,33.0,110.0,11.0,3.0,20.0,66.0,2.0,0.0,13.0,1.0,8.0,5.33333333333333,3.0,31.0,18.3333333333333,4.0,1736592.0,578868.333333333,4.0,4.0,3.4,1.0,8.0,8.0,5.0,992.0,185.0,0.890776699029126,0.25,0.0,2.0,5.0,3.0,0.0
0.0,3.0,87.0,1.0,0.0,1.0,0.0,5.0,1.0,9.0,0.0,5.0,1.0,5.0,52.0,1.0,5.0,5.0,10.0,1.0,1.0,1.0,4.0,4.0,5.0,5.0,10.0,26.0,4.0,2.0,9.0,14.0,1.0,8.0,0.0,5.0,1.0,40.0,1.0,14.0,1.0,2.0,11.0,3.4,0.0,3.0,1.6,1.0,1.0,1.0,1.0,4.0,0.5,0.0,2.0,2.0,2.0,174.0,0.0,0.402298850574713,0.5,0.0,3.0,2.0,1.0,0.0
0.0,9.0,72.0,4.0,0.0,1.0,0.0,7.0,3.0,17.0,0.0,7.0,3.0,2.0,37.0,1.0,2.0,5.0,10.0,0.0,0.0,6.0,2.0,7.0,5.0,2.0,10.0,28.0,6.0,1.32,7.0,16.0,4.0,10.0,1.0,2.0,4.0,0.0,2.0,0.0,3.0,1.0,1.0,1.0,1.0,9.0,5.0,1.0,4.0,2.5,1.0,5.0,2.2,0.0,2.0,2.0,2.0,144.0,0.0,0.625,0.5,0.0,4.0,2.0,0.0,0.0
0.0,31.0,158.0,12.0,0.0,1.0,1.0,16.0,7.0,46.0,0.0,12.0,7.0,2.0,62.0,1.0,2.0,13.0,21.0,0.0,2.0,15.0,2.0,35.0,13.0,2.0,20.0,82.0,24.0,0.76,16.0,44.0,12.0,30.0,3.0,2.0,8.0,50.0,2.0,0.0,4.0,1.0,3.0,2.0,1.0,17.0,9.0,1.0,16.0,8.5,1.0,3.0,2.25,0.0,5.0,5.0,4.0,481.0,165.0,1.0,0.4,0.0,1.0,4.0,0.0,0.0
2.0,13.0,135.0,6.0,0.0,2.0,0.0,20.0,3.0,20.0,0.0,5.0,3.0,4.0,54.0,1.0,4.0,13.0,18.0,0.0,3.0,11.0,2.0,26.0,13.0,6.0,19.0,67.0,21.0,0.81,14.0,40.0,6.0,26.0,1.0,4.0,5.0,66.0,2.0,0.0,5.0,1.0,3.0,2.25,2.0,14.0,7.25,2.0,6.0,3.25,1.0,4.0,2.5,0.0,3.0,3.0,3.0,274.0,4.0,0.792592592592593,0.333333333333333,0.0,3.0,3.0,1.0,0.0
0.0,23.0,181.0,12.0,0.0,1.0,2.0,15.0,5.0,39.0,1.0,11.0,5.0,3.0,62.0,1.0,3.0,14.0,22.0,0.0,1.0,13.0,3.0,46.0,14.0,3.0,21.0,97.0,33.0,0.64,22.0,54.0,12.0,39.0,4.0,2.0,5.0,66.0,2.0,0.0,3.0,1.0,4.0,2.33333333333333,1.0,20.0,7.66666666666667,1.0,21.0,7.66666666666667,1.0,4.0,2.4,0.0,3.0,3.0,2.0,365.0,3.0,0.552486187845304,0.666666666666667,0.0,3.0,2.0,2.0,0.0
1.0,18.0,148.0,9.0,0.0,3.0,3.0,12.0,4.0,29.0,0.0,9.0,4.0,3.0,60.0,1.0,3.0,11.0,20.0,0.0,3.0,10.0,2.0,32.0,11.0,8.0,20.0,70.0,23.0,0.86,18.0,43.0,9.0,31.0,2.0,3.0,4.0,50.0,2.0,0.0,4.0,1.0,6.0,4.33333333333333,2.0,11.0,5.66666666666667,2.0,9.0,3.66666666666667,1.0,3.0,1.8,0.0,4.0,4.0,3.0,299.0,3.0,0.831081081081081,0.5,0.0,3.0,3.0,2.0,0.0
1.0,18.0,160.0,7.0,0.0,1.0,5.0,15.0,4.0,29.0,0.0,10.0,4.0,3.0,74.0,1.0,3.0,12.0,22.0,0.0,1.0,10.0,2.0,30.0,12.0,3.0,22.0,71.0,18.0,1.04,15.0,40.0,7.0,27.0,1.0,3.0,5.0,66.0,2.0,0.0,3.0,1.0,8.0,3.33333333333333,0.0,18.0,8.0,2.0,13.0,6.0,1.0,3.0,2.0,0.0,4.0,4.0,3.0,368.0,48.0,0.55,0.5,0.0,4.0,3.0,1.0,0.0
0.0,21.0,172.0,5.0,0.0,2.0,6.0,20.0,4.0,29.0,0.0,6.0,4.0,3.0,63.0,2.0,3.0,12.0,36.0,0.0,0.0,10.0,3.0,42.0,12.0,7.0,36.0,94.0,26.0,0.67,15.0,62.0,5.0,49.0,1.0,3.0,7.0,100.0,2.0,0.0,10.0,2.0,4.0,3.33333333333333,3.0,12.0,9.66666666666667,8.0,5.0,4.0,3.0,3.0,2.5,2.0,4.0,4.0,2.0,213.0,41.0,0.808139534883721,0.5,0.0,2.0,2.0,0.0,0.0
0.0,13.0,120.0,6.0,0.0,2.0,1.0,8.0,3.0,22.0,1.0,7.0,3.0,3.0,49.0,1.0,3.0,8.0,20.0,0.0,1.0,6.0,3.0,23.0,8.0,5.0,19.0,57.0,17.0,0.86,14.0,36.0,6.0,27.0,1.0,2.0,3.0,66.0,2.0,0.0,4.0,1.0,3.0,2.33333333333333,1.0,17.0,6.66666666666667,1.0,7.0,3.0,1.0,2.0,1.2,0.0,2.0,2.0,2.0,240.0,0.0,0.816666666666667,0.5,0.0,3.0,2.0,1.0,0.0
1.0,15.0,202.0,10.0,0.0,2.0,1.0,21.0,3.0,26.0,0.0,9.0,3.0,5.0,83.0,1.0,5.0,17.0,27.0,1.0,2.0,13.0,3.0,39.0,17.0,12.0,26.0,99.0,31.0,0.84,20.0,57.0,10.0,39.0,1.0,5.0,4.0,73.0,2.0,0.0,11.0,1.0,3.0,2.0,1.0,21.0,6.8,1.0,12.0,3.8,1.0,5.0,2.42857142857143,0.0,4.0,4.0,4.0,410.0,6.0,0.400990099009901,0.25,0.0,6.0,4.0,1.0,1.0
0.0,18.0,192.0,5.0,0.0,1.0,5.0,16.0,3.0,27.0,0.0,6.0,3.0,4.0,69.0,2.0,4.0,13.0,39.0,0.0,0.0,7.0,4.0,44.0,13.0,4.0,37.0,102.0,24.0,0.68,21.0,61.0,5.0,46.0,2.0,4.0,4.0,100.0,2.0,0.0,11.0,2.0,4.0,2.75,2.0,13.0,8.0,1.0,6.0,3.5,1.0,3.0,2.14285714285714,0.0,7.0,7.0,5.0,420.0,27.0,0.625,0.428571428571429,0.0,4.0,5.0,3.0,0.0
1.0,15.0,138.0,5.0,0.0,2.0,2.0,13.0,3.0,27.0,0.0,9.0,3.0,3.0,60.0,1.0,3.0,10.0,25.0,0.0,1.0,7.0,2.0,26.0,10.0,6.0,25.0,63.0,15.0,0.95,16.0,40.0,5.0,29.0,2.0,3.0,4.0,55.0,2.0,0.0,6.0,1.0,4.0,2.33333333333333,1.0,17.0,9.0,2.0,5.0,3.33333333333333,1.0,4.0,2.8,0.0,5.0,5.0,5.0,287.0,11.0,0.782608695652174,0.2,0.0,3.0,5.0,2.0,0.0
0.0,19.0,110.0,7.0,0.0,4.0,0.0,9.0,4.0,33.0,0.0,11.0,4.0,2.0,47.0,1.0,2.0,8.0,12.0,0.0,0.0,8.0,2.0,20.0,8.0,7.0,11.0,51.0,15.0,0.92,12.0,26.0,7.0,17.0,3.0,2.0,5.0,0.0,2.0,0.0,4.0,1.0,1.0,0.5,0.0,10.0,5.5,1.0,12.0,6.5,1.0,2.0,1.5,0.0,5.0,5.0,5.0,239.0,15.0,0.463636363636364,0.2,0.0,4.0,5.0,2.0,0.0
1.0,16.0,163.0,6.0,0.0,2.0,1.0,13.0,3.0,27.0,1.0,8.0,3.0,4.0,65.0,1.0,4.0,13.0,24.0,0.0,1.0,6.0,3.0,33.0,13.0,6.0,24.0,82.0,22.0,0.79,16.0,46.0,6.0,32.0,1.0,3.0,3.0,50.0,2.0,0.0,6.0,1.0,4.0,2.5,1.0,17.0,7.0,2.0,10.0,4.5,1.0,2.0,1.5,0.0,13.0,13.0,7.0,358.0,32.0,0.441717791411043,0.307692307692308,0.0,3.0,7.0,4.0,0.0
0.0,1.0,63.0,1.0,3.0,1.0,0.0,3.0,1.0,8.0,0.0,7.0,1.0,3.0,48.0,1.0,3.0,3.0,7.0,0.0,0.0,1.0,0.0,0.0,3.0,3.0,7.0,9.0,0.0,5.33,6.0,7.0,1.0,6.0,0.0,3.0,1.0,0.0,0.0,2.0,1.0,0.0,11.0,4.33333333333333,1.0,1.0,0.666666666666667,0.0,1.0,1.0,1.0,0.0,0.0,0.0,2.0,2.0,2.0,126.0,0.0,0.396825396825397,0.5,0.0,4.0,2.0,0.0,0.0
0.0,1.0,144.0,1.0,9.0,1.0,0.0,10.0,1.0,9.0,0.0,8.0,1.0,10.0,111.0,1.0,10.0,10.0,18.0,0.0,0.0,1.0,1.0,0.0,10.0,10.0,16.0,20.0,0.0,5.55,13.0,16.0,1.0,15.0,0.0,10.0,1.0,0.0,1.0,1.0,1.0,1.0,2.0,0.7,0.0,1.0,0.5,0.0,1.0,1.0,1.0,0.0,0.0,0.0,2.0,2.0,2.0,288.0,0.0,0.458333333333333,0.5,0.0,4.0,2.0,1.0,0.0
4.0,19.0,658.0,14.0,0.0,3.0,7.0,71.0,4.0,32.0,0.0,9.0,3.0,17.0,207.0,1.0,17.0,58.0,70.0,0.0,6.0,17.0,13.0,200.0,63.0,43.0,66.0,366.0,145.0,0.57,85.0,211.0,14.0,154.0,3.0,17.0,4.0,82.0,2.0,0.0,9.0,2.0,18.0,5.17647058823529,1.0,33.0,6.64705882352941,1.0,56.0,6.94117647058824,1.0,4.0,1.36842105263158,0.0,3.0,3.0,3.0,1317.0,1.0,0.840425531914894,0.333333333333333,0.0,3.0,3.0,3.0,0.0
0.0,7.0,682.0,8.0,2.0,1.0,4.0,75.0,2.0,14.0,0.0,6.0,2.0,39.0,277.0,2.0,39.0,66.0,78.0,0.0,13.0,10.0,37.0,129.0,66.0,46.0,79.0,333.0,105.0,0.83,72.0,184.0,8.0,121.0,0.0,39.0,2.0,100.0,3.0,0.0,7.0,1.0,15.0,4.58974358974359,1.0,14.0,2.64102564102564,1.0,40.0,2.46153846153846,1.0,4.0,0.619047619047619,0.0,5.0,5.0,5.0,1413.0,49.0,0.667155425219941,0.2,0.0,3.0,5.0,3.0,1.0
0.0,5.0,112.0,3.0,0.0,1.0,0.0,10.0,1.0,10.0,0.0,4.0,1.0,7.0,57.0,1.0,7.0,10.0,10.0,0.0,1.0,3.0,7.0,13.0,10.0,9.0,10.0,45.0,13.0,1.27,10.0,23.0,3.0,12.0,0.0,7.0,1.0,28.0,2.0,0.0,0.0,1.0,4.0,1.57142857142857,0.0,4.0,2.0,1.0,3.0,1.42857142857143,1.0,1.0,0.444444444444444,0.0,3.0,3.0,3.0,283.0,59.0,0.723214285714286,0.333333333333333,0.0,3.0,3.0,2.0,0.0
4.0,7.0,391.0,4.0,0.0,1.0,2.0,41.0,1.0,10.0,0.0,2.0,1.0,26.0,133.0,4.0,26.0,38.0,45.0,8.0,8.0,6.0,14.0,78.0,38.0,28.0,52.0,191.0,56.0,0.7,67.0,108.0,4.0,71.0,0.0,26.0,2.0,85.0,7.0,1.0,2.0,2.0,9.0,2.42307692307692,0.0,6.0,2.42307692307692,0.0,6.0,1.61538461538462,1.0,2.0,0.3125,0.0,8.0,8.0,6.0,800.0,18.0,0.943734015345269,0.25,0.0,1.0,6.0,3.0,1.0
0.0,6.0,109.0,3.0,0.0,1.0,1.0,7.0,1.0,12.0,0.0,6.0,1.0,5.0,58.0,1.0,5.0,7.0,15.0,3.0,0.0,3.0,2.0,13.0,7.0,5.0,15.0,41.0,8.0,1.41,10.0,23.0,3.0,17.0,0.0,5.0,1.0,100.0,4.0,3.0,2.0,1.0,6.0,2.6,1.0,7.0,2.8,1.0,2.0,1.2,1.0,2.0,0.857142857142857,0.0,3.0,3.0,3.0,327.0,109.0,1.0,0.333333333333333,0.0,1.0,3.0,0.0,1.0
0.0,4.0,119.0,1.0,0.0,1.0,0.0,5.0,1.0,9.0,0.0,5.0,1.0,5.0,84.0,1.0,5.0,5.0,8.0,0.0,0.0,1.0,5.0,6.0,5.0,5.0,8.0,26.0,6.0,3.23,9.0,14.0,1.0,8.0,0.0,5.0,1.0,0.0,9.0,5.0,1.0,1.0,5.0,2.2,0.0,3.0,2.0,1.0,1.0,1.0,1.0,4.0,0.5,0.0,2.0,2.0,2.0,238.0,0.0,0.983193277310924,0.5,0.0,1.0,2.0,1.0,0.0
0.0,5.0,149.0,2.0,0.0,1.0,0.0,12.0,1.0,8.0,0.0,3.0,1.0,9.0,69.0,2.0,9.0,11.0,22.0,4.0,5.0,2.0,5.0,17.0,11.0,9.0,22.0,65.0,17.0,1.06,15.0,39.0,2.0,26.0,0.0,9.0,1.0,43.0,8.0,3.0,3.0,2.0,6.0,2.77777777777778,0.0,5.0,2.55555555555556,0.0,2.0,1.22222222222222,1.0,1.0,0.333333333333333,0.0,3.0,3.0,3.0,302.0,4.0,0.939597315436242,0.333333333333333,0.0,1.0,3.0,2.0,0.0
0.0,3.0,75.0,1.0,0.0,1.0,2.0,5.0,1.0,7.0,1.0,3.0,1.0,5.0,37.0,1.0,5.0,5.0,12.0,0.0,0.0,1.0,5.0,6.0,5.0,5.0,12.0,28.0,4.0,1.32,10.0,16.0,1.0,10.0,0.0,4.0,1.0,90.0,1.0,0.0,1.0,2.0,1.0,0.2,0.0,2.0,1.0,0.0,1.0,1.0,1.0,0.0,0.0,0.0,2.0,2.0,2.0,150.0,0.0,0.906666666666667,0.5,0.0,2.0,2.0,0.0,0.0
2.0,8.0,358.0,5.0,0.0,1.0,2.0,36.0,2.0,13.0,0.0,3.0,2.0,21.0,123.0,4.0,21.0,35.0,41.0,4.0,7.0,5.0,15.0,81.0,35.0,23.0,50.0,185.0,56.0,0.66,50.0,106.0,5.0,71.0,1.0,21.0,2.0,75.0,9.0,1.0,3.0,2.0,4.0,1.66666666666667,0.0,9.0,2.38095238095238,0.0,6.0,1.9047619047619,1.0,4.0,0.653846153846154,0.0,3.0,3.0,3.0,719.0,1.0,0.977715877437326,0.333333333333333,0.0,1.0,3.0,2.0,0.0
0.0,1.0,94.0,1.0,3.0,1.0,0.0,3.0,1.0,9.0,0.0,8.0,1.0,3.0,77.0,1.0,3.0,3.0,8.0,0.0,0.0,1.0,0.0,0.0,3.0,3.0,8.0,10.0,0.0,7.7,7.0,8.0,1.0,7.0,0.0,3.0,1.0,0.0,4.0,5.0,1.0,1.0,1.0,1.0,1.0,1.0,1.0,1.0,1.0,1.0,1.0,0.0,0.0,0.0,2.0,2.0,2.0,188.0,0.0,0.957446808510638,0.5,0.0,1.0,2.0,1.0,0.0
0.0,4.0,88.0,2.0,0.0,1.0,1.0,6.0,1.0,8.0,0.0,3.0,1.0,5.0,42.0,1.0,5.0,6.0,14.0,0.0,1.0,2.0,5.0,7.0,6.0,5.0,14.0,34.0,6.0,1.24,12.0,20.0,2.0,13.0,0.0,5.0,1.0,70.0,1.0,0.0,2.0,2.0,3.0,1.2,0.0,3.0,1.8,0.0,2.0,1.2,1.0,1.0,0.428571428571429,0.0,5.0,5.0,4.0,184.0,3.0,0.931818181818182,0.4,0.0,2.0,4.0,1.0,0.0
0.0,9.0,85.0,2.0,0.0,1.0,2.0,7.0,1.0,12.0,1.0,1.0,1.0,5.0,32.0,2.0,5.0,6.0,13.0,0.0,1.0,3.0,5.0,18.0,6.0,5.0,16.0,39.0,8.0,0.82,14.0,24.0,2.0,17.0,1.0,4.0,1.0,75.0,1.0,0.0,5.0,2.0,3.0,1.2,0.0,7.0,2.2,0.0,2.0,1.2,1.0,1.0,0.375,0.0,4.0,4.0,4.0,173.0,1.0,0.929411764705882,0.25,0.0,2.0,4.0,0.0,0.0
0.0,1.0,45.0,1.0,1.0,1.0,0.0,1.0,1.0,12.0,0.0,11.0,1.0,1.0,36.0,1.0,1.0,1.0,4.0,0.0,0.0,1.0,0.0,0.0,1.0,1.0,4.0,6.0,0.0,6.0,3.0,4.0,1.0,3.0,0.0,1.0,1.0,0.0,0.0,1.0,2.0,0.0,2.0,2.0,2.0,1.0,1.0,1.0,1.0,1.0,1.0,0.0,0.0,0.0,2.0,2.0,2.0,90.0,0.0,0.933333333333333,0.5,0.0,2.0,2.0,0.0,0.0
0.0,1.0,53.0,1.0,1.0,1.0,0.0,1.0,1.0,15.0,0.0,14.0,1.0,1.0,41.0,1.0,1.0,1.0,5.0,0.0,0.0,1.0,0.0,0.0,1.0,1.0,5.0,7.0,0.0,5.86,5.0,5.0,1.0,4.0,0.0,1.0,1.0,0.0,3.0,2.0,1.0,1.0,1.0,1.0,1.0,1.0,1.0,1.0,1.0,1.0,1.0,0.0,0.0,0.0,2.0,2.0,2.0,106.0,0.0,0.905660377358491,0.5,0.0,2.0,2.0,1.0,0.0
0.0,6.0,136.0,3.0,0.0,1.0,3.0,10.0,1.0,10.0,1.0,3.0,1.0,8.0,59.0,3.0,8.0,10.0,19.0,0.0,2.0,3.0,8.0,21.0,10.0,8.0,22.0,60.0,12.0,0.98,17.0,34.0,3.0,23.0,0.0,7.0,1.0,62.0,4.0,2.0,2.0,2.0,12.0,3.625,0.0,4.0,2.0,1.0,3.0,1.25,1.0,0.0,0.0,0.0,3.0,3.0,2.0,273.0,1.0,0.955882352941177,0.666666666666667,0.0,1.0,2.0,1.0,0.0
0.0,4.0,56.0,2.0,0.0,1.0,1.0,3.0,2.0,9.0,0.0,5.0,2.0,2.0,32.0,1.0,2.0,3.0,9.0,1.0,2.0,2.0,1.0,6.0,3.0,2.0,9.0,18.0,3.0,1.78,6.0,12.0,2.0,9.0,0.0,2.0,2.0,66.0,5.0,0.0,2.0,1.0,6.0,4.5,3.0,3.0,2.5,2.0,1.0,1.0,1.0,0.0,0.0,0.0,4.0,4.0,4.0,116.0,4.0,0.946428571428571,0.25,0.0,2.0,4.0,0.0,0.0
0.0,7.0,257.0,4.0,0.0,1.0,2.0,19.0,1.0,14.0,0.0,6.0,1.0,13.0,136.0,3.0,13.0,19.0,24.0,5.0,2.0,4.0,8.0,37.0,19.0,13.0,28.0,93.0,24.0,1.46,28.0,52.0,4.0,34.0,0.0,13.0,1.0,90.0,6.0,3.0,5.0,2.0,5.0,1.92307692307692,0.0,8.0,2.61538461538462,0.0,6.0,1.61538461538462,1.0,1.0,0.235294117647059,0.0,3.0,3.0,2.0,516.0,2.0,0.972762645914397,0.666666666666667,0.0,1.0,2.0,1.0,2.0
0.0,5.0,124.0,2.0,0.0,1.0,1.0,5.0,1.0,9.0,0.0,3.0,1.0,4.0,82.0,1.0,4.0,5.0,11.0,1.0,1.0,2.0,3.0,9.0,5.0,4.0,11.0,30.0,7.0,2.73,12.0,18.0,2.0,12.0,0.0,4.0,1.0,87.0,5.0,4.0,1.0,1.0,9.0,5.0,0.0,3.0,2.25,2.0,2.0,1.25,1.0,1.0,0.5,0.0,7.0,7.0,5.0,306.0,56.0,0.951612903225806,0.428571428571429,0.0,1.0,5.0,2.0,2.0
0.0,13.0,105.0,2.0,0.0,1.0,2.0,7.0,1.0,16.0,1.0,1.0,1.0,5.0,37.0,2.0,5.0,7.0,16.0,0.0,1.0,2.0,5.0,24.0,7.0,5.0,19.0,53.0,12.0,0.7,15.0,31.0,2.0,23.0,1.0,4.0,1.0,75.0,1.0,0.0,4.0,2.0,3.0,1.6,0.0,6.0,2.8,0.0,2.0,1.4,1.0,1.0,0.375,0.0,2.0,2.0,2.0,210.0,0.0,0.961904761904762,0.5,0.0,1.0,2.0,1.0,0.0
0.0,3.0,92.0,1.0,0.0,1.0,0.0,6.0,1.0,7.0,0.0,4.0,1.0,6.0,51.0,1.0,6.0,6.0,12.0,1.0,2.0,1.0,5.0,6.0,6.0,6.0,12.0,29.0,5.0,1.76,12.0,17.0,1.0,11.0,0.0,6.0,1.0,50.0,1.0,1.0,1.0,2.0,3.0,1.33333333333333,0.0,3.0,1.33333333333333,0.0,1.0,1.0,1.0,0.0,0.0,0.0,3.0,3.0,3.0,185.0,1.0,0.967391304347826,0.333333333333333,0.0,1.0,3.0,1.0,0.0
0.0,3.0,81.0,1.0,0.0,1.0,0.0,5.0,1.0,8.0,0.0,4.0,1.0,5.0,47.0,1.0,5.0,5.0,11.0,1.0,1.0,1.0,4.0,4.0,5.0,5.0,11.0,25.0,4.0,1.88,9.0,15.0,1.0,10.0,0.0,5.0,1.0,19.0,1.0,1.0,1.0,2.0,1.0,1.0,1.0,3.0,1.8,1.0,1.0,1.0,1.0,0.0,0.0,0.0,3.0,3.0,3.0,163.0,1.0,0.950617283950617,0.333333333333333,0.0,1.0,3.0,1.0,0.0
2.0,54.0,318.0,11.0,0.0,4.0,1.0,32.0,9.0,80.0,0.0,19.0,9.0,3.0,99.0,1.0,3.0,28.0,50.0,0.0,1.0,13.0,1.0,97.0,28.0,11.0,45.0,191.0,49.0,0.52,28.0,94.0,11.0,71.0,6.0,3.0,11.0,83.0,1.0,0.0,14.0,2.0,10.0,7.66666666666667,4.0,24.0,15.3333333333333,11.0,84.0,55.3333333333333,22.0,4.0,3.33333333333333,2.0,10.0,10.0,6.0,896.0,241.0,0.836477987421384,0.3,0.0,2.0,6.0,5.0,0.0
1.0,10.0,854.0,7.0,2.0,1.0,8.0,55.0,2.0,20.0,0.0,9.0,2.0,29.0,389.0,11.0,29.0,51.0,135.0,3.0,14.0,10.0,23.0,156.0,51.0,36.0,115.0,379.0,99.0,1.03,86.0,214.0,7.0,154.0,1.0,29.0,2.0,100.0,7.0,2.0,14.0,2.0,10.0,2.89655172413793,0.0,22.0,3.82758620689655,1.0,16.0,2.55172413793103,1.0,4.0,0.731707317073171,0.0,9.0,9.0,7.0,1715.0,12.0,0.717798594847775,0.222222222222222,0.0,2.0,7.0,6.0,0.0
0.0,15.0,67.0,3.0,0.0,3.0,1.0,5.0,3.0,29.0,0.0,13.0,3.0,1.0,40.0,1.0,1.0,3.0,11.0,0.0,0.0,5.0,1.0,8.0,3.0,3.0,10.0,23.0,5.0,1.74,4.0,15.0,3.0,11.0,1.0,1.0,5.0,100.0,1.0,0.0,4.0,2.0,3.0,3.0,3.0,9.0,9.0,9.0,3.0,3.0,3.0,2.0,2.0,2.0,1.0,1.0,1.0,68.0,0.0,1.0,1.0,0.0,1.0,1.0,0.0,0.0
0.0,13.0,61.0,2.0,0.0,1.0,1.0,3.0,2.0,22.0,0.0,7.0,2.0,1.0,33.0,1.0,1.0,2.0,14.0,0.0,0.0,3.0,1.0,8.0,2.0,1.0,12.0,23.0,4.0,1.43,5.0,16.0,2.0,13.0,2.0,1.0,3.0,100.0,1.0,0.0,8.0,2.0,3.0,3.0,3.0,7.0,7.0,7.0,2.0,2.0,2.0,1.0,1.0,1.0,5.0,5.0,5.0,187.0,63.0,0.983870967741935,0.2,0.0,1.0,5.0,1.0,1.0
0.0,14.0,80.0,3.0,0.0,3.0,1.0,3.0,3.0,32.0,0.0,16.0,3.0,1.0,47.0,1.0,1.0,3.0,12.0,0.0,0.0,3.0,1.0,8.0,3.0,3.0,10.0,27.0,6.0,1.74,6.0,16.0,3.0,12.0,2.0,1.0,3.0,100.0,1.0,0.0,5.0,2.0,2.0,2.0,2.0,3.0,3.0,3.0,3.0,3.0,3.0,2.0,2.0,2.0,4.0,4.0,4.0,166.0,4.0,0.703703703703704,0.25,0.0,3.0,4.0,3.0,0.0
0.0,23.0,159.0,6.0,0.0,2.0,3.0,9.0,3.0,37.0,0.0,11.0,3.0,3.0,66.0,3.0,3.0,8.0,24.0,0.0,0.0,7.0,3.0,37.0,8.0,5.0,23.0,80.0,19.0,0.82,13.0,42.0,6.0,33.0,3.0,3.0,3.0,100.0,1.0,0.0,12.0,2.0,4.0,1.33333333333333,0.0,10.0,4.0,1.0,6.0,2.66666666666667,1.0,1.0,0.428571428571429,0.0,4.0,4.0,4.0,331.0,11.0,0.78125,0.25,0.0,4.0,4.0,0.0,0.0
0.0,1.0,47.0,1.0,0.0,1.0,0.0,1.0,1.0,13.0,0.0,12.0,1.0,1.0,35.0,1.0,1.0,1.0,8.0,0.0,0.0,1.0,1.0,0.0,1.0,1.0,7.0,10.0,0.0,3.5,2.0,7.0,1.0,6.0,0.0,1.0,1.0,0.0,3.0,17.0,3.0,1.0,2.0,2.0,2.0,1.0,1.0,1.0,1.0,1.0,1.0,0.0,0.0,0.0,2.0,2.0,2.0,94.0,0.0,0.361702127659574,0.5,0.0,4.0,2.0,1.0,0.0
0.0,9.0,103.0,4.0,0.0,2.0,2.0,6.0,2.0,16.0,0.0,7.0,2.0,3.0,48.0,2.0,3.0,6.0,17.0,0.0,0.0,4.0,3.0,15.0,6.0,6.0,15.0,46.0,12.0,1.04,9.0,27.0,4.0,19.0,0.0,3.0,2.0,100.0,4.0,0.0,6.0,2.0,2.0,1.33333333333333,0.0,6.0,3.0,1.0,4.0,2.0,1.0,2.0,1.0,0.0,5.0,5.0,5.0,216.0,8.0,0.711538461538462,0.2,0.0,3.0,5.0,2.0,0.0
0.0,28.0,78.0,6.0,0.0,6.0,1.0,8.0,6.0,44.0,0.0,14.0,6.0,1.0,36.0,1.0,1.0,6.0,12.0,0.0,0.0,8.0,1.0,15.0,6.0,6.0,11.0,37.0,12.0,0.97,5.0,23.0,6.0,16.0,2.0,1.0,8.0,100.0,1.0,0.0,5.0,2.0,3.0,3.0,3.0,8.0,8.0,8.0,8.0,8.0,8.0,3.0,3.0,3.0,2.0,2.0,2.0,158.0,0.0,0.746835443037975,0.5,0.0,3.0,2.0,0.0,0.0
0.0,14.0,127.0,5.0,0.0,3.0,1.0,9.0,3.0,20.0,0.0,4.0,3.0,2.0,79.0,1.0,2.0,6.0,17.0,0.0,0.0,8.0,2.0,15.0,6.0,6.0,16.0,41.0,10.0,1.93,7.0,26.0,5.0,19.0,1.0,2.0,5.0,100.0,1.0,0.0,7.0,2.0,3.0,2.0,1.0,6.0,3.5,1.0,5.0,3.0,1.0,3.0,2.25,0.0,3.0,3.0,3.0,256.0,2.0,0.78740157480315,0.333333333333333,0.0,3.0,3.0,1.0,0.0
0.0,5.0,96.0,1.0,0.0,1.0,2.0,1.0,1.0,22.0,0.0,17.0,1.0,1.0,67.0,1.0,1.0,1.0,13.0,0.0,0.0,1.0,1.0,4.0,1.0,1.0,11.0,21.0,2.0,3.19,8.0,13.0,1.0,11.0,0.0,1.0,1.0,100.0,1.0,0.0,4.0,2.0,0.0,0.0,0.0,1.0,1.0,1.0,1.0,1.0,1.0,0.0,0.0,0.0,5.0,5.0,4.0,296.0,104.0,0.96875,0.4,0.0,1.0,4.0,1.0,0.0
0.0,13.0,84.0,3.0,0.0,2.0,2.0,5.0,2.0,27.0,0.0,11.0,2.0,2.0,44.0,2.0,2.0,4.0,15.0,0.0,0.0,4.0,2.0,12.0,4.0,4.0,15.0,33.0,6.0,1.33,7.0,21.0,3.0,16.0,2.0,2.0,3.0,100.0,1.0,0.0,6.0,2.0,2.0,1.0,0.0,6.0,3.5,1.0,3.0,2.0,1.0,0.0,0.0,0.0,5.0,5.0,5.0,173.0,3.0,0.717647058823529,0.2,0.0,3.0,5.0,1.0,0.0
0.0,16.0,147.0,5.0,0.0,2.0,3.0,10.0,3.0,27.0,0.0,9.0,3.0,3.0,58.0,2.0,3.0,8.0,29.0,1.0,0.0,7.0,2.0,30.0,8.0,5.0,26.0,73.0,18.0,0.79,16.0,44.0,5.0,34.0,2.0,3.0,3.0,100.0,4.0,0.0,15.0,2.0,3.0,2.66666666666667,2.0,20.0,8.66666666666667,3.0,6.0,3.0,1.0,3.0,1.83333333333333,0.0,8.0,8.0,6.0,323.0,20.0,0.662162162162162,0.25,0.0,5.0,6.0,0.0,0.0
0.0,3.0,52.0,1.0,0.0,1.0,0.0,5.0,1.0,8.0,2.0,4.0,1.0,3.0,34.0,1.0,3.0,3.0,5.0,0.0,0.0,2.0,3.0,2.0,3.0,3.0,5.0,14.0,2.0,2.43,4.0,7.0,1.0,3.0,0.0,1.0,2.0,0.0,1.0,0.0,1.0,1.0,4.0,2.33333333333333,0.0,4.0,3.0,1.0,1.0,1.0,1.0,0.0,0.0,0.0,2.0,2.0,2.0,106.0,0.0,0.735849056603774,0.5,0.0,2.0,2.0,1.0,0.0
1.0,8.0,188.0,3.0,0.0,1.0,1.0,14.0,1.0,14.0,0.0,5.0,1.0,10.0,76.0,3.0,10.0,14.0,27.0,3.0,1.0,3.0,6.0,35.0,14.0,10.0,25.0,97.0,22.0,0.78,15.0,47.0,3.0,32.0,0.0,10.0,1.0,81.0,3.0,6.0,7.0,2.0,4.0,2.1,0.0,9.0,2.4,1.0,4.0,1.5,1.0,2.0,0.666666666666667,0.0,3.0,3.0,3.0,380.0,3.0,0.819148936170213,0.333333333333333,0.0,3.0,3.0,2.0,0.0
0.0,7.0,136.0,2.0,0.0,1.0,1.0,10.0,1.0,12.0,0.0,4.0,1.0,7.0,57.0,1.0,7.0,10.0,25.0,1.0,1.0,2.0,6.0,22.0,10.0,7.0,24.0,64.0,13.0,0.89,16.0,37.0,2.0,27.0,0.0,7.0,1.0,71.0,2.0,1.0,6.0,2.0,3.0,1.0,0.0,7.0,2.85714285714286,1.0,2.0,1.42857142857143,1.0,1.0,0.555555555555556,0.0,4.0,4.0,3.0,277.0,4.0,0.669117647058823,0.5,0.0,4.0,3.0,1.0,0.0
0.0,1.0,41.0,1.0,1.0,1.0,0.0,1.0,1.0,12.0,0.0,11.0,1.0,1.0,33.0,1.0,1.0,1.0,4.0,0.0,0.0,1.0,0.0,0.0,1.0,1.0,4.0,6.0,0.0,5.5,2.0,4.0,1.0,3.0,0.0,1.0,1.0,0.0,0.0,3.0,1.0,0.0,0.0,0.0,0.0,1.0,1.0,1.0,1.0,1.0,1.0,0.0,0.0,0.0,3.0,3.0,3.0,83.0,1.0,0.48780487804878,0.333333333333333,0.0,3.0,3.0,2.0,0.0
0.0,4.0,60.0,1.0,0.0,1.0,1.0,3.0,1.0,8.0,0.0,4.0,1.0,3.0,36.0,1.0,3.0,3.0,8.0,0.0,0.0,1.0,3.0,4.0,3.0,3.0,8.0,19.0,3.0,1.89,5.0,11.0,1.0,7.0,0.0,3.0,1.0,100.0,4.0,0.0,1.0,1.0,3.0,2.0,1.0,2.0,1.66666666666667,1.0,1.0,1.0,1.0,0.0,0.0,0.0,3.0,3.0,3.0,122.0,2.0,0.666666666666667,0.333333333333333,0.0,3.0,3.0,1.0,0.0
0.0,4.0,115.0,1.0,0.0,1.0,1.0,5.0,1.0,12.0,0.0,7.0,1.0,5.0,71.0,1.0,5.0,5.0,14.0,0.0,1.0,1.0,5.0,9.0,5.0,5.0,13.0,34.0,8.0,2.09,11.0,21.0,1.0,15.0,0.0,5.0,1.0,80.0,4.0,0.0,4.0,1.0,5.0,2.4,0.0,7.0,3.0,1.0,1.0,1.0,1.0,0.0,0.0,0.0,6.0,6.0,4.0,237.0,7.0,0.730434782608696,0.333333333333333,0.0,3.0,4.0,2.0,0.0
1.0,13.0,150.0,2.0,0.0,1.0,1.0,8.0,2.0,24.0,0.0,9.0,2.0,4.0,61.0,1.0,4.0,7.0,27.0,0.0,1.0,3.0,3.0,29.0,7.0,4.0,25.0,71.0,14.0,0.86,18.0,39.0,2.0,30.0,2.0,4.0,2.0,37.0,1.0,0.0,5.0,2.0,4.0,3.0,0.0,13.0,7.5,2.0,2.0,1.75,1.0,1.0,0.833333333333333,0.0,3.0,3.0,3.0,311.0,12.0,0.733333333333333,0.333333333333333,0.0,4.0,3.0,1.0,0.0
0.0,5.0,105.0,2.0,0.0,1.0,1.0,6.0,1.0,9.0,0.0,4.0,1.0,5.0,61.0,1.0,5.0,6.0,13.0,0.0,1.0,2.0,5.0,10.0,6.0,5.0,13.0,36.0,8.0,1.69,9.0,21.0,2.0,14.0,0.0,5.0,1.0,70.0,3.0,0.0,5.0,1.0,3.0,1.6,1.0,3.0,2.2,2.0,2.0,1.2,1.0,1.0,0.428571428571429,0.0,7.0,7.0,5.0,210.0,14.0,0.723809523809524,0.285714285714286,0.0,3.0,5.0,1.0,0.0
0.0,4.0,194.0,2.0,0.0,1.0,0.0,20.0,1.0,8.0,0.0,3.0,1.0,17.0,92.0,1.0,17.0,18.0,21.0,0.0,0.0,3.0,17.0,23.0,18.0,17.0,21.0,83.0,21.0,1.11,19.0,42.0,2.0,23.0,0.0,17.0,1.0,0.0,3.0,0.0,2.0,1.0,6.0,2.29411764705882,1.0,6.0,3.23529411764706,2.0,2.0,1.05882352941176,1.0,1.0,0.157894736842105,0.0,6.0,6.0,6.0,428.0,32.0,0.463917525773196,0.166666666666667,0.0,5.0,6.0,2.0,0.0
12.0,16.0,1484.0,11.0,5.0,2.0,3.0,179.0,3.0,24.0,0.0,6.0,3.0,58.0,434.0,7.0,58.0,166.0,138.0,6.0,4.0,12.0,35.0,444.0,166.0,93.0,158.0,908.0,322.0,0.48,142.0,480.0,11.0,315.0,1.0,58.0,3.0,92.0,2.0,3.0,20.0,2.0,544.0,16.051724137931,0.0,22.0,4.6551724137931,1.0,32.0,4.22413793103448,1.0,5.0,1.24242424242424,0.0,22.0,22.0,8.0,3099.0,137.0,0.388814016172507,0.227272727272727,1.0,4.0,7.0,5.0,1.0
1.0,21.0,141.0,8.0,1.0,3.0,0.0,12.0,4.0,35.0,0.0,11.0,4.0,3.0,59.0,1.0,3.0,11.0,21.0,0.0,0.0,9.0,1.0,34.0,11.0,9.0,19.0,72.0,18.0,0.82,10.0,37.0,8.0,25.0,2.0,3.0,4.0,0.0,1.0,0.0,7.0,1.0,5.0,3.66666666666667,3.0,12.0,6.33333333333333,1.0,14.0,5.66666666666667,1.0,5.0,3.2,0.0,3.0,3.0,3.0,282.0,1.0,0.865248226950355,0.333333333333333,0.0,2.0,3.0,1.0,0.0
0.0,5.0,54.0,1.0,0.0,1.0,1.0,2.0,1.0,10.0,0.0,5.0,1.0,2.0,31.0,1.0,2.0,2.0,8.0,0.0,2.0,1.0,2.0,5.0,2.0,2.0,8.0,17.0,3.0,1.82,6.0,11.0,1.0,8.0,0.0,2.0,1.0,33.0,1.0,0.0,1.0,2.0,3.0,2.5,2.0,6.0,4.5,3.0,1.0,1.0,1.0,0.0,0.0,0.0,3.0,3.0,3.0,89.0,2.0,0.709090909090909,0.333333333333333,0.0,3.0,3.0,0.0,0.0
0.0,14.0,172.0,8.0,3.0,2.0,1.0,20.0,3.0,20.0,0.0,6.0,3.0,6.0,65.0,1.0,6.0,17.0,20.0,0.0,1.0,9.0,3.0,44.0,17.0,14.0,22.0,97.0,33.0,0.67,10.0,55.0,8.0,37.0,0.0,6.0,3.0,75.0,1.0,16.0,2.0,2.0,8.0,4.33333333333333,2.0,7.0,3.33333333333333,2.0,18.0,4.5,1.0,5.0,2.375,0.0,7.0,7.0,6.0,330.0,16.0,0.517441860465116,0.285714285714286,0.0,3.0,6.0,2.0,0.0
0.0,10.0,300.0,4.0,0.0,2.0,0.0,36.0,2.0,14.0,0.0,4.0,2.0,16.0,97.0,1.0,16.0,36.0,46.0,3.0,1.0,4.0,13.0,70.0,36.0,29.0,42.0,179.0,49.0,0.54,24.0,91.0,4.0,56.0,0.0,16.0,2.0,56.0,1.0,3.0,6.0,4.0,7.0,1.6875,0.0,11.0,3.3125,0.0,4.0,2.1875,1.0,4.0,1.42105263157895,0.0,12.0,12.0,5.0,572.0,76.0,0.326666666666667,0.416666666666667,0.0,4.0,5.0,2.0,0.0
0.0,3.0,80.0,1.0,0.0,1.0,0.0,5.0,1.0,8.0,0.0,5.0,1.0,5.0,49.0,1.0,5.0,5.0,9.0,0.0,0.0,1.0,5.0,6.0,5.0,5.0,9.0,23.0,4.0,2.13,8.0,13.0,1.0,8.0,0.0,5.0,1.0,0.0,1.0,32.0,1.0,2.0,2.0,0.6,0.0,5.0,1.6,0.0,1.0,1.0,1.0,0.0,0.0,0.0,2.0,2.0,2.0,162.0,0.0,0.567901234567901,0.5,0.0,4.0,2.0,0.0,0.0
0.0,3.0,50.0,1.0,0.0,1.0,0.0,3.0,1.0,6.0,0.0,3.0,1.0,3.0,32.0,1.0,3.0,3.0,5.0,0.0,0.0,1.0,3.0,1.0,3.0,3.0,5.0,14.0,1.0,2.29,4.0,6.0,1.0,2.0,0.0,3.0,1.0,0.0,1.0,0.0,0.0,2.0,0.0,0.0,0.0,1.0,0.333333333333333,0.0,1.0,1.0,1.0,0.0,0.0,0.0,2.0,2.0,2.0,100.0,0.0,0.94,0.5,0.0,1.0,2.0,2.0,0.0
2.0,9.0,193.0,3.0,0.0,1.0,2.0,18.0,2.0,14.0,0.0,4.0,2.0,9.0,75.0,2.0,9.0,18.0,24.0,1.0,3.0,3.0,6.0,42.0,18.0,13.0,26.0,99.0,37.0,0.76,19.0,63.0,3.0,43.0,0.0,9.0,2.0,64.0,2.0,0.0,2.0,2.0,4.0,2.77777777777778,1.0,6.0,3.22222222222222,2.0,4.0,2.11111111111111,1.0,2.0,0.916666666666667,0.0,2.0,2.0,2.0,386.0,0.0,0.49740932642487,0.5,0.0,5.0,2.0,0.0,0.0
0.0,4.0,103.0,1.0,1.0,1.0,2.0,7.0,1.0,6.0,0.0,2.0,1.0,7.0,42.0,2.0,7.0,7.0,21.0,1.0,3.0,1.0,5.0,11.0,7.0,7.0,17.0,48.0,8.0,0.88,13.0,25.0,1.0,16.0,0.0,7.0,1.0,66.0,2.0,0.0,3.0,2.0,3.0,1.28571428571429,0.0,5.0,2.14285714285714,1.0,1.0,1.0,1.0,0.0,0.0,0.0,2.0,2.0,2.0,206.0,0.0,0.883495145631068,0.5,0.0,2.0,2.0,1.0,0.0
0.0,5.0,230.0,2.0,0.0,1.0,2.0,20.0,1.0,9.0,0.0,4.0,1.0,16.0,107.0,2.0,16.0,20.0,28.0,2.0,2.0,2.0,14.0,31.0,20.0,16.0,26.0,101.0,26.0,1.06,22.0,52.0,2.0,30.0,0.0,16.0,1.0,75.0,2.0,1.0,5.0,3.0,38.0,3.625,0.0,7.0,1.9375,0.0,2.0,1.25,1.0,1.0,0.315789473684211,0.0,3.0,3.0,2.0,462.0,2.0,0.582608695652174,0.666666666666667,0.0,4.0,2.0,4.0,0.0
0.0,1.0,52.0,1.0,0.0,1.0,0.0,2.0,1.0,6.0,0.0,5.0,1.0,2.0,43.0,1.0,2.0,2.0,4.0,0.0,0.0,1.0,2.0,0.0,2.0,2.0,4.0,6.0,0.0,7.17,3.0,4.0,1.0,3.0,0.0,2.0,1.0,0.0,5.0,2.0,0.0,1.0,0.0,0.0,0.0,1.0,0.5,0.0,1.0,1.0,1.0,0.0,0.0,0.0,3.0,3.0,3.0,105.0,1.0,0.923076923076923,0.333333333333333,0.0,2.0,3.0,1.0,0.0
0.0,1.0,62.0,1.0,1.0,1.0,0.0,1.0,1.0,11.0,0.0,10.0,1.0,1.0,54.0,1.0,1.0,1.0,4.0,0.0,0.0,1.0,0.0,0.0,1.0,1.0,4.0,6.0,0.0,9.0,2.0,4.0,1.0,3.0,0.0,1.0,1.0,0.0,5.0,2.0,2.0,1.0,3.0,3.0,3.0,1.0,1.0,1.0,1.0,1.0,1.0,0.0,0.0,0.0,5.0,5.0,3.0,120.0,2.0,0.919354838709677,0.4,0.0,1.0,3.0,3.0,0.0
0.0,1.0,43.0,1.0,1.0,1.0,0.0,1.0,1.0,5.0,0.0,4.0,1.0,1.0,36.0,1.0,1.0,1.0,4.0,0.0,0.0,1.0,0.0,0.0,1.0,1.0,4.0,5.0,0.0,7.2,2.0,4.0,1.0,3.0,0.0,1.0,1.0,0.0,5.0,1.0,2.0,1.0,1.0,1.0,1.0,1.0,1.0,1.0,1.0,1.0,1.0,0.0,0.0,0.0,2.0,2.0,2.0,88.0,0.0,0.568181818181818,0.5,0.0,3.0,2.0,1.0,0.0
0.0,1.0,36.0,1.0,1.0,1.0,0.0,1.0,1.0,5.0,0.0,4.0,1.0,1.0,28.0,1.0,1.0,1.0,4.0,0.0,0.0,1.0,0.0,0.0,1.0,1.0,4.0,6.0,0.0,4.67,2.0,4.0,1.0,3.0,0.0,1.0,1.0,0.0,3.0,6.0,0.0,1.0,24.0,24.0,24.0,0.0,0.0,0.0,1.0,1.0,1.0,0.0,0.0,0.0,2.0,2.0,2.0,72.0,0.0,0.555555555555556,0.5,0.0,3.0,2.0,1.0,0.0
0.0,1.0,79.0,1.0,2.0,1.0,0.0,2.0,1.0,6.0,0.0,5.0,1.0,2.0,70.0,1.0,2.0,2.0,4.0,0.0,0.0,1.0,0.0,0.0,2.0,2.0,4.0,6.0,0.0,11.67,3.0,4.0,1.0,3.0,0.0,2.0,1.0,0.0,4.0,11.0,0.0,1.0,29.0,17.5,6.0,1.0,0.5,0.0,1.0,1.0,1.0,0.0,0.0,0.0,2.0,2.0,2.0,158.0,0.0,0.468354430379747,0.5,0.0,4.0,2.0,0.0,0.0
0.0,1.0,43.0,1.0,1.0,1.0,0.0,1.0,1.0,8.0,0.0,7.0,1.0,1.0,34.0,1.0,1.0,1.0,5.0,0.0,0.0,1.0,0.0,0.0,1.0,1.0,5.0,7.0,0.0,4.86,2.0,5.0,1.0,4.0,0.0,1.0,1.0,0.0,3.0,1.0,1.0,1.0,1.0,1.0,1.0,1.0,1.0,1.0,1.0,1.0,1.0,0.0,0.0,0.0,2.0,2.0,2.0,86.0,0.0,0.581395348837209,0.5,0.0,3.0,2.0,1.0,0.0
0.0,1.0,32.0,1.0,0.0,1.0,0.0,1.0,1.0,5.0,0.0,4.0,1.0,1.0,26.0,1.0,1.0,1.0,3.0,0.0,0.0,1.0,1.0,0.0,1.0,1.0,3.0,5.0,0.0,5.2,1.0,3.0,1.0,2.0,0.0,1.0,1.0,0.0,5.0,1.0,0.0,1.0,1.0,1.0,1.0,1.0,1.0,1.0,1.0,1.0,1.0,0.0,0.0,0.0,1.0,1.0,1.0,32.0,0.0,1.0,1.0,0.0,1.0,1.0,0.0,0.0
0.0,1.0,53.0,1.0,0.0,1.0,0.0,3.0,1.0,5.0,0.0,4.0,1.0,3.0,39.0,1.0,3.0,3.0,7.0,0.0,0.0,1.0,3.0,0.0,3.0,3.0,7.0,9.0,0.0,4.33,5.0,7.0,1.0,6.0,0.0,3.0,1.0,0.0,0.0,1.0,0.0,0.0,0.0,0.0,0.0,1.0,1.0,1.0,1.0,1.0,1.0,0.0,0.0,0.0,1.0,1.0,1.0,53.0,0.0,1.0,1.0,0.0,1.0,1.0,0.0,0.0
0.0,1.0,36.0,1.0,1.0,1.0,0.0,1.0,1.0,6.0,0.0,5.0,1.0,1.0,30.0,1.0,1.0,1.0,3.0,0.0,0.0,1.0,0.0,0.0,1.0,1.0,3.0,5.0,0.0,6.0,1.0,3.0,1.0,2.0,0.0,1.0,1.0,0.0,5.0,4.0,0.0,1.0,4.0,4.0,4.0,1.0,1.0,1.0,1.0,1.0,1.0,0.0,0.0,0.0,3.0,3.0,2.0,75.0,0.0,0.916666666666667,0.666666666666667,0.0,2.0,2.0,0.0,0.0
0.0,6.0,167.0,3.0,0.0,1.0,1.0,13.0,1.0,10.0,0.0,4.0,1.0,9.0,84.0,1.0,9.0,13.0,19.0,3.0,2.0,3.0,6.0,24.0,13.0,9.0,19.0,66.0,18.0,1.27,17.0,37.0,3.0,24.0,0.0,9.0,1.0,59.0,2.0,12.0,1.0,1.0,7.0,2.55555555555556,0.0,9.0,2.88888888888889,0.0,3.0,1.44444444444444,1.0,2.0,0.727272727272727,0.0,3.0,3.0,2.0,337.0,3.0,0.574850299401198,0.666666666666667,0.0,4.0,2.0,1.0,0.0
0.0,4.0,163.0,3.0,0.0,1.0,1.0,15.0,1.0,9.0,2.0,4.0,1.0,11.0,82.0,1.0,11.0,15.0,23.0,0.0,1.0,3.0,11.0,16.0,15.0,11.0,23.0,65.0,14.0,1.26,16.0,37.0,3.0,23.0,0.0,9.0,1.0,86.0,1.0,24.0,2.0,2.0,130.0,13.9090909090909,0.0,5.0,1.54545454545455,0.0,3.0,1.18181818181818,1.0,2.0,0.461538461538462,0.0,2.0,2.0,2.0,326.0,0.0,0.441717791411043,0.5,0.0,5.0,2.0,0.0,0.0
0.0,5.0,126.0,1.0,0.0,1.0,1.0,3.0,1.0,10.0,0.0,5.0,1.0,3.0,99.0,1.0,3.0,3.0,9.0,1.0,1.0,1.0,2.0,7.0,3.0,3.0,9.0,21.0,5.0,4.71,6.0,14.0,1.0,10.0,0.0,3.0,1.0,50.0,2.0,0.0,0.0,1.0,62.0,21.6666666666667,1.0,4.0,2.66666666666667,1.0,1.0,1.0,1.0,0.0,0.0,0.0,4.0,4.0,3.0,260.0,11.0,0.377952755905512,0.5,0.0,4.0,3.0,3.0,0.0
0.0,4.0,127.0,1.0,0.0,1.0,2.0,7.0,1.0,9.0,0.0,5.0,1.0,7.0,67.0,2.0,7.0,7.0,17.0,0.0,3.0,1.0,7.0,13.0,7.0,7.0,17.0,46.0,9.0,1.46,14.0,26.0,1.0,17.0,0.0,7.0,1.0,66.0,3.0,1.0,6.0,2.0,8.0,3.42857142857143,0.0,5.0,3.0,1.0,1.0,1.0,1.0,0.0,0.0,0.0,3.0,3.0,3.0,257.0,3.0,0.417322834645669,0.333333333333333,0.0,3.0,3.0,3.0,0.0
0.0,10.0,491.0,10.0,0.0,1.0,1.0,26.0,2.0,21.0,0.0,11.0,2.0,12.0,318.0,1.0,12.0,25.0,40.0,4.0,7.0,11.0,8.0,55.0,25.0,12.0,36.0,145.0,43.0,2.19,28.0,79.0,10.0,54.0,0.0,12.0,2.0,79.0,3.0,0.0,7.0,1.0,15.0,5.08333333333333,0.0,11.0,3.66666666666667,1.0,36.0,4.25,1.0,4.0,1.14285714285714,0.0,5.0,5.0,4.0,1129.0,112.0,0.345528455284553,0.4,0.0,4.0,4.0,1.0,0.0
8.0,11.0,1520.0,9.0,7.0,1.0,8.0,152.0,2.0,19.0,0.0,7.0,2.0,70.0,635.0,11.0,70.0,139.0,142.0,11.0,8.0,9.0,44.0,331.0,139.0,77.0,147.0,750.0,240.0,0.85,135.0,387.0,9.0,250.0,0.0,70.0,2.0,94.0,3.0,4.0,30.0,3.0,23.0,3.74285714285714,0.0,28.0,3.94285714285714,0.0,144.0,4.21428571428571,1.0,4.0,0.707317073170732,0.0,23.0,23.0,6.0,3162.0,263.0,0.414473684210526,0.391304347826087,1.0,4.0,5.0,5.0,2.0
2.0,5.0,349.0,3.0,1.0,1.0,2.0,35.0,1.0,10.0,1.0,4.0,1.0,26.0,141.0,3.0,26.0,35.0,54.0,2.0,3.0,3.0,21.0,65.0,35.0,26.0,57.0,168.0,44.0,0.84,40.0,101.0,3.0,71.0,0.0,25.0,1.0,92.0,1.0,2.0,8.0,3.0,14.0,2.73076923076923,0.0,10.0,2.92307692307692,0.0,3.0,1.30769230769231,1.0,2.0,0.4,0.0,6.0,6.0,5.0,765.0,52.0,0.40974212034384,0.333333333333333,0.0,3.0,5.0,2.0,1.0
1.0,9.0,157.0,4.0,0.0,1.0,2.0,9.0,2.0,21.0,0.0,9.0,2.0,5.0,78.0,1.0,5.0,9.0,22.0,0.0,0.0,4.0,4.0,26.0,9.0,5.0,23.0,60.0,15.0,1.3,19.0,38.0,4.0,29.0,1.0,5.0,2.0,100.0,3.0,0.0,3.0,1.0,24.0,8.6,3.0,11.0,4.2,2.0,4.0,1.8,1.0,2.0,1.0,0.0,6.0,6.0,4.0,315.0,23.0,0.515923566878981,0.5,0.0,4.0,4.0,2.0,0.0
0.0,7.0,351.0,4.0,0.0,1.0,2.0,31.0,2.0,14.0,0.0,6.0,2.0,18.0,144.0,2.0,18.0,31.0,61.0,4.0,4.0,4.0,14.0,64.0,31.0,18.0,57.0,171.0,41.0,0.84,36.0,98.0,4.0,65.0,0.0,18.0,2.0,83.0,1.0,1.0,13.0,3.0,9.0,2.38888888888889,0.0,8.0,2.88888888888889,0.0,4.0,1.77777777777778,1.0,6.0,1.09090909090909,0.0,6.0,6.0,4.0,712.0,6.0,0.522727272727273,0.333333333333333,0.0,3.0,4.0,1.0,0.0
6.0,7.0,608.0,9.0,0.0,1.0,0.0,68.0,2.0,11.0,3.0,3.0,2.0,43.0,187.0,1.0,43.0,67.0,87.0,0.0,11.0,9.0,37.0,144.0,67.0,43.0,89.0,358.0,128.0,0.52,63.0,217.0,9.0,149.0,0.0,40.0,2.0,91.0,1.0,0.0,4.0,2.0,25.0,2.76744186046512,0.0,18.0,2.90697674418605,0.0,60.0,2.76744186046512,1.0,4.0,0.488888888888889,0.0,2.0,2.0,2.0,1218.0,0.0,0.811165845648604,0.5,0.0,2.0,2.0,5.0,0.0
0.0,6.0,137.0,3.0,1.0,1.0,0.0,13.0,2.0,11.0,0.0,5.0,2.0,8.0,65.0,1.0,8.0,12.0,15.0,0.0,2.0,3.0,7.0,17.0,12.0,8.0,15.0,59.0,14.0,1.1,13.0,29.0,3.0,16.0,0.0,8.0,2.0,43.0,3.0,0.0,2.0,1.0,3.0,1.75,0.0,4.0,2.25,1.0,3.0,1.5,1.0,2.0,0.8,0.0,2.0,2.0,2.0,274.0,0.0,0.445255474452555,0.5,0.0,5.0,2.0,0.0,0.0
0.0,5.0,1032.0,9.0,0.0,1.0,1.0,93.0,1.0,11.0,0.0,6.0,1.0,76.0,506.0,1.0,76.0,91.0,136.0,0.0,38.0,10.0,76.0,131.0,91.0,76.0,135.0,431.0,107.0,1.17,95.0,242.0,9.0,153.0,0.0,76.0,1.0,97.0,1.0,0.0,1.0,2.0,11.0,1.80263157894737,1.0,14.0,1.30263157894737,1.0,20.0,1.34210526315789,1.0,4.0,0.205128205128205,0.0,2.0,2.0,2.0,2064.0,0.0,0.685077519379845,0.5,0.0,2.0,2.0,2.0,0.0
0.0,27.0,103.0,7.0,0.0,4.0,1.0,9.0,5.0,33.0,0.0,4.0,5.0,2.0,36.0,1.0,2.0,9.0,10.0,1.0,0.0,7.0,1.0,32.0,9.0,7.0,9.0,61.0,13.0,0.59,6.0,22.0,7.0,15.0,1.0,2.0,5.0,50.0,1.0,0.0,4.0,2.0,7.0,5.0,3.0,10.0,7.5,5.0,8.0,5.0,2.0,2.0,1.75,1.0,4.0,4.0,4.0,208.0,3.0,0.475728155339806,0.25,0.0,4.0,4.0,2.0,0.0
0.0,4.0,58.0,1.0,0.0,1.0,0.0,3.0,1.0,9.0,0.0,5.0,1.0,3.0,38.0,1.0,3.0,3.0,6.0,0.0,1.0,1.0,3.0,3.0,3.0,3.0,6.0,16.0,3.0,2.38,4.0,9.0,1.0,5.0,0.0,3.0,1.0,0.0,1.0,0.0,0.0,2.0,2.0,1.33333333333333,1.0,2.0,1.33333333333333,1.0,1.0,1.0,1.0,6.0,1.0,0.0,3.0,3.0,3.0,119.0,1.0,0.474576271186441,0.333333333333333,0.0,4.0,3.0,1.0,0.0
0.0,0.0,26.0,0.0,0.0,0.0,0.0,0.0,0.0,0.0,0.0,0.0,0.0,0.0,21.0,1.0,0.0,0.0,2.0,0.0,0.0,0.0,0.0,0.0,0.0,0.0,2.0,4.0,0.0,5.25,1.0,2.0,0.0,1.0,0.0,0.0,0.0,0.0,0.0,3.0,0.0,0.0,0.0,0.0,0.0,0.0,0.0,0.0,0.0,0.0,0.0,0.0,0.0,0.0,2.0,2.0,2.0,52.0,0.0,0.5,0.5,0.0,4.0,2.0,1.0,0.0
3.0,17.0,294.0,8.0,0.0,2.0,8.0,27.0,3.0,23.0,0.0,6.0,3.0,9.0,90.0,1.0,9.0,27.0,42.0,0.0,6.0,8.0,6.0,91.0,27.0,18.0,44.0,178.0,67.0,0.51,26.0,111.0,8.0,84.0,0.0,9.0,3.0,80.0,1.0,0.0,1.0,1.0,9.0,3.55555555555556,2.0,13.0,5.11111111111111,1.0,14.0,3.77777777777778,1.0,4.0,1.63636363636364,0.0,4.0,4.0,3.0,594.0,4.0,0.8,0.5,0.0,2.0,3.0,4.0,0.0
7.0,32.0,513.0,18.0,0.0,3.0,1.0,64.0,6.0,41.0,0.0,8.0,5.0,11.0,119.0,1.0,11.0,58.0,48.0,0.0,3.0,18.0,4.0,204.0,64.0,36.0,48.0,370.0,137.0,0.32,24.0,185.0,18.0,128.0,0.0,11.0,6.0,70.0,1.0,0.0,6.0,1.0,13.0,5.0,1.0,17.0,6.54545454545455,1.0,24.0,7.18181818181818,1.0,6.0,2.69230769230769,0.0,3.0,3.0,2.0,1031.0,3.0,0.503891050583658,0.666666666666667,0.0,3.0,2.0,3.0,1.0
0.0,4.0,140.0,1.0,0.0,1.0,0.0,9.0,1.0,10.0,0.0,6.0,1.0,9.0,75.0,1.0,9.0,9.0,21.0,0.0,4.0,1.0,9.0,13.0,9.0,9.0,21.0,50.0,10.0,1.5,15.0,31.0,1.0,21.0,0.0,9.0,1.0,75.0,1.0,0.0,0.0,2.0,6.0,3.33333333333333,1.0,3.0,1.55555555555556,1.0,1.0,1.0,1.0,0.0,0.0,0.0,3.0,3.0,3.0,286.0,4.0,0.418439716312057,0.333333333333333,0.0,4.0,3.0,2.0,0.0
0.0,4.0,57.0,1.0,0.0,1.0,0.0,3.0,1.0,9.0,0.0,5.0,1.0,3.0,37.0,1.0,3.0,3.0,6.0,0.0,1.0,1.0,3.0,3.0,3.0,3.0,6.0,16.0,3.0,2.31,4.0,9.0,1.0,5.0,0.0,3.0,1.0,0.0,1.0,0.0,0.0,2.0,5.0,2.66666666666667,1.0,2.0,1.33333333333333,1.0,1.0,1.0,1.0,0.0,0.0,0.0,3.0,3.0,3.0,117.0,1.0,0.46551724137931,0.333333333333333,0.0,4.0,3.0,1.0,0.0
9.0,16.0,906.0,13.0,4.0,2.0,3.0,113.0,3.0,20.0,0.0,3.0,3.0,36.0,158.0,7.0,36.0,99.0,161.0,2.0,26.0,14.0,21.0,325.0,99.0,56.0,159.0,672.0,219.0,0.24,76.0,378.0,13.0,266.0,0.0,36.0,3.0,87.0,1.0,0.0,10.0,2.0,11.0,5.11111111111111,1.0,21.0,5.77777777777778,1.0,99.0,5.94444444444444,1.0,6.0,1.38636363636364,0.0,16.0,16.0,6.0,2147.0,284.0,0.554083885209713,0.4375,0.0,2.0,6.0,3.0,0.0
2.0,12.0,191.0,5.0,0.0,1.0,0.0,22.0,3.0,18.0,0.0,5.0,3.0,8.0,62.0,1.0,8.0,22.0,37.0,0.0,0.0,5.0,6.0,49.0,22.0,10.0,37.0,115.0,30.0,0.54,15.0,67.0,5.0,44.0,0.0,8.0,3.0,0.0,2.0,1.0,9.0,1.0,6.0,2.75,1.0,11.0,5.375,2.0,5.0,2.75,1.0,3.0,1.8,0.0,3.0,3.0,3.0,389.0,5.0,0.744791666666667,0.333333333333333,0.0,3.0,3.0,1.0,0.0
0.0,0.0,32.0,0.0,0.0,0.0,1.0,0.0,0.0,0.0,0.0,0.0,0.0,0.0,23.0,1.0,0.0,0.0,4.0,0.0,0.0,0.0,0.0,1.0,0.0,0.0,4.0,6.0,0.0,3.83,3.0,4.0,0.0,3.0,0.0,0.0,0.0,0.0,2.0,0.0,0.0,1.0,0.0,0.0,0.0,0.0,0.0,0.0,0.0,0.0,0.0,0.0,0.0,0.0,1.0,1.0,1.0,32.0,0.0,1.0,1.0,0.0,1.0,1.0,0.0,0.0
0.0,1.0,44.0,1.0,0.0,1.0,0.0,2.0,1.0,6.0,0.0,5.0,1.0,2.0,31.0,1.0,2.0,2.0,6.0,0.0,0.0,1.0,2.0,0.0,2.0,2.0,6.0,8.0,0.0,3.88,5.0,6.0,1.0,5.0,0.0,2.0,1.0,0.0,0.0,1.0,1.0,0.0,2.0,1.5,1.0,1.0,1.0,1.0,1.0,1.0,1.0,0.0,0.0,0.0,2.0,2.0,2.0,88.0,0.0,0.636363636363636,0.5,0.0,3.0,2.0,0.0,0.0
0.0,1.0,125.0,1.0,0.0,1.0,0.0,13.0,1.0,5.0,0.0,4.0,1.0,13.0,84.0,1.0,13.0,13.0,20.0,0.0,0.0,1.0,13.0,0.0,13.0,13.0,20.0,21.0,0.0,4.0,20.0,20.0,1.0,19.0,0.0,13.0,1.0,0.0,0.0,1.0,2.0,0.0,3.0,1.23076923076923,0.0,1.0,0.384615384615385,0.0,1.0,1.0,1.0,0.0,0.0,0.0,2.0,2.0,2.0,252.0,0.0,0.76984126984127,0.5,0.0,3.0,2.0,0.0,0.0
0.0,1.0,43.0,1.0,1.0,1.0,0.0,1.0,1.0,8.0,0.0,7.0,1.0,1.0,37.0,1.0,1.0,1.0,3.0,0.0,0.0,1.0,0.0,0.0,1.0,1.0,3.0,5.0,0.0,7.4,1.0,3.0,1.0,2.0,0.0,1.0,1.0,0.0,0.0,3.0,2.0,0.0,1.0,1.0,1.0,1.0,1.0,1.0,1.0,1.0,1.0,0.0,0.0,0.0,4.0,4.0,3.0,89.0,3.0,0.302325581395349,0.5,0.0,5.0,3.0,2.0,0.0
2.0,8.0,1362.0,10.0,0.0,1.0,1.0,136.0,2.0,14.0,0.0,5.0,2.0,80.0,495.0,6.0,80.0,131.0,192.0,0.0,16.0,11.0,78.0,311.0,131.0,88.0,198.0,739.0,217.0,0.67,133.0,415.0,10.0,287.0,0.0,80.0,2.0,93.0,1.0,0.0,21.0,2.0,19.0,2.4,0.0,15.0,2.775,1.0,16.0,2.0125,1.0,4.0,0.448275862068966,0.0,8.0,8.0,5.0,2723.0,8.0,0.610580455547392,0.375,0.0,4.0,5.0,4.0,1.0
0.0,6.0,742.0,3.0,0.0,1.0,5.0,62.0,1.0,12.0,3.0,5.0,1.0,50.0,319.0,3.0,50.0,61.0,102.0,0.0,13.0,3.0,50.0,145.0,61.0,52.0,103.0,350.0,107.0,0.91,73.0,210.0,3.0,148.0,0.0,47.0,1.0,92.0,1.0,0.0,1.0,2.0,36.0,3.1,0.0,13.0,1.8,0.0,3.0,1.22,1.0,1.0,0.203703703703704,0.0,2.0,2.0,2.0,1486.0,0.0,0.888290713324361,0.5,0.0,2.0,2.0,5.0,0.0
0.0,4.0,253.0,1.0,0.0,1.0,1.0,19.0,1.0,9.0,0.0,5.0,1.0,19.0,131.0,1.0,19.0,19.0,35.0,0.0,5.0,1.0,19.0,24.0,19.0,19.0,35.0,92.0,18.0,1.42,30.0,53.0,1.0,33.0,0.0,19.0,1.0,89.0,1.0,0.0,1.0,3.0,4.0,1.21052631578947,0.0,4.0,1.42105263157895,0.0,1.0,1.0,1.0,0.0,0.0,0.0,3.0,3.0,2.0,509.0,1.0,0.889763779527559,0.666666666666667,0.0,2.0,2.0,4.0,0.0
0.0,9.0,566.0,11.0,0.0,1.0,1.0,55.0,2.0,16.0,0.0,6.0,2.0,29.0,225.0,2.0,29.0,52.0,69.0,0.0,5.0,12.0,29.0,117.0,52.0,41.0,74.0,288.0,92.0,0.78,53.0,166.0,11.0,113.0,0.0,29.0,2.0,86.0,1.0,0.0,2.0,2.0,7.0,1.79310344827586,0.0,14.0,2.62068965517241,1.0,121.0,5.72413793103448,1.0,3.0,0.5,0.0,12.0,12.0,5.0,1203.0,73.0,0.443462897526502,0.333333333333333,0.0,3.0,5.0,5.0,0.0
3.0,10.0,571.0,7.0,0.0,1.0,1.0,46.0,2.0,15.0,0.0,4.0,2.0,29.0,204.0,4.0,29.0,44.0,80.0,1.0,13.0,8.0,25.0,135.0,44.0,29.0,84.0,301.0,98.0,0.68,66.0,182.0,7.0,136.0,0.0,29.0,2.0,87.0,1.0,1.0,28.0,2.0,65.0,15.1034482758621,0.0,26.0,4.13793103448276,1.0,12.0,1.72413793103448,1.0,4.0,0.676470588235294,0.0,13.0,13.0,8.0,1223.0,78.0,0.422066549912434,0.153846153846154,0.0,4.0,8.0,5.0,1.0
0.0,4.0,37.0,1.0,0.0,1.0,1.0,1.0,1.0,7.0,0.0,3.0,1.0,1.0,24.0,1.0,1.0,1.0,5.0,0.0,0.0,1.0,1.0,2.0,1.0,1.0,5.0,10.0,1.0,2.4,3.0,6.0,1.0,4.0,0.0,1.0,1.0,100.0,3.0,0.0,0.0,1.0,3.0,3.0,3.0,2.0,2.0,2.0,1.0,1.0,1.0,0.0,0.0,0.0,2.0,2.0,2.0,74.0,0.0,0.891891891891892,0.5,0.0,2.0,2.0,0.0,0.0
0.0,9.0,144.0,2.0,0.0,1.0,0.0,5.0,1.0,12.0,0.0,2.0,1.0,4.0,100.0,2.0,4.0,5.0,10.0,1.0,1.0,2.0,3.0,11.0,5.0,4.0,11.0,36.0,8.0,2.78,8.0,19.0,2.0,13.0,0.0,4.0,1.0,0.0,2.0,0.0,2.0,2.0,3.0,2.25,1.0,5.0,3.25,1.0,2.0,1.25,1.0,1.0,0.428571428571429,0.0,5.0,5.0,3.0,346.0,30.0,0.555555555555556,0.6,0.0,3.0,3.0,0.0,3.0
0.0,4.0,56.0,1.0,0.0,1.0,1.0,1.0,1.0,4.0,0.0,0.0,1.0,1.0,44.0,1.0,1.0,1.0,4.0,1.0,0.0,1.0,0.0,2.0,1.0,1.0,4.0,9.0,1.0,4.89,3.0,5.0,1.0,3.0,0.0,1.0,1.0,100.0,3.0,0.0,2.0,1.0,0.0,0.0,0.0,2.0,2.0,2.0,1.0,1.0,1.0,0.0,0.0,0.0,3.0,3.0,3.0,113.0,1.0,0.857142857142857,0.333333333333333,0.0,3.0,3.0,0.0,0.0
0.0,11.0,576.0,6.0,0.0,2.0,2.0,47.0,2.0,17.0,0.0,5.0,2.0,25.0,207.0,3.0,25.0,47.0,85.0,5.0,4.0,6.0,20.0,146.0,47.0,38.0,82.0,313.0,94.0,0.66,56.0,176.0,6.0,127.0,0.0,25.0,2.0,100.0,3.0,0.0,16.0,2.0,8.0,2.32,0.0,23.0,4.36,1.0,8.0,2.0,1.0,4.0,0.866666666666667,0.0,7.0,7.0,5.0,1181.0,25.0,0.763888888888889,0.285714285714286,0.0,3.0,5.0,3.0,0.0
0.0,57.0,136.0,8.0,0.0,1.0,0.0,12.0,8.0,83.0,0.0,17.0,8.0,1.0,52.0,1.0,1.0,8.0,23.0,1.0,0.0,12.0,0.0,37.0,8.0,1.0,22.0,72.0,27.0,0.72,12.0,49.0,8.0,40.0,9.0,1.0,12.0,0.0,2.0,0.0,12.0,1.0,6.0,6.0,6.0,24.0,24.0,24.0,96.0,96.0,96.0,3.0,1.5,1.0,4.0,4.0,4.0,266.0,1.0,0.860294117647059,0.25,0.0,3.0,4.0,0.0,0.0
0.0,22.0,143.0,10.0,0.0,2.0,0.0,13.0,4.0,29.0,0.0,5.0,4.0,3.0,45.0,1.0,3.0,12.0,31.0,2.0,0.0,11.0,1.0,34.0,12.0,5.0,26.0,88.0,21.0,0.51,10.0,47.0,10.0,34.0,2.0,3.0,4.0,0.0,3.0,0.0,18.0,1.0,8.0,3.0,0.0,18.0,6.66666666666667,1.0,78.0,26.6666666666667,1.0,3.0,1.8,0.0,3.0,3.0,3.0,287.0,1.0,0.377622377622378,0.333333333333333,0.0,4.0,3.0,1.0,0.0
3.0,9.0,214.0,4.0,0.0,1.0,2.0,17.0,2.0,14.0,0.0,3.0,2.0,9.0,73.0,3.0,9.0,16.0,46.0,0.0,6.0,5.0,6.0,53.0,16.0,11.0,46.0,115.0,31.0,0.63,27.0,77.0,4.0,58.0,0.0,9.0,2.0,55.0,2.0,0.0,5.0,2.0,5.0,4.0,2.0,15.0,6.0,1.0,6.0,2.11111111111111,1.0,2.0,0.692307692307692,0.0,3.0,3.0,3.0,429.0,1.0,0.97196261682243,0.333333333333333,0.0,1.0,3.0,1.0,0.0
1.0,21.0,201.0,16.0,0.0,1.0,2.0,24.0,4.0,29.0,0.0,6.0,4.0,5.0,61.0,1.0,5.0,20.0,30.0,0.0,2.0,20.0,4.0,65.0,20.0,5.0,28.0,119.0,49.0,0.51,21.0,77.0,16.0,57.0,1.0,5.0,5.0,60.0,2.0,0.0,3.0,1.0,6.0,4.0,2.0,28.0,9.4,1.0,432.0,87.2,1.0,2.0,0.857142857142857,0.0,4.0,4.0,3.0,417.0,15.0,0.771144278606965,0.5,0.0,2.0,3.0,1.0,0.0
0.0,8.0,171.0,4.0,0.0,1.0,0.0,17.0,2.0,13.0,0.0,5.0,2.0,9.0,71.0,1.0,9.0,16.0,25.0,0.0,2.0,5.0,9.0,29.0,16.0,9.0,25.0,85.0,20.0,0.84,15.0,45.0,4.0,30.0,0.0,9.0,2.0,38.0,1.0,0.0,4.0,2.0,5.0,2.44444444444444,0.0,3.0,1.88888888888889,0.0,4.0,1.55555555555556,1.0,3.0,1.0,0.0,3.0,3.0,3.0,343.0,1.0,0.847953216374269,0.333333333333333,0.0,3.0,3.0,1.0,0.0
0.0,5.0,107.0,2.0,0.0,1.0,1.0,7.0,1.0,9.0,0.0,3.0,1.0,6.0,55.0,1.0,6.0,7.0,17.0,0.0,1.0,2.0,6.0,12.0,7.0,6.0,17.0,42.0,9.0,1.31,10.0,26.0,2.0,18.0,0.0,6.0,1.0,58.0,2.0,0.0,2.0,1.0,4.0,1.66666666666667,0.0,4.0,1.83333333333333,0.0,2.0,1.16666666666667,1.0,1.0,0.375,0.0,4.0,4.0,3.0,282.0,68.0,0.626168224299065,0.5,0.0,4.0,3.0,1.0,0.0
0.0,16.0,1033.0,10.0,0.0,2.0,10.0,113.0,3.0,26.0,1.0,9.0,3.0,32.0,363.0,4.0,32.0,101.0,166.0,10.0,4.0,13.0,22.0,283.0,101.0,48.0,155.0,578.0,178.0,0.63,92.0,333.0,10.0,237.0,1.0,31.0,4.0,92.0,1.0,1.0,29.0,3.0,11.0,3.3125,1.0,23.0,6.15625,1.0,72.0,7.6875,1.0,4.0,1.2972972972973,0.0,26.0,26.0,9.0,2546.0,359.0,0.348499515972894,0.346153846153846,3.0,5.0,6.0,3.0,2.0
3.0,9.0,779.0,8.0,5.0,1.0,4.0,83.0,2.0,12.0,0.0,2.0,2.0,50.0,196.0,5.0,50.0,82.0,131.0,0.0,22.0,8.0,42.0,226.0,82.0,50.0,133.0,505.0,174.0,0.39,78.0,307.0,8.0,223.0,0.0,50.0,2.0,100.0,1.0,0.0,19.0,3.0,7.0,2.56,1.0,23.0,3.3,1.0,31.0,2.06,1.0,3.0,0.428571428571429,0.0,5.0,5.0,3.0,1560.0,10.0,0.7599486521181,0.4,0.0,2.0,3.0,3.0,0.0
1.0,13.0,70.0,4.0,0.0,1.0,0.0,5.0,3.0,20.0,1.0,7.0,3.0,2.0,33.0,1.0,2.0,5.0,9.0,0.0,0.0,4.0,1.0,10.0,5.0,2.0,10.0,33.0,6.0,1.0,4.0,16.0,4.0,10.0,0.0,1.0,3.0,0.0,1.0,0.0,1.0,1.0,8.0,4.0,0.0,3.0,2.0,1.0,4.0,2.5,1.0,3.0,2.25,0.0,3.0,3.0,3.0,131.0,3.0,0.657142857142857,0.333333333333333,0.0,3.0,3.0,0.0,0.0
3.0,7.0,584.0,13.0,7.0,1.0,4.0,67.0,2.0,11.0,0.0,4.0,2.0,38.0,187.0,5.0,38.0,65.0,95.0,1.0,11.0,14.0,27.0,131.0,65.0,48.0,92.0,329.0,103.0,0.57,68.0,195.0,13.0,131.0,0.0,38.0,2.0,81.0,3.0,2.0,9.0,2.0,8.0,1.92105263157895,0.0,19.0,2.84210526315789,0.0,244.0,7.84210526315789,1.0,3.0,0.613636363636364,0.0,23.0,23.0,7.0,1381.0,218.0,0.51027397260274,0.478260869565217,5.0,2.0,2.0,4.0,0.0
0.0,14.0,90.0,4.0,0.0,1.0,1.0,5.0,3.0,22.0,0.0,6.0,3.0,2.0,40.0,1.0,2.0,5.0,15.0,0.0,1.0,4.0,2.0,16.0,5.0,2.0,15.0,41.0,9.0,0.98,9.0,24.0,4.0,18.0,1.0,2.0,3.0,50.0,4.0,0.0,4.0,1.0,2.0,1.5,1.0,8.0,4.5,1.0,4.0,2.5,1.0,4.0,2.0,0.0,4.0,4.0,3.0,183.0,3.0,0.788888888888889,0.5,0.0,3.0,3.0,0.0,0.0
0.0,4.0,80.0,1.0,0.0,1.0,1.0,3.0,1.0,12.0,0.0,8.0,1.0,3.0,49.0,1.0,3.0,3.0,12.0,0.0,1.0,1.0,3.0,5.0,3.0,3.0,12.0,24.0,4.0,2.04,7.0,16.0,1.0,12.0,0.0,3.0,1.0,66.0,4.0,0.0,2.0,1.0,5.0,2.33333333333333,1.0,5.0,2.66666666666667,1.0,1.0,1.0,1.0,0.0,0.0,0.0,4.0,4.0,3.0,160.0,1.0,0.7875,0.5,0.0,3.0,3.0,0.0,0.0
1.0,9.0,335.0,8.0,0.0,1.0,0.0,28.0,2.0,15.0,0.0,5.0,2.0,16.0,119.0,3.0,16.0,28.0,55.0,4.0,5.0,8.0,11.0,64.0,28.0,16.0,55.0,167.0,44.0,0.71,49.0,99.0,8.0,74.0,1.0,16.0,2.0,81.0,4.0,1.0,9.0,2.0,9.0,2.6875,0.0,25.0,3.375,0.0,40.0,3.5,1.0,4.0,0.65,0.0,4.0,4.0,4.0,678.0,2.0,0.550595238095238,0.25,0.0,3.0,4.0,2.0,0.0
0.0,13.0,459.0,16.0,0.0,2.0,1.0,49.0,3.0,22.0,0.0,7.0,3.0,17.0,155.0,1.0,17.0,46.0,62.0,0.0,6.0,16.0,17.0,112.0,46.0,26.0,67.0,253.0,83.0,0.61,51.0,150.0,16.0,103.0,1.0,17.0,3.0,80.0,3.0,2.0,13.0,1.0,5.0,2.41176470588235,1.0,18.0,5.17647058823529,1.0,49.0,5.58823529411765,1.0,3.0,0.894736842105263,0.0,16.0,16.0,5.0,816.0,86.0,0.479302832244009,0.5,0.0,4.0,5.0,1.0,1.0
0.0,17.0,207.0,6.0,0.0,1.0,1.0,13.0,3.0,23.0,0.0,4.0,3.0,4.0,99.0,1.0,4.0,13.0,25.0,0.0,2.0,6.0,4.0,36.0,13.0,4.0,24.0,89.0,21.0,1.11,19.0,45.0,6.0,31.0,2.0,4.0,3.0,58.0,1.0,0.0,1.0,2.0,5.0,2.5,0.0,9.0,4.5,0.0,16.0,6.0,1.0,3.0,1.66666666666667,0.0,7.0,7.0,4.0,453.0,38.0,0.893719806763285,0.428571428571429,0.0,2.0,4.0,2.0,2.0
3.0,10.0,268.0,5.0,2.0,1.0,1.0,33.0,2.0,11.0,0.0,1.0,2.0,16.0,46.0,2.0,16.0,25.0,65.0,0.0,12.0,9.0,11.0,90.0,25.0,18.0,64.0,195.0,46.0,0.24,27.0,110.0,5.0,83.0,0.0,16.0,2.0,88.0,1.0,0.0,5.0,2.0,9.0,3.625,0.0,21.0,4.375,0.0,12.0,2.0625,1.0,3.0,0.684210526315789,0.0,6.0,6.0,3.0,570.0,22.0,0.944029850746269,0.666666666666667,0.0,1.0,3.0,2.0,0.0
0.0,4.0,48.0,1.0,0.0,1.0,1.0,2.0,1.0,7.0,2.0,3.0,1.0,2.0,32.0,1.0,2.0,2.0,5.0,0.0,0.0,1.0,2.0,3.0,2.0,2.0,5.0,13.0,2.0,2.46,3.0,7.0,1.0,4.0,0.0,0.0,1.0,0.0,1.0,0.0,0.0,1.0,6.0,4.0,2.0,1.0,1.0,1.0,1.0,1.0,1.0,0.0,0.0,0.0,3.0,3.0,2.0,96.0,0.0,1.0,0.666666666666667,0.0,1.0,2.0,0.0,0.0
0.0,7.0,693.0,5.0,3.0,1.0,1.0,59.0,2.0,14.0,0.0,6.0,2.0,36.0,319.0,1.0,36.0,59.0,91.0,11.0,5.0,5.0,22.0,120.0,59.0,36.0,88.0,316.0,91.0,1.01,58.0,179.0,5.0,120.0,0.0,36.0,2.0,93.0,2.0,26.0,41.0,1.0,15.0,3.13888888888889,0.0,14.0,3.08333333333333,0.0,16.0,1.94444444444444,1.0,2.0,0.578947368421053,0.0,23.0,23.0,8.0,1668.0,269.0,0.489177489177489,0.391304347826087,3.0,4.0,5.0,6.0,0.0
0.0,4.0,43.0,1.0,0.0,1.0,1.0,1.0,1.0,12.0,0.0,8.0,1.0,1.0,30.0,1.0,1.0,1.0,5.0,0.0,0.0,1.0,1.0,2.0,1.0,1.0,5.0,10.0,1.0,3.0,3.0,6.0,1.0,4.0,0.0,1.0,1.0,100.0,3.0,0.0,0.0,1.0,3.0,3.0,3.0,2.0,2.0,2.0,1.0,1.0,1.0,0.0,0.0,0.0,2.0,2.0,2.0,86.0,0.0,0.325581395348837,0.5,0.0,5.0,2.0,0.0,0.0
0.0,1.0,121.0,1.0,0.0,1.0,0.0,9.0,1.0,8.0,0.0,6.0,1.0,9.0,86.0,1.0,9.0,9.0,17.0,0.0,0.0,1.0,9.0,1.0,9.0,9.0,17.0,22.0,1.0,3.91,13.0,18.0,1.0,16.0,0.0,9.0,1.0,0.0,2.0,1.0,1.0,1.0,15.0,3.0,0.0,3.0,1.22222222222222,1.0,1.0,1.0,1.0,0.0,0.0,0.0,3.0,3.0,3.0,294.0,26.0,0.380165289256198,0.333333333333333,0.0,4.0,3.0,2.0,0.0
0.0,13.0,276.0,9.0,0.0,1.0,3.0,21.0,2.0,23.0,0.0,9.0,2.0,9.0,113.0,3.0,9.0,20.0,43.0,1.0,0.0,10.0,8.0,64.0,20.0,11.0,40.0,139.0,43.0,0.81,24.0,83.0,9.0,62.0,1.0,9.0,2.0,93.0,2.0,0.0,22.0,2.0,9.0,3.44444444444444,0.0,31.0,6.44444444444444,1.0,18.0,3.22222222222222,1.0,2.0,0.692307692307692,0.0,13.0,13.0,6.0,581.0,25.0,0.286231884057971,0.461538461538462,0.0,4.0,6.0,6.0,2.0
0.0,35.0,211.0,16.0,0.0,1.0,1.0,21.0,6.0,53.0,0.0,15.0,6.0,3.0,66.0,1.0,3.0,18.0,41.0,1.0,0.0,19.0,2.0,56.0,18.0,3.0,36.0,131.0,31.0,0.5,14.0,67.0,16.0,47.0,2.0,3.0,7.0,66.0,2.0,3.0,21.0,1.0,6.0,2.33333333333333,0.0,38.0,13.6666666666667,1.0,150.0,50.6666666666667,1.0,6.0,3.6,0.0,12.0,12.0,6.0,541.0,126.0,0.853080568720379,0.5,0.0,2.0,6.0,3.0,0.0
0.0,9.0,409.0,7.0,0.0,1.0,1.0,46.0,2.0,15.0,0.0,6.0,2.0,21.0,161.0,1.0,21.0,44.0,41.0,0.0,3.0,7.0,21.0,73.0,44.0,21.0,41.0,215.0,60.0,0.75,33.0,101.0,7.0,57.0,0.0,21.0,2.0,75.0,2.0,3.0,5.0,1.0,18.0,4.52380952380952,0.0,15.0,2.57142857142857,0.0,11.0,2.23809523809524,1.0,4.0,1.1304347826087,0.0,5.0,5.0,4.0,833.0,15.0,0.378973105134474,0.4,0.0,5.0,4.0,3.0,2.0
0.0,10.0,99.0,4.0,0.0,2.0,1.0,7.0,2.0,20.0,0.0,8.0,2.0,3.0,45.0,1.0,3.0,6.0,19.0,1.0,0.0,5.0,2.0,17.0,6.0,6.0,19.0,42.0,9.0,1.07,12.0,28.0,4.0,21.0,2.0,3.0,2.0,100.0,2.0,8.0,8.0,1.0,12.0,5.33333333333333,2.0,9.0,4.33333333333333,2.0,4.0,2.0,1.0,1.0,0.6,0.0,9.0,9.0,6.0,300.0,129.0,0.393939393939394,0.222222222222222,0.0,6.0,6.0,1.0,1.0
3.0,33.0,737.0,15.0,1.0,3.0,4.0,85.0,6.0,48.0,0.0,11.0,6.0,13.0,192.0,1.0,13.0,74.0,102.0,3.0,4.0,21.0,6.0,241.0,74.0,37.0,96.0,471.0,144.0,0.41,79.0,240.0,15.0,173.0,4.0,13.0,7.0,79.0,1.0,2.0,28.0,2.0,11.0,5.76923076923077,2.0,33.0,11.4615384615385,1.0,103.0,22.7692307692308,1.0,5.0,2.53333333333333,0.0,19.0,19.0,8.0,1521.0,76.0,0.424694708276798,0.263157894736842,0.0,3.0,8.0,3.0,8.0
0.0,7.0,217.0,2.0,0.0,1.0,2.0,11.0,1.0,13.0,0.0,5.0,1.0,10.0,135.0,2.0,10.0,11.0,23.0,2.0,1.0,2.0,8.0,21.0,11.0,10.0,25.0,67.0,14.0,2.01,15.0,39.0,2.0,27.0,0.0,10.0,1.0,72.0,2.0,1.0,2.0,2.0,3.0,1.4,0.0,3.0,1.9,1.0,2.0,1.1,1.0,1.0,0.230769230769231,0.0,4.0,4.0,3.0,440.0,6.0,0.3963133640553,0.5,0.0,4.0,3.0,4.0,1.0
0.0,4.0,233.0,5.0,0.0,1.0,0.0,20.0,1.0,10.0,0.0,6.0,1.0,16.0,135.0,1.0,16.0,20.0,27.0,0.0,2.0,5.0,16.0,22.0,20.0,16.0,27.0,74.0,17.0,1.82,24.0,44.0,5.0,31.0,0.0,16.0,1.0,90.0,1.0,3.0,6.0,1.0,16.0,4.375,0.0,8.0,1.5625,1.0,9.0,1.5,1.0,1.0,0.166666666666667,0.0,3.0,3.0,3.0,437.0,3.0,0.397435897435897,0.333333333333333,0.0,5.0,3.0,0.0,0.0
0.0,19.0,473.0,9.0,0.0,2.0,0.0,43.0,3.0,30.0,0.0,10.0,3.0,13.0,156.0,1.0,13.0,40.0,92.0,8.0,1.0,9.0,5.0,131.0,40.0,23.0,77.0,282.0,65.0,0.55,35.0,142.0,9.0,104.0,1.0,13.0,3.0,92.0,1.0,1.0,35.0,2.0,10.0,3.0,0.0,18.0,7.46153846153846,1.0,72.0,7.84615384615385,1.0,6.0,1.625,0.0,7.0,7.0,5.0,951.0,8.0,0.76271186440678,0.285714285714286,0.0,2.0,5.0,6.0,1.0
0.0,3.0,36.0,1.0,0.0,1.0,1.0,1.0,1.0,6.0,0.0,3.0,1.0,1.0,24.0,1.0,1.0,1.0,5.0,0.0,0.0,1.0,1.0,1.0,1.0,1.0,5.0,9.0,0.0,2.67,3.0,5.0,1.0,3.0,0.0,1.0,1.0,100.0,1.0,1.0,0.0,2.0,2.0,2.0,2.0,1.0,1.0,1.0,1.0,1.0,1.0,0.0,0.0,0.0,2.0,2.0,2.0,72.0,0.0,0.583333333333333,0.5,0.0,3.0,2.0,0.0,0.0
0.0,1.0,60.0,1.0,2.0,1.0,0.0,2.0,1.0,13.0,0.0,12.0,1.0,2.0,48.0,1.0,2.0,2.0,7.0,0.0,0.0,1.0,0.0,0.0,2.0,2.0,7.0,9.0,0.0,5.33,3.0,7.0,1.0,6.0,0.0,2.0,1.0,0.0,1.0,2.0,4.0,1.0,7.0,5.5,4.0,1.0,1.0,1.0,1.0,1.0,1.0,0.0,0.0,0.0,2.0,2.0,2.0,120.0,0.0,0.6,0.5,0.0,4.0,2.0,1.0,0.0
0.0,1.0,124.0,1.0,5.0,1.0,0.0,5.0,1.0,12.0,0.0,11.0,1.0,5.0,106.0,1.0,5.0,5.0,10.0,0.0,0.0,1.0,0.0,0.0,5.0,5.0,10.0,12.0,0.0,8.83,6.0,10.0,1.0,9.0,0.0,5.0,1.0,0.0,0.0,1.0,4.0,0.0,17.0,5.0,1.0,1.0,0.4,0.0,1.0,1.0,1.0,0.0,0.0,0.0,3.0,3.0,3.0,249.0,1.0,0.806451612903226,0.333333333333333,0.0,3.0,3.0,2.0,0.0
0.0,1.0,74.0,1.0,5.0,1.0,0.0,5.0,1.0,8.0,0.0,7.0,1.0,5.0,57.0,1.0,5.0,5.0,9.0,0.0,0.0,1.0,0.0,0.0,5.0,5.0,9.0,11.0,0.0,5.18,6.0,9.0,1.0,8.0,0.0,5.0,1.0,0.0,0.0,2.0,3.0,0.0,4.0,2.6,2.0,1.0,0.6,0.0,1.0,1.0,1.0,0.0,0.0,0.0,3.0,3.0,3.0,168.0,20.0,0.594594594594595,0.333333333333333,0.0,4.0,3.0,0.0,0.0
0.0,1.0,35.0,1.0,1.0,1.0,0.0,1.0,1.0,6.0,0.0,5.0,1.0,1.0,27.0,1.0,1.0,1.0,4.0,0.0,0.0,1.0,0.0,0.0,1.0,1.0,4.0,6.0,0.0,4.5,2.0,4.0,1.0,3.0,0.0,1.0,1.0,0.0,1.0,1.0,1.0,1.0,1.0,1.0,1.0,1.0,1.0,1.0,1.0,1.0,1.0,0.0,0.0,0.0,2.0,2.0,2.0,70.0,0.0,0.571428571428571,0.5,0.0,3.0,2.0,0.0,0.0
0.0,6.0,430.0,12.0,0.0,1.0,1.0,39.0,1.0,11.0,0.0,5.0,1.0,27.0,191.0,1.0,27.0,38.0,53.0,0.0,12.0,13.0,27.0,66.0,38.0,27.0,55.0,192.0,58.0,0.99,47.0,113.0,12.0,76.0,0.0,27.0,1.0,93.0,1.0,0.0,1.0,2.0,12.0,4.85185185185185,1.0,20.0,1.77777777777778,1.0,96.0,4.51851851851852,1.0,6.0,0.620689655172414,0.0,6.0,6.0,5.0,847.0,8.0,0.804651162790698,0.333333333333333,0.0,2.0,5.0,5.0,1.0
1.0,4.0,94.0,2.0,0.0,1.0,2.0,8.0,1.0,7.0,1.0,3.0,1.0,7.0,46.0,1.0,7.0,8.0,13.0,0.0,0.0,2.0,6.0,9.0,8.0,7.0,13.0,38.0,7.0,1.21,10.0,20.0,2.0,11.0,0.0,6.0,1.0,85.0,1.0,0.0,1.0,2.0,2.0,0.714285714285714,0.0,2.0,1.0,0.0,2.0,1.14285714285714,1.0,3.0,0.6,0.0,1.0,1.0,1.0,94.0,0.0,1.0,1.0,0.0,1.0,1.0,0.0,0.0
1.0,4.0,97.0,2.0,0.0,1.0,2.0,8.0,1.0,7.0,1.0,3.0,1.0,7.0,50.0,1.0,7.0,8.0,13.0,0.0,0.0,2.0,6.0,8.0,8.0,7.0,13.0,37.0,6.0,1.35,10.0,19.0,2.0,10.0,0.0,6.0,1.0,85.0,1.0,0.0,1.0,2.0,2.0,0.571428571428571,0.0,1.0,0.714285714285714,0.0,2.0,1.14285714285714,1.0,1.0,0.333333333333333,0.0,2.0,2.0,2.0,194.0,0.0,0.804123711340206,0.5,0.0,3.0,2.0,1.0,0.0
0.0,8.0,83.0,3.0,0.0,1.0,0.0,6.0,2.0,13.0,0.0,5.0,2.0,3.0,43.0,1.0,3.0,5.0,11.0,0.0,1.0,4.0,3.0,9.0,5.0,3.0,11.0,33.0,7.0,1.3,8.0,18.0,3.0,12.0,0.0,3.0,2.0,33.0,1.0,0.0,3.0,2.0,2.0,1.33333333333333,0.0,9.0,3.66666666666667,0.0,3.0,1.66666666666667,1.0,1.0,0.6,0.0,4.0,4.0,3.0,194.0,45.0,0.674698795180723,0.5,0.0,3.0,3.0,1.0,0.0
0.0,8.0,134.0,2.0,0.0,1.0,0.0,10.0,1.0,12.0,0.0,4.0,1.0,7.0,52.0,1.0,7.0,10.0,22.0,0.0,1.0,2.0,7.0,24.0,10.0,7.0,22.0,69.0,17.0,0.75,13.0,39.0,2.0,27.0,0.0,7.0,1.0,14.0,1.0,0.0,6.0,2.0,3.0,1.42857142857143,0.0,9.0,2.57142857142857,0.0,2.0,1.42857142857143,1.0,2.0,0.888888888888889,0.0,3.0,3.0,3.0,269.0,1.0,0.805970149253731,0.333333333333333,0.0,3.0,3.0,1.0,0.0
0.0,12.0,220.0,7.0,0.0,1.0,1.0,21.0,3.0,20.0,0.0,7.0,3.0,8.0,84.0,1.0,8.0,20.0,37.0,3.0,0.0,8.0,5.0,46.0,20.0,11.0,36.0,117.0,33.0,0.72,19.0,69.0,7.0,48.0,1.0,8.0,3.0,62.0,2.0,3.0,9.0,1.0,4.0,2.125,0.0,15.0,5.75,1.0,22.0,4.875,1.0,3.0,1.2,0.0,8.0,8.0,3.0,475.0,53.0,1.0,0.625,0.0,1.0,3.0,0.0,2.0
1.0,16.0,229.0,7.0,0.0,1.0,1.0,26.0,3.0,24.0,0.0,6.0,3.0,7.0,71.0,1.0,7.0,24.0,36.0,4.0,1.0,8.0,2.0,53.0,24.0,7.0,35.0,137.0,40.0,0.52,21.0,75.0,7.0,51.0,1.0,7.0,4.0,71.0,1.0,4.0,6.0,3.0,9.0,6.0,4.0,10.0,5.85714285714286,1.0,18.0,5.71428571428571,1.0,5.0,2.5,0.0,10.0,10.0,6.0,524.0,62.0,0.296943231441048,0.3,0.0,6.0,6.0,0.0,2.0
0.0,17.0,165.0,5.0,0.0,2.0,0.0,15.0,3.0,23.0,0.0,5.0,3.0,5.0,49.0,1.0,5.0,15.0,33.0,0.0,2.0,5.0,5.0,46.0,15.0,8.0,27.0,103.0,28.0,0.48,14.0,55.0,5.0,40.0,1.0,5.0,3.0,30.0,2.0,3.0,9.0,1.0,10.0,4.6,3.0,16.0,7.4,2.0,6.0,3.4,1.0,3.0,1.85714285714286,0.0,8.0,8.0,6.0,403.0,51.0,0.636363636363636,0.375,0.0,3.0,6.0,3.0,1.0
0.0,1.0,35.0,1.0,1.0,1.0,0.0,1.0,1.0,6.0,0.0,5.0,1.0,1.0,28.0,1.0,1.0,1.0,3.0,0.0,0.0,1.0,0.0,0.0,1.0,1.0,3.0,5.0,0.0,5.6,2.0,3.0,1.0,2.0,0.0,1.0,1.0,0.0,1.0,1.0,0.0,1.0,1.0,1.0,1.0,1.0,1.0,1.0,1.0,1.0,1.0,0.0,0.0,0.0,2.0,2.0,2.0,70.0,0.0,0.6,0.5,0.0,2.0,2.0,1.0,0.0
0.0,14.0,127.0,5.0,0.0,1.0,0.0,11.0,3.0,19.0,0.0,4.0,3.0,4.0,47.0,1.0,4.0,11.0,19.0,2.0,0.0,5.0,2.0,29.0,11.0,4.0,19.0,69.0,21.0,0.68,11.0,40.0,5.0,28.0,0.0,4.0,3.0,0.0,3.0,0.0,6.0,1.0,4.0,3.5,3.0,10.0,5.75,2.0,8.0,4.25,1.0,2.0,1.16666666666667,0.0,4.0,4.0,3.0,274.0,6.0,0.637795275590551,0.5,0.0,3.0,3.0,3.0,2.0
0.0,1.0,68.0,1.0,4.0,1.0,0.0,4.0,1.0,9.0,0.0,8.0,1.0,4.0,54.0,1.0,4.0,4.0,8.0,0.0,0.0,1.0,0.0,0.0,4.0,4.0,8.0,9.0,0.0,6.0,5.0,8.0,1.0,7.0,0.0,4.0,1.0,0.0,0.0,2.0,2.0,0.0,3.0,1.75,1.0,1.0,1.0,1.0,1.0,1.0,1.0,0.0,0.0,0.0,4.0,4.0,4.0,143.0,6.0,0.72463768115942,0.25,0.0,3.0,4.0,2.0,0.0
0.0,20.0,189.0,9.0,0.0,1.0,0.0,17.0,4.0,28.0,0.0,6.0,4.0,4.0,80.0,1.0,4.0,16.0,31.0,2.0,1.0,10.0,2.0,42.0,16.0,4.0,31.0,96.0,31.0,0.83,13.0,62.0,9.0,46.0,1.0,4.0,4.0,0.0,3.0,0.0,5.0,1.0,16.0,10.0,4.0,12.0,6.5,3.0,40.0,13.0,1.0,3.0,1.83333333333333,0.0,5.0,5.0,5.0,388.0,5.0,0.899470899470899,0.2,0.0,2.0,5.0,1.0,2.0
0.0,18.0,176.0,5.0,0.0,2.0,1.0,13.0,3.0,24.0,0.0,4.0,3.0,5.0,47.0,1.0,5.0,13.0,37.0,0.0,1.0,5.0,5.0,54.0,13.0,10.0,34.0,113.0,32.0,0.42,16.0,66.0,5.0,52.0,1.0,5.0,3.0,50.0,2.0,0.0,13.0,1.0,6.0,2.8,1.0,22.0,8.4,2.0,8.0,3.4,1.0,2.0,1.14285714285714,0.0,12.0,12.0,7.0,396.0,64.0,0.488636363636364,0.25,0.0,5.0,7.0,3.0,2.0
0.0,12.0,189.0,5.0,0.0,1.0,0.0,11.0,3.0,21.0,0.0,7.0,3.0,4.0,107.0,1.0,4.0,10.0,25.0,2.0,0.0,6.0,2.0,23.0,10.0,4.0,25.0,68.0,14.0,1.57,14.0,39.0,5.0,28.0,1.0,4.0,3.0,0.0,3.0,0.0,10.0,1.0,5.0,2.5,1.0,11.0,6.25,2.0,7.0,3.0,1.0,3.0,1.83333333333333,0.0,13.0,13.0,6.0,441.0,49.0,0.671957671957672,0.461538461538462,0.0,4.0,6.0,2.0,1.0
0.0,9.0,107.0,2.0,0.0,1.0,0.0,7.0,1.0,13.0,0.0,3.0,1.0,5.0,39.0,1.0,5.0,7.0,25.0,0.0,1.0,2.0,5.0,24.0,7.0,5.0,20.0,58.0,14.0,0.67,10.0,34.0,2.0,26.0,0.0,5.0,1.0,19.0,2.0,0.0,6.0,1.0,3.0,1.8,1.0,10.0,5.2,1.0,2.0,1.4,1.0,1.0,0.571428571428571,0.0,2.0,2.0,2.0,216.0,0.0,0.62037037037037,0.5,0.0,3.0,2.0,1.0,0.0
0.0,16.0,102.0,4.0,0.0,1.0,0.0,8.0,3.0,21.0,0.0,5.0,3.0,3.0,36.0,1.0,3.0,8.0,14.0,0.0,3.0,4.0,3.0,24.0,8.0,3.0,15.0,59.0,18.0,0.61,7.0,33.0,4.0,24.0,0.0,3.0,3.0,44.0,1.0,0.0,3.0,1.0,7.0,4.66666666666667,3.0,6.0,3.66666666666667,1.0,4.0,3.0,1.0,2.0,1.4,0.0,1.0,1.0,1.0,102.0,0.0,1.0,1.0,0.0,1.0,1.0,0.0,0.0
0.0,10.0,150.0,3.0,0.0,1.0,0.0,10.0,2.0,17.0,0.0,6.0,2.0,6.0,58.0,1.0,6.0,10.0,31.0,0.0,2.0,3.0,6.0,35.0,10.0,6.0,25.0,79.0,24.0,0.73,13.0,49.0,3.0,38.0,0.0,6.0,2.0,33.0,2.0,0.0,11.0,1.0,10.0,4.66666666666667,1.0,15.0,4.83333333333333,1.0,4.0,2.0,1.0,3.0,0.777777777777778,0.0,7.0,7.0,6.0,297.0,4.0,0.766666666666667,0.285714285714286,0.0,3.0,6.0,2.0,1.0
0.0,8.0,281.0,4.0,0.0,1.0,0.0,34.0,2.0,13.0,0.0,5.0,2.0,16.0,112.0,1.0,16.0,29.0,37.0,2.0,4.0,6.0,14.0,53.0,29.0,16.0,35.0,143.0,40.0,0.78,27.0,75.0,4.0,47.0,0.0,16.0,2.0,78.0,1.0,3.0,11.0,2.0,14.0,3.3125,0.0,10.0,3.5625,1.0,4.0,1.75,1.0,3.0,0.888888888888889,0.0,7.0,7.0,4.0,575.0,14.0,0.397163120567376,0.571428571428571,0.0,5.0,4.0,1.0,0.0
0.0,10.0,158.0,6.0,0.0,1.0,0.0,15.0,2.0,15.0,0.0,3.0,2.0,8.0,54.0,2.0,8.0,15.0,20.0,0.0,1.0,6.0,8.0,34.0,15.0,8.0,21.0,88.0,26.0,0.61,16.0,47.0,6.0,30.0,0.0,8.0,2.0,14.0,1.0,0.0,6.0,2.0,3.0,1.75,0.0,10.0,2.625,0.0,20.0,3.625,1.0,1.0,0.454545454545455,0.0,2.0,2.0,2.0,318.0,0.0,0.477987421383648,0.5,0.0,5.0,2.0,2.0,1.0
0.0,4.0,35.0,1.0,0.0,1.0,0.0,1.0,1.0,4.0,0.0,0.0,1.0,1.0,24.0,1.0,1.0,1.0,4.0,0.0,0.0,1.0,1.0,1.0,1.0,1.0,4.0,9.0,1.0,2.67,2.0,5.0,1.0,3.0,0.0,1.0,1.0,0.0,2.0,0.0,2.0,1.0,0.0,0.0,0.0,5.0,5.0,5.0,1.0,1.0,1.0,0.0,0.0,0.0,2.0,2.0,2.0,70.0,0.0,0.542857142857143,0.5,0.0,3.0,2.0,1.0,0.0
0.0,1.0,50.0,1.0,3.0,1.0,0.0,3.0,1.0,6.0,0.0,5.0,1.0,3.0,37.0,1.0,3.0,3.0,8.0,0.0,0.0,1.0,0.0,0.0,3.0,3.0,8.0,9.0,0.0,4.11,4.0,8.0,1.0,7.0,0.0,3.0,1.0,0.0,1.0,1.0,1.0,2.0,8.0,6.33333333333333,5.0,1.0,1.0,1.0,1.0,1.0,1.0,0.0,0.0,0.0,2.0,2.0,2.0,102.0,0.0,0.647058823529412,0.5,0.0,3.0,2.0,0.0,0.0
0.0,1.0,37.0,1.0,1.0,1.0,0.0,1.0,1.0,6.0,0.0,5.0,1.0,1.0,29.0,1.0,1.0,1.0,5.0,0.0,0.0,1.0,0.0,0.0,1.0,1.0,5.0,6.0,0.0,4.83,2.0,5.0,1.0,4.0,0.0,1.0,1.0,0.0,1.0,1.0,1.0,1.0,0.0,0.0,0.0,1.0,1.0,1.0,1.0,1.0,1.0,0.0,0.0,0.0,2.0,2.0,2.0,76.0,0.0,0.578947368421053,0.5,0.0,3.0,2.0,0.0,0.0
0.0,1.0,35.0,1.0,1.0,1.0,0.0,1.0,1.0,6.0,0.0,5.0,1.0,1.0,26.0,1.0,1.0,1.0,5.0,0.0,0.0,1.0,0.0,0.0,1.0,1.0,5.0,7.0,0.0,3.71,2.0,5.0,1.0,4.0,0.0,1.0,1.0,0.0,1.0,2.0,1.0,1.0,6.0,6.0,6.0,1.0,1.0,1.0,1.0,1.0,1.0,0.0,0.0,0.0,2.0,2.0,2.0,70.0,0.0,0.514285714285714,0.5,0.0,3.0,2.0,1.0,0.0
0.0,9.0,196.0,4.0,0.0,1.0,0.0,19.0,2.0,15.0,0.0,5.0,2.0,9.0,75.0,1.0,9.0,16.0,37.0,1.0,3.0,6.0,8.0,39.0,16.0,12.0,30.0,100.0,27.0,0.75,21.0,57.0,4.0,41.0,0.0,9.0,2.0,51.0,2.0,3.0,8.0,3.0,7.0,4.33333333333333,1.0,15.0,4.22222222222222,1.0,4.0,1.77777777777778,1.0,3.0,1.16666666666667,0.0,3.0,3.0,3.0,402.0,8.0,0.538071065989848,0.333333333333333,0.0,5.0,3.0,0.0,0.0
0.0,10.0,99.0,3.0,0.0,1.0,0.0,5.0,2.0,21.0,0.0,9.0,2.0,3.0,51.0,1.0,3.0,5.0,18.0,0.0,0.0,3.0,3.0,16.0,5.0,3.0,15.0,40.0,8.0,1.27,8.0,23.0,3.0,17.0,1.0,3.0,2.0,0.0,3.0,0.0,6.0,1.0,7.0,3.66666666666667,1.0,9.0,4.33333333333333,2.0,4.0,2.0,1.0,1.0,0.6,0.0,3.0,3.0,3.0,205.0,2.0,0.61,0.333333333333333,0.0,4.0,3.0,1.0,0.0
0.0,1.0,52.0,1.0,3.0,1.0,0.0,3.0,1.0,6.0,0.0,5.0,1.0,3.0,37.0,1.0,3.0,3.0,9.0,0.0,0.0,1.0,0.0,0.0,3.0,3.0,9.0,11.0,0.0,3.36,4.0,9.0,1.0,8.0,0.0,3.0,1.0,0.0,2.0,1.0,3.0,1.0,3.0,2.66666666666667,2.0,1.0,1.0,1.0,1.0,1.0,1.0,0.0,0.0,0.0,2.0,2.0,2.0,104.0,0.0,0.538461538461538,0.5,0.0,5.0,2.0,0.0,0.0
0.0,5.0,74.0,1.0,0.0,1.0,0.0,3.0,1.0,13.0,0.0,8.0,1.0,3.0,47.0,1.0,3.0,3.0,12.0,0.0,0.0,1.0,3.0,4.0,3.0,3.0,10.0,23.0,4.0,2.04,4.0,14.0,1.0,10.0,0.0,3.0,1.0,0.0,3.0,0.0,5.0,1.0,6.0,3.66666666666667,1.0,5.0,3.0,2.0,1.0,1.0,1.0,0.0,0.0,0.0,2.0,2.0,2.0,150.0,0.0,0.52,0.5,0.0,5.0,2.0,0.0,0.0
0.0,4.0,49.0,1.0,0.0,1.0,0.0,2.0,1.0,8.0,0.0,4.0,1.0,2.0,31.0,1.0,2.0,2.0,7.0,0.0,0.0,1.0,2.0,2.0,2.0,2.0,7.0,15.0,2.0,2.07,3.0,9.0,1.0,6.0,0.0,2.0,1.0,0.0,3.0,0.0,4.0,1.0,4.0,2.0,0.0,4.0,3.0,2.0,1.0,1.0,1.0,0.0,0.0,0.0,2.0,2.0,2.0,98.0,0.0,0.428571428571429,0.5,0.0,4.0,2.0,0.0,0.0
0.0,6.0,113.0,2.0,0.0,1.0,0.0,10.0,1.0,10.0,0.0,3.0,1.0,7.0,50.0,1.0,7.0,10.0,14.0,0.0,1.0,2.0,7.0,17.0,10.0,7.0,14.0,52.0,14.0,0.96,11.0,28.0,2.0,17.0,0.0,7.0,1.0,0.0,1.0,1.0,3.0,2.0,6.0,2.85714285714286,1.0,3.0,1.85714285714286,1.0,2.0,1.42857142857143,1.0,1.0,0.555555555555556,0.0,4.0,4.0,4.0,231.0,3.0,0.763157894736842,0.25,0.0,3.0,4.0,3.0,0.0
0.0,1.0,38.0,1.0,1.0,1.0,0.0,1.0,1.0,8.0,0.0,7.0,1.0,1.0,31.0,1.0,1.0,1.0,4.0,0.0,0.0,1.0,0.0,0.0,1.0,1.0,4.0,5.0,0.0,6.2,2.0,4.0,1.0,3.0,0.0,1.0,1.0,0.0,0.0,2.0,1.0,0.0,1.0,1.0,1.0,0.0,0.0,0.0,1.0,1.0,1.0,0.0,0.0,0.0,2.0,2.0,2.0,78.0,0.0,0.58974358974359,0.5,0.0,3.0,2.0,0.0,0.0
0.0,9.0,134.0,3.0,0.0,1.0,1.0,10.0,2.0,13.0,0.0,3.0,2.0,6.0,45.0,1.0,6.0,9.0,29.0,0.0,3.0,3.0,6.0,31.0,9.0,8.0,27.0,78.0,18.0,0.58,11.0,45.0,3.0,35.0,0.0,6.0,2.0,41.0,1.0,0.0,7.0,2.0,7.0,3.33333333333333,1.0,10.0,4.5,1.0,3.0,1.5,1.0,4.0,1.22222222222222,0.0,3.0,3.0,2.0,271.0,3.0,0.656716417910448,0.666666666666667,0.0,4.0,2.0,1.0,0.0
0.0,1.0,39.0,1.0,2.0,1.0,0.0,2.0,1.0,5.0,0.0,4.0,1.0,2.0,29.0,1.0,2.0,2.0,6.0,0.0,0.0,1.0,0.0,0.0,2.0,2.0,6.0,7.0,0.0,4.14,3.0,6.0,1.0,5.0,0.0,2.0,1.0,0.0,1.0,1.0,1.0,1.0,3.0,2.5,2.0,1.0,1.0,1.0,1.0,1.0,1.0,0.0,0.0,0.0,2.0,2.0,2.0,80.0,0.0,0.4,0.5,0.0,3.0,2.0,0.0,0.0
0.0,7.0,197.0,5.0,0.0,1.0,1.0,20.0,2.0,13.0,0.0,5.0,2.0,10.0,82.0,1.0,10.0,18.0,30.0,1.0,2.0,6.0,9.0,36.0,18.0,10.0,30.0,95.0,25.0,0.86,20.0,55.0,5.0,38.0,0.0,10.0,2.0,63.0,1.0,2.0,7.0,2.0,5.0,2.3,0.0,10.0,2.7,0.0,12.0,2.3,1.0,2.0,0.666666666666667,0.0,10.0,10.0,5.0,407.0,11.0,0.715736040609137,0.3,0.0,4.0,5.0,1.0,0.0
0.0,12.0,201.0,9.0,0.0,1.0,1.0,19.0,2.0,18.0,0.0,4.0,2.0,8.0,62.0,1.0,8.0,19.0,38.0,0.0,1.0,9.0,8.0,52.0,19.0,10.0,38.0,120.0,32.0,0.52,19.0,70.0,9.0,50.0,0.0,8.0,2.0,68.0,1.0,0.0,11.0,2.0,5.0,2.125,0.0,22.0,5.0,0.0,35.0,5.625,1.0,4.0,1.4,0.0,3.0,3.0,2.0,405.0,3.0,0.791044776119403,0.666666666666667,0.0,3.0,2.0,1.0,0.0
10.0,9.0,1283.0,16.0,1.0,1.0,10.0,106.0,2.0,18.0,2.0,8.0,2.0,54.0,610.0,1.0,54.0,100.0,141.0,6.0,12.0,16.0,37.0,239.0,103.0,56.0,132.0,559.0,164.0,1.09,114.0,296.0,16.0,202.0,0.0,52.0,2.0,94.0,1.0,1.0,37.0,1.0,89.0,8.31481481481481,0.0,20.0,3.53703703703704,0.0,3456.0,65.7037037037037,1.0,3.0,0.517857142857143,0.0,32.0,32.0,8.0,2777.0,242.0,0.412177985948478,0.375,3.0,3.0,5.0,8.0,2.0
1.0,10.0,285.0,5.0,0.0,1.0,2.0,23.0,2.0,19.0,1.0,8.0,2.0,11.0,121.0,1.0,11.0,19.0,34.0,0.0,3.0,8.0,10.0,57.0,19.0,11.0,31.0,133.0,33.0,0.91,31.0,64.0,5.0,45.0,0.0,10.0,2.0,76.0,1.0,2.0,10.0,1.0,11.0,5.27272727272727,1.0,10.0,3.27272727272727,1.0,6.0,1.90909090909091,1.0,2.0,0.692307692307692,0.0,6.0,6.0,4.0,576.0,6.0,0.691228070175439,0.5,0.0,3.0,4.0,2.0,0.0
1.0,7.0,214.0,2.0,0.0,1.0,3.0,14.0,1.0,13.0,0.0,5.0,1.0,10.0,106.0,1.0,10.0,14.0,27.0,4.0,1.0,2.0,5.0,30.0,14.0,10.0,27.0,86.0,20.0,1.23,22.0,47.0,2.0,32.0,0.0,10.0,1.0,85.0,1.0,4.0,9.0,2.0,6.0,2.8,1.0,11.0,2.8,0.0,2.0,1.4,1.0,2.0,0.75,0.0,4.0,4.0,3.0,433.0,5.0,0.523364485981308,0.5,0.0,4.0,3.0,2.0,0.0
0.0,8.0,211.0,2.0,0.0,1.0,2.0,16.0,1.0,15.0,0.0,5.0,1.0,13.0,90.0,2.0,13.0,16.0,23.0,1.0,6.0,2.0,12.0,42.0,16.0,13.0,32.0,97.0,30.0,0.93,24.0,62.0,2.0,45.0,0.0,13.0,1.0,85.0,3.0,0.0,3.0,2.0,4.0,1.69230769230769,0.0,5.0,2.38461538461538,0.0,2.0,1.23076923076923,1.0,6.0,0.705882352941177,0.0,2.0,2.0,2.0,424.0,0.0,0.797169811320755,0.5,0.0,3.0,2.0,1.0,0.0
0.0,8.0,61.0,3.0,0.0,1.0,1.0,4.0,2.0,12.0,0.0,4.0,2.0,2.0,29.0,1.0,2.0,4.0,9.0,0.0,1.0,3.0,2.0,7.0,4.0,2.0,9.0,25.0,6.0,1.16,7.0,15.0,3.0,10.0,0.0,2.0,2.0,50.0,3.0,0.0,2.0,1.0,1.0,1.0,1.0,3.0,2.5,2.0,4.0,2.5,1.0,1.0,0.75,0.0,4.0,4.0,2.0,63.0,2.0,1.0,0.75,0.0,1.0,2.0,0.0,0.0
1.0,7.0,240.0,2.0,0.0,1.0,1.0,23.0,1.0,13.0,0.0,5.0,1.0,18.0,105.0,3.0,18.0,23.0,25.0,1.0,4.0,2.0,16.0,42.0,23.0,18.0,37.0,110.0,28.0,0.95,25.0,65.0,2.0,43.0,0.0,18.0,1.0,68.0,3.0,0.0,4.0,2.0,5.0,1.22222222222222,0.0,4.0,2.0,1.0,2.0,1.16666666666667,1.0,1.0,0.227272727272727,0.0,2.0,2.0,2.0,482.0,0.0,0.701244813278008,0.5,0.0,3.0,2.0,2.0,0.0
0.0,1.0,32.0,1.0,1.0,1.0,0.0,1.0,1.0,6.0,0.0,5.0,1.0,1.0,27.0,1.0,1.0,1.0,3.0,0.0,0.0,1.0,0.0,0.0,1.0,1.0,3.0,4.0,0.0,6.75,1.0,3.0,1.0,2.0,0.0,1.0,1.0,0.0,0.0,0.0,0.0,0.0,1.0,1.0,1.0,0.0,0.0,0.0,1.0,1.0,1.0,0.0,0.0,0.0,2.0,2.0,2.0,66.0,0.0,0.515151515151515,0.5,0.0,3.0,2.0,1.0,0.0
0.0,1.0,64.0,1.0,3.0,1.0,0.0,3.0,1.0,7.0,0.0,6.0,1.0,3.0,52.0,1.0,3.0,3.0,6.0,0.0,0.0,1.0,0.0,0.0,3.0,3.0,6.0,7.0,0.0,7.43,5.0,6.0,1.0,5.0,0.0,3.0,1.0,0.0,0.0,1.0,2.0,0.0,1.0,0.333333333333333,0.0,1.0,0.333333333333333,0.0,1.0,1.0,1.0,0.0,0.0,0.0,3.0,3.0,3.0,133.0,11.0,0.476923076923077,0.333333333333333,0.0,3.0,3.0,1.0,0.0
0.0,8.0,100.0,3.0,0.0,1.0,0.0,5.0,2.0,19.0,0.0,11.0,2.0,3.0,59.0,1.0,3.0,5.0,12.0,0.0,1.0,3.0,3.0,9.0,5.0,3.0,11.0,34.0,7.0,1.74,7.0,18.0,3.0,12.0,0.0,3.0,2.0,33.0,1.0,0.0,1.0,2.0,5.0,3.66666666666667,2.0,4.0,3.0,2.0,4.0,2.0,1.0,5.0,1.33333333333333,0.0,3.0,3.0,3.0,201.0,1.0,0.62,0.333333333333333,0.0,4.0,3.0,1.0,0.0
0.0,7.0,80.0,2.0,0.0,1.0,0.0,5.0,2.0,12.0,0.0,5.0,2.0,3.0,45.0,1.0,3.0,5.0,11.0,0.0,1.0,2.0,3.0,8.0,5.0,3.0,10.0,30.0,7.0,1.5,7.0,17.0,2.0,11.0,0.0,3.0,2.0,33.0,2.0,0.0,2.0,1.0,5.0,3.66666666666667,2.0,6.0,3.66666666666667,2.0,2.0,1.66666666666667,1.0,1.0,0.8,0.0,3.0,3.0,3.0,165.0,4.0,0.703703703703704,0.333333333333333,0.0,4.0,3.0,0.0,0.0
1.0,20.0,301.0,8.0,0.0,3.0,1.0,30.0,4.0,37.0,0.0,12.0,4.0,5.0,150.0,1.0,5.0,21.0,41.0,1.0,0.0,9.0,3.0,54.0,21.0,16.0,39.0,122.0,36.0,1.23,29.0,75.0,8.0,53.0,4.0,5.0,6.0,80.0,1.0,1.0,12.0,2.0,8.0,4.6,2.0,16.0,7.2,1.0,10.0,4.6,1.0,5.0,3.14285714285714,0.0,7.0,7.0,6.0,659.0,59.0,0.714285714285714,0.285714285714286,0.0,3.0,6.0,3.0,0.0
0.0,1.0,89.0,1.0,2.0,1.0,0.0,2.0,1.0,21.0,0.0,20.0,1.0,2.0,77.0,1.0,2.0,2.0,6.0,0.0,0.0,1.0,0.0,0.0,2.0,2.0,6.0,7.0,0.0,11.0,5.0,6.0,1.0,5.0,0.0,2.0,1.0,0.0,0.0,2.0,1.0,0.0,13.0,7.0,1.0,1.0,1.0,1.0,1.0,1.0,1.0,0.0,0.0,0.0,2.0,2.0,2.0,180.0,0.0,0.544444444444444,0.5,0.0,5.0,2.0,0.0,0.0
0.0,4.0,80.0,1.0,0.0,1.0,1.0,4.0,1.0,9.0,0.0,5.0,1.0,4.0,48.0,1.0,4.0,4.0,10.0,0.0,2.0,1.0,4.0,6.0,4.0,4.0,10.0,24.0,5.0,2.0,8.0,15.0,1.0,10.0,0.0,4.0,1.0,58.0,1.0,0.0,1.0,1.0,3.0,2.0,1.0,3.0,1.75,1.0,1.0,1.0,1.0,0.0,0.0,0.0,2.0,2.0,2.0,162.0,0.0,0.814814814814815,0.5,0.0,2.0,2.0,1.0,0.0
2.0,21.0,291.0,10.0,0.0,1.0,1.0,25.0,3.0,30.0,0.0,7.0,3.0,8.0,89.0,2.0,8.0,25.0,53.0,1.0,3.0,10.0,5.0,79.0,25.0,11.0,49.0,176.0,49.0,0.51,26.0,98.0,10.0,72.0,1.0,8.0,3.0,67.0,1.0,0.0,13.0,2.0,8.0,3.5,1.0,17.0,5.75,1.0,20.0,4.375,1.0,6.0,2.27272727272727,0.0,5.0,5.0,3.0,668.0,73.0,0.691780821917808,0.4,0.0,2.0,3.0,2.0,0.0
0.0,6.0,313.0,5.0,0.0,1.0,1.0,30.0,2.0,13.0,0.0,6.0,2.0,17.0,154.0,1.0,17.0,27.0,36.0,1.0,5.0,5.0,16.0,53.0,27.0,17.0,35.0,131.0,40.0,1.18,28.0,75.0,5.0,51.0,0.0,17.0,2.0,69.0,1.0,7.0,6.0,2.0,16.0,6.41176470588235,1.0,8.0,2.94117647058824,1.0,5.0,1.35294117647059,1.0,4.0,0.736842105263158,0.0,6.0,6.0,4.0,645.0,20.0,0.591054313099042,0.5,0.0,2.0,4.0,4.0,0.0
1.0,7.0,379.0,7.0,0.0,1.0,1.0,37.0,2.0,16.0,0.0,8.0,2.0,19.0,183.0,1.0,19.0,32.0,49.0,0.0,1.0,12.0,18.0,59.0,32.0,22.0,49.0,169.0,39.0,1.08,28.0,88.0,7.0,57.0,0.0,19.0,2.0,92.0,1.0,5.0,11.0,1.0,19.0,3.78947368421053,1.0,8.0,2.05263157894737,0.0,20.0,2.47368421052632,1.0,3.0,0.619047619047619,0.0,3.0,3.0,2.0,761.0,3.0,0.387862796833773,0.666666666666667,0.0,5.0,2.0,2.0,0.0
1.0,3.0,66.0,1.0,0.0,1.0,1.0,4.0,1.0,6.0,1.0,3.0,1.0,4.0,34.0,1.0,4.0,4.0,9.0,0.0,0.0,1.0,3.0,4.0,4.0,4.0,9.0,22.0,3.0,1.55,10.0,12.0,1.0,7.0,0.0,3.0,1.0,75.0,2.0,0.0,0.0,1.0,1.0,0.5,0.0,1.0,1.0,1.0,1.0,1.0,1.0,2.0,0.285714285714286,0.0,2.0,2.0,2.0,132.0,0.0,0.363636363636364,0.5,0.0,4.0,2.0,0.0,0.0
1.0,11.0,125.0,4.0,0.0,1.0,0.0,12.0,2.0,14.0,0.0,3.0,2.0,5.0,39.0,1.0,5.0,12.0,20.0,0.0,3.0,4.0,4.0,23.0,12.0,5.0,20.0,75.0,20.0,0.52,11.0,40.0,4.0,27.0,0.0,5.0,2.0,40.0,2.0,0.0,2.0,1.0,4.0,2.8,1.0,4.0,2.8,2.0,6.0,2.8,1.0,2.0,1.42857142857143,0.0,2.0,2.0,2.0,250.0,0.0,0.68,0.5,0.0,4.0,2.0,0.0,0.0
1.0,4.0,70.0,1.0,0.0,1.0,1.0,5.0,1.0,7.0,1.0,2.0,1.0,5.0,35.0,2.0,5.0,5.0,10.0,0.0,0.0,1.0,4.0,5.0,5.0,5.0,11.0,27.0,2.0,1.3,8.0,13.0,1.0,7.0,0.0,4.0,1.0,75.0,2.0,0.0,0.0,2.0,4.0,0.8,0.0,1.0,0.6,0.0,1.0,1.0,1.0,0.0,0.0,0.0,2.0,2.0,2.0,140.0,0.0,0.557142857142857,0.5,0.0,4.0,2.0,0.0,0.0
0.0,4.0,84.0,1.0,0.0,1.0,0.0,6.0,1.0,7.0,0.0,3.0,1.0,6.0,42.0,1.0,6.0,6.0,12.0,0.0,1.0,1.0,6.0,6.0,6.0,6.0,12.0,32.0,6.0,1.31,10.0,18.0,1.0,11.0,0.0,6.0,1.0,16.0,2.0,0.0,1.0,1.0,4.0,1.83333333333333,0.0,3.0,1.5,1.0,1.0,1.0,1.0,0.0,0.0,0.0,2.0,2.0,2.0,168.0,0.0,0.380952380952381,0.5,0.0,4.0,2.0,0.0,0.0
2.0,11.0,127.0,2.0,0.0,1.0,1.0,8.0,2.0,21.0,0.0,8.0,2.0,4.0,64.0,1.0,4.0,8.0,14.0,0.0,0.0,2.0,2.0,21.0,8.0,4.0,14.0,52.0,14.0,1.23,11.0,28.0,2.0,19.0,1.0,4.0,2.0,100.0,4.0,0.0,6.0,1.0,4.0,2.5,2.0,8.0,4.25,2.0,2.0,2.0,2.0,1.0,1.0,1.0,2.0,2.0,2.0,254.0,0.0,0.307086614173228,0.5,0.0,4.0,2.0,1.0,0.0
0.0,4.0,64.0,1.0,0.0,1.0,1.0,3.0,1.0,11.0,0.0,7.0,1.0,3.0,43.0,1.0,3.0,3.0,6.0,0.0,0.0,1.0,3.0,4.0,3.0,3.0,6.0,17.0,3.0,2.53,4.0,9.0,1.0,5.0,0.0,3.0,1.0,100.0,4.0,0.0,3.0,1.0,2.0,2.0,2.0,3.0,3.0,3.0,1.0,1.0,1.0,0.0,0.0,0.0,3.0,3.0,3.0,129.0,1.0,0.75,0.333333333333333,0.0,2.0,3.0,3.0,0.0
2.0,9.0,1410.0,14.0,4.0,1.0,15.0,138.0,2.0,17.0,5.0,6.0,2.0,64.0,578.0,9.0,64.0,133.0,175.0,11.0,17.0,14.0,47.0,306.0,133.0,75.0,182.0,710.0,216.0,0.81,125.0,398.0,14.0,263.0,0.0,59.0,2.0,100.0,1.0,1.0,30.0,2.0,68.0,5.75,0.0,26.0,4.09375,0.0,288.0,7.421875,1.0,4.0,0.716216216216216,0.0,35.0,35.0,8.0,3320.0,470.0,0.485106382978723,0.485714285714286,4.0,3.0,4.0,7.0,2.0
2.0,20.0,178.0,5.0,0.0,3.0,0.0,17.0,4.0,32.0,0.0,10.0,4.0,4.0,66.0,1.0,4.0,15.0,21.0,0.0,1.0,7.0,2.0,42.0,15.0,13.0,21.0,98.0,24.0,0.67,14.0,45.0,5.0,33.0,1.0,4.0,4.0,75.0,1.0,0.0,7.0,2.0,7.0,5.75,4.0,7.0,4.75,4.0,5.0,3.75,2.0,2.0,1.85714285714286,1.0,2.0,2.0,2.0,358.0,0.0,0.631284916201117,0.5,0.0,5.0,2.0,1.0,0.0
0.0,1.0,172.0,1.0,14.0,1.0,0.0,14.0,1.0,8.0,0.0,7.0,1.0,14.0,128.0,1.0,14.0,14.0,23.0,0.0,0.0,1.0,0.0,0.0,14.0,14.0,23.0,25.0,0.0,5.12,19.0,23.0,1.0,22.0,0.0,14.0,1.0,0.0,0.0,1.0,5.0,0.0,6.0,1.85714285714286,1.0,1.0,0.428571428571429,0.0,1.0,1.0,1.0,0.0,0.0,0.0,3.0,3.0,3.0,350.0,6.0,0.476744186046512,0.333333333333333,0.0,4.0,3.0,0.0,0.0
0.0,3.0,65.0,1.0,0.0,1.0,0.0,4.0,1.0,7.0,0.0,4.0,1.0,4.0,40.0,1.0,4.0,4.0,8.0,0.0,1.0,1.0,4.0,3.0,4.0,4.0,8.0,19.0,3.0,2.11,6.0,11.0,1.0,7.0,0.0,4.0,1.0,50.0,1.0,0.0,1.0,2.0,1.0,0.75,0.0,3.0,1.5,1.0,1.0,1.0,1.0,4.0,0.571428571428571,0.0,2.0,2.0,2.0,130.0,0.0,0.707692307692308,0.5,0.0,3.0,2.0,0.0,0.0
0.0,1.0,56.0,1.0,4.0,1.0,0.0,4.0,1.0,4.0,0.0,3.0,1.0,4.0,41.0,1.0,4.0,4.0,8.0,0.0,0.0,1.0,0.0,0.0,4.0,4.0,8.0,10.0,0.0,4.1,5.0,8.0,1.0,7.0,0.0,4.0,1.0,0.0,3.0,2.0,1.0,1.0,6.0,2.25,0.0,1.0,0.75,0.0,1.0,1.0,1.0,0.0,0.0,0.0,2.0,2.0,2.0,112.0,0.0,0.678571428571429,0.5,0.0,3.0,2.0,1.0,0.0
0.0,1.0,35.0,1.0,1.0,1.0,0.0,1.0,1.0,5.0,0.0,4.0,1.0,1.0,26.0,1.0,1.0,1.0,5.0,0.0,0.0,1.0,0.0,0.0,1.0,1.0,5.0,7.0,0.0,3.71,2.0,5.0,1.0,4.0,0.0,1.0,1.0,0.0,3.0,1.0,1.0,1.0,2.0,2.0,2.0,0.0,0.0,0.0,1.0,1.0,1.0,0.0,0.0,0.0,2.0,2.0,2.0,70.0,0.0,0.485714285714286,0.5,0.0,4.0,2.0,0.0,0.0
0.0,15.0,112.0,6.0,0.0,1.0,1.0,9.0,3.0,24.0,0.0,7.0,3.0,3.0,46.0,1.0,3.0,9.0,17.0,0.0,1.0,6.0,3.0,21.0,9.0,3.0,16.0,58.0,13.0,0.79,8.0,29.0,6.0,18.0,0.0,3.0,3.0,50.0,1.0,0.0,6.0,2.0,2.0,1.33333333333333,1.0,9.0,4.0,1.0,6.0,3.0,1.0,4.0,2.6,0.0,3.0,3.0,3.0,225.0,1.0,0.464285714285714,0.333333333333333,0.0,3.0,3.0,1.0,0.0
0.0,1.0,104.0,1.0,8.0,1.0,0.0,8.0,1.0,7.0,0.0,6.0,1.0,8.0,82.0,1.0,8.0,8.0,11.0,0.0,0.0,1.0,0.0,0.0,8.0,8.0,11.0,13.0,0.0,6.31,9.0,11.0,1.0,10.0,0.0,8.0,1.0,0.0,0.0,1.0,1.0,0.0,8.0,2.25,0.0,1.0,0.5,0.0,1.0,1.0,1.0,2.0,0.181818181818182,0.0,6.0,6.0,4.0,335.0,53.0,0.788461538461538,0.333333333333333,0.0,3.0,4.0,0.0,0.0
0.0,1.0,81.0,1.0,5.0,1.0,0.0,6.0,1.0,6.0,0.0,5.0,1.0,6.0,65.0,1.0,6.0,6.0,8.0,0.0,0.0,1.0,1.0,0.0,6.0,6.0,8.0,10.0,0.0,6.5,6.0,8.0,1.0,7.0,0.0,6.0,1.0,0.0,0.0,1.0,0.0,0.0,8.0,3.0,0.0,1.0,0.5,0.0,1.0,1.0,1.0,0.0,0.0,0.0,3.0,3.0,3.0,144.0,0.0,0.506172839506173,0.333333333333333,0.0,4.0,3.0,1.0,0.0
0.0,1.0,117.0,1.0,5.0,1.0,4.0,5.0,1.0,9.0,0.0,8.0,1.0,5.0,84.0,2.0,5.0,5.0,16.0,0.0,0.0,1.0,0.0,8.0,5.0,5.0,13.0,23.0,1.0,3.65,10.0,14.0,1.0,11.0,0.0,5.0,1.0,100.0,3.0,1.0,1.0,1.0,3.0,1.2,0.0,2.0,0.8,0.0,1.0,1.0,1.0,0.0,0.0,0.0,2.0,2.0,2.0,234.0,0.0,0.538461538461538,0.5,0.0,4.0,2.0,1.0,0.0
0.0,1.0,42.0,1.0,0.0,1.0,0.0,1.0,1.0,16.0,0.0,15.0,1.0,1.0,36.0,1.0,1.0,1.0,3.0,0.0,0.0,1.0,1.0,0.0,1.0,1.0,3.0,5.0,0.0,7.2,1.0,3.0,1.0,2.0,0.0,1.0,1.0,0.0,0.0,1.0,0.0,0.0,3.0,3.0,3.0,1.0,1.0,1.0,1.0,1.0,1.0,0.0,0.0,0.0,3.0,3.0,3.0,90.0,6.0,0.5,0.333333333333333,0.0,3.0,3.0,1.0,0.0
0.0,1.0,196.0,1.0,20.0,1.0,0.0,20.0,1.0,6.0,0.0,5.0,1.0,20.0,148.0,1.0,20.0,20.0,25.0,0.0,0.0,1.0,0.0,0.0,20.0,20.0,25.0,27.0,0.0,5.48,21.0,25.0,1.0,24.0,0.0,20.0,1.0,0.0,0.0,1.0,2.0,0.0,14.0,3.0,0.0,1.0,0.5,0.0,1.0,1.0,1.0,0.0,0.0,0.0,4.0,4.0,4.0,379.0,5.0,0.459183673469388,0.25,0.0,4.0,4.0,3.0,0.0
0.0,1.0,104.0,1.0,6.0,1.0,0.0,6.0,1.0,11.0,0.0,10.0,1.0,6.0,82.0,1.0,6.0,6.0,12.0,0.0,0.0,1.0,0.0,0.0,6.0,6.0,12.0,13.0,0.0,6.31,9.0,12.0,1.0,11.0,0.0,6.0,1.0,0.0,0.0,1.0,1.0,0.0,8.0,3.16666666666667,1.0,1.0,0.5,0.0,1.0,1.0,1.0,0.0,0.0,0.0,2.0,2.0,2.0,210.0,0.0,0.447619047619048,0.5,0.0,4.0,2.0,1.0,0.0
0.0,1.0,330.0,1.0,15.0,1.0,4.0,15.0,1.0,10.0,0.0,9.0,1.0,15.0,268.0,2.0,15.0,15.0,34.0,0.0,0.0,1.0,0.0,8.0,15.0,15.0,31.0,40.0,1.0,6.7,22.0,32.0,1.0,29.0,0.0,15.0,1.0,100.0,3.0,1.0,4.0,1.0,12.0,2.33333333333333,0.0,2.0,0.6,0.0,1.0,1.0,1.0,0.0,0.0,0.0,3.0,3.0,3.0,663.0,1.0,0.61631419939577,0.333333333333333,0.0,3.0,3.0,3.0,0.0
0.0,1.0,63.0,1.0,6.0,1.0,0.0,6.0,1.0,5.0,0.0,4.0,1.0,6.0,46.0,1.0,6.0,6.0,8.0,0.0,0.0,1.0,0.0,0.0,6.0,6.0,8.0,10.0,0.0,4.6,7.0,8.0,1.0,7.0,0.0,6.0,1.0,0.0,0.0,1.0,0.0,0.0,3.0,1.33333333333333,0.0,1.0,0.5,0.0,1.0,1.0,1.0,0.0,0.0,0.0,2.0,2.0,2.0,126.0,0.0,0.73015873015873,0.5,0.0,2.0,2.0,1.0,0.0
0.0,1.0,280.0,1.0,25.0,1.0,0.0,25.0,1.0,7.0,0.0,6.0,1.0,25.0,211.0,1.0,25.0,25.0,40.0,0.0,0.0,1.0,0.0,0.0,25.0,25.0,40.0,41.0,0.0,5.15,28.0,40.0,1.0,39.0,0.0,25.0,1.0,0.0,0.0,1.0,9.0,0.0,14.0,2.84,0.0,1.0,0.52,0.0,1.0,1.0,1.0,0.0,0.0,0.0,3.0,3.0,3.0,545.0,0.0,0.562277580071174,0.333333333333333,0.0,6.0,3.0,2.0,0.0
0.0,1.0,112.0,1.0,10.0,1.0,1.0,10.0,1.0,6.0,0.0,5.0,1.0,10.0,80.0,1.0,10.0,10.0,18.0,0.0,0.0,1.0,0.0,1.0,10.0,10.0,17.0,20.0,0.0,4.0,12.0,17.0,1.0,16.0,0.0,10.0,1.0,100.0,0.0,1.0,4.0,0.0,15.0,4.4,0.0,1.0,0.5,0.0,1.0,1.0,1.0,0.0,0.0,0.0,3.0,3.0,3.0,224.0,0.0,0.366071428571429,0.333333333333333,0.0,4.0,3.0,1.0,0.0
0.0,1.0,82.0,1.0,6.0,1.0,0.0,6.0,1.0,6.0,0.0,5.0,1.0,6.0,64.0,1.0,6.0,6.0,10.0,0.0,0.0,1.0,0.0,0.0,6.0,6.0,10.0,11.0,0.0,5.82,7.0,10.0,1.0,9.0,0.0,6.0,1.0,0.0,0.0,1.0,2.0,0.0,4.0,1.83333333333333,0.0,1.0,0.5,0.0,1.0,1.0,1.0,0.0,0.0,0.0,2.0,2.0,2.0,166.0,0.0,0.421686746987952,0.5,0.0,4.0,2.0,1.0,0.0
1.0,5.0,1271.0,3.0,0.0,1.0,0.0,129.0,1.0,8.0,0.0,3.0,1.0,105.0,462.0,2.0,105.0,128.0,226.0,0.0,53.0,4.0,104.0,201.0,128.0,105.0,210.0,643.0,154.0,0.72,169.0,364.0,3.0,236.0,0.0,105.0,1.0,98.0,1.0,0.0,39.0,12.0,11.0,1.34285714285714,1.0,6.0,1.38095238095238,1.0,3.0,1.20952380952381,1.0,2.0,0.240740740740741,0.0,17.0,17.0,7.0,2639.0,88.0,0.476003147128245,0.352941176470588,0.0,4.0,7.0,6.0,0.0
0.0,13.0,329.0,10.0,1.0,2.0,1.0,34.0,3.0,24.0,1.0,10.0,3.0,11.0,149.0,1.0,11.0,29.0,46.0,0.0,3.0,11.0,10.0,71.0,29.0,20.0,43.0,162.0,50.0,0.92,22.0,93.0,10.0,60.0,0.0,10.0,3.0,81.0,1.0,0.0,4.0,1.0,14.0,6.36363636363636,1.0,12.0,3.0,1.0,22.0,5.0,1.0,2.0,0.923076923076923,0.0,4.0,4.0,3.0,657.0,8.0,0.480243161094225,0.5,0.0,4.0,3.0,2.0,0.0
0.0,5.0,140.0,2.0,0.0,1.0,1.0,10.0,1.0,12.0,0.0,6.0,1.0,8.0,78.0,1.0,8.0,10.0,17.0,0.0,0.0,2.0,8.0,17.0,10.0,8.0,17.0,52.0,13.0,1.5,10.0,30.0,2.0,19.0,0.0,8.0,1.0,100.0,2.0,0.0,0.0,1.0,11.0,4.0,0.0,4.0,2.125,1.0,2.0,1.25,1.0,3.0,0.636363636363636,0.0,2.0,2.0,2.0,280.0,0.0,0.9,0.5,0.0,2.0,2.0,1.0,0.0
4.0,9.0,1175.0,7.0,18.0,1.0,4.0,133.0,2.0,15.0,1.0,5.0,2.0,63.0,441.0,9.0,63.0,125.0,164.0,0.0,15.0,7.0,41.0,282.0,125.0,87.0,176.0,640.0,215.0,0.69,104.0,391.0,7.0,267.0,0.0,62.0,2.0,86.0,2.0,3.0,7.0,3.0,13.0,3.46031746031746,0.0,9.0,2.80952380952381,0.0,19.0,2.33333333333333,1.0,3.0,0.753424657534247,0.0,2.0,2.0,2.0,2352.0,0.0,0.98469387755102,0.5,0.0,1.0,2.0,2.0,0.0
0.0,11.0,324.0,3.0,0.0,1.0,2.0,39.0,1.0,14.0,0.0,1.0,1.0,30.0,79.0,7.0,30.0,39.0,33.0,0.0,4.0,3.0,30.0,86.0,39.0,32.0,50.0,202.0,54.0,0.39,43.0,104.0,3.0,65.0,1.0,30.0,1.0,100.0,1.0,0.0,1.0,3.0,10.0,1.76666666666667,0.0,7.0,1.96666666666667,1.0,3.0,1.26666666666667,1.0,2.0,0.342105263157895,0.0,2.0,2.0,2.0,648.0,0.0,0.858024691358025,0.5,0.0,2.0,2.0,3.0,0.0
6.0,12.0,512.0,3.0,0.0,1.0,1.0,55.0,2.0,17.0,0.0,3.0,2.0,36.0,148.0,7.0,36.0,55.0,50.0,0.0,7.0,3.0,30.0,136.0,55.0,46.0,71.0,291.0,94.0,0.51,73.0,165.0,3.0,114.0,2.0,36.0,2.0,100.0,1.0,0.0,2.0,3.0,11.0,2.55555555555556,0.0,8.0,2.27777777777778,1.0,4.0,1.44444444444444,1.0,2.0,0.5,0.0,2.0,2.0,2.0,1024.0,0.0,0.89453125,0.5,0.0,1.0,2.0,4.0,0.0
0.0,8.0,81.0,2.0,0.0,1.0,1.0,5.0,2.0,13.0,0.0,4.0,2.0,3.0,37.0,1.0,3.0,5.0,11.0,1.0,2.0,2.0,2.0,12.0,5.0,3.0,11.0,35.0,9.0,1.06,9.0,20.0,2.0,14.0,0.0,3.0,2.0,55.0,2.0,0.0,0.0,1.0,2.0,1.66666666666667,1.0,4.0,2.33333333333333,1.0,2.0,1.66666666666667,1.0,1.0,0.8,0.0,3.0,3.0,3.0,163.0,1.0,0.518518518518518,0.333333333333333,0.0,4.0,3.0,1.0,0.0
0.0,5.0,34.0,1.0,0.0,1.0,0.0,1.0,1.0,5.0,0.0,0.0,1.0,1.0,22.0,1.0,1.0,1.0,4.0,0.0,0.0,1.0,1.0,2.0,1.0,1.0,4.0,10.0,1.0,2.2,2.0,5.0,1.0,3.0,0.0,1.0,1.0,0.0,1.0,2.0,0.0,2.0,0.0,0.0,0.0,2.0,2.0,2.0,1.0,1.0,1.0,0.0,0.0,0.0,3.0,3.0,3.0,102.0,34.0,1.0,0.333333333333333,0.0,1.0,3.0,0.0,0.0
3.0,10.0,1486.0,8.0,1.0,1.0,8.0,141.0,2.0,18.0,2.0,7.0,2.0,62.0,656.0,9.0,62.0,128.0,180.0,13.0,19.0,10.0,45.0,302.0,128.0,90.0,200.0,707.0,246.0,0.93,133.0,446.0,8.0,311.0,0.0,60.0,2.0,89.0,2.0,2.0,7.0,4.0,22.0,3.35483870967742,0.0,9.0,2.59677419354839,0.0,22.0,2.66129032258065,1.0,5.0,0.876712328767123,0.0,2.0,2.0,2.0,2972.0,0.0,0.868102288021534,0.5,0.0,2.0,2.0,4.0,0.0
4.0,10.0,1519.0,9.0,1.0,1.0,6.0,145.0,2.0,18.0,1.0,7.0,2.0,63.0,659.0,9.0,63.0,130.0,184.0,11.0,19.0,11.0,47.0,322.0,130.0,92.0,198.0,728.0,244.0,0.91,139.0,442.0,9.0,308.0,0.0,62.0,2.0,90.0,2.0,2.0,7.0,4.0,13.0,3.12698412698413,0.0,9.0,2.82539682539683,1.0,36.0,2.76190476190476,1.0,5.0,0.849315068493151,0.0,2.0,2.0,2.0,3038.0,0.0,0.914417379855168,0.5,0.0,1.0,2.0,6.0,0.0
2.0,9.0,1364.0,7.0,0.0,2.0,1.0,174.0,2.0,15.0,2.0,5.0,2.0,73.0,520.0,4.0,73.0,153.0,185.0,9.0,9.0,10.0,62.0,379.0,153.0,112.0,202.0,702.0,294.0,0.74,144.0,496.0,7.0,333.0,0.0,71.0,2.0,76.0,2.0,0.0,2.0,4.0,17.0,2.83561643835616,0.0,8.0,2.94520547945205,0.0,10.0,2.26027397260274,1.0,3.0,0.807692307692308,0.0,5.0,5.0,4.0,2851.0,1.0,0.994134897360704,0.4,0.0,1.0,4.0,2.0,0.0
0.0,4.0,228.0,1.0,0.0,1.0,1.0,15.0,1.0,10.0,0.0,6.0,1.0,15.0,119.0,1.0,15.0,15.0,28.0,0.0,6.0,1.0,15.0,22.0,15.0,15.0,28.0,80.0,21.0,1.49,31.0,49.0,1.0,33.0,0.0,15.0,1.0,88.0,3.0,1.0,2.0,1.0,7.0,2.46666666666667,1.0,3.0,1.73333333333333,1.0,1.0,1.0,1.0,2.0,0.111111111111111,0.0,3.0,3.0,3.0,460.0,3.0,0.541484716157205,0.333333333333333,0.0,4.0,3.0,2.0,0.0
0.0,11.0,225.0,5.0,0.0,2.0,2.0,18.0,2.0,18.0,0.0,7.0,2.0,8.0,91.0,2.0,8.0,17.0,35.0,0.0,2.0,5.0,8.0,50.0,17.0,14.0,35.0,121.0,45.0,0.75,19.0,80.0,5.0,61.0,0.0,8.0,2.0,70.0,1.0,0.0,14.0,2.0,11.0,3.75,2.0,7.0,3.25,2.0,5.0,2.25,1.0,2.0,0.909090909090909,0.0,4.0,4.0,4.0,464.0,12.0,0.346666666666667,0.25,0.0,5.0,4.0,2.0,0.0
0.0,6.0,95.0,2.0,0.0,1.0,0.0,6.0,2.0,14.0,0.0,7.0,2.0,4.0,52.0,1.0,4.0,6.0,15.0,3.0,0.0,2.0,1.0,12.0,6.0,4.0,14.0,35.0,7.0,1.49,8.0,21.0,2.0,15.0,0.0,4.0,2.0,0.0,1.0,4.0,1.0,2.0,7.0,3.5,1.0,7.0,4.25,1.0,2.0,1.5,1.0,1.0,0.714285714285714,0.0,2.0,2.0,2.0,192.0,0.0,0.510416666666667,0.5,0.0,4.0,2.0,0.0,0.0
0.0,7.0,60.0,2.0,0.0,1.0,0.0,3.0,2.0,12.0,0.0,5.0,2.0,2.0,33.0,1.0,2.0,3.0,10.0,0.0,1.0,2.0,2.0,7.0,3.0,2.0,10.0,23.0,5.0,1.43,5.0,15.0,2.0,11.0,0.0,2.0,2.0,0.0,3.0,2.0,0.0,1.0,3.0,2.5,2.0,4.0,2.5,1.0,2.0,1.5,1.0,1.0,0.75,0.0,3.0,3.0,3.0,121.0,1.0,0.433333333333333,0.333333333333333,0.0,3.0,3.0,0.0,0.0
0.0,7.0,42.0,1.0,0.0,1.0,0.0,1.0,1.0,12.0,0.0,5.0,1.0,1.0,26.0,1.0,1.0,1.0,6.0,0.0,0.0,1.0,1.0,4.0,1.0,1.0,6.0,13.0,3.0,2.0,3.0,9.0,1.0,7.0,0.0,1.0,1.0,0.0,3.0,4.0,0.0,1.0,1.0,1.0,1.0,4.0,4.0,4.0,1.0,1.0,1.0,0.0,0.0,0.0,2.0,2.0,2.0,84.0,0.0,0.571428571428571,0.5,0.0,3.0,2.0,0.0,0.0
0.0,13.0,107.0,6.0,0.0,1.0,0.0,9.0,3.0,23.0,0.0,8.0,3.0,3.0,46.0,1.0,3.0,9.0,12.0,1.0,0.0,6.0,2.0,20.0,9.0,3.0,12.0,46.0,14.0,1.0,15.0,26.0,6.0,17.0,2.0,3.0,3.0,0.0,2.0,2.0,1.0,1.0,10.0,4.66666666666667,2.0,8.0,4.33333333333333,1.0,20.0,7.66666666666667,1.0,1.0,0.8,0.0,2.0,2.0,2.0,214.0,0.0,0.383177570093458,0.5,0.0,5.0,2.0,0.0,0.0
0.0,7.0,63.0,2.0,0.0,1.0,2.0,3.0,2.0,10.0,0.0,3.0,2.0,2.0,31.0,1.0,2.0,3.0,10.0,1.0,0.0,2.0,1.0,7.0,3.0,2.0,10.0,24.0,4.0,1.29,8.0,14.0,2.0,10.0,0.0,2.0,2.0,100.0,2.0,0.0,2.0,1.0,2.0,1.0,0.0,3.0,2.0,1.0,2.0,1.5,1.0,1.0,0.75,0.0,2.0,2.0,2.0,128.0,0.0,0.3125,0.5,0.0,4.0,2.0,0.0,0.0
0.0,6.0,61.0,2.0,0.0,1.0,2.0,3.0,2.0,10.0,0.0,3.0,2.0,2.0,31.0,1.0,2.0,3.0,9.0,1.0,0.0,2.0,1.0,7.0,3.0,2.0,9.0,20.0,4.0,1.55,10.0,13.0,2.0,9.0,1.0,2.0,2.0,100.0,4.0,0.0,0.0,1.0,2.0,1.5,1.0,3.0,2.0,1.0,2.0,1.5,1.0,1.0,0.75,0.0,2.0,2.0,2.0,124.0,0.0,0.435483870967742,0.5,0.0,4.0,2.0,0.0,0.0
0.0,9.0,63.0,3.0,0.0,2.0,2.0,4.0,2.0,12.0,0.0,3.0,2.0,2.0,31.0,1.0,2.0,4.0,10.0,1.0,0.0,3.0,1.0,10.0,4.0,4.0,10.0,25.0,6.0,1.24,7.0,16.0,3.0,11.0,0.0,2.0,2.0,100.0,2.0,0.0,0.0,1.0,2.0,1.5,1.0,5.0,3.0,1.0,3.0,2.0,1.0,1.0,0.75,0.0,2.0,2.0,2.0,128.0,0.0,0.328125,0.5,0.0,4.0,2.0,0.0,1.0
0.0,8.0,84.0,2.0,0.0,1.0,1.0,8.0,2.0,11.0,0.0,3.0,2.0,4.0,35.0,1.0,4.0,7.0,12.0,1.0,0.0,3.0,3.0,13.0,7.0,4.0,12.0,40.0,10.0,0.88,9.0,22.0,2.0,14.0,0.0,4.0,2.0,100.0,2.0,4.0,1.0,1.0,6.0,3.75,1.0,4.0,3.0,1.0,2.0,1.75,1.0,1.0,0.833333333333333,0.0,3.0,3.0,3.0,162.0,1.0,0.341176470588235,0.333333333333333,0.0,5.0,3.0,1.0,0.0
0.0,6.0,62.0,2.0,0.0,1.0,2.0,3.0,2.0,11.0,0.0,4.0,2.0,2.0,33.0,1.0,2.0,3.0,9.0,1.0,0.0,2.0,1.0,7.0,3.0,2.0,9.0,20.0,4.0,1.65,9.0,13.0,2.0,9.0,1.0,2.0,2.0,100.0,4.0,0.0,0.0,1.0,2.0,1.5,1.0,3.0,2.0,1.0,2.0,1.5,1.0,1.0,0.75,0.0,2.0,2.0,2.0,126.0,0.0,0.317460317460317,0.5,0.0,4.0,2.0,0.0,0.0
0.0,6.0,61.0,2.0,0.0,1.0,2.0,3.0,2.0,10.0,0.0,3.0,2.0,2.0,31.0,1.0,2.0,3.0,9.0,1.0,0.0,2.0,1.0,7.0,3.0,2.0,9.0,21.0,4.0,1.48,9.0,13.0,2.0,9.0,1.0,2.0,2.0,100.0,4.0,0.0,0.0,1.0,2.0,1.5,1.0,3.0,2.0,1.0,2.0,1.5,1.0,1.0,0.75,0.0,2.0,2.0,2.0,122.0,0.0,0.311475409836066,0.5,0.0,4.0,2.0,0.0,0.0
0.0,6.0,60.0,2.0,0.0,1.0,2.0,3.0,2.0,10.0,0.0,3.0,2.0,2.0,31.0,1.0,2.0,3.0,9.0,1.0,0.0,2.0,1.0,7.0,3.0,2.0,9.0,20.0,4.0,1.55,9.0,13.0,2.0,9.0,1.0,2.0,2.0,100.0,4.0,0.0,0.0,1.0,2.0,1.5,1.0,3.0,2.0,1.0,2.0,1.5,1.0,1.0,0.75,0.0,2.0,2.0,2.0,122.0,0.0,0.327868852459016,0.5,0.0,4.0,2.0,0.0,0.0
0.0,6.0,61.0,2.0,0.0,1.0,2.0,3.0,2.0,10.0,0.0,3.0,2.0,2.0,31.0,1.0,2.0,3.0,9.0,1.0,0.0,2.0,1.0,7.0,3.0,2.0,9.0,21.0,4.0,1.48,9.0,13.0,2.0,9.0,1.0,2.0,2.0,100.0,4.0,0.0,0.0,1.0,2.0,1.5,1.0,3.0,2.0,1.0,2.0,1.5,1.0,1.0,0.75,0.0,2.0,2.0,2.0,122.0,0.0,0.295081967213115,0.5,0.0,4.0,2.0,0.0,0.0
0.0,6.0,61.0,2.0,0.0,1.0,2.0,3.0,2.0,10.0,0.0,3.0,2.0,2.0,31.0,1.0,2.0,3.0,9.0,1.0,0.0,2.0,1.0,7.0,3.0,2.0,9.0,21.0,4.0,1.48,9.0,13.0,2.0,9.0,1.0,2.0,2.0,100.0,4.0,0.0,0.0,1.0,2.0,1.5,1.0,3.0,2.0,1.0,2.0,1.5,1.0,1.0,0.75,0.0,2.0,2.0,2.0,122.0,0.0,0.295081967213115,0.5,0.0,4.0,2.0,0.0,0.0
0.0,4.0,46.0,1.0,0.0,1.0,1.0,2.0,1.0,7.0,0.0,3.0,1.0,2.0,26.0,1.0,2.0,2.0,7.0,1.0,0.0,1.0,1.0,3.0,2.0,2.0,7.0,15.0,2.0,1.73,5.0,9.0,1.0,6.0,0.0,2.0,1.0,100.0,3.0,0.0,0.0,1.0,2.0,1.0,0.0,3.0,2.0,1.0,1.0,1.0,1.0,0.0,0.0,0.0,2.0,2.0,2.0,92.0,0.0,0.58695652173913,0.5,0.0,3.0,2.0,1.0,0.0
0.0,4.0,48.0,1.0,0.0,1.0,1.0,2.0,1.0,7.0,0.0,3.0,1.0,2.0,26.0,1.0,2.0,2.0,8.0,1.0,0.0,1.0,1.0,3.0,2.0,2.0,8.0,16.0,2.0,1.62,6.0,10.0,1.0,7.0,0.0,2.0,1.0,100.0,3.0,0.0,0.0,1.0,2.0,1.5,1.0,3.0,2.0,1.0,1.0,1.0,1.0,0.0,0.0,0.0,2.0,2.0,2.0,96.0,0.0,0.604166666666667,0.5,0.0,3.0,2.0,0.0,1.0
0.0,4.0,48.0,1.0,0.0,1.0,1.0,2.0,1.0,7.0,0.0,3.0,1.0,2.0,28.0,1.0,2.0,2.0,8.0,1.0,0.0,1.0,1.0,3.0,2.0,2.0,8.0,16.0,2.0,1.75,4.0,10.0,1.0,7.0,0.0,2.0,1.0,100.0,3.0,0.0,0.0,1.0,2.0,1.5,1.0,3.0,2.0,1.0,1.0,1.0,1.0,0.0,0.0,0.0,2.0,2.0,2.0,96.0,0.0,0.5625,0.5,0.0,3.0,2.0,0.0,1.0
0.0,1.0,66.0,1.0,2.0,1.0,0.0,2.0,1.0,10.0,0.0,9.0,1.0,2.0,53.0,1.0,2.0,2.0,7.0,0.0,0.0,1.0,0.0,0.0,2.0,2.0,7.0,8.0,0.0,6.62,5.0,7.0,1.0,6.0,0.0,2.0,1.0,0.0,3.0,6.0,0.0,1.0,9.0,6.5,4.0,1.0,1.0,1.0,1.0,1.0,1.0,0.0,0.0,0.0,3.0,3.0,3.0,135.0,1.0,0.373134328358209,0.333333333333333,0.0,4.0,3.0,0.0,0.0
0.0,9.0,191.0,2.0,0.0,1.0,1.0,9.0,2.0,17.0,0.0,7.0,2.0,5.0,120.0,1.0,5.0,9.0,14.0,0.0,1.0,2.0,5.0,20.0,9.0,5.0,14.0,59.0,16.0,2.03,13.0,30.0,2.0,20.0,0.0,5.0,2.0,60.0,1.0,0.0,2.0,2.0,7.0,3.2,1.0,5.0,2.6,2.0,2.0,1.8,1.0,1.0,0.857142857142857,0.0,2.0,2.0,2.0,382.0,0.0,0.68586387434555,0.5,0.0,3.0,2.0,0.0,0.0
2.0,7.0,169.0,2.0,0.0,1.0,3.0,12.0,2.0,14.0,0.0,6.0,2.0,8.0,78.0,1.0,8.0,12.0,24.0,1.0,1.0,2.0,5.0,25.0,12.0,8.0,22.0,75.0,15.0,1.04,16.0,37.0,2.0,25.0,0.0,8.0,2.0,84.0,1.0,2.0,2.0,2.0,5.0,2.625,1.0,5.0,2.625,1.0,2.0,1.5,1.0,3.0,0.818181818181818,0.0,4.0,4.0,3.0,342.0,4.0,0.479289940828402,0.5,0.0,5.0,3.0,2.0,0.0
1.0,22.0,602.0,17.0,2.0,2.0,12.0,51.0,4.0,35.0,8.0,10.0,4.0,12.0,215.0,1.0,12.0,46.0,64.0,0.0,0.0,17.0,9.0,193.0,49.0,20.0,68.0,316.0,137.0,0.68,71.0,205.0,17.0,158.0,3.0,4.0,4.0,90.0,1.0,0.0,0.0,1.0,14.0,3.91666666666667,1.0,4.0,2.33333333333333,1.0,144.0,14.75,1.0,3.0,1.42857142857143,0.0,2.0,2.0,2.0,1204.0,0.0,0.978405315614618,0.5,0.0,1.0,2.0,3.0,0.0
1.0,20.0,495.0,13.0,2.0,1.0,9.0,41.0,4.0,33.0,6.0,9.0,4.0,10.0,181.0,1.0,10.0,37.0,55.0,0.0,0.0,13.0,7.0,152.0,40.0,13.0,59.0,255.0,116.0,0.71,59.0,175.0,13.0,136.0,3.0,4.0,4.0,91.0,1.0,0.0,0.0,1.0,9.0,3.9,1.0,4.0,2.2,1.0,36.0,6.0,1.0,2.0,1.33333333333333,0.0,3.0,3.0,3.0,991.0,1.0,0.975757575757576,0.333333333333333,0.0,1.0,3.0,2.0,0.0
0.0,4.0,38.0,1.0,0.0,1.0,0.0,1.0,1.0,4.0,0.0,0.0,1.0,1.0,29.0,1.0,1.0,1.0,3.0,0.0,0.0,1.0,1.0,1.0,1.0,1.0,3.0,8.0,1.0,3.62,1.0,4.0,1.0,2.0,0.0,1.0,1.0,0.0,2.0,0.0,3.0,1.0,5.0,5.0,5.0,3.0,3.0,3.0,1.0,1.0,1.0,0.0,0.0,0.0,2.0,2.0,2.0,76.0,0.0,0.631578947368421,0.5,0.0,2.0,2.0,1.0,0.0
0.0,23.0,100.0,3.0,0.0,1.0,1.0,6.0,3.0,30.0,0.0,6.0,3.0,2.0,36.0,1.0,2.0,6.0,11.0,0.0,2.0,3.0,2.0,29.0,6.0,2.0,11.0,56.0,25.0,0.64,9.0,36.0,3.0,29.0,1.0,2.0,3.0,16.0,1.0,0.0,2.0,2.0,5.0,4.5,4.0,11.0,7.5,4.0,4.0,3.5,3.0,2.0,1.75,1.0,5.0,5.0,4.0,206.0,8.0,0.73,0.4,0.0,4.0,4.0,0.0,0.0
0.0,8.0,58.0,2.0,0.0,1.0,0.0,4.0,2.0,13.0,0.0,5.0,2.0,2.0,32.0,1.0,2.0,4.0,6.0,0.0,2.0,2.0,2.0,6.0,4.0,2.0,6.0,22.0,6.0,1.45,4.0,12.0,2.0,7.0,0.0,2.0,2.0,25.0,1.0,2.0,1.0,2.0,4.0,3.5,3.0,3.0,2.5,2.0,2.0,2.0,2.0,1.0,1.0,1.0,3.0,3.0,3.0,117.0,1.0,0.689655172413793,0.333333333333333,0.0,3.0,3.0,1.0,0.0
0.0,1.0,68.0,1.0,3.0,1.0,0.0,3.0,1.0,8.0,0.0,7.0,1.0,3.0,59.0,1.0,3.0,3.0,5.0,0.0,0.0,1.0,0.0,0.0,3.0,3.0,5.0,6.0,0.0,9.83,3.0,5.0,1.0,4.0,0.0,3.0,1.0,0.0,0.0,2.0,0.0,0.0,7.0,4.66666666666667,1.0,1.0,0.666666666666667,0.0,1.0,1.0,1.0,0.0,0.0,0.0,2.0,2.0,2.0,138.0,0.0,0.36231884057971,0.5,0.0,5.0,2.0,1.0,0.0
0.0,1.0,31.0,1.0,1.0,1.0,0.0,1.0,1.0,4.0,0.0,3.0,1.0,1.0,24.0,1.0,1.0,1.0,3.0,0.0,0.0,1.0,0.0,0.0,1.0,1.0,3.0,5.0,0.0,4.8,2.0,3.0,1.0,2.0,0.0,1.0,1.0,0.0,0.0,2.0,1.0,0.0,6.0,6.0,6.0,1.0,1.0,1.0,1.0,1.0,1.0,0.0,0.0,0.0,2.0,2.0,2.0,62.0,0.0,0.548387096774194,0.5,0.0,2.0,2.0,1.0,0.0
0.0,3.0,70.0,1.0,0.0,1.0,0.0,4.0,1.0,9.0,0.0,5.0,1.0,4.0,47.0,1.0,4.0,4.0,6.0,0.0,0.0,1.0,4.0,2.0,4.0,4.0,6.0,18.0,2.0,2.61,5.0,8.0,1.0,3.0,0.0,4.0,1.0,0.0,1.0,0.0,0.0,2.0,4.0,2.5,0.0,1.0,0.75,0.0,1.0,1.0,1.0,0.0,0.0,0.0,2.0,2.0,2.0,140.0,0.0,0.342857142857143,0.5,0.0,4.0,2.0,1.0,0.0
0.0,4.0,36.0,1.0,0.0,1.0,0.0,1.0,1.0,4.0,0.0,0.0,1.0,1.0,24.0,1.0,1.0,1.0,4.0,0.0,0.0,1.0,1.0,1.0,1.0,1.0,4.0,8.0,1.0,3.0,4.0,5.0,1.0,3.0,0.0,1.0,1.0,0.0,2.0,0.0,3.0,1.0,3.0,3.0,3.0,3.0,3.0,3.0,1.0,1.0,1.0,0.0,0.0,0.0,2.0,2.0,2.0,74.0,0.0,0.513513513513513,0.5,0.0,3.0,2.0,0.0,0.0
1.0,11.0,124.0,4.0,0.0,1.0,3.0,6.0,2.0,21.0,0.0,9.0,2.0,3.0,59.0,1.0,3.0,6.0,28.0,1.0,0.0,4.0,1.0,20.0,6.0,3.0,25.0,55.0,9.0,1.07,11.0,34.0,4.0,28.0,0.0,3.0,2.0,44.0,2.0,0.0,2.0,1.0,5.0,3.66666666666667,2.0,6.0,5.33333333333333,5.0,4.0,2.0,1.0,1.0,0.6,0.0,2.0,2.0,2.0,248.0,0.0,0.661290322580645,0.5,0.0,4.0,2.0,1.0,0.0
0.0,6.0,49.0,2.0,0.0,1.0,0.0,3.0,2.0,9.0,0.0,3.0,2.0,2.0,27.0,1.0,2.0,3.0,6.0,1.0,0.0,2.0,1.0,5.0,3.0,2.0,7.0,18.0,5.0,1.5,4.0,12.0,2.0,8.0,0.0,2.0,2.0,0.0,2.0,0.0,0.0,1.0,2.0,1.0,0.0,2.0,1.5,1.0,2.0,1.5,1.0,1.0,0.75,0.0,2.0,2.0,2.0,98.0,0.0,0.673469387755102,0.5,0.0,2.0,2.0,2.0,0.0
0.0,5.0,136.0,2.0,1.0,1.0,0.0,8.0,1.0,9.0,0.0,3.0,1.0,7.0,83.0,1.0,7.0,8.0,10.0,0.0,0.0,2.0,6.0,16.0,8.0,7.0,10.0,44.0,16.0,1.89,9.0,26.0,2.0,17.0,0.0,7.0,1.0,0.0,3.0,0.0,4.0,1.0,4.0,2.28571428571429,0.0,4.0,2.57142857142857,1.0,2.0,1.14285714285714,1.0,3.0,0.6,0.0,2.0,2.0,2.0,272.0,0.0,0.955882352941177,0.5,0.0,1.0,2.0,1.0,0.0
0.0,7.0,153.0,3.0,1.0,1.0,0.0,9.0,1.0,10.0,0.0,2.0,1.0,7.0,85.0,1.0,7.0,9.0,10.0,0.0,0.0,3.0,6.0,28.0,9.0,7.0,10.0,58.0,28.0,1.47,10.0,38.0,3.0,28.0,0.0,7.0,1.0,0.0,3.0,0.0,4.0,1.0,4.0,2.28571428571429,0.0,5.0,3.0,1.0,4.0,1.42857142857143,1.0,1.0,0.333333333333333,0.0,2.0,2.0,2.0,306.0,0.0,0.96078431372549,0.5,0.0,1.0,2.0,1.0,0.0
0.0,6.0,408.0,5.0,0.0,1.0,0.0,33.0,2.0,14.0,2.0,7.0,2.0,22.0,227.0,1.0,22.0,33.0,34.0,0.0,3.0,5.0,22.0,53.0,33.0,26.0,36.0,153.0,50.0,1.48,28.0,86.0,5.0,53.0,0.0,20.0,2.0,74.0,2.0,0.0,0.0,1.0,11.0,4.36363636363636,1.0,5.0,2.77272727272727,1.0,5.0,1.45454545454545,1.0,2.0,0.5,0.0,2.0,2.0,2.0,818.0,0.0,0.995110024449878,0.5,0.0,1.0,2.0,2.0,0.0
0.0,5.0,133.0,2.0,1.0,1.0,0.0,8.0,1.0,8.0,0.0,3.0,1.0,7.0,82.0,1.0,7.0,8.0,10.0,0.0,0.0,2.0,6.0,15.0,8.0,7.0,10.0,42.0,15.0,1.95,9.0,25.0,2.0,16.0,0.0,7.0,1.0,0.0,3.0,0.0,4.0,1.0,4.0,1.85714285714286,0.0,4.0,2.0,1.0,2.0,1.14285714285714,1.0,1.0,0.333333333333333,0.0,2.0,2.0,2.0,268.0,0.0,0.947761194029851,0.5,0.0,1.0,2.0,2.0,0.0
0.0,5.0,278.0,4.0,0.0,1.0,1.0,17.0,1.0,12.0,1.0,7.0,1.0,13.0,166.0,1.0,13.0,17.0,23.0,3.0,2.0,4.0,10.0,35.0,17.0,13.0,22.0,90.0,30.0,1.84,22.0,52.0,4.0,39.0,0.0,12.0,1.0,82.0,2.0,3.0,7.0,1.0,7.0,2.30769230769231,1.0,4.0,1.61538461538462,0.0,2.0,1.15384615384615,1.0,1.0,0.266666666666667,0.0,2.0,2.0,2.0,556.0,0.0,0.996402877697842,0.5,0.0,1.0,2.0,1.0,0.0
0.0,8.0,386.0,4.0,0.0,1.0,2.0,32.0,2.0,16.0,11.0,8.0,2.0,15.0,217.0,1.0,15.0,28.0,39.0,1.0,2.0,5.0,14.0,58.0,28.0,18.0,42.0,140.0,46.0,1.55,30.0,88.0,4.0,59.0,0.0,4.0,2.0,91.0,2.0,0.0,4.0,1.0,6.0,2.93333333333333,1.0,10.0,2.86666666666667,1.0,4.0,1.93333333333333,1.0,3.0,1.05882352941176,0.0,3.0,3.0,3.0,791.0,7.0,0.989664082687339,0.333333333333333,0.0,1.0,3.0,2.0,0.0
0.0,1.0,85.0,1.0,0.0,1.0,0.0,1.0,1.0,16.0,0.0,15.0,1.0,1.0,78.0,1.0,1.0,1.0,4.0,0.0,0.0,1.0,1.0,0.0,1.0,1.0,3.0,5.0,0.0,15.6,2.0,3.0,1.0,2.0,0.0,1.0,1.0,0.0,0.0,1.0,2.0,0.0,1.0,1.0,1.0,1.0,1.0,1.0,1.0,1.0,1.0,0.0,0.0,0.0,2.0,2.0,2.0,172.0,0.0,0.976744186046512,0.5,0.0,1.0,2.0,2.0,0.0
0.0,3.0,93.0,1.0,0.0,1.0,1.0,2.0,1.0,7.0,0.0,3.0,1.0,2.0,76.0,1.0,2.0,2.0,5.0,0.0,0.0,1.0,2.0,2.0,2.0,2.0,5.0,12.0,1.0,6.33,5.0,6.0,1.0,3.0,0.0,2.0,1.0,100.0,3.0,0.0,0.0,1.0,2.0,1.0,0.0,2.0,1.5,1.0,1.0,1.0,1.0,0.0,0.0,0.0,2.0,2.0,2.0,186.0,0.0,0.989247311827957,0.5,0.0,1.0,2.0,1.0,0.0
0.0,3.0,90.0,1.0,0.0,1.0,1.0,2.0,1.0,7.0,0.0,3.0,1.0,2.0,73.0,1.0,2.0,2.0,5.0,0.0,0.0,1.0,2.0,2.0,2.0,2.0,5.0,12.0,1.0,6.08,5.0,6.0,1.0,3.0,0.0,2.0,1.0,100.0,2.0,2.0,0.0,1.0,3.0,1.5,0.0,1.0,1.0,1.0,1.0,1.0,1.0,0.0,0.0,0.0,2.0,2.0,2.0,180.0,0.0,0.988888888888889,0.5,0.0,1.0,2.0,1.0,0.0
1.0,27.0,193.0,6.0,0.0,2.0,1.0,10.0,3.0,46.0,3.0,14.0,3.0,3.0,71.0,1.0,3.0,10.0,34.0,0.0,0.0,6.0,2.0,54.0,10.0,7.0,32.0,101.0,38.0,0.7,21.0,70.0,6.0,60.0,4.0,0.0,3.0,66.0,1.0,0.0,9.0,1.0,21.0,10.0,4.0,20.0,11.6666666666667,6.0,12.0,5.33333333333333,1.0,2.0,1.4,0.0,8.0,8.0,6.0,451.0,64.0,0.559585492227979,0.25,0.0,2.0,6.0,3.0,0.0
0.0,4.0,116.0,2.0,0.0,1.0,0.0,3.0,2.0,14.0,0.0,10.0,2.0,2.0,101.0,1.0,2.0,3.0,4.0,0.0,0.0,2.0,2.0,2.0,3.0,2.0,4.0,11.0,2.0,9.18,4.0,6.0,2.0,3.0,0.0,2.0,2.0,0.0,2.0,0.0,0.0,1.0,4.0,2.0,0.0,3.0,2.0,1.0,1.0,1.0,1.0,3.0,0.6,0.0,2.0,2.0,2.0,234.0,0.0,0.504273504273504,0.5,0.0,2.0,2.0,1.0,0.0
0.0,23.0,233.0,9.0,0.0,2.0,0.0,26.0,5.0,36.0,2.0,9.0,5.0,4.0,109.0,1.0,4.0,19.0,36.0,0.0,0.0,14.0,4.0,63.0,19.0,7.0,34.0,103.0,42.0,1.06,22.0,76.0,9.0,56.0,3.0,2.0,7.0,0.0,1.0,0.0,7.0,2.0,7.0,3.75,1.0,6.0,3.75,1.0,80.0,38.5,1.0,3.0,1.83333333333333,0.0,3.0,3.0,3.0,493.0,9.0,0.969957081545064,0.333333333333333,0.0,1.0,3.0,1.0,0.0
0.0,7.0,149.0,3.0,0.0,1.0,0.0,10.0,2.0,13.0,0.0,6.0,2.0,5.0,101.0,1.0,5.0,8.0,12.0,0.0,3.0,4.0,5.0,20.0,8.0,7.0,12.0,41.0,18.0,2.46,7.0,30.0,3.0,22.0,0.0,5.0,2.0,40.0,1.0,2.0,0.0,1.0,5.0,3.0,2.0,4.0,2.4,1.0,3.0,1.6,1.0,1.0,0.571428571428571,0.0,3.0,3.0,3.0,306.0,2.0,0.986666666666667,0.333333333333333,0.0,1.0,3.0,2.0,0.0
0.0,4.0,101.0,1.0,0.0,1.0,0.0,2.0,1.0,12.0,0.0,8.0,1.0,2.0,86.0,1.0,2.0,2.0,4.0,0.0,0.0,1.0,2.0,2.0,2.0,2.0,4.0,11.0,2.0,7.82,4.0,6.0,1.0,3.0,0.0,2.0,1.0,0.0,2.0,0.0,0.0,1.0,4.0,2.0,0.0,2.0,1.5,1.0,1.0,1.0,1.0,0.0,0.0,0.0,2.0,2.0,2.0,204.0,0.0,0.980392156862745,0.5,0.0,1.0,2.0,2.0,0.0
0.0,3.0,91.0,1.0,0.0,1.0,1.0,2.0,1.0,7.0,0.0,3.0,1.0,2.0,74.0,1.0,2.0,2.0,5.0,0.0,0.0,1.0,2.0,2.0,2.0,2.0,5.0,12.0,1.0,6.17,5.0,6.0,1.0,3.0,0.0,2.0,1.0,100.0,3.0,0.0,0.0,1.0,4.0,3.0,2.0,2.0,1.5,1.0,1.0,1.0,1.0,0.0,0.0,0.0,2.0,2.0,2.0,182.0,0.0,0.989010989010989,0.5,0.0,1.0,2.0,1.0,0.0
0.0,6.0,272.0,2.0,0.0,1.0,0.0,19.0,1.0,12.0,0.0,6.0,1.0,13.0,161.0,1.0,13.0,19.0,29.0,0.0,1.0,2.0,13.0,31.0,19.0,13.0,29.0,92.0,23.0,1.75,19.0,52.0,2.0,32.0,0.0,13.0,1.0,38.0,2.0,0.0,4.0,1.0,5.0,2.46153846153846,1.0,5.0,2.69230769230769,1.0,2.0,1.46153846153846,1.0,1.0,0.533333333333333,0.0,2.0,2.0,2.0,544.0,0.0,0.996323529411765,0.5,0.0,1.0,2.0,1.0,0.0
0.0,1.0,84.0,1.0,0.0,1.0,0.0,4.0,1.0,4.0,0.0,3.0,1.0,4.0,72.0,1.0,4.0,4.0,6.0,0.0,0.0,1.0,4.0,0.0,4.0,4.0,6.0,7.0,0.0,10.29,5.0,6.0,1.0,5.0,0.0,4.0,1.0,0.0,0.0,0.0,4.0,0.0,1.0,1.0,1.0,0.0,0.0,0.0,1.0,1.0,1.0,0.0,0.0,0.0,2.0,2.0,2.0,170.0,0.0,0.976470588235294,0.5,0.0,1.0,2.0,2.0,0.0
0.0,7.0,157.0,3.0,0.0,1.0,0.0,9.0,2.0,14.0,3.0,6.0,2.0,6.0,96.0,1.0,6.0,9.0,17.0,0.0,0.0,3.0,6.0,18.0,9.0,6.0,18.0,53.0,14.0,1.81,8.0,32.0,3.0,22.0,0.0,3.0,2.0,0.0,1.0,4.0,0.0,1.0,5.0,1.66666666666667,0.0,5.0,2.83333333333333,1.0,3.0,1.5,1.0,2.0,0.875,0.0,2.0,2.0,2.0,314.0,0.0,0.993630573248408,0.5,0.0,1.0,2.0,1.0,0.0
0.0,6.0,240.0,2.0,0.0,1.0,1.0,16.0,1.0,13.0,0.0,6.0,1.0,15.0,110.0,1.0,14.0,16.0,32.0,0.0,0.0,2.0,14.0,35.0,16.0,15.0,32.0,111.0,25.0,0.99,19.0,57.0,2.0,36.0,0.0,14.0,1.0,100.0,2.0,1.0,4.0,2.0,6.0,1.85714285714286,0.0,4.0,2.0,1.0,2.0,1.14285714285714,1.0,3.0,0.588235294117647,0.0,2.0,2.0,2.0,480.0,0.0,0.8125,0.5,0.0,4.0,2.0,1.0,0.0
0.0,6.0,174.0,3.0,0.0,1.0,3.0,11.0,1.0,12.0,4.0,5.0,1.0,8.0,86.0,3.0,8.0,11.0,22.0,0.0,1.0,3.0,8.0,25.0,11.0,10.0,21.0,74.0,19.0,1.16,16.0,40.0,3.0,29.0,0.0,4.0,1.0,50.0,2.0,0.0,2.0,2.0,5.0,3.0,1.0,3.0,2.125,1.0,3.0,1.375,1.0,2.0,0.666666666666667,0.0,4.0,4.0,3.0,337.0,2.0,0.879310344827586,0.5,0.0,2.0,3.0,2.0,0.0
1.0,8.0,141.0,3.0,0.0,1.0,0.0,10.0,2.0,17.0,5.0,8.0,2.0,6.0,69.0,1.0,6.0,10.0,15.0,0.0,0.0,3.0,5.0,20.0,10.0,6.0,14.0,62.0,16.0,1.11,10.0,30.0,3.0,18.0,0.0,1.0,2.0,0.0,1.0,0.0,2.0,1.0,6.0,2.66666666666667,0.0,4.0,2.83333333333333,1.0,3.0,1.66666666666667,1.0,2.0,1.125,0.0,2.0,2.0,2.0,282.0,0.0,0.872340425531915,0.5,0.0,2.0,2.0,1.0,0.0
1.0,6.0,311.0,3.0,0.0,1.0,2.0,37.0,1.0,12.0,0.0,5.0,1.0,21.0,142.0,7.0,21.0,29.0,42.0,0.0,0.0,5.0,20.0,56.0,29.0,21.0,48.0,147.0,41.0,0.97,22.0,89.0,3.0,59.0,0.0,21.0,2.0,100.0,3.0,1.0,2.0,2.0,4.0,1.76190476190476,0.0,7.0,2.57142857142857,1.0,3.0,1.38095238095238,1.0,2.0,0.413793103448276,0.0,2.0,2.0,2.0,622.0,0.0,0.90032154340836,0.5,0.0,1.0,2.0,3.0,0.0
0.0,1.0,38.0,1.0,1.0,1.0,0.0,1.0,1.0,10.0,0.0,9.0,1.0,1.0,30.0,1.0,1.0,1.0,4.0,0.0,0.0,1.0,0.0,0.0,1.0,1.0,4.0,6.0,0.0,5.0,2.0,4.0,1.0,3.0,0.0,1.0,1.0,0.0,0.0,1.0,1.0,0.0,1.0,1.0,1.0,1.0,1.0,1.0,1.0,1.0,1.0,0.0,0.0,0.0,2.0,2.0,2.0,76.0,0.0,0.473684210526316,0.5,0.0,4.0,2.0,1.0,0.0
0.0,1.0,31.0,1.0,1.0,1.0,0.0,1.0,1.0,5.0,0.0,4.0,1.0,1.0,25.0,1.0,1.0,1.0,3.0,0.0,0.0,1.0,0.0,0.0,1.0,1.0,3.0,5.0,0.0,5.0,1.0,3.0,1.0,2.0,0.0,1.0,1.0,0.0,1.0,2.0,0.0,1.0,1.0,1.0,1.0,0.0,0.0,0.0,1.0,1.0,1.0,0.0,0.0,0.0,2.0,2.0,2.0,62.0,0.0,0.548387096774194,0.5,0.0,2.0,2.0,1.0,0.0
0.0,6.0,139.0,3.0,0.0,1.0,0.0,14.0,2.0,10.0,0.0,4.0,2.0,9.0,59.0,1.0,9.0,14.0,19.0,0.0,1.0,3.0,9.0,18.0,14.0,11.0,21.0,64.0,17.0,0.92,16.0,38.0,3.0,23.0,0.0,9.0,2.0,44.0,1.0,0.0,5.0,2.0,5.0,1.77777777777778,1.0,6.0,2.22222222222222,1.0,3.0,1.55555555555556,1.0,2.0,0.818181818181818,0.0,2.0,2.0,2.0,278.0,0.0,0.669064748201439,0.5,0.0,5.0,2.0,0.0,0.0
0.0,14.0,136.0,6.0,0.0,2.0,1.0,12.0,3.0,20.0,0.0,4.0,3.0,4.0,44.0,1.0,4.0,12.0,27.0,0.0,3.0,6.0,4.0,30.0,12.0,9.0,27.0,78.0,18.0,0.56,14.0,45.0,6.0,32.0,0.0,4.0,3.0,50.0,1.0,0.0,6.0,2.0,4.0,3.5,2.0,9.0,4.5,2.0,9.0,4.0,1.0,3.0,1.83333333333333,0.0,4.0,4.0,3.0,288.0,10.0,0.544117647058823,0.5,0.0,4.0,3.0,2.0,0.0
2.0,9.0,248.0,5.0,0.0,1.0,0.0,28.0,2.0,14.0,0.0,4.0,2.0,13.0,88.0,1.0,13.0,24.0,37.0,0.0,5.0,9.0,11.0,64.0,24.0,19.0,39.0,142.0,50.0,0.62,18.0,89.0,5.0,64.0,0.0,13.0,2.0,73.0,2.0,0.0,0.0,1.0,14.0,3.92307692307692,0.0,7.0,2.84615384615385,0.0,7.0,2.0,1.0,6.0,1.1875,0.0,3.0,3.0,3.0,497.0,1.0,0.584677419354839,0.333333333333333,0.0,2.0,3.0,2.0,0.0
0.0,4.0,54.0,1.0,0.0,1.0,0.0,3.0,1.0,7.0,0.0,3.0,1.0,3.0,30.0,1.0,3.0,3.0,8.0,0.0,1.0,1.0,3.0,3.0,3.0,3.0,8.0,19.0,3.0,1.58,5.0,11.0,1.0,7.0,0.0,3.0,1.0,0.0,2.0,0.0,0.0,1.0,2.0,1.0,0.0,1.0,1.0,1.0,1.0,1.0,1.0,0.0,0.0,0.0,2.0,2.0,2.0,108.0,0.0,0.740740740740741,0.5,0.0,2.0,2.0,1.0,0.0
7.0,10.0,1167.0,17.0,12.0,1.0,10.0,162.0,2.0,13.0,7.0,2.0,2.0,68.0,231.0,20.0,68.0,151.0,187.0,0.0,13.0,17.0,49.0,349.0,151.0,82.0,204.0,832.0,283.0,0.28,104.0,487.0,17.0,330.0,0.0,61.0,2.0,93.0,2.0,9.0,22.0,1.0,11.0,3.54411764705882,1.0,22.0,3.64705882352941,0.0,26.0,2.57352941176471,1.0,3.0,0.651685393258427,0.0,6.0,6.0,4.0,2334.0,14.0,0.775684931506849,0.5,0.0,2.0,4.0,2.0,0.0
0.0,5.0,158.0,2.0,0.0,1.0,0.0,7.0,1.0,12.0,0.0,6.0,1.0,6.0,84.0,1.0,6.0,7.0,17.0,2.0,3.0,2.0,4.0,15.0,7.0,6.0,17.0,46.0,13.0,1.83,28.0,30.0,2.0,22.0,0.0,6.0,1.0,50.0,3.0,0.0,1.0,1.0,6.0,3.5,1.0,6.0,2.66666666666667,1.0,2.0,1.16666666666667,1.0,1.0,0.375,0.0,3.0,3.0,3.0,317.0,1.0,0.689873417721519,0.333333333333333,0.0,3.0,3.0,1.0,0.0
0.0,5.0,271.0,4.0,0.0,1.0,0.0,21.0,1.0,12.0,0.0,7.0,1.0,16.0,148.0,1.0,16.0,21.0,27.0,0.0,6.0,4.0,16.0,30.0,21.0,18.0,28.0,98.0,28.0,1.51,25.0,56.0,4.0,34.0,0.0,16.0,1.0,77.0,1.0,0.0,1.0,1.0,7.0,4.125,2.0,4.0,1.875,1.0,4.0,1.3125,1.0,2.0,0.388888888888889,0.0,3.0,3.0,3.0,543.0,1.0,0.948339483394834,0.333333333333333,0.0,1.0,3.0,2.0,0.0
0.0,8.0,186.0,6.0,0.0,2.0,1.0,22.0,2.0,14.0,0.0,6.0,2.0,10.0,82.0,1.0,10.0,22.0,20.0,0.0,0.0,6.0,10.0,36.0,22.0,20.0,24.0,92.0,33.0,0.89,12.0,57.0,6.0,34.0,0.0,10.0,2.0,100.0,2.0,0.0,0.0,1.0,2.0,1.2,0.0,4.0,2.3,1.0,6.0,2.2,1.0,3.0,1.16666666666667,0.0,3.0,3.0,3.0,382.0,0.0,0.566844919786096,0.333333333333333,0.0,2.0,3.0,0.0,0.0
0.0,9.0,109.0,3.0,2.0,1.0,0.0,7.0,1.0,16.0,0.0,7.0,1.0,5.0,59.0,3.0,5.0,7.0,15.0,1.0,0.0,3.0,2.0,12.0,7.0,5.0,16.0,43.0,8.0,1.37,7.0,24.0,3.0,17.0,0.0,5.0,1.0,0.0,1.0,2.0,2.0,2.0,2.0,1.2,1.0,3.0,1.4,1.0,3.0,1.4,1.0,2.0,0.666666666666667,0.0,2.0,2.0,2.0,218.0,0.0,0.954128440366973,0.5,0.0,1.0,2.0,1.0,0.0
0.0,9.0,1044.0,5.0,0.0,1.0,1.0,70.0,2.0,26.0,33.0,16.0,2.0,34.0,657.0,1.0,34.0,70.0,74.0,0.0,0.0,5.0,34.0,134.0,70.0,38.0,73.0,344.0,98.0,1.91,43.0,171.0,5.0,100.0,0.0,1.0,2.0,94.0,1.0,0.0,1.0,1.0,3.0,2.08823529411765,0.0,4.0,2.29411764705882,1.0,12.0,2.47058823529412,1.0,2.0,1.0,0.0,2.0,2.0,2.0,2088.0,0.0,0.633141762452107,0.5,0.0,2.0,2.0,2.0,0.0
4.0,12.0,685.0,24.0,3.0,1.0,11.0,86.0,2.0,14.0,1.0,1.0,2.0,35.0,103.0,7.0,35.0,78.0,115.0,2.0,12.0,28.0,26.0,215.0,78.0,46.0,121.0,499.0,152.0,0.21,83.0,273.0,24.0,198.0,0.0,34.0,2.0,100.0,3.0,1.0,5.0,2.0,25.0,2.11428571428571,0.0,28.0,2.4,0.0,521.0,19.5142857142857,1.0,3.0,0.488372093023256,0.0,4.0,4.0,3.0,1376.0,6.0,0.991240875912409,0.5,0.0,1.0,3.0,1.0,1.0
1.0,14.0,234.0,9.0,0.0,1.0,1.0,23.0,2.0,20.0,5.0,5.0,2.0,10.0,76.0,3.0,10.0,22.0,48.0,0.0,0.0,10.0,9.0,63.0,22.0,12.0,50.0,144.0,36.0,0.53,16.0,86.0,9.0,66.0,0.0,5.0,2.0,100.0,1.0,0.0,1.0,2.0,10.0,3.1,0.0,20.0,3.6,0.0,20.0,3.3,1.0,2.0,0.785714285714286,0.0,3.0,3.0,3.0,468.0,0.0,0.58974358974359,0.333333333333333,0.0,3.0,3.0,2.0,0.0
0.0,3.0,120.0,1.0,0.0,1.0,0.0,11.0,1.0,7.0,0.0,3.0,1.0,11.0,55.0,1.0,11.0,11.0,16.0,0.0,1.0,1.0,11.0,9.0,11.0,11.0,16.0,49.0,9.0,1.12,16.0,25.0,1.0,13.0,0.0,11.0,1.0,18.0,2.0,0.0,1.0,1.0,4.0,2.0,0.0,3.0,1.09090909090909,0.0,1.0,1.0,1.0,0.0,0.0,0.0,2.0,2.0,2.0,240.0,0.0,0.891666666666667,0.5,0.0,2.0,2.0,0.0,0.0
0.0,4.0,227.0,2.0,0.0,1.0,0.0,15.0,1.0,10.0,0.0,5.0,1.0,12.0,115.0,1.0,12.0,14.0,19.0,3.0,3.0,3.0,9.0,21.0,14.0,12.0,19.0,68.0,20.0,1.69,44.0,39.0,2.0,26.0,0.0,12.0,1.0,69.0,2.0,1.0,0.0,1.0,7.0,2.25,0.0,4.0,2.08333333333333,0.0,2.0,1.16666666666667,1.0,1.0,0.285714285714286,0.0,3.0,3.0,3.0,455.0,1.0,0.960352422907489,0.333333333333333,0.0,1.0,3.0,2.0,0.0
1.0,11.0,616.0,29.0,0.0,1.0,0.0,89.0,3.0,16.0,0.0,4.0,3.0,33.0,167.0,2.0,33.0,86.0,100.0,1.0,7.0,29.0,31.0,205.0,86.0,49.0,110.0,405.0,166.0,0.41,44.0,276.0,29.0,192.0,0.0,33.0,3.0,76.0,2.0,0.0,4.0,1.0,18.0,3.57575757575758,0.0,19.0,3.09090909090909,1.0,45926.0,1393.42424242424,1.0,4.0,0.75,0.0,4.0,4.0,3.0,1263.0,10.0,0.517857142857143,0.5,0.0,2.0,3.0,0.0,0.0
4.0,12.0,820.0,19.0,7.0,1.0,0.0,97.0,2.0,16.0,0.0,4.0,2.0,41.0,204.0,3.0,41.0,97.0,122.0,1.0,23.0,19.0,29.0,274.0,97.0,48.0,125.0,558.0,208.0,0.37,58.0,333.0,19.0,237.0,0.0,41.0,2.0,80.0,2.0,0.0,5.0,1.0,19.0,4.29268292682927,0.0,26.0,3.21951219512195,1.0,19683.0,482.121951219512,1.0,6.0,0.933333333333333,0.0,3.0,3.0,3.0,1658.0,3.0,0.68780487804878,0.333333333333333,0.0,3.0,3.0,0.0,0.0
0.0,4.0,51.0,1.0,0.0,1.0,0.0,2.0,1.0,7.0,0.0,3.0,1.0,2.0,30.0,1.0,2.0,2.0,9.0,0.0,0.0,1.0,2.0,2.0,2.0,2.0,9.0,17.0,2.0,1.76,4.0,11.0,1.0,8.0,0.0,2.0,1.0,0.0,1.0,0.0,2.0,2.0,1.0,1.0,1.0,2.0,2.0,2.0,1.0,1.0,1.0,0.0,0.0,0.0,2.0,2.0,2.0,102.0,0.0,0.941176470588235,0.5,0.0,2.0,2.0,0.0,0.0
0.0,9.0,92.0,3.0,0.0,1.0,1.0,6.0,2.0,13.0,0.0,4.0,2.0,4.0,37.0,1.0,4.0,6.0,14.0,0.0,1.0,3.0,4.0,21.0,6.0,4.0,15.0,46.0,13.0,0.8,9.0,28.0,3.0,22.0,0.0,4.0,2.0,62.0,2.0,0.0,1.0,1.0,7.0,4.0,1.0,8.0,3.5,1.0,3.0,1.5,1.0,2.0,1.0,0.0,2.0,2.0,2.0,184.0,0.0,0.804347826086957,0.5,0.0,2.0,2.0,0.0,0.0
2.0,10.0,250.0,4.0,0.0,1.0,2.0,23.0,2.0,20.0,0.0,8.0,2.0,9.0,102.0,1.0,9.0,19.0,34.0,0.0,4.0,7.0,7.0,47.0,19.0,11.0,31.0,117.0,36.0,0.87,31.0,67.0,4.0,47.0,1.0,9.0,3.0,70.0,2.0,0.0,1.0,1.0,10.0,5.11111111111111,2.0,10.0,3.77777777777778,1.0,8.0,2.88888888888889,1.0,2.0,0.818181818181818,0.0,3.0,3.0,3.0,501.0,1.0,0.928,0.333333333333333,0.0,2.0,3.0,2.0,0.0
2.0,7.0,430.0,8.0,0.0,2.0,3.0,33.0,2.0,14.0,12.0,7.0,2.0,21.0,230.0,1.0,21.0,33.0,40.0,0.0,0.0,8.0,19.0,58.0,33.0,33.0,37.0,166.0,45.0,1.39,34.0,82.0,8.0,48.0,0.0,9.0,2.0,98.0,2.0,0.0,2.0,1.0,15.0,5.09523809523809,2.0,15.0,2.9047619047619,1.0,8.0,1.57142857142857,1.0,7.0,0.75,0.0,2.0,2.0,2.0,860.0,0.0,0.911627906976744,0.5,0.0,1.0,2.0,4.0,0.0
1.0,7.0,111.0,4.0,0.0,2.0,1.0,9.0,2.0,14.0,4.0,7.0,2.0,5.0,56.0,1.0,5.0,9.0,13.0,0.0,0.0,4.0,4.0,14.0,9.0,8.0,12.0,46.0,11.0,1.22,9.0,23.0,4.0,14.0,0.0,1.0,2.0,80.0,1.0,0.0,5.0,1.0,23.0,8.6,0.0,8.0,3.6,1.0,4.0,1.6,1.0,1.0,0.428571428571429,0.0,7.0,7.0,4.0,306.0,93.0,0.72972972972973,0.428571428571429,0.0,3.0,4.0,3.0,0.0
0.0,11.0,103.0,4.0,0.0,2.0,1.0,8.0,2.0,19.0,1.0,7.0,2.0,3.0,49.0,1.0,3.0,7.0,16.0,0.0,0.0,5.0,3.0,17.0,7.0,6.0,17.0,44.0,12.0,1.11,10.0,29.0,4.0,22.0,1.0,2.0,3.0,66.0,2.0,12.0,0.0,1.0,13.0,6.0,0.0,8.0,5.66666666666667,4.0,4.0,2.33333333333333,1.0,3.0,2.0,0.0,3.0,3.0,3.0,208.0,2.0,0.398058252427184,0.333333333333333,0.0,5.0,3.0,1.0,0.0
3.0,22.0,1243.0,17.0,1.0,3.0,16.0,187.0,5.0,31.0,25.0,8.0,4.0,34.0,351.0,6.0,34.0,151.0,132.0,4.0,3.0,26.0,26.0,395.0,162.0,109.0,125.0,810.0,279.0,0.43,85.0,404.0,17.0,263.0,0.0,9.0,6.0,90.0,2.0,2.0,11.0,2.0,15.0,5.41176470588235,0.0,15.0,5.14705882352941,1.0,2052.0,64.9117647058823,1.0,5.0,1.48780487804878,0.0,13.0,13.0,8.0,2523.0,35.0,0.35076427996782,0.230769230769231,0.0,4.0,8.0,4.0,0.0
1.0,4.0,93.0,2.0,0.0,1.0,1.0,7.0,1.0,8.0,2.0,4.0,1.0,6.0,49.0,1.0,6.0,7.0,11.0,0.0,1.0,2.0,5.0,9.0,7.0,6.0,11.0,35.0,8.0,1.4,9.0,19.0,2.0,11.0,0.0,4.0,1.0,66.0,1.0,0.0,1.0,2.0,7.0,3.33333333333333,1.0,3.0,2.0,1.0,2.0,1.16666666666667,1.0,1.0,0.375,0.0,2.0,2.0,2.0,186.0,0.0,0.795698924731183,0.5,0.0,2.0,2.0,2.0,0.0
1.0,10.0,181.0,5.0,0.0,1.0,0.0,13.0,2.0,20.0,6.0,10.0,2.0,7.0,92.0,1.0,7.0,13.0,20.0,0.0,0.0,5.0,6.0,30.0,13.0,7.0,21.0,76.0,19.0,1.21,13.0,40.0,5.0,27.0,0.0,1.0,2.0,0.0,1.0,0.0,3.0,1.0,9.0,3.14285714285714,0.0,11.0,3.85714285714286,1.0,5.0,1.85714285714286,1.0,4.0,1.55555555555556,0.0,2.0,2.0,2.0,362.0,0.0,0.464088397790055,0.5,0.0,3.0,2.0,1.0,0.0
0.0,4.0,37.0,1.0,0.0,1.0,0.0,1.0,1.0,11.0,1.0,7.0,1.0,1.0,28.0,1.0,1.0,1.0,3.0,0.0,0.0,1.0,1.0,1.0,1.0,1.0,3.0,8.0,1.0,3.5,1.0,4.0,1.0,2.0,0.0,0.0,1.0,0.0,1.0,0.0,0.0,1.0,5.0,5.0,5.0,1.0,1.0,1.0,1.0,1.0,1.0,0.0,0.0,0.0,2.0,2.0,2.0,74.0,0.0,0.378378378378378,0.5,0.0,4.0,2.0,0.0,0.0
9.0,11.0,1265.0,17.0,6.0,1.0,2.0,153.0,2.0,15.0,15.0,3.0,2.0,71.0,307.0,11.0,71.0,147.0,170.0,0.0,12.0,18.0,56.0,378.0,147.0,84.0,164.0,858.0,250.0,0.36,100.0,414.0,17.0,268.0,0.0,56.0,2.0,82.0,2.0,7.0,15.0,2.0,28.0,3.28169014084507,0.0,28.0,3.47887323943662,0.0,80.0,3.64788732394366,1.0,7.0,0.795180722891566,0.0,15.0,15.0,6.0,2393.0,119.0,0.732227488151659,0.266666666666667,0.0,2.0,6.0,6.0,2.0
0.0,18.0,88.0,6.0,0.0,4.0,1.0,7.0,4.0,25.0,0.0,7.0,4.0,2.0,33.0,1.0,2.0,7.0,13.0,0.0,2.0,6.0,2.0,18.0,7.0,7.0,13.0,48.0,13.0,0.69,8.0,26.0,6.0,18.0,0.0,2.0,4.0,33.0,1.0,0.0,3.0,2.0,9.0,6.5,4.0,7.0,5.0,3.0,6.0,3.5,1.0,2.0,1.5,0.0,2.0,2.0,2.0,176.0,0.0,1.0,0.5,0.0,1.0,2.0,0.0,0.0
0.0,12.0,161.0,10.0,0.0,1.0,1.0,22.0,3.0,14.0,0.0,1.0,3.0,8.0,31.0,1.0,8.0,22.0,30.0,4.0,2.0,10.0,4.0,49.0,22.0,8.0,31.0,113.0,40.0,0.27,20.0,71.0,10.0,52.0,0.0,8.0,3.0,75.0,1.0,6.0,3.0,2.0,13.0,5.125,0.0,10.0,3.5,1.0,82.0,12.25,1.0,3.0,1.2,0.0,4.0,4.0,4.0,337.0,6.0,0.801242236024845,0.25,0.0,2.0,4.0,2.0,2.0
6.0,17.0,332.0,7.0,1.0,2.0,1.0,42.0,3.0,21.0,0.0,2.0,3.0,13.0,51.0,5.0,13.0,41.0,66.0,0.0,13.0,7.0,6.0,113.0,41.0,27.0,72.0,241.0,74.0,0.21,46.0,146.0,7.0,104.0,2.0,13.0,3.0,83.0,2.0,12.0,12.0,2.0,9.0,3.30769230769231,0.0,14.0,5.15384615384615,0.0,11.0,3.92307692307692,1.0,4.0,2.15789473684211,0.0,5.0,5.0,5.0,670.0,6.0,0.909638554216867,0.2,0.0,1.0,5.0,5.0,1.0
0.0,6.0,74.0,2.0,0.0,1.0,0.0,6.0,1.0,8.0,0.0,1.0,1.0,5.0,21.0,1.0,5.0,6.0,13.0,1.0,0.0,2.0,4.0,12.0,6.0,5.0,13.0,39.0,9.0,0.54,14.0,22.0,2.0,15.0,0.0,5.0,1.0,0.0,2.0,0.0,2.0,1.0,3.0,1.2,0.0,8.0,2.8,1.0,2.0,1.2,1.0,1.0,0.428571428571429,0.0,3.0,3.0,3.0,150.0,2.0,0.918918918918919,0.333333333333333,0.0,2.0,3.0,1.0,0.0
0.0,4.0,35.0,1.0,0.0,1.0,0.0,2.0,1.0,6.0,0.0,2.0,1.0,2.0,21.0,1.0,2.0,2.0,4.0,0.0,0.0,1.0,2.0,2.0,2.0,2.0,4.0,12.0,2.0,1.75,2.0,6.0,1.0,3.0,0.0,2.0,1.0,0.0,3.0,0.0,0.0,1.0,2.0,1.0,0.0,2.0,1.5,1.0,1.0,1.0,1.0,0.0,0.0,0.0,2.0,2.0,2.0,70.0,0.0,0.971428571428571,0.5,0.0,1.0,2.0,1.0,0.0
0.0,1.0,52.0,1.0,5.0,1.0,0.0,5.0,1.0,5.0,0.0,4.0,1.0,5.0,36.0,1.0,5.0,5.0,8.0,0.0,0.0,1.0,0.0,0.0,5.0,5.0,8.0,10.0,0.0,3.6,6.0,8.0,1.0,7.0,0.0,5.0,1.0,0.0,0.0,1.0,0.0,0.0,1.0,1.0,1.0,1.0,1.0,1.0,1.0,1.0,1.0,0.0,0.0,0.0,2.0,2.0,2.0,104.0,0.0,0.980769230769231,0.5,0.0,1.0,2.0,1.0,0.0
0.0,10.0,113.0,4.0,0.0,1.0,0.0,11.0,2.0,12.0,0.0,1.0,2.0,6.0,22.0,1.0,6.0,11.0,23.0,1.0,1.0,4.0,5.0,31.0,11.0,6.0,22.0,72.0,19.0,0.31,19.0,41.0,4.0,29.0,1.0,6.0,2.0,83.0,2.0,0.0,2.0,1.0,4.0,1.33333333333333,0.0,14.0,4.16666666666667,1.0,4.0,1.83333333333333,1.0,3.0,1.25,0.0,4.0,4.0,4.0,229.0,3.0,0.955752212389381,0.25,0.0,1.0,4.0,2.0,0.0
0.0,4.0,57.0,1.0,0.0,1.0,0.0,5.0,1.0,5.0,0.0,0.0,1.0,5.0,20.0,1.0,5.0,5.0,9.0,1.0,0.0,1.0,4.0,7.0,5.0,5.0,9.0,27.0,6.0,0.74,10.0,15.0,1.0,9.0,0.0,5.0,1.0,0.0,2.0,0.0,0.0,1.0,2.0,0.8,0.0,4.0,2.0,1.0,1.0,1.0,1.0,0.0,0.0,0.0,2.0,2.0,2.0,114.0,0.0,0.982456140350877,0.5,0.0,1.0,2.0,1.0,0.0
0.0,6.0,73.0,2.0,0.0,1.0,0.0,6.0,1.0,8.0,0.0,1.0,1.0,5.0,21.0,1.0,5.0,6.0,13.0,1.0,0.0,2.0,4.0,12.0,6.0,5.0,13.0,39.0,9.0,0.54,13.0,22.0,2.0,15.0,0.0,5.0,1.0,0.0,2.0,0.0,2.0,1.0,3.0,1.2,0.0,8.0,2.8,1.0,2.0,1.2,1.0,1.0,0.428571428571429,0.0,3.0,3.0,3.0,148.0,2.0,0.917808219178082,0.333333333333333,0.0,2.0,3.0,1.0,0.0
0.0,6.0,73.0,2.0,0.0,1.0,0.0,6.0,1.0,8.0,0.0,1.0,1.0,5.0,21.0,1.0,5.0,6.0,13.0,1.0,0.0,2.0,4.0,12.0,6.0,5.0,13.0,39.0,9.0,0.54,13.0,22.0,2.0,15.0,0.0,5.0,1.0,0.0,2.0,0.0,2.0,1.0,3.0,1.2,0.0,8.0,2.8,1.0,2.0,1.2,1.0,1.0,0.428571428571429,0.0,3.0,3.0,3.0,148.0,2.0,0.917808219178082,0.333333333333333,0.0,2.0,3.0,1.0,0.0
0.0,14.0,128.0,5.0,0.0,1.0,0.0,13.0,2.0,17.0,0.0,1.0,2.0,5.0,22.0,1.0,5.0,12.0,23.0,1.0,1.0,6.0,4.0,39.0,12.0,5.0,24.0,85.0,28.0,0.26,21.0,52.0,5.0,39.0,2.0,5.0,3.0,80.0,2.0,1.0,4.0,1.0,4.0,2.2,0.0,13.0,5.8,1.0,5.0,2.6,1.0,4.0,2.0,0.0,4.0,4.0,4.0,259.0,3.0,0.921875,0.25,0.0,2.0,4.0,2.0,1.0
0.0,4.0,33.0,1.0,0.0,1.0,0.0,1.0,1.0,7.0,0.0,3.0,1.0,1.0,24.0,1.0,1.0,1.0,3.0,1.0,0.0,1.0,0.0,1.0,1.0,1.0,3.0,8.0,1.0,3.0,1.0,4.0,1.0,2.0,0.0,1.0,1.0,0.0,2.0,0.0,2.0,1.0,1.0,1.0,1.0,1.0,1.0,1.0,1.0,1.0,1.0,1.0,0.25,0.0,2.0,2.0,2.0,66.0,0.0,0.393939393939394,0.5,0.0,4.0,2.0,0.0,0.0
0.0,1.0,30.0,1.0,1.0,1.0,0.0,1.0,1.0,4.0,0.0,3.0,1.0,1.0,24.0,1.0,1.0,1.0,3.0,0.0,0.0,1.0,0.0,0.0,1.0,1.0,3.0,5.0,0.0,4.8,1.0,3.0,1.0,2.0,0.0,1.0,1.0,0.0,1.0,4.0,0.0,1.0,2.0,2.0,2.0,0.0,0.0,0.0,1.0,1.0,1.0,0.0,0.0,0.0,2.0,2.0,2.0,60.0,0.0,0.433333333333333,0.5,0.0,4.0,2.0,0.0,0.0
0.0,0.0,27.0,0.0,0.0,0.0,0.0,0.0,0.0,0.0,0.0,0.0,0.0,0.0,22.0,1.0,0.0,0.0,2.0,0.0,0.0,0.0,0.0,0.0,0.0,0.0,2.0,4.0,0.0,5.5,1.0,2.0,0.0,1.0,0.0,0.0,0.0,0.0,0.0,1.0,0.0,0.0,0.0,0.0,0.0,0.0,0.0,0.0,0.0,0.0,0.0,0.0,0.0,0.0,2.0,2.0,2.0,54.0,0.0,0.481481481481481,0.5,0.0,4.0,2.0,0.0,0.0
0.0,4.0,81.0,2.0,0.0,1.0,0.0,5.0,1.0,10.0,0.0,6.0,1.0,4.0,49.0,1.0,4.0,5.0,11.0,1.0,1.0,2.0,3.0,6.0,5.0,4.0,12.0,25.0,4.0,1.96,7.0,16.0,2.0,12.0,0.0,4.0,1.0,25.0,1.0,1.0,1.0,1.0,3.0,2.0,1.0,4.0,1.75,0.0,2.0,1.25,1.0,1.0,0.5,0.0,2.0,2.0,2.0,162.0,0.0,0.777777777777778,0.5,0.0,2.0,2.0,2.0,0.0
0.0,4.0,67.0,2.0,0.0,1.0,1.0,4.0,1.0,11.0,0.0,7.0,1.0,3.0,43.0,1.0,3.0,4.0,8.0,0.0,0.0,2.0,3.0,5.0,4.0,3.0,8.0,19.0,3.0,2.26,5.0,11.0,2.0,7.0,0.0,3.0,1.0,100.0,3.0,0.0,0.0,1.0,3.0,1.33333333333333,0.0,3.0,2.66666666666667,2.0,1.0,1.0,1.0,2.0,0.333333333333333,0.0,2.0,2.0,2.0,134.0,0.0,0.761194029850746,0.5,0.0,2.0,2.0,2.0,0.0
0.0,4.0,92.0,2.0,0.0,1.0,1.0,7.0,1.0,11.0,0.0,7.0,1.0,5.0,57.0,1.0,5.0,7.0,11.0,0.0,0.0,2.0,5.0,8.0,7.0,5.0,11.0,28.0,5.0,2.04,7.0,16.0,2.0,10.0,0.0,5.0,1.0,100.0,3.0,0.0,0.0,1.0,3.0,1.8,1.0,3.0,2.4,2.0,1.0,1.0,1.0,0.0,0.0,0.0,2.0,2.0,2.0,184.0,0.0,0.793478260869565,0.5,0.0,2.0,2.0,2.0,0.0
0.0,6.0,92.0,2.0,1.0,1.0,1.0,6.0,2.0,13.0,0.0,6.0,2.0,4.0,50.0,1.0,4.0,6.0,9.0,0.0,1.0,2.0,3.0,11.0,6.0,4.0,9.0,34.0,8.0,1.47,8.0,17.0,2.0,10.0,0.0,4.0,2.0,75.0,2.0,3.0,2.0,1.0,18.0,7.0,0.0,3.0,2.25,2.0,2.0,1.5,1.0,1.0,0.666666666666667,0.0,2.0,2.0,2.0,184.0,0.0,0.66304347826087,0.5,0.0,3.0,2.0,1.0,0.0
0.0,4.0,36.0,1.0,0.0,1.0,1.0,1.0,1.0,7.0,0.0,3.0,1.0,1.0,25.0,1.0,1.0,1.0,4.0,0.0,0.0,1.0,1.0,2.0,1.0,1.0,4.0,9.0,1.0,2.78,2.0,5.0,1.0,3.0,0.0,1.0,1.0,100.0,2.0,0.0,0.0,1.0,1.0,1.0,1.0,1.0,1.0,1.0,1.0,1.0,1.0,0.0,0.0,0.0,2.0,2.0,2.0,72.0,0.0,0.361111111111111,0.5,0.0,4.0,2.0,0.0,0.0
0.0,4.0,35.0,1.0,0.0,1.0,1.0,1.0,1.0,7.0,0.0,3.0,1.0,1.0,24.0,1.0,1.0,1.0,4.0,0.0,0.0,1.0,1.0,2.0,1.0,1.0,4.0,9.0,1.0,2.67,2.0,5.0,1.0,3.0,0.0,1.0,1.0,100.0,2.0,0.0,0.0,1.0,1.0,1.0,1.0,1.0,1.0,1.0,1.0,1.0,1.0,0.0,0.0,0.0,2.0,2.0,2.0,70.0,0.0,0.371428571428571,0.5,0.0,4.0,2.0,0.0,0.0
0.0,4.0,127.0,2.0,0.0,1.0,1.0,9.0,1.0,12.0,0.0,8.0,1.0,7.0,79.0,1.0,7.0,9.0,14.0,0.0,1.0,2.0,7.0,11.0,9.0,7.0,14.0,38.0,8.0,2.08,10.0,22.0,2.0,14.0,0.0,7.0,1.0,78.0,3.0,0.0,0.0,1.0,6.0,3.0,1.0,3.0,2.42857142857143,2.0,1.0,1.0,1.0,0.0,0.0,0.0,2.0,2.0,2.0,254.0,0.0,0.755905511811024,0.5,0.0,3.0,2.0,1.0,0.0
2.0,6.0,383.0,4.0,0.0,1.0,54.0,17.0,2.0,14.0,0.0,7.0,2.0,11.0,171.0,1.0,11.0,17.0,79.0,0.0,3.0,4.0,9.0,85.0,17.0,11.0,78.0,144.0,28.0,1.19,68.0,106.0,4.0,88.0,0.0,11.0,2.0,98.0,1.0,2.0,1.0,2.0,6.0,3.54545454545455,1.0,6.0,3.18181818181818,2.0,6.0,1.72727272727273,1.0,2.0,0.692307692307692,0.0,2.0,2.0,2.0,766.0,0.0,0.793733681462141,0.5,0.0,2.0,2.0,4.0,0.0
0.0,4.0,79.0,1.0,0.0,1.0,1.0,5.0,1.0,8.0,0.0,4.0,1.0,5.0,46.0,1.0,5.0,5.0,9.0,0.0,0.0,1.0,5.0,6.0,5.0,5.0,9.0,26.0,5.0,1.77,7.0,14.0,1.0,8.0,0.0,5.0,1.0,100.0,2.0,0.0,0.0,1.0,2.0,1.0,0.0,2.0,2.0,2.0,1.0,1.0,1.0,0.0,0.0,0.0,2.0,2.0,2.0,158.0,0.0,0.607594936708861,0.5,0.0,4.0,2.0,0.0,0.0
0.0,4.0,53.0,1.0,0.0,1.0,1.0,1.0,1.0,11.0,0.0,7.0,1.0,1.0,39.0,1.0,1.0,1.0,6.0,0.0,0.0,1.0,1.0,3.0,1.0,1.0,5.0,11.0,1.0,3.55,3.0,6.0,1.0,4.0,0.0,1.0,1.0,0.0,3.0,0.0,1.0,1.0,4.0,4.0,4.0,2.0,2.0,2.0,1.0,1.0,1.0,2.0,0.5,0.0,2.0,2.0,2.0,106.0,0.0,0.452830188679245,0.5,0.0,4.0,2.0,1.0,0.0
0.0,4.0,81.0,1.0,0.0,1.0,3.0,4.0,1.0,9.0,0.0,5.0,1.0,4.0,45.0,1.0,4.0,4.0,13.0,0.0,0.0,1.0,4.0,9.0,4.0,4.0,12.0,28.0,4.0,1.61,8.0,16.0,1.0,11.0,0.0,4.0,1.0,66.0,2.0,0.0,3.0,1.0,3.0,2.25,2.0,3.0,2.75,2.0,1.0,1.0,1.0,0.0,0.0,0.0,2.0,2.0,2.0,162.0,0.0,0.567901234567901,0.5,0.0,3.0,2.0,2.0,0.0
0.0,8.0,104.0,3.0,0.0,1.0,0.0,6.0,2.0,19.0,0.0,10.0,2.0,3.0,55.0,1.0,3.0,5.0,14.0,0.0,3.0,4.0,3.0,12.0,5.0,3.0,13.0,36.0,10.0,1.53,13.0,23.0,3.0,17.0,1.0,3.0,2.0,33.0,2.0,1.0,2.0,1.0,4.0,3.33333333333333,2.0,5.0,3.66666666666667,1.0,3.0,1.66666666666667,1.0,2.0,1.2,0.0,2.0,2.0,2.0,208.0,0.0,0.605769230769231,0.5,0.0,3.0,2.0,2.0,0.0
0.0,5.0,140.0,2.0,0.0,1.0,0.0,8.0,1.0,12.0,0.0,6.0,1.0,7.0,76.0,1.0,7.0,8.0,16.0,1.0,4.0,2.0,6.0,14.0,8.0,7.0,16.0,47.0,13.0,1.62,17.0,29.0,2.0,20.0,0.0,7.0,1.0,57.0,1.0,7.0,1.0,1.0,18.0,6.71428571428571,2.0,7.0,2.85714285714286,1.0,2.0,1.14285714285714,1.0,1.0,0.333333333333333,0.0,2.0,2.0,2.0,280.0,0.0,0.792857142857143,0.5,0.0,3.0,2.0,2.0,0.0
0.0,5.0,82.0,2.0,0.0,1.0,3.0,4.0,1.0,11.0,0.0,6.0,1.0,3.0,46.0,1.0,3.0,4.0,13.0,0.0,0.0,2.0,3.0,11.0,4.0,3.0,12.0,29.0,5.0,1.59,7.0,17.0,2.0,12.0,0.0,3.0,1.0,66.0,2.0,0.0,3.0,1.0,4.0,3.33333333333333,3.0,4.0,3.0,2.0,2.0,1.33333333333333,1.0,1.0,0.6,0.0,2.0,2.0,2.0,164.0,0.0,0.536585365853659,0.5,0.0,3.0,2.0,2.0,0.0
0.0,5.0,103.0,1.0,0.0,1.0,1.0,4.0,1.0,14.0,0.0,8.0,1.0,4.0,58.0,1.0,4.0,4.0,16.0,0.0,2.0,1.0,4.0,14.0,4.0,4.0,13.0,34.0,6.0,1.71,11.0,19.0,1.0,14.0,0.0,4.0,1.0,66.0,2.0,0.0,3.0,1.0,8.0,5.0,4.0,7.0,3.75,2.0,1.0,1.0,1.0,0.0,0.0,0.0,3.0,3.0,3.0,208.0,2.0,0.631067961165049,0.333333333333333,0.0,3.0,3.0,2.0,0.0
0.0,4.0,61.0,1.0,0.0,1.0,2.0,2.0,1.0,9.0,0.0,5.0,1.0,2.0,39.0,1.0,2.0,2.0,9.0,0.0,0.0,1.0,2.0,5.0,2.0,2.0,8.0,17.0,2.0,2.29,5.0,10.0,1.0,7.0,0.0,2.0,1.0,50.0,2.0,0.0,2.0,1.0,2.0,1.5,1.0,3.0,2.5,2.0,1.0,1.0,1.0,0.0,0.0,0.0,2.0,2.0,2.0,122.0,0.0,0.508196721311475,0.5,0.0,4.0,2.0,1.0,0.0
0.0,7.0,141.0,5.0,0.0,1.0,0.0,12.0,2.0,11.0,0.0,3.0,2.0,8.0,50.0,1.0,8.0,12.0,22.0,1.0,2.0,5.0,7.0,23.0,12.0,10.0,22.0,78.0,17.0,0.64,13.0,39.0,5.0,27.0,0.0,8.0,2.0,68.0,1.0,7.0,5.0,2.0,4.0,1.625,0.0,6.0,1.625,1.0,6.0,1.625,1.0,4.0,0.909090909090909,0.0,3.0,3.0,3.0,257.0,0.0,0.418439716312057,0.333333333333333,0.0,5.0,3.0,0.0,0.0
0.0,5.0,118.0,3.0,0.0,1.0,0.0,10.0,1.0,8.0,0.0,3.0,1.0,8.0,50.0,1.0,8.0,10.0,18.0,1.0,2.0,3.0,7.0,14.0,10.0,8.0,18.0,55.0,11.0,0.91,13.0,29.0,3.0,19.0,0.0,8.0,1.0,75.0,2.0,4.0,2.0,1.0,5.0,2.5,0.0,6.0,1.75,0.0,3.0,1.25,1.0,2.0,0.6,0.0,2.0,2.0,2.0,236.0,0.0,0.788135593220339,0.5,0.0,3.0,2.0,0.0,0.0
0.0,8.0,171.0,3.0,0.0,1.0,1.0,17.0,2.0,13.0,0.0,4.0,2.0,10.0,69.0,1.0,9.0,17.0,21.0,0.0,2.0,3.0,9.0,27.0,17.0,10.0,21.0,85.0,24.0,0.81,17.0,45.0,3.0,27.0,0.0,9.0,2.0,66.0,2.0,0.0,3.0,2.0,6.0,1.66666666666667,0.0,3.0,1.88888888888889,1.0,3.0,1.88888888888889,1.0,2.0,1.0,0.0,4.0,4.0,4.0,333.0,2.0,0.538011695906433,0.25,0.0,5.0,4.0,2.0,0.0
0.0,1.0,33.0,1.0,1.0,1.0,0.0,1.0,1.0,4.0,0.0,3.0,1.0,1.0,27.0,1.0,1.0,1.0,3.0,0.0,0.0,1.0,0.0,0.0,1.0,1.0,3.0,5.0,0.0,5.4,1.0,3.0,1.0,2.0,0.0,1.0,1.0,0.0,0.0,2.0,0.0,0.0,1.0,1.0,1.0,1.0,1.0,1.0,1.0,1.0,1.0,0.0,0.0,0.0,2.0,2.0,2.0,66.0,0.0,0.575757575757576,0.5,0.0,2.0,2.0,1.0,0.0
0.0,1.0,95.0,1.0,6.0,1.0,0.0,6.0,1.0,7.0,0.0,6.0,1.0,6.0,69.0,1.0,6.0,6.0,15.0,0.0,0.0,1.0,0.0,0.0,6.0,6.0,15.0,17.0,0.0,4.06,9.0,15.0,1.0,14.0,0.0,6.0,1.0,0.0,3.0,8.0,1.0,2.0,14.0,7.0,4.0,1.0,0.666666666666667,0.0,1.0,1.0,1.0,0.0,0.0,0.0,4.0,4.0,4.0,193.0,3.0,0.410526315789474,0.25,0.0,5.0,4.0,1.0,0.0
0.0,1.0,41.0,1.0,2.0,1.0,0.0,2.0,1.0,5.0,0.0,4.0,1.0,2.0,31.0,1.0,2.0,2.0,5.0,0.0,0.0,1.0,0.0,0.0,2.0,2.0,5.0,7.0,0.0,4.43,3.0,5.0,1.0,4.0,0.0,2.0,1.0,0.0,4.0,1.0,0.0,1.0,2.0,1.0,0.0,1.0,0.5,0.0,1.0,1.0,1.0,0.0,0.0,0.0,2.0,2.0,2.0,82.0,0.0,0.634146341463415,0.5,0.0,2.0,2.0,1.0,0.0
0.0,8.0,114.0,4.0,0.0,1.0,0.0,7.0,2.0,13.0,0.0,5.0,2.0,4.0,61.0,1.0,4.0,7.0,11.0,0.0,3.0,4.0,4.0,13.0,7.0,4.0,12.0,42.0,13.0,1.45,11.0,25.0,4.0,17.0,0.0,4.0,2.0,33.0,1.0,0.0,1.0,2.0,5.0,2.75,0.0,9.0,3.0,0.0,4.0,1.75,1.0,3.0,1.71428571428571,0.0,2.0,2.0,2.0,228.0,0.0,0.973684210526316,0.5,0.0,1.0,2.0,1.0,0.0
0.0,1.0,68.0,1.0,0.0,1.0,0.0,2.0,1.0,17.0,0.0,16.0,1.0,2.0,54.0,1.0,2.0,2.0,7.0,0.0,0.0,1.0,2.0,0.0,2.0,2.0,6.0,9.0,0.0,6.0,5.0,6.0,1.0,5.0,0.0,2.0,1.0,0.0,0.0,1.0,1.0,0.0,9.0,5.5,2.0,1.0,1.0,1.0,1.0,1.0,1.0,0.0,0.0,0.0,3.0,3.0,3.0,143.0,13.0,0.323529411764706,0.333333333333333,0.0,5.0,3.0,0.0,0.0
0.0,11.0,166.0,8.0,0.0,2.0,0.0,13.0,2.0,18.0,0.0,5.0,2.0,5.0,75.0,1.0,5.0,12.0,18.0,0.0,5.0,9.0,5.0,30.0,12.0,12.0,18.0,70.0,26.0,1.07,21.0,44.0,8.0,31.0,1.0,5.0,3.0,64.0,1.0,0.0,1.0,2.0,5.0,2.4,0.0,9.0,2.8,0.0,12.0,3.2,1.0,3.0,1.28571428571429,0.0,2.0,2.0,2.0,332.0,0.0,0.981927710843373,0.5,0.0,1.0,2.0,1.0,0.0
0.0,3.0,54.0,1.0,0.0,1.0,0.0,3.0,1.0,7.0,0.0,4.0,1.0,3.0,33.0,1.0,3.0,3.0,7.0,0.0,0.0,1.0,3.0,2.0,3.0,3.0,7.0,17.0,2.0,1.94,4.0,9.0,1.0,5.0,0.0,3.0,1.0,0.0,2.0,0.0,2.0,1.0,2.0,1.0,0.0,2.0,1.66666666666667,1.0,1.0,1.0,1.0,0.0,0.0,0.0,2.0,2.0,2.0,108.0,0.0,0.666666666666667,0.5,0.0,3.0,2.0,1.0,0.0
0.0,14.0,189.0,9.0,0.0,3.0,0.0,15.0,3.0,23.0,0.0,7.0,3.0,5.0,83.0,1.0,5.0,15.0,20.0,0.0,6.0,9.0,5.0,36.0,15.0,13.0,19.0,88.0,30.0,0.94,18.0,49.0,9.0,33.0,1.0,5.0,3.0,63.0,1.0,0.0,5.0,2.0,7.0,3.6,0.0,11.0,4.4,0.0,27.0,6.6,1.0,3.0,1.57142857142857,0.0,4.0,4.0,3.0,371.0,2.0,0.973544973544973,0.5,0.0,1.0,3.0,1.0,0.0
0.0,12.0,203.0,6.0,0.0,2.0,1.0,17.0,3.0,22.0,0.0,7.0,3.0,6.0,92.0,1.0,6.0,17.0,25.0,2.0,1.0,6.0,4.0,36.0,17.0,10.0,24.0,90.0,28.0,1.02,21.0,52.0,6.0,34.0,1.0,6.0,3.0,66.0,1.0,2.0,6.0,2.0,5.0,4.33333333333333,3.0,9.0,5.0,1.0,32.0,7.33333333333333,1.0,2.0,1.125,0.0,4.0,4.0,3.0,449.0,38.0,0.812807881773399,0.5,0.0,2.0,3.0,1.0,0.0
0.0,8.0,117.0,5.0,0.0,2.0,0.0,9.0,2.0,13.0,0.0,4.0,2.0,4.0,63.0,1.0,4.0,8.0,11.0,0.0,4.0,6.0,4.0,15.0,8.0,8.0,11.0,43.0,14.0,1.47,11.0,25.0,5.0,16.0,0.0,4.0,2.0,50.0,1.0,0.0,0.0,2.0,4.0,2.25,0.0,4.0,1.75,0.0,7.0,2.5,1.0,2.0,1.0,0.0,2.0,2.0,2.0,234.0,0.0,0.991452991452991,0.5,0.0,1.0,2.0,1.0,0.0
0.0,4.0,89.0,2.0,0.0,1.0,1.0,7.0,1.0,6.0,0.0,1.0,1.0,6.0,36.0,1.0,6.0,7.0,18.0,0.0,1.0,2.0,6.0,12.0,7.0,6.0,18.0,42.0,8.0,0.86,11.0,26.0,2.0,18.0,0.0,6.0,1.0,50.0,2.0,0.0,7.0,1.0,5.0,1.66666666666667,1.0,9.0,3.0,1.0,2.0,1.16666666666667,1.0,1.0,0.375,0.0,3.0,3.0,3.0,180.0,0.0,1.0,0.333333333333333,0.0,1.0,3.0,0.0,0.0
0.0,4.0,70.0,1.0,0.0,1.0,1.0,4.0,1.0,9.0,0.0,5.0,1.0,4.0,44.0,1.0,4.0,4.0,7.0,0.0,0.0,1.0,4.0,5.0,4.0,4.0,7.0,21.0,4.0,2.1,5.0,11.0,1.0,6.0,0.0,4.0,1.0,100.0,2.0,0.0,0.0,1.0,5.0,2.0,0.0,1.0,1.0,1.0,1.0,1.0,1.0,0.0,0.0,0.0,2.0,2.0,2.0,140.0,0.0,0.514285714285714,0.5,0.0,4.0,2.0,0.0,0.0
0.0,4.0,114.0,1.0,0.0,1.0,1.0,8.0,1.0,9.0,0.0,4.0,1.0,8.0,59.0,1.0,8.0,8.0,14.0,1.0,1.0,1.0,7.0,14.0,8.0,8.0,14.0,44.0,12.0,1.34,11.0,26.0,1.0,17.0,0.0,8.0,1.0,68.0,3.0,0.0,2.0,1.0,3.0,1.375,0.0,4.0,2.5,1.0,1.0,1.0,1.0,0.0,0.0,0.0,3.0,3.0,3.0,229.0,1.0,0.570175438596491,0.333333333333333,0.0,5.0,3.0,0.0,0.0
0.0,4.0,91.0,1.0,0.0,1.0,1.0,6.0,1.0,8.0,0.0,4.0,1.0,6.0,50.0,1.0,6.0,6.0,10.0,1.0,1.0,1.0,5.0,8.0,6.0,6.0,10.0,31.0,7.0,1.61,10.0,17.0,1.0,10.0,0.0,6.0,1.0,66.0,3.0,0.0,0.0,1.0,5.0,1.83333333333333,0.0,3.0,2.16666666666667,2.0,1.0,1.0,1.0,0.0,0.0,0.0,2.0,2.0,2.0,182.0,0.0,0.417582417582418,0.5,0.0,4.0,2.0,0.0,0.0
1.0,18.0,318.0,10.0,0.0,1.0,2.0,33.0,3.0,24.0,0.0,5.0,3.0,10.0,82.0,1.0,10.0,31.0,44.0,0.0,6.0,10.0,9.0,91.0,31.0,10.0,43.0,214.0,62.0,0.38,22.0,105.0,10.0,72.0,0.0,10.0,3.0,73.0,2.0,0.0,4.0,2.0,12.0,3.2,1.0,18.0,5.5,1.0,27.0,6.1,1.0,4.0,1.75,0.0,4.0,4.0,3.0,640.0,4.0,0.49685534591195,0.5,0.0,2.0,3.0,4.0,0.0
0.0,5.0,103.0,2.0,0.0,1.0,2.0,8.0,1.0,7.0,0.0,1.0,1.0,6.0,36.0,1.0,6.0,8.0,23.0,0.0,2.0,2.0,6.0,15.0,8.0,6.0,22.0,52.0,11.0,0.69,15.0,33.0,2.0,24.0,0.0,6.0,1.0,83.0,2.0,0.0,4.0,1.0,5.0,1.33333333333333,0.0,7.0,2.16666666666667,1.0,2.0,1.33333333333333,1.0,1.0,0.5,0.0,9.0,9.0,4.0,219.0,11.0,0.970873786407767,0.666666666666667,0.0,1.0,4.0,1.0,1.0
0.0,9.0,162.0,5.0,0.0,1.0,1.0,11.0,2.0,14.0,0.0,4.0,2.0,7.0,66.0,1.0,7.0,11.0,34.0,1.0,1.0,5.0,6.0,30.0,11.0,7.0,31.0,82.0,15.0,0.8,14.0,46.0,5.0,34.0,0.0,7.0,2.0,78.0,2.0,0.0,3.0,1.0,5.0,1.14285714285714,0.0,16.0,3.28571428571429,0.0,8.0,2.0,1.0,3.0,1.0,0.0,2.0,2.0,2.0,324.0,0.0,1.0,0.5,0.0,1.0,2.0,0.0,0.0
0.0,8.0,140.0,5.0,0.0,1.0,2.0,10.0,2.0,10.0,0.0,1.0,2.0,6.0,53.0,1.0,6.0,10.0,33.0,0.0,1.0,5.0,6.0,27.0,10.0,6.0,34.0,73.0,18.0,0.73,14.0,52.0,5.0,41.0,0.0,6.0,2.0,77.0,2.0,0.0,4.0,1.0,5.0,1.16666666666667,0.0,9.0,2.5,0.0,7.0,2.0,1.0,3.0,1.125,0.0,4.0,4.0,3.0,285.0,3.0,0.942857142857143,0.5,0.0,2.0,3.0,0.0,0.0
0.0,5.0,197.0,3.0,0.0,1.0,0.0,15.0,2.0,14.0,0.0,7.0,2.0,10.0,108.0,1.0,10.0,15.0,23.0,0.0,0.0,3.0,10.0,25.0,15.0,10.0,27.0,66.0,21.0,1.64,23.0,48.0,3.0,35.0,1.0,10.0,2.0,0.0,1.0,1.0,2.0,3.0,5.0,2.6,0.0,8.0,2.9,1.0,3.0,1.5,1.0,5.0,1.07692307692308,0.0,2.0,2.0,2.0,394.0,0.0,0.842639593908629,0.5,0.0,3.0,2.0,1.0,0.0
2.0,11.0,1827.0,10.0,2.0,2.0,3.0,155.0,3.0,30.0,2.0,18.0,3.0,56.0,1071.0,1.0,56.0,142.0,124.0,0.0,2.0,11.0,52.0,324.0,142.0,84.0,123.0,674.0,263.0,1.59,83.0,386.0,10.0,245.0,0.0,54.0,3.0,74.0,1.0,0.0,0.0,3.0,72.0,8.30357142857143,1.0,7.0,2.98214285714286,1.0,21.0,4.03571428571429,1.0,4.0,0.844827586206897,0.0,2.0,2.0,2.0,3656.0,0.0,0.931072210065646,0.5,0.0,1.0,2.0,4.0,0.0
1.0,3.0,38.0,1.0,0.0,1.0,2.0,1.0,1.0,6.0,0.0,3.0,1.0,1.0,26.0,1.0,1.0,1.0,5.0,0.0,0.0,1.0,0.0,2.0,1.0,1.0,5.0,9.0,0.0,2.89,3.0,5.0,1.0,3.0,0.0,1.0,1.0,100.0,1.0,0.0,0.0,1.0,0.0,0.0,0.0,1.0,1.0,1.0,1.0,1.0,1.0,0.0,0.0,0.0,2.0,2.0,2.0,76.0,0.0,0.631578947368421,0.5,0.0,2.0,2.0,1.0,0.0
0.0,4.0,103.0,1.0,0.0,1.0,0.0,5.0,1.0,12.0,1.0,8.0,1.0,5.0,63.0,1.0,5.0,5.0,11.0,1.0,1.0,1.0,4.0,7.0,5.0,5.0,10.0,30.0,7.0,2.1,10.0,17.0,1.0,11.0,0.0,4.0,1.0,19.0,2.0,1.0,1.0,1.0,9.0,4.0,1.0,3.0,2.6,1.0,1.0,1.0,1.0,4.0,0.5,0.0,2.0,2.0,2.0,206.0,0.0,0.368932038834951,0.5,0.0,6.0,2.0,0.0,0.0
1.0,6.0,87.0,2.0,0.0,1.0,0.0,5.0,2.0,15.0,1.0,9.0,2.0,3.0,57.0,1.0,3.0,5.0,8.0,1.0,1.0,2.0,1.0,7.0,5.0,3.0,8.0,24.0,6.0,2.38,6.0,14.0,2.0,9.0,0.0,2.0,2.0,33.0,2.0,0.0,1.0,1.0,5.0,3.33333333333333,2.0,4.0,3.33333333333333,3.0,2.0,1.33333333333333,1.0,1.0,0.6,0.0,2.0,2.0,2.0,174.0,0.0,0.620689655172414,0.5,0.0,4.0,2.0,0.0,0.0
0.0,4.0,36.0,1.0,0.0,1.0,0.0,1.0,1.0,4.0,0.0,0.0,1.0,1.0,27.0,1.0,1.0,1.0,3.0,0.0,0.0,1.0,1.0,1.0,1.0,1.0,3.0,8.0,1.0,3.38,1.0,4.0,1.0,2.0,0.0,1.0,1.0,0.0,3.0,0.0,0.0,1.0,1.0,1.0,1.0,3.0,3.0,3.0,1.0,1.0,1.0,0.0,0.0,0.0,2.0,2.0,2.0,72.0,0.0,0.361111111111111,0.5,0.0,4.0,2.0,0.0,0.0
0.0,13.0,152.0,6.0,0.0,2.0,0.0,9.0,2.0,27.0,0.0,11.0,2.0,4.0,76.0,1.0,4.0,9.0,15.0,1.0,2.0,6.0,3.0,28.0,9.0,6.0,15.0,60.0,17.0,1.27,16.0,32.0,6.0,23.0,2.0,4.0,2.0,37.0,1.0,2.0,0.0,1.0,11.0,4.5,1.0,7.0,3.25,1.0,10.0,3.25,1.0,4.0,2.0,0.0,2.0,2.0,2.0,304.0,0.0,0.644736842105263,0.5,0.0,4.0,2.0,1.0,0.0
0.0,1.0,34.0,1.0,2.0,1.0,0.0,2.0,1.0,4.0,0.0,3.0,1.0,2.0,27.0,1.0,2.0,2.0,4.0,0.0,0.0,1.0,0.0,0.0,2.0,2.0,4.0,5.0,0.0,5.4,2.0,4.0,1.0,3.0,0.0,2.0,1.0,0.0,0.0,1.0,0.0,0.0,3.0,3.0,3.0,1.0,1.0,1.0,1.0,1.0,1.0,0.0,0.0,0.0,2.0,2.0,2.0,70.0,0.0,0.371428571428571,0.5,0.0,4.0,2.0,0.0,0.0
0.0,1.0,48.0,1.0,3.0,1.0,0.0,3.0,1.0,5.0,0.0,4.0,1.0,3.0,38.0,1.0,3.0,3.0,5.0,0.0,0.0,1.0,0.0,0.0,3.0,3.0,5.0,7.0,0.0,5.43,3.0,5.0,1.0,4.0,0.0,3.0,1.0,0.0,0.0,1.0,1.0,0.0,0.0,0.0,0.0,1.0,1.0,1.0,1.0,1.0,1.0,0.0,0.0,0.0,2.0,2.0,2.0,96.0,0.0,0.479166666666667,0.5,0.0,4.0,2.0,0.0,0.0
0.0,112.0,184.0,26.0,0.0,17.0,7.0,36.0,26.0,133.0,1.0,12.0,26.0,1.0,43.0,1.0,1.0,26.0,17.0,0.0,0.0,36.0,1.0,70.0,26.0,17.0,18.0,123.0,57.0,0.35,18.0,75.0,26.0,50.0,9.0,0.0,36.0,0.0,1.0,0.0,0.0,1.0,16.0,16.0,16.0,6.0,6.0,6.0,8749.0,8749.0,8749.0,5.0,5.0,5.0,6.0,6.0,4.0,346.0,13.0,0.793478260869565,0.5,0.0,2.0,4.0,2.0,2.0
0.0,5.0,215.0,2.0,0.0,1.0,4.0,16.0,1.0,12.0,8.0,6.0,1.0,13.0,113.0,1.0,13.0,16.0,22.0,0.0,1.0,2.0,13.0,34.0,16.0,13.0,22.0,85.0,29.0,1.33,21.0,51.0,2.0,34.0,0.0,5.0,1.0,89.0,1.0,0.0,2.0,1.0,6.0,3.23076923076923,1.0,3.0,1.76923076923077,1.0,2.0,1.23076923076923,1.0,1.0,0.333333333333333,0.0,3.0,3.0,3.0,431.0,1.0,0.46046511627907,0.333333333333333,0.0,4.0,3.0,1.0,0.0
1.0,7.0,145.0,3.0,0.0,1.0,0.0,13.0,1.0,11.0,0.0,4.0,1.0,9.0,60.0,1.0,9.0,13.0,18.0,0.0,3.0,3.0,8.0,32.0,13.0,9.0,18.0,73.0,28.0,0.82,12.0,46.0,3.0,32.0,0.0,9.0,1.0,40.0,1.0,0.0,0.0,1.0,13.0,5.88888888888889,2.0,6.0,3.22222222222222,1.0,3.0,1.44444444444444,1.0,1.0,0.454545454545455,0.0,3.0,3.0,3.0,287.0,0.0,0.86986301369863,0.333333333333333,0.0,2.0,3.0,2.0,0.0
0.0,6.0,386.0,3.0,0.0,1.0,1.0,36.0,1.0,12.0,7.0,5.0,1.0,25.0,186.0,2.0,25.0,36.0,44.0,0.0,3.0,3.0,25.0,56.0,36.0,25.0,51.0,158.0,43.0,1.18,42.0,94.0,3.0,62.0,0.0,18.0,1.0,81.0,2.0,0.0,2.0,2.0,10.0,4.04,1.0,9.0,2.52,1.0,3.0,1.28,1.0,2.0,0.392857142857143,0.0,2.0,2.0,2.0,772.0,0.0,0.797927461139896,0.5,0.0,2.0,2.0,3.0,0.0
6.0,22.0,1372.0,33.0,0.0,2.0,3.0,206.0,5.0,35.0,34.0,10.0,4.0,36.0,418.0,2.0,36.0,144.0,125.0,0.0,0.0,33.0,30.0,469.0,180.0,88.0,127.0,839.0,334.0,0.5,118.0,461.0,12.0,317.0,2.0,2.0,6.0,98.0,1.0,0.0,4.0,2.0,62.0,7.47222222222222,0.0,16.0,4.41666666666667,1.0,36.0,6.47222222222222,1.0,5.0,1.64102564102564,0.0,9.0,9.0,4.0,2654.0,9.0,0.389941690962099,0.333333333333333,0.0,4.0,4.0,3.0,0.0
0.0,6.0,743.0,9.0,0.0,1.0,1.0,85.0,2.0,13.0,10.0,7.0,2.0,47.0,371.0,1.0,47.0,79.0,66.0,2.0,2.0,14.0,45.0,102.0,79.0,55.0,65.0,307.0,85.0,1.21,65.0,150.0,9.0,85.0,0.0,37.0,2.0,73.0,1.0,1.0,5.0,2.0,7.0,2.78723404255319,1.0,10.0,2.57446808510638,1.0,9.0,1.36170212765957,1.0,1.0,0.244897959183673,0.0,2.0,2.0,2.0,1486.0,0.0,0.947510094212651,0.5,0.0,1.0,2.0,3.0,1.0
0.0,4.0,53.0,1.0,0.0,1.0,1.0,2.0,1.0,11.0,0.0,7.0,1.0,2.0,35.0,1.0,2.0,2.0,6.0,0.0,0.0,1.0,2.0,3.0,2.0,2.0,6.0,14.0,2.0,2.5,4.0,8.0,1.0,5.0,0.0,2.0,1.0,100.0,4.0,0.0,0.0,1.0,9.0,7.5,6.0,2.0,2.0,2.0,1.0,1.0,1.0,0.0,0.0,0.0,2.0,2.0,2.0,106.0,0.0,0.358490566037736,0.5,0.0,4.0,2.0,0.0,0.0
0.0,4.0,72.0,1.0,0.0,1.0,1.0,4.0,1.0,9.0,0.0,5.0,1.0,4.0,41.0,1.0,4.0,4.0,9.0,0.0,0.0,1.0,4.0,5.0,4.0,4.0,9.0,22.0,4.0,1.86,9.0,13.0,1.0,8.0,0.0,4.0,1.0,100.0,5.0,0.0,1.0,1.0,2.0,1.0,0.0,2.0,1.25,1.0,1.0,1.0,1.0,2.0,0.285714285714286,0.0,1.0,1.0,1.0,73.0,0.0,0.753424657534247,1.0,0.0,2.0,1.0,2.0,0.0
0.0,4.0,71.0,1.0,0.0,1.0,1.0,4.0,1.0,9.0,0.0,5.0,1.0,4.0,41.0,1.0,4.0,4.0,9.0,0.0,0.0,1.0,4.0,5.0,4.0,4.0,9.0,22.0,4.0,1.86,8.0,13.0,1.0,8.0,0.0,4.0,1.0,100.0,5.0,0.0,1.0,1.0,2.0,1.0,0.0,2.0,1.25,1.0,1.0,1.0,1.0,0.0,0.0,0.0,1.0,1.0,1.0,72.0,0.0,0.555555555555556,1.0,0.0,3.0,1.0,2.0,0.0
0.0,9.0,253.0,6.0,4.0,1.0,8.0,17.0,2.0,15.0,0.0,5.0,2.0,10.0,84.0,5.0,10.0,17.0,50.0,0.0,5.0,6.0,6.0,50.0,17.0,10.0,49.0,139.0,27.0,0.6,30.0,76.0,6.0,56.0,0.0,10.0,2.0,76.0,4.0,0.0,12.0,2.0,12.0,3.2,1.0,13.0,4.1,1.0,16.0,2.7,1.0,2.0,0.5,0.0,7.0,7.0,5.0,270.0,23.0,0.861660079051383,0.428571428571429,0.0,2.0,5.0,5.0,0.0
0.0,3.0,97.0,2.0,0.0,1.0,1.0,7.0,1.0,9.0,0.0,6.0,1.0,6.0,58.0,1.0,6.0,7.0,12.0,0.0,0.0,2.0,6.0,6.0,7.0,6.0,12.0,29.0,5.0,2.0,10.0,17.0,2.0,11.0,0.0,6.0,1.0,100.0,3.0,2.0,2.0,1.0,4.0,1.83333333333333,0.0,4.0,1.83333333333333,1.0,2.0,1.16666666666667,1.0,1.0,0.375,0.0,1.0,1.0,1.0,97.0,0.0,0.711340206185567,1.0,0.0,3.0,1.0,2.0,0.0
0.0,4.0,210.0,2.0,0.0,1.0,0.0,19.0,1.0,8.0,0.0,4.0,1.0,18.0,98.0,1.0,18.0,19.0,30.0,0.0,1.0,2.0,18.0,26.0,19.0,18.0,30.0,89.0,24.0,1.1,23.0,54.0,2.0,36.0,0.0,18.0,1.0,11.0,4.0,2.0,2.0,1.0,3.0,1.5,1.0,6.0,2.11111111111111,1.0,2.0,1.05555555555556,1.0,1.0,0.15,0.0,1.0,1.0,1.0,211.0,0.0,0.862559241706161,1.0,0.0,3.0,1.0,1.0,0.0
0.0,6.0,186.0,3.0,0.0,1.0,2.0,12.0,2.0,15.0,4.0,9.0,2.0,8.0,105.0,2.0,8.0,12.0,23.0,3.0,2.0,3.0,5.0,19.0,12.0,10.0,20.0,66.0,16.0,1.59,15.0,36.0,3.0,22.0,0.0,4.0,2.0,100.0,4.0,0.0,6.0,1.0,4.0,2.875,1.0,4.0,3.0,2.0,3.0,1.5,1.0,2.0,0.727272727272727,0.0,1.0,1.0,1.0,187.0,0.0,0.871657754010695,1.0,0.0,3.0,1.0,1.0,0.0
0.0,5.0,50.0,1.0,0.0,1.0,1.0,1.0,1.0,16.0,0.0,11.0,1.0,1.0,33.0,1.0,1.0,1.0,7.0,0.0,0.0,1.0,1.0,2.0,1.0,1.0,6.0,12.0,1.0,2.75,5.0,7.0,1.0,5.0,0.0,1.0,1.0,100.0,7.0,0.0,1.0,1.0,3.0,3.0,3.0,3.0,3.0,3.0,1.0,1.0,1.0,0.0,0.0,0.0,1.0,1.0,1.0,50.0,0.0,0.64,1.0,0.0,2.0,1.0,3.0,0.0
1.0,11.0,183.0,3.0,0.0,1.0,3.0,13.0,2.0,17.0,0.0,4.0,2.0,8.0,82.0,3.0,8.0,13.0,29.0,2.0,2.0,3.0,5.0,37.0,13.0,8.0,35.0,88.0,21.0,0.93,14.0,56.0,3.0,43.0,0.0,8.0,2.0,100.0,1.0,0.0,5.0,2.0,4.0,1.625,0.0,9.0,4.125,1.0,3.0,1.625,1.0,2.0,0.666666666666667,0.0,2.0,2.0,2.0,186.0,3.0,0.85792349726776,0.5,0.0,2.0,2.0,3.0,0.0
9.0,10.0,1260.0,11.0,0.0,1.0,6.0,115.0,2.0,19.0,0.0,7.0,2.0,63.0,509.0,9.0,63.0,110.0,178.0,2.0,1.0,12.0,52.0,301.0,110.0,79.0,186.0,644.0,181.0,0.79,107.0,367.0,11.0,264.0,0.0,63.0,2.0,100.0,3.0,1.0,47.0,2.0,22.0,3.82539682539683,0.0,23.0,4.20634920634921,0.0,16.0,1.96825396825397,1.0,8.0,0.567567567567568,0.0,21.0,21.0,9.0,2631.0,202.0,0.858730158730159,0.238095238095238,3.0,2.0,6.0,6.0,4.0
0.0,4.0,86.0,1.0,0.0,1.0,2.0,5.0,1.0,7.0,0.0,3.0,1.0,5.0,42.0,2.0,5.0,5.0,14.0,0.0,2.0,1.0,5.0,8.0,5.0,5.0,14.0,34.0,6.0,1.24,10.0,20.0,1.0,13.0,0.0,5.0,1.0,100.0,6.0,0.0,3.0,1.0,2.0,1.6,1.0,4.0,2.0,1.0,1.0,1.0,1.0,0.0,0.0,0.0,4.0,4.0,4.0,174.0,2.0,0.813953488372093,0.25,0.0,2.0,4.0,1.0,0.0
0.0,4.0,41.0,1.0,0.0,1.0,2.0,1.0,1.0,8.0,0.0,4.0,1.0,1.0,26.0,1.0,1.0,1.0,6.0,0.0,0.0,1.0,1.0,3.0,1.0,1.0,6.0,11.0,1.0,2.36,4.0,7.0,1.0,5.0,0.0,1.0,1.0,50.0,5.0,0.0,1.0,1.0,4.0,4.0,4.0,3.0,3.0,3.0,1.0,1.0,1.0,0.0,0.0,0.0,2.0,2.0,2.0,82.0,0.0,0.634146341463415,0.5,0.0,2.0,2.0,1.0,0.0
3.0,9.0,182.0,6.0,0.0,1.0,1.0,15.0,2.0,16.0,1.0,5.0,2.0,8.0,69.0,1.0,8.0,15.0,29.0,2.0,1.0,6.0,3.0,38.0,15.0,10.0,27.0,98.0,25.0,0.7,15.0,52.0,6.0,37.0,0.0,7.0,2.0,75.0,1.0,0.0,3.0,1.0,4.0,1.75,1.0,15.0,4.0,1.0,18.0,3.375,1.0,2.0,0.8,0.0,2.0,2.0,2.0,364.0,0.0,0.906593406593407,0.5,0.0,2.0,2.0,2.0,0.0
12.0,12.0,700.0,9.0,0.0,1.0,0.0,77.0,2.0,18.0,0.0,5.0,2.0,33.0,219.0,8.0,33.0,69.0,111.0,10.0,8.0,11.0,11.0,181.0,69.0,41.0,105.0,422.0,116.0,0.52,59.0,221.0,9.0,150.0,0.0,33.0,2.0,78.0,2.0,2.0,19.0,2.0,17.0,4.33333333333333,1.0,11.0,3.84848484848485,0.0,9.0,2.09090909090909,1.0,3.0,0.761904761904762,0.0,5.0,5.0,4.0,1420.0,50.0,0.482857142857143,0.4,0.0,5.0,4.0,2.0,2.0
0.0,1.0,35.0,1.0,1.0,1.0,0.0,1.0,1.0,6.0,0.0,5.0,1.0,1.0,26.0,1.0,1.0,1.0,5.0,0.0,0.0,1.0,0.0,0.0,1.0,1.0,5.0,7.0,0.0,3.71,2.0,5.0,1.0,4.0,0.0,1.0,1.0,0.0,3.0,20.0,1.0,1.0,1.0,1.0,1.0,1.0,1.0,1.0,1.0,1.0,1.0,0.0,0.0,0.0,2.0,2.0,2.0,70.0,0.0,0.485714285714286,0.5,0.0,3.0,2.0,2.0,0.0
2.0,4.0,72.0,1.0,2.0,1.0,1.0,6.0,1.0,6.0,2.0,2.0,1.0,6.0,32.0,1.0,6.0,6.0,11.0,0.0,2.0,1.0,2.0,9.0,6.0,6.0,11.0,33.0,8.0,0.97,7.0,19.0,1.0,12.0,0.0,4.0,1.0,61.0,1.0,0.0,0.0,1.0,7.0,3.83333333333333,1.0,3.0,1.83333333333333,1.0,1.0,1.0,1.0,0.0,0.0,0.0,2.0,2.0,2.0,144.0,0.0,0.986111111111111,0.5,0.0,1.0,2.0,1.0,0.0
1.0,19.0,423.0,15.0,0.0,1.0,0.0,53.0,4.0,32.0,1.0,10.0,4.0,11.0,150.0,1.0,11.0,44.0,53.0,0.0,3.0,21.0,10.0,102.0,44.0,16.0,55.0,223.0,67.0,0.67,50.0,122.0,15.0,79.0,3.0,10.0,5.0,63.0,1.0,0.0,6.0,1.0,15.0,4.90909090909091,2.0,18.0,5.90909090909091,2.0,32.0,6.0,1.0,8.0,3.23076923076923,0.0,3.0,3.0,3.0,849.0,3.0,0.966903073286052,0.333333333333333,0.0,1.0,3.0,3.0,1.0
0.0,1.0,38.0,1.0,1.0,1.0,0.0,1.0,1.0,9.0,0.0,8.0,1.0,1.0,29.0,1.0,1.0,1.0,5.0,0.0,0.0,1.0,0.0,0.0,1.0,1.0,5.0,7.0,0.0,4.14,2.0,5.0,1.0,4.0,0.0,1.0,1.0,0.0,3.0,1.0,1.0,1.0,1.0,1.0,1.0,1.0,1.0,1.0,1.0,1.0,1.0,0.0,0.0,0.0,2.0,2.0,2.0,76.0,0.0,0.526315789473684,0.5,0.0,4.0,2.0,0.0,0.0
1.0,5.0,499.0,4.0,0.0,1.0,1.0,33.0,1.0,11.0,0.0,6.0,1.0,28.0,286.0,3.0,28.0,33.0,62.0,4.0,0.0,4.0,23.0,58.0,33.0,28.0,64.0,176.0,36.0,1.62,37.0,100.0,4.0,66.0,0.0,28.0,1.0,100.0,3.0,3.0,12.0,2.0,29.0,4.39285714285714,0.0,8.0,2.53571428571429,0.0,8.0,1.32142857142857,1.0,1.0,0.15625,0.0,18.0,18.0,8.0,1343.0,291.0,0.537074148296593,0.333333333333333,0.0,4.0,8.0,4.0,0.0
0.0,16.0,151.0,3.0,0.0,1.0,1.0,12.0,2.0,24.0,4.0,5.0,2.0,5.0,54.0,3.0,5.0,11.0,26.0,0.0,3.0,3.0,5.0,32.0,11.0,5.0,28.0,81.0,22.0,0.67,16.0,50.0,3.0,38.0,1.0,1.0,2.0,0.0,1.0,0.0,4.0,2.0,6.0,4.2,2.0,13.0,5.2,2.0,4.0,2.4,1.0,2.0,1.0,0.0,4.0,4.0,4.0,332.0,30.0,0.66887417218543,0.25,0.0,3.0,4.0,2.0,0.0
0.0,1.0,35.0,1.0,1.0,1.0,0.0,1.0,1.0,7.0,0.0,6.0,1.0,1.0,27.0,1.0,1.0,1.0,4.0,0.0,0.0,1.0,0.0,0.0,1.0,1.0,4.0,6.0,0.0,4.5,2.0,4.0,1.0,3.0,0.0,1.0,1.0,0.0,0.0,1.0,0.0,0.0,2.0,2.0,2.0,0.0,0.0,0.0,1.0,1.0,1.0,2.0,0.5,0.0,3.0,3.0,2.0,72.0,2.0,0.371428571428571,0.666666666666667,0.0,4.0,2.0,0.0,0.0
0.0,0.0,26.0,0.0,0.0,0.0,0.0,0.0,0.0,0.0,0.0,0.0,0.0,0.0,21.0,1.0,0.0,0.0,2.0,0.0,0.0,0.0,0.0,0.0,0.0,0.0,2.0,4.0,0.0,5.25,1.0,2.0,0.0,1.0,0.0,0.0,0.0,0.0,1.0,0.0,0.0,1.0,0.0,0.0,0.0,0.0,0.0,0.0,0.0,0.0,0.0,0.0,0.0,0.0,2.0,2.0,2.0,52.0,0.0,0.5,0.5,0.0,4.0,2.0,0.0,0.0
0.0,12.0,243.0,5.0,0.0,1.0,0.0,19.0,2.0,20.0,0.0,7.0,2.0,10.0,106.0,2.0,10.0,19.0,26.0,1.0,7.0,5.0,9.0,46.0,19.0,10.0,26.0,110.0,32.0,0.96,27.0,58.0,5.0,38.0,1.0,10.0,2.0,71.0,1.0,0.0,4.0,2.0,6.0,2.9,1.0,10.0,2.6,1.0,9.0,2.3,1.0,2.0,0.923076923076923,0.0,4.0,4.0,3.0,482.0,11.0,0.654320987654321,0.5,0.0,4.0,3.0,1.0,0.0
0.0,5.0,106.0,1.0,1.0,1.0,2.0,6.0,1.0,10.0,0.0,5.0,1.0,6.0,57.0,1.0,6.0,6.0,13.0,0.0,0.0,1.0,5.0,11.0,6.0,6.0,13.0,40.0,9.0,1.43,9.0,22.0,1.0,13.0,0.0,6.0,1.0,83.0,3.0,2.0,0.0,1.0,4.0,2.66666666666667,0.0,5.0,2.5,2.0,1.0,1.0,1.0,2.0,0.222222222222222,0.0,2.0,2.0,2.0,212.0,0.0,0.679245283018868,0.5,0.0,3.0,2.0,1.0,0.0
0.0,4.0,47.0,1.0,1.0,1.0,0.0,2.0,1.0,8.0,0.0,4.0,1.0,2.0,31.0,1.0,2.0,2.0,5.0,0.0,0.0,1.0,1.0,2.0,2.0,2.0,5.0,13.0,2.0,2.38,3.0,7.0,1.0,4.0,0.0,2.0,1.0,0.0,2.0,2.0,0.0,1.0,24.0,13.5,3.0,2.0,1.5,1.0,1.0,1.0,1.0,0.0,0.0,0.0,2.0,2.0,2.0,94.0,0.0,0.446808510638298,0.5,0.0,4.0,2.0,0.0,0.0
1.0,6.0,522.0,7.0,0.0,1.0,9.0,41.0,2.0,13.0,16.0,7.0,2.0,27.0,273.0,1.0,27.0,41.0,52.0,1.0,0.0,7.0,25.0,73.0,41.0,38.0,50.0,200.0,53.0,1.36,49.0,103.0,7.0,62.0,0.0,11.0,2.0,99.0,3.0,0.0,4.0,1.0,11.0,3.7037037037037,1.0,13.0,2.92592592592593,2.0,7.0,1.48148148148148,1.0,2.0,0.344827586206897,0.0,3.0,3.0,2.0,1046.0,2.0,0.931034482758621,0.666666666666667,0.0,1.0,2.0,3.0,0.0
0.0,1.0,33.0,1.0,1.0,1.0,0.0,1.0,1.0,4.0,0.0,3.0,1.0,1.0,27.0,1.0,1.0,1.0,3.0,0.0,0.0,1.0,0.0,0.0,1.0,1.0,3.0,5.0,0.0,5.4,1.0,3.0,1.0,2.0,0.0,1.0,1.0,0.0,0.0,2.0,1.0,0.0,2.0,2.0,2.0,1.0,1.0,1.0,1.0,1.0,1.0,0.0,0.0,0.0,2.0,2.0,2.0,66.0,0.0,0.393939393939394,0.5,0.0,4.0,2.0,0.0,0.0
1.0,5.0,537.0,2.0,0.0,1.0,4.0,39.0,1.0,12.0,11.0,7.0,1.0,37.0,288.0,1.0,37.0,39.0,51.0,0.0,0.0,2.0,36.0,64.0,39.0,37.0,50.0,202.0,57.0,1.43,47.0,107.0,2.0,60.0,0.0,26.0,1.0,97.0,4.0,0.0,2.0,1.0,19.0,3.40540540540541,0.0,7.0,2.72972972972973,2.0,2.0,1.02702702702703,1.0,1.0,0.0769230769230769,0.0,2.0,2.0,2.0,1074.0,0.0,0.942271880819367,0.5,0.0,1.0,2.0,3.0,0.0
2.0,5.0,211.0,2.0,0.0,1.0,0.0,19.0,1.0,11.0,4.0,6.0,1.0,13.0,127.0,2.0,13.0,14.0,17.0,0.0,2.0,4.0,11.0,21.0,14.0,13.0,17.0,69.0,17.0,1.84,15.0,34.0,2.0,19.0,0.0,9.0,1.0,50.0,1.0,0.0,6.0,2.0,5.0,2.61538461538462,0.0,4.0,2.15384615384615,1.0,2.0,1.07692307692308,1.0,1.0,0.1875,0.0,2.0,2.0,2.0,422.0,0.0,0.890995260663507,0.5,0.0,2.0,2.0,2.0,0.0
0.0,10.0,96.0,3.0,0.0,2.0,0.0,7.0,2.0,17.0,0.0,5.0,2.0,3.0,49.0,1.0,3.0,7.0,12.0,0.0,1.0,3.0,3.0,14.0,7.0,5.0,14.0,38.0,9.0,1.29,9.0,23.0,3.0,17.0,1.0,3.0,2.0,33.0,1.0,0.0,3.0,1.0,4.0,2.66666666666667,0.0,8.0,6.33333333333333,3.0,3.0,2.33333333333333,1.0,2.0,1.6,0.0,2.0,2.0,2.0,192.0,0.0,0.645833333333333,0.5,0.0,3.0,2.0,1.0,0.0
4.0,6.0,414.0,4.0,1.0,1.0,6.0,34.0,1.0,14.0,11.0,7.0,1.0,22.0,217.0,2.0,22.0,31.0,38.0,0.0,0.0,7.0,17.0,55.0,31.0,25.0,36.0,161.0,41.0,1.35,36.0,77.0,4.0,43.0,0.0,11.0,2.0,100.0,4.0,0.0,3.0,1.0,6.0,2.54545454545455,0.0,6.0,3.0,1.0,8.0,1.54545454545455,1.0,2.0,0.36,0.0,3.0,3.0,3.0,831.0,2.0,0.91304347826087,0.333333333333333,0.0,1.0,3.0,4.0,0.0
1.0,12.0,687.0,10.0,0.0,1.0,4.0,50.0,2.0,22.0,1.0,9.0,2.0,22.0,293.0,1.0,22.0,48.0,72.0,2.0,8.0,10.0,19.0,126.0,48.0,24.0,71.0,301.0,85.0,0.97,93.0,156.0,10.0,104.0,0.0,21.0,2.0,89.0,1.0,0.0,5.0,2.0,7.0,2.18181818181818,0.0,8.0,3.72727272727273,1.0,22.0,2.86363636363636,1.0,7.0,1.32,0.0,3.0,3.0,3.0,1380.0,4.0,0.969476744186046,0.333333333333333,0.0,1.0,3.0,2.0,0.0
0.0,4.0,185.0,1.0,0.0,1.0,1.0,7.0,1.0,13.0,0.0,9.0,1.0,7.0,118.0,1.0,7.0,7.0,14.0,0.0,2.0,1.0,7.0,10.0,7.0,7.0,13.0,37.0,7.0,3.19,30.0,20.0,1.0,12.0,0.0,7.0,1.0,61.0,1.0,0.0,2.0,2.0,7.0,2.14285714285714,1.0,3.0,1.42857142857143,1.0,1.0,1.0,1.0,0.0,0.0,0.0,2.0,2.0,2.0,372.0,0.0,0.908602150537634,0.5,0.0,2.0,2.0,1.0,0.0
0.0,1.0,231.0,1.0,15.0,1.0,0.0,15.0,1.0,9.0,0.0,8.0,1.0,15.0,167.0,1.0,15.0,15.0,23.0,0.0,0.0,1.0,0.0,0.0,15.0,15.0,23.0,25.0,0.0,6.68,39.0,23.0,1.0,22.0,0.0,15.0,1.0,0.0,3.0,1.0,0.0,1.0,2.0,1.0,0.0,1.0,0.733333333333333,0.0,1.0,1.0,1.0,0.0,0.0,0.0,2.0,2.0,2.0,462.0,0.0,0.926406926406926,0.5,0.0,2.0,2.0,1.0,0.0
0.0,1.0,50.0,1.0,1.0,1.0,0.0,1.0,1.0,18.0,0.0,17.0,1.0,1.0,42.0,1.0,1.0,1.0,3.0,0.0,0.0,1.0,0.0,0.0,1.0,1.0,3.0,5.0,0.0,8.4,3.0,3.0,1.0,2.0,0.0,1.0,1.0,0.0,0.0,1.0,1.0,0.0,1.0,1.0,1.0,1.0,1.0,1.0,1.0,1.0,1.0,0.0,0.0,0.0,2.0,2.0,2.0,100.0,0.0,0.72,0.5,0.0,2.0,2.0,1.0,0.0
0.0,4.0,99.0,1.0,0.0,1.0,0.0,4.0,1.0,10.0,0.0,6.0,1.0,4.0,68.0,1.0,4.0,4.0,7.0,0.0,1.0,1.0,4.0,5.0,4.0,4.0,7.0,22.0,5.0,3.09,9.0,12.0,1.0,7.0,0.0,4.0,1.0,25.0,2.0,1.0,1.0,1.0,2.0,1.25,1.0,2.0,1.25,1.0,1.0,1.0,1.0,0.0,0.0,0.0,2.0,2.0,2.0,198.0,0.0,0.858585858585859,0.5,0.0,2.0,2.0,1.0,0.0
0.0,14.0,683.0,12.0,0.0,1.0,11.0,55.0,2.0,24.0,1.0,9.0,2.0,20.0,282.0,4.0,20.0,48.0,83.0,6.0,2.0,15.0,14.0,156.0,48.0,26.0,83.0,319.0,92.0,0.88,88.0,175.0,12.0,123.0,0.0,19.0,3.0,100.0,3.0,1.0,9.0,1.0,10.0,2.65,0.0,29.0,4.65,0.0,208.0,12.5,1.0,7.0,1.32,0.0,3.0,3.0,3.0,1367.0,1.0,0.973645680819912,0.333333333333333,0.0,1.0,3.0,4.0,0.0
0.0,3.0,71.0,1.0,0.0,1.0,1.0,4.0,1.0,10.0,0.0,6.0,1.0,4.0,46.0,1.0,4.0,4.0,7.0,0.0,0.0,1.0,4.0,4.0,4.0,4.0,7.0,20.0,3.0,2.3,5.0,10.0,1.0,5.0,0.0,4.0,1.0,100.0,2.0,3.0,0.0,1.0,6.0,3.25,1.0,1.0,1.0,1.0,1.0,1.0,1.0,0.0,0.0,0.0,3.0,3.0,3.0,117.0,0.0,0.422535211267606,0.333333333333333,0.0,3.0,3.0,1.0,0.0
0.0,16.0,895.0,8.0,0.0,2.0,10.0,54.0,3.0,29.0,1.0,13.0,3.0,20.0,439.0,3.0,20.0,52.0,70.0,2.0,9.0,8.0,18.0,173.0,52.0,31.0,72.0,356.0,140.0,1.23,100.0,212.0,8.0,157.0,0.0,19.0,3.0,100.0,2.0,0.0,2.0,1.0,9.0,4.25,0.0,10.0,3.25,1.0,51.0,5.0,1.0,3.0,1.125,0.0,2.0,2.0,2.0,1790.0,0.0,0.910614525139665,0.5,0.0,2.0,2.0,2.0,0.0
5.0,13.0,335.0,7.0,0.0,2.0,0.0,41.0,3.0,23.0,0.0,10.0,3.0,11.0,156.0,1.0,11.0,31.0,30.0,0.0,6.0,10.0,6.0,78.0,31.0,17.0,31.0,159.0,66.0,0.98,22.0,97.0,7.0,65.0,0.0,11.0,4.0,71.0,1.0,0.0,0.0,1.0,7.0,4.54545454545455,1.0,10.0,3.45454545454545,1.0,24.0,5.18181818181818,1.0,3.0,1.46153846153846,0.0,2.0,2.0,2.0,670.0,0.0,0.958208955223881,0.5,0.0,1.0,2.0,2.0,0.0
0.0,1.0,57.0,1.0,3.0,1.0,0.0,3.0,1.0,7.0,0.0,6.0,1.0,3.0,43.0,1.0,3.0,3.0,7.0,0.0,0.0,1.0,0.0,0.0,3.0,3.0,7.0,9.0,0.0,4.78,5.0,7.0,1.0,6.0,0.0,3.0,1.0,0.0,0.0,1.0,0.0,0.0,2.0,1.33333333333333,1.0,1.0,1.0,1.0,1.0,1.0,1.0,0.0,0.0,0.0,2.0,2.0,2.0,114.0,0.0,0.736842105263158,0.5,0.0,2.0,2.0,2.0,0.0
0.0,5.0,122.0,2.0,0.0,1.0,0.0,5.0,1.0,13.0,1.0,9.0,1.0,4.0,80.0,1.0,4.0,5.0,8.0,0.0,0.0,2.0,4.0,6.0,5.0,4.0,8.0,26.0,6.0,3.08,17.0,14.0,2.0,8.0,0.0,3.0,1.0,0.0,3.0,0.0,3.0,1.0,2.0,1.5,0.0,6.0,3.25,2.0,2.0,1.25,1.0,1.0,0.5,0.0,2.0,2.0,2.0,244.0,0.0,0.868852459016393,0.5,0.0,2.0,2.0,2.0,0.0
0.0,4.0,101.0,1.0,0.0,1.0,0.0,5.0,1.0,9.0,0.0,5.0,1.0,5.0,57.0,1.0,5.0,5.0,11.0,0.0,1.0,1.0,5.0,6.0,5.0,5.0,11.0,29.0,5.0,1.97,15.0,16.0,1.0,10.0,0.0,5.0,1.0,19.0,1.0,1.0,0.0,2.0,3.0,1.6,0.0,3.0,2.2,2.0,1.0,1.0,1.0,0.0,0.0,0.0,3.0,3.0,3.0,203.0,1.0,0.841584158415842,0.333333333333333,0.0,2.0,3.0,2.0,0.0
0.0,4.0,48.0,1.0,0.0,1.0,1.0,2.0,1.0,8.0,0.0,4.0,1.0,2.0,30.0,1.0,2.0,2.0,6.0,0.0,0.0,1.0,2.0,3.0,2.0,2.0,6.0,14.0,2.0,2.14,4.0,8.0,1.0,5.0,0.0,2.0,1.0,100.0,3.0,0.0,0.0,1.0,1.0,0.5,0.0,2.0,2.0,2.0,1.0,1.0,1.0,4.0,0.8,0.0,2.0,2.0,2.0,96.0,0.0,0.520833333333333,0.5,0.0,4.0,2.0,0.0,0.0
1.0,4.0,218.0,2.0,0.0,1.0,1.0,34.0,1.0,4.0,0.0,0.0,1.0,33.0,26.0,1.0,33.0,34.0,45.0,0.0,1.0,2.0,32.0,41.0,34.0,33.0,45.0,154.0,40.0,0.17,38.0,85.0,2.0,50.0,0.0,33.0,1.0,53.0,1.0,0.0,5.0,3.0,7.0,1.93939393939394,0.0,3.0,2.09090909090909,1.0,2.0,1.03030303030303,1.0,1.0,0.0857142857142857,0.0,2.0,2.0,2.0,438.0,0.0,0.972602739726027,0.5,0.0,1.0,2.0,1.0,0.0
0.0,4.0,48.0,1.0,0.0,1.0,1.0,2.0,1.0,7.0,0.0,3.0,1.0,2.0,28.0,1.0,2.0,2.0,7.0,0.0,1.0,1.0,2.0,4.0,2.0,2.0,7.0,15.0,2.0,1.87,5.0,9.0,1.0,6.0,0.0,2.0,1.0,50.0,1.0,0.0,0.0,2.0,3.0,2.0,1.0,1.0,1.0,1.0,1.0,1.0,1.0,0.0,0.0,0.0,2.0,2.0,2.0,96.0,0.0,0.604166666666667,0.5,0.0,3.0,2.0,1.0,0.0
0.0,5.0,143.0,3.0,0.0,1.0,1.0,12.0,1.0,10.0,0.0,4.0,1.0,9.0,68.0,1.0,9.0,12.0,16.0,0.0,1.0,3.0,9.0,17.0,12.0,11.0,16.0,57.0,15.0,1.19,18.0,31.0,3.0,18.0,0.0,9.0,1.0,50.0,1.0,0.0,1.0,3.0,2.0,1.66666666666667,1.0,2.0,1.33333333333333,1.0,3.0,1.33333333333333,1.0,1.0,0.363636363636364,0.0,2.0,2.0,2.0,286.0,0.0,0.79020979020979,0.5,0.0,3.0,2.0,1.0,0.0
0.0,1.0,227.0,1.0,21.0,1.0,0.0,21.0,1.0,8.0,0.0,7.0,1.0,21.0,172.0,1.0,21.0,21.0,29.0,0.0,0.0,1.0,0.0,0.0,21.0,21.0,28.0,30.0,0.0,5.73,25.0,28.0,1.0,27.0,0.0,21.0,1.0,0.0,2.0,2.0,4.0,1.0,20.0,3.04761904761905,1.0,1.0,0.904761904761905,0.0,1.0,1.0,1.0,0.0,0.0,0.0,2.0,2.0,2.0,456.0,0.0,0.973684210526316,0.5,0.0,1.0,2.0,1.0,0.0
0.0,5.0,143.0,3.0,0.0,1.0,1.0,12.0,1.0,10.0,0.0,4.0,1.0,9.0,68.0,1.0,9.0,12.0,16.0,0.0,1.0,3.0,9.0,17.0,12.0,11.0,16.0,57.0,15.0,1.19,18.0,31.0,3.0,18.0,0.0,9.0,1.0,50.0,1.0,2.0,1.0,3.0,8.0,4.0,1.0,2.0,1.33333333333333,1.0,3.0,1.33333333333333,1.0,1.0,0.363636363636364,0.0,2.0,2.0,2.0,286.0,0.0,0.79020979020979,0.5,0.0,3.0,2.0,1.0,0.0
1.0,10.0,630.0,8.0,0.0,2.0,2.0,66.0,2.0,18.0,0.0,7.0,2.0,29.0,255.0,1.0,29.0,64.0,80.0,0.0,1.0,8.0,28.0,143.0,64.0,45.0,80.0,333.0,103.0,0.77,42.0,183.0,8.0,121.0,0.0,29.0,2.0,96.0,2.0,2.0,9.0,2.0,36.0,5.27586206896552,0.0,12.0,3.79310344827586,0.0,26.0,2.86206896551724,1.0,4.0,1.0,0.0,3.0,3.0,3.0,1264.0,0.0,0.6,0.333333333333333,0.0,3.0,3.0,3.0,0.0
0.0,1.0,34.0,1.0,1.0,1.0,0.0,1.0,1.0,6.0,0.0,5.0,1.0,1.0,26.0,1.0,1.0,1.0,4.0,0.0,0.0,1.0,0.0,0.0,1.0,1.0,4.0,6.0,0.0,4.33,2.0,4.0,1.0,3.0,0.0,1.0,1.0,0.0,0.0,2.0,1.0,0.0,10.0,10.0,10.0,1.0,1.0,1.0,1.0,1.0,1.0,2.0,0.5,0.0,2.0,2.0,2.0,68.0,0.0,0.382352941176471,0.5,0.0,4.0,2.0,0.0,0.0
0.0,10.0,205.0,3.0,0.0,1.0,1.0,14.0,2.0,20.0,0.0,8.0,2.0,8.0,83.0,3.0,8.0,14.0,34.0,0.0,5.0,3.0,8.0,35.0,14.0,8.0,36.0,98.0,22.0,0.85,24.0,58.0,3.0,43.0,1.0,8.0,2.0,71.0,1.0,0.0,6.0,2.0,8.0,3.375,0.0,8.0,3.375,1.0,3.0,1.75,1.0,2.0,1.0,0.0,5.0,5.0,3.0,412.0,13.0,0.585365853658537,0.4,0.0,5.0,3.0,0.0,0.0
0.0,6.0,70.0,2.0,0.0,1.0,1.0,6.0,2.0,10.0,0.0,4.0,2.0,3.0,35.0,1.0,3.0,5.0,11.0,0.0,1.0,3.0,3.0,9.0,5.0,3.0,11.0,29.0,6.0,1.21,6.0,17.0,2.0,11.0,0.0,3.0,2.0,66.0,1.0,0.0,1.0,2.0,2.0,1.33333333333333,0.0,5.0,2.66666666666667,1.0,2.0,1.66666666666667,1.0,3.0,1.16666666666667,0.0,4.0,4.0,3.0,142.0,72.0,1.0,0.5,0.0,1.0,3.0,0.0,0.0
0.0,1.0,55.0,1.0,2.0,1.0,0.0,2.0,1.0,12.0,0.0,11.0,1.0,2.0,44.0,1.0,2.0,2.0,5.0,0.0,0.0,1.0,0.0,0.0,2.0,2.0,5.0,7.0,0.0,6.29,4.0,5.0,1.0,4.0,0.0,2.0,1.0,0.0,0.0,1.0,0.0,0.0,1.0,1.0,1.0,1.0,1.0,1.0,1.0,1.0,1.0,0.0,0.0,0.0,2.0,2.0,2.0,110.0,0.0,0.981818181818182,0.5,0.0,1.0,2.0,1.0,0.0
0.0,0.0,36.0,0.0,0.0,0.0,0.0,0.0,0.0,0.0,0.0,0.0,0.0,0.0,30.0,1.0,0.0,0.0,2.0,0.0,0.0,0.0,0.0,0.0,0.0,0.0,2.0,4.0,0.0,7.5,2.0,2.0,0.0,1.0,0.0,0.0,0.0,0.0,4.0,1.0,0.0,1.0,0.0,0.0,0.0,0.0,0.0,0.0,0.0,0.0,0.0,0.0,0.0,0.0,1.0,1.0,1.0,36.0,0.0,1.0,1.0,0.0,1.0,1.0,0.0,0.0
0.0,1.0,48.0,1.0,3.0,1.0,0.0,3.0,1.0,6.0,0.0,5.0,1.0,3.0,37.0,1.0,3.0,3.0,5.0,0.0,0.0,1.0,0.0,0.0,3.0,3.0,5.0,7.0,0.0,5.29,4.0,5.0,1.0,4.0,0.0,3.0,1.0,0.0,0.0,2.0,1.0,0.0,20.0,7.33333333333333,1.0,1.0,0.666666666666667,0.0,1.0,1.0,1.0,0.0,0.0,0.0,2.0,2.0,2.0,96.0,0.0,0.354166666666667,0.5,0.0,4.0,2.0,0.0,0.0
0.0,1.0,33.0,1.0,1.0,1.0,0.0,1.0,1.0,7.0,0.0,6.0,1.0,1.0,27.0,1.0,1.0,1.0,3.0,0.0,0.0,1.0,0.0,0.0,1.0,1.0,3.0,5.0,0.0,5.4,1.0,3.0,1.0,2.0,0.0,1.0,1.0,0.0,0.0,1.0,1.0,0.0,1.0,1.0,1.0,1.0,1.0,1.0,1.0,1.0,1.0,0.0,0.0,0.0,2.0,2.0,2.0,66.0,0.0,0.393939393939394,0.5,0.0,3.0,2.0,1.0,0.0
0.0,1.0,41.0,1.0,1.0,1.0,0.0,1.0,1.0,7.0,0.0,6.0,1.0,1.0,33.0,1.0,1.0,1.0,4.0,0.0,0.0,1.0,0.0,0.0,1.0,1.0,4.0,6.0,0.0,5.5,2.0,4.0,1.0,3.0,0.0,1.0,1.0,0.0,3.0,2.0,1.0,1.0,2.0,2.0,2.0,0.0,0.0,0.0,1.0,1.0,1.0,0.0,0.0,0.0,6.0,6.0,5.0,84.0,6.0,0.317073170731707,0.333333333333333,0.0,4.0,5.0,1.0,0.0
0.0,1.0,52.0,1.0,1.0,1.0,0.0,1.0,1.0,11.0,0.0,10.0,1.0,1.0,40.0,1.0,1.0,1.0,8.0,0.0,0.0,1.0,0.0,0.0,1.0,1.0,8.0,10.0,0.0,4.0,2.0,8.0,1.0,7.0,0.0,1.0,1.0,0.0,3.0,0.0,1.0,1.0,2.0,2.0,2.0,0.0,0.0,0.0,1.0,1.0,1.0,0.0,0.0,0.0,1.0,1.0,1.0,52.0,0.0,1.0,1.0,0.0,1.0,1.0,0.0,0.0
0.0,5.0,115.0,2.0,0.0,1.0,0.0,8.0,1.0,9.0,0.0,3.0,1.0,6.0,62.0,1.0,6.0,8.0,13.0,0.0,2.0,2.0,6.0,10.0,8.0,6.0,13.0,43.0,9.0,1.44,10.0,22.0,2.0,13.0,0.0,6.0,1.0,58.0,1.0,0.0,1.0,2.0,2.0,1.16666666666667,0.0,2.0,1.33333333333333,1.0,2.0,1.33333333333333,1.0,1.0,0.5,0.0,2.0,2.0,2.0,230.0,115.0,1.0,0.5,0.0,1.0,2.0,0.0,0.0
0.0,13.0,260.0,7.0,0.0,1.0,1.0,29.0,3.0,21.0,0.0,6.0,3.0,9.0,92.0,1.0,9.0,26.0,29.0,0.0,3.0,7.0,9.0,63.0,26.0,11.0,30.0,140.0,50.0,0.66,28.0,80.0,7.0,55.0,1.0,9.0,3.0,69.0,1.0,0.0,1.0,3.0,7.0,3.33333333333333,1.0,11.0,3.77777777777778,1.0,16.0,4.66666666666667,1.0,3.0,1.45454545454545,0.0,4.0,4.0,4.0,522.0,3.0,0.765384615384615,0.25,0.0,2.0,4.0,1.0,0.0
0.0,6.0,286.0,5.0,0.0,1.0,1.0,20.0,2.0,18.0,0.0,11.0,2.0,12.0,173.0,1.0,12.0,19.0,28.0,5.0,0.0,5.0,7.0,29.0,19.0,12.0,27.0,91.0,25.0,1.9,22.0,52.0,5.0,33.0,0.0,12.0,2.0,100.0,1.0,4.0,4.0,3.0,16.0,3.91666666666667,0.0,7.0,2.0,0.0,16.0,2.5,1.0,2.0,0.533333333333333,0.0,3.0,3.0,3.0,572.0,1.0,0.989510489510489,0.333333333333333,0.0,1.0,3.0,2.0,0.0
0.0,14.0,69.0,5.0,0.0,1.0,1.0,6.0,3.0,17.0,0.0,3.0,3.0,2.0,31.0,1.0,2.0,6.0,10.0,2.0,0.0,5.0,0.0,15.0,6.0,2.0,11.0,34.0,10.0,0.91,4.0,21.0,5.0,15.0,0.0,2.0,3.0,100.0,2.0,0.0,1.0,1.0,1.0,0.5,0.0,4.0,2.5,1.0,6.0,3.5,1.0,2.0,1.5,0.0,3.0,3.0,3.0,138.0,8.0,0.884057971014493,0.333333333333333,0.0,2.0,3.0,0.0,0.0
3.0,5.0,226.0,2.0,0.0,1.0,3.0,19.0,1.0,10.0,3.0,4.0,1.0,15.0,91.0,4.0,15.0,18.0,36.0,9.0,4.0,3.0,3.0,32.0,18.0,15.0,36.0,103.0,23.0,0.88,32.0,59.0,2.0,37.0,0.0,12.0,1.0,62.0,3.0,3.0,3.0,1.0,3.0,1.66666666666667,0.0,4.0,2.33333333333333,1.0,2.0,1.2,1.0,1.0,0.35,0.0,2.0,2.0,2.0,452.0,0.0,1.0,0.5,0.0,1.0,2.0,0.0,0.0
0.0,4.0,60.0,1.0,0.0,1.0,2.0,3.0,1.0,7.0,1.0,2.0,1.0,3.0,33.0,1.0,3.0,3.0,8.0,2.0,0.0,1.0,1.0,7.0,3.0,3.0,8.0,21.0,3.0,1.57,6.0,11.0,1.0,7.0,0.0,2.0,1.0,83.0,4.0,0.0,0.0,1.0,1.0,0.666666666666667,0.0,2.0,1.33333333333333,1.0,1.0,1.0,1.0,0.0,0.0,0.0,5.0,5.0,4.0,218.0,120.0,1.0,0.4,0.0,1.0,4.0,0.0,0.0
0.0,4.0,57.0,1.0,0.0,1.0,2.0,3.0,1.0,6.0,1.0,2.0,1.0,3.0,31.0,1.0,3.0,3.0,8.0,2.0,0.0,1.0,1.0,6.0,3.0,3.0,8.0,20.0,3.0,1.55,6.0,11.0,1.0,7.0,0.0,2.0,1.0,83.0,4.0,0.0,0.0,1.0,4.0,2.33333333333333,0.0,2.0,1.33333333333333,1.0,1.0,1.0,1.0,0.0,0.0,0.0,5.0,5.0,3.0,118.0,6.0,0.315789473684211,0.6,0.0,6.0,3.0,0.0,0.0
0.0,5.0,461.0,2.0,0.0,1.0,8.0,38.0,1.0,10.0,6.0,5.0,1.0,30.0,215.0,7.0,30.0,36.0,64.0,18.0,8.0,3.0,12.0,62.0,36.0,30.0,64.0,196.0,46.0,1.1,50.0,110.0,2.0,67.0,0.0,24.0,1.0,100.0,3.0,6.0,6.0,1.0,5.0,1.76666666666667,0.0,3.0,2.26666666666667,1.0,2.0,1.2,1.0,1.0,0.342105263157895,0.0,3.0,3.0,3.0,934.0,12.0,0.880694143167028,0.333333333333333,0.0,2.0,3.0,0.0,0.0
0.0,4.0,156.0,2.0,0.0,1.0,1.0,10.0,1.0,8.0,0.0,3.0,1.0,9.0,87.0,1.0,9.0,10.0,18.0,3.0,1.0,2.0,6.0,13.0,10.0,9.0,18.0,51.0,11.0,1.71,18.0,29.0,2.0,18.0,0.0,9.0,1.0,72.0,3.0,3.0,2.0,1.0,5.0,2.11111111111111,0.0,4.0,2.33333333333333,1.0,2.0,1.11111111111111,1.0,1.0,0.272727272727273,0.0,3.0,3.0,3.0,312.0,5.0,0.384615384615385,0.333333333333333,0.0,4.0,3.0,0.0,0.0
0.0,5.0,386.0,2.0,0.0,1.0,4.0,30.0,1.0,11.0,4.0,6.0,1.0,25.0,194.0,5.0,25.0,29.0,47.0,12.0,5.0,3.0,13.0,48.0,29.0,25.0,47.0,154.0,39.0,1.26,38.0,86.0,2.0,52.0,0.0,21.0,1.0,60.0,3.0,5.0,4.0,1.0,3.0,1.6,0.0,5.0,2.32,1.0,2.0,1.16,1.0,1.0,0.290322580645161,0.0,5.0,5.0,4.0,909.0,192.0,0.606217616580311,0.4,0.0,4.0,4.0,1.0,0.0
0.0,1.0,153.0,1.0,13.0,1.0,0.0,13.0,1.0,7.0,0.0,6.0,1.0,13.0,117.0,1.0,13.0,13.0,19.0,0.0,0.0,1.0,0.0,0.0,13.0,13.0,19.0,21.0,0.0,5.57,15.0,19.0,1.0,18.0,0.0,13.0,1.0,0.0,3.0,2.0,3.0,1.0,2.0,1.15384615384615,1.0,1.0,0.384615384615385,0.0,1.0,1.0,1.0,0.0,0.0,0.0,2.0,2.0,2.0,306.0,0.0,0.620915032679739,0.5,0.0,3.0,2.0,1.0,0.0
0.0,10.0,90.0,4.0,1.0,1.0,2.0,7.0,2.0,16.0,0.0,4.0,2.0,3.0,35.0,1.0,3.0,7.0,12.0,0.0,1.0,4.0,2.0,17.0,7.0,3.0,12.0,43.0,11.0,0.81,12.0,23.0,4.0,15.0,1.0,3.0,2.0,44.0,2.0,0.0,2.0,1.0,3.0,2.0,1.0,9.0,6.0,2.0,8.0,3.66666666666667,1.0,4.0,1.33333333333333,0.0,4.0,4.0,2.0,188.0,4.0,0.411111111111111,0.75,0.0,4.0,2.0,1.0,0.0
0.0,1.0,32.0,1.0,0.0,1.0,0.0,1.0,1.0,4.0,0.0,3.0,1.0,1.0,24.0,1.0,1.0,1.0,4.0,0.0,0.0,1.0,1.0,0.0,1.0,1.0,4.0,6.0,0.0,4.0,2.0,4.0,1.0,3.0,0.0,1.0,1.0,0.0,1.0,36.0,0.0,2.0,1.0,1.0,1.0,0.0,0.0,0.0,1.0,1.0,1.0,0.0,0.0,0.0,2.0,2.0,2.0,64.0,0.0,0.4375,0.5,0.0,4.0,2.0,0.0,0.0
0.0,5.0,109.0,2.0,6.0,1.0,2.0,9.0,1.0,8.0,0.0,3.0,1.0,7.0,46.0,1.0,7.0,9.0,18.0,0.0,1.0,2.0,1.0,13.0,9.0,7.0,19.0,48.0,11.0,0.96,15.0,30.0,2.0,20.0,0.0,7.0,1.0,61.0,1.0,0.0,5.0,2.0,4.0,2.71428571428571,1.0,3.0,2.14285714285714,1.0,2.0,1.28571428571429,1.0,1.0,0.444444444444444,0.0,4.0,4.0,3.0,222.0,4.0,0.36697247706422,0.5,0.0,4.0,3.0,0.0,0.0
0.0,19.0,137.0,9.0,1.0,1.0,2.0,12.0,4.0,29.0,0.0,8.0,4.0,3.0,48.0,1.0,3.0,12.0,19.0,0.0,2.0,9.0,2.0,28.0,12.0,3.0,19.0,73.0,20.0,0.66,16.0,39.0,9.0,26.0,2.0,3.0,4.0,41.0,2.0,0.0,7.0,1.0,3.0,2.33333333333333,1.0,13.0,6.66666666666667,2.0,44.0,15.6666666666667,1.0,4.0,2.6,0.0,3.0,3.0,2.0,277.0,3.0,0.364963503649635,0.666666666666667,0.0,4.0,2.0,1.0,0.0
0.0,11.0,96.0,4.0,1.0,1.0,2.0,7.0,2.0,16.0,0.0,4.0,2.0,3.0,36.0,1.0,3.0,7.0,14.0,0.0,2.0,4.0,2.0,18.0,7.0,3.0,14.0,46.0,12.0,0.78,14.0,26.0,4.0,18.0,1.0,3.0,2.0,41.0,2.0,0.0,3.0,1.0,4.0,2.66666666666667,1.0,10.0,6.33333333333333,2.0,8.0,3.66666666666667,1.0,1.0,0.8,0.0,3.0,3.0,2.0,195.0,3.0,0.40625,0.666666666666667,0.0,4.0,2.0,1.0,0.0
1.0,8.0,275.0,5.0,0.0,1.0,2.0,27.0,2.0,13.0,0.0,4.0,2.0,15.0,99.0,1.0,15.0,26.0,34.0,0.0,7.0,6.0,14.0,55.0,26.0,20.0,34.0,141.0,44.0,0.7,35.0,78.0,5.0,51.0,0.0,15.0,2.0,79.0,1.0,0.0,5.0,2.0,8.0,2.26666666666667,0.0,10.0,2.6,1.0,6.0,1.93333333333333,1.0,3.0,0.764705882352941,0.0,3.0,3.0,2.0,553.0,3.0,0.563636363636364,0.666666666666667,0.0,2.0,2.0,3.0,0.0
0.0,4.0,60.0,1.0,0.0,1.0,1.0,4.0,1.0,7.0,0.0,3.0,1.0,4.0,34.0,1.0,4.0,4.0,7.0,0.0,0.0,1.0,4.0,5.0,4.0,4.0,7.0,21.0,4.0,1.62,5.0,11.0,1.0,6.0,0.0,4.0,1.0,100.0,2.0,10.0,0.0,1.0,110.0,43.25,1.0,1.0,1.0,1.0,1.0,1.0,1.0,0.0,0.0,0.0,2.0,2.0,2.0,120.0,0.0,0.533333333333333,0.5,0.0,4.0,2.0,0.0,0.0
2.0,11.0,159.0,3.0,0.0,1.0,2.0,11.0,1.0,17.0,0.0,3.0,1.0,8.0,44.0,3.0,8.0,11.0,31.0,0.0,0.0,3.0,6.0,40.0,11.0,8.0,31.0,91.0,22.0,0.48,24.0,53.0,3.0,41.0,2.0,8.0,1.0,100.0,3.0,0.0,11.0,2.0,8.0,2.25,0.0,16.0,3.625,1.0,4.0,1.5,1.0,1.0,0.416666666666667,0.0,3.0,3.0,3.0,319.0,1.0,0.836477987421384,0.333333333333333,0.0,3.0,3.0,0.0,0.0
3.0,11.0,244.0,3.0,0.0,1.0,5.0,16.0,1.0,15.0,1.0,2.0,1.0,12.0,62.0,5.0,12.0,16.0,50.0,1.0,2.0,3.0,8.0,76.0,16.0,12.0,55.0,143.0,44.0,0.43,39.0,99.0,3.0,81.0,1.0,11.0,1.0,100.0,6.0,0.0,11.0,2.0,5.0,2.16666666666667,0.0,8.0,4.08333333333333,1.0,3.0,1.33333333333333,1.0,1.0,0.277777777777778,0.0,7.0,7.0,5.0,508.0,14.0,0.786885245901639,0.285714285714286,0.0,3.0,5.0,2.0,1.0
0.0,10.0,58.0,1.0,0.0,1.0,0.0,2.0,1.0,16.0,0.0,4.0,1.0,2.0,25.0,2.0,2.0,2.0,14.0,0.0,0.0,1.0,2.0,8.0,2.0,2.0,14.0,27.0,4.0,0.93,6.0,18.0,1.0,15.0,1.0,2.0,1.0,0.0,3.0,0.0,4.0,2.0,3.0,2.0,1.0,3.0,3.0,3.0,1.0,1.0,1.0,0.0,0.0,0.0,2.0,2.0,2.0,58.0,0.0,0.603448275862069,0.5,0.0,2.0,2.0,0.0,0.0
0.0,9.0,63.0,1.0,0.0,1.0,3.0,3.0,1.0,12.0,0.0,1.0,1.0,3.0,22.0,3.0,3.0,3.0,12.0,2.0,0.0,1.0,1.0,15.0,3.0,3.0,16.0,31.0,5.0,0.71,10.0,21.0,1.0,17.0,2.0,3.0,1.0,100.0,5.0,0.0,3.0,2.0,0.0,0.0,0.0,6.0,2.0,0.0,1.0,1.0,1.0,0.0,0.0,0.0,2.0,2.0,2.0,63.0,0.0,0.984126984126984,0.5,0.0,1.0,2.0,1.0,0.0
0.0,8.0,62.0,1.0,0.0,1.0,2.0,3.0,1.0,10.0,0.0,2.0,1.0,3.0,26.0,2.0,3.0,3.0,12.0,0.0,1.0,1.0,3.0,12.0,3.0,3.0,14.0,30.0,6.0,0.87,6.0,20.0,1.0,16.0,0.0,3.0,1.0,100.0,5.0,0.0,2.0,2.0,1.0,0.666666666666667,0.0,5.0,2.66666666666667,1.0,1.0,1.0,1.0,1.0,0.142857142857143,0.0,2.0,2.0,2.0,124.0,0.0,0.661290322580645,0.5,0.0,3.0,2.0,2.0,0.0
0.0,7.0,46.0,1.0,0.0,1.0,2.0,2.0,1.0,8.0,0.0,0.0,1.0,2.0,22.0,2.0,2.0,2.0,8.0,0.0,0.0,1.0,2.0,6.0,2.0,2.0,10.0,20.0,2.0,1.1,4.0,12.0,1.0,9.0,0.0,2.0,1.0,100.0,5.0,0.0,3.0,2.0,1.0,0.5,0.0,2.0,2.0,2.0,1.0,1.0,1.0,0.0,0.0,0.0,2.0,2.0,2.0,92.0,0.0,1.0,0.5,0.0,1.0,2.0,0.0,0.0
0.0,6.0,123.0,1.0,0.0,1.0,0.0,7.0,1.0,12.0,0.0,4.0,1.0,7.0,50.0,1.0,7.0,7.0,25.0,0.0,0.0,1.0,7.0,25.0,7.0,7.0,25.0,55.0,14.0,0.91,18.0,39.0,1.0,31.0,1.0,7.0,1.0,0.0,3.0,0.0,13.0,1.0,2.0,1.71428571428571,1.0,7.0,4.28571428571429,1.0,1.0,1.0,1.0,0.0,0.0,0.0,3.0,3.0,3.0,272.0,26.0,0.349593495934959,0.333333333333333,0.0,4.0,3.0,1.0,0.0
0.0,8.0,64.0,1.0,0.0,1.0,2.0,3.0,1.0,11.0,0.0,2.0,1.0,3.0,26.0,2.0,3.0,3.0,12.0,0.0,1.0,1.0,3.0,13.0,3.0,3.0,14.0,31.0,7.0,0.84,7.0,21.0,1.0,17.0,0.0,3.0,1.0,100.0,5.0,0.0,4.0,2.0,1.0,0.666666666666667,0.0,7.0,3.33333333333333,1.0,1.0,1.0,1.0,0.0,0.0,0.0,2.0,2.0,2.0,128.0,0.0,0.671875,0.5,0.0,3.0,2.0,2.0,0.0
0.0,17.0,65.0,2.0,0.0,1.0,2.0,3.0,2.0,20.0,0.0,1.0,2.0,2.0,22.0,2.0,2.0,3.0,12.0,0.0,2.0,2.0,2.0,17.0,3.0,2.0,14.0,35.0,12.0,0.63,8.0,26.0,2.0,22.0,2.0,2.0,2.0,100.0,5.0,0.0,3.0,2.0,2.0,2.0,2.0,9.0,7.0,5.0,2.0,1.5,1.0,1.0,0.6,0.0,3.0,3.0,3.0,134.0,2.0,0.712121212121212,0.333333333333333,0.0,3.0,3.0,0.0,0.0
0.0,4.0,36.0,1.0,0.0,1.0,1.0,1.0,1.0,8.0,0.0,4.0,1.0,1.0,23.0,1.0,1.0,1.0,5.0,0.0,0.0,1.0,1.0,2.0,1.0,1.0,5.0,10.0,1.0,2.3,3.0,6.0,1.0,4.0,0.0,1.0,1.0,100.0,6.0,0.0,0.0,1.0,2.0,2.0,2.0,2.0,2.0,2.0,1.0,1.0,1.0,0.0,0.0,0.0,2.0,2.0,2.0,72.0,0.0,0.583333333333333,0.5,0.0,3.0,2.0,0.0,0.0
0.0,3.0,35.0,1.0,0.0,1.0,1.0,1.0,1.0,6.0,0.0,3.0,1.0,1.0,23.0,1.0,1.0,1.0,5.0,0.0,0.0,1.0,1.0,1.0,1.0,1.0,5.0,9.0,0.0,2.56,3.0,5.0,1.0,3.0,0.0,1.0,1.0,100.0,5.0,0.0,0.0,1.0,0.0,0.0,0.0,1.0,1.0,1.0,1.0,1.0,1.0,0.0,0.0,0.0,2.0,2.0,2.0,70.0,0.0,1.0,0.5,0.0,1.0,2.0,0.0,0.0
0.0,5.0,36.0,1.0,0.0,1.0,1.0,1.0,1.0,8.0,0.0,3.0,1.0,1.0,22.0,1.0,1.0,1.0,6.0,0.0,0.0,1.0,1.0,3.0,1.0,1.0,6.0,11.0,1.0,2.0,3.0,7.0,1.0,5.0,0.0,1.0,1.0,100.0,5.0,0.0,1.0,1.0,1.0,1.0,1.0,3.0,3.0,3.0,1.0,1.0,1.0,0.0,0.0,0.0,2.0,2.0,2.0,72.0,0.0,0.583333333333333,0.5,0.0,3.0,2.0,0.0,0.0
0.0,5.0,68.0,1.0,0.0,1.0,1.0,3.0,1.0,10.0,0.0,4.0,1.0,3.0,31.0,1.0,3.0,3.0,14.0,0.0,2.0,1.0,3.0,9.0,3.0,3.0,14.0,28.0,6.0,1.11,9.0,20.0,1.0,16.0,0.0,3.0,1.0,66.0,7.0,0.0,5.0,1.0,4.0,2.33333333333333,1.0,9.0,4.0,1.0,1.0,1.0,1.0,0.0,0.0,0.0,3.0,3.0,3.0,137.0,1.0,0.705882352941177,0.333333333333333,0.0,3.0,3.0,1.0,0.0
0.0,6.0,43.0,1.0,0.0,1.0,1.0,1.0,1.0,12.0,0.0,5.0,1.0,1.0,24.0,1.0,1.0,1.0,7.0,0.0,1.0,1.0,1.0,4.0,1.0,1.0,7.0,14.0,3.0,1.71,5.0,10.0,1.0,8.0,1.0,1.0,1.0,50.0,6.0,1.0,0.0,1.0,3.0,3.0,3.0,5.0,5.0,5.0,1.0,1.0,1.0,0.0,0.0,0.0,2.0,2.0,2.0,86.0,0.0,0.627906976744186,0.5,0.0,3.0,2.0,0.0,0.0
0.0,7.0,57.0,1.0,0.0,1.0,0.0,2.0,1.0,12.0,0.0,4.0,1.0,2.0,29.0,1.0,2.0,2.0,11.0,0.0,0.0,1.0,2.0,8.0,2.0,2.0,11.0,22.0,5.0,1.32,6.0,16.0,1.0,13.0,1.0,2.0,1.0,0.0,3.0,0.0,10.0,1.0,2.0,1.5,1.0,10.0,6.0,2.0,1.0,1.0,1.0,0.0,0.0,0.0,4.0,4.0,4.0,124.0,6.0,0.56140350877193,0.25,0.0,4.0,4.0,2.0,0.0
0.0,4.0,38.0,1.0,0.0,1.0,1.0,1.0,1.0,10.0,0.0,6.0,1.0,1.0,25.0,1.0,1.0,1.0,5.0,0.0,0.0,1.0,1.0,2.0,1.0,1.0,5.0,10.0,1.0,2.5,3.0,6.0,1.0,4.0,0.0,1.0,1.0,100.0,6.0,0.0,0.0,1.0,1.0,1.0,1.0,2.0,2.0,2.0,1.0,1.0,1.0,0.0,0.0,0.0,2.0,2.0,2.0,76.0,0.0,0.526315789473684,0.5,0.0,3.0,2.0,0.0,0.0
0.0,4.0,38.0,1.0,0.0,1.0,1.0,1.0,1.0,10.0,0.0,6.0,1.0,1.0,25.0,1.0,1.0,1.0,5.0,0.0,0.0,1.0,1.0,2.0,1.0,1.0,5.0,10.0,1.0,2.5,3.0,6.0,1.0,4.0,0.0,1.0,1.0,100.0,6.0,0.0,0.0,1.0,1.0,1.0,1.0,2.0,2.0,2.0,1.0,1.0,1.0,0.0,0.0,0.0,2.0,2.0,2.0,76.0,0.0,0.526315789473684,0.5,0.0,3.0,2.0,0.0,0.0
0.0,5.0,41.0,1.0,0.0,1.0,1.0,1.0,1.0,12.0,0.0,6.0,1.0,1.0,25.0,1.0,1.0,1.0,6.0,0.0,0.0,1.0,1.0,3.0,1.0,1.0,6.0,12.0,2.0,2.08,4.0,8.0,1.0,6.0,1.0,1.0,1.0,100.0,6.0,0.0,1.0,1.0,2.0,2.0,2.0,3.0,3.0,3.0,1.0,1.0,1.0,0.0,0.0,0.0,2.0,2.0,2.0,82.0,0.0,0.536585365853659,0.5,0.0,3.0,2.0,0.0,0.0
0.0,6.0,138.0,1.0,0.0,1.0,0.0,10.0,1.0,9.0,0.0,2.0,1.0,10.0,45.0,1.0,10.0,10.0,32.0,2.0,1.0,1.0,8.0,39.0,10.0,10.0,32.0,81.0,18.0,0.56,12.0,50.0,1.0,39.0,0.0,10.0,1.0,0.0,2.0,0.0,8.0,1.0,1.0,0.9,0.0,10.0,4.6,1.0,1.0,1.0,1.0,0.0,0.0,0.0,3.0,3.0,3.0,282.0,4.0,0.41726618705036,0.333333333333333,0.0,5.0,3.0,2.0,0.0
0.0,12.0,68.0,1.0,0.0,1.0,2.0,2.0,1.0,19.0,0.0,4.0,1.0,2.0,31.0,2.0,2.0,2.0,11.0,1.0,1.0,1.0,1.0,15.0,2.0,2.0,14.0,28.0,7.0,1.11,9.0,21.0,1.0,18.0,3.0,2.0,1.0,100.0,5.0,0.0,3.0,2.0,0.0,0.0,0.0,7.0,4.0,1.0,1.0,1.0,1.0,0.0,0.0,0.0,4.0,4.0,4.0,139.0,3.0,0.289855072463768,0.25,0.0,5.0,4.0,2.0,0.0
1.0,9.0,113.0,1.0,0.0,1.0,1.0,5.0,1.0,12.0,0.0,2.0,1.0,5.0,38.0,1.0,5.0,5.0,26.0,2.0,1.0,1.0,2.0,32.0,5.0,5.0,26.0,60.0,22.0,0.63,15.0,48.0,1.0,42.0,0.0,5.0,1.0,60.0,2.0,0.0,8.0,1.0,2.0,1.6,1.0,8.0,3.8,1.0,1.0,1.0,1.0,0.0,0.0,0.0,3.0,3.0,2.0,229.0,3.0,0.495575221238938,0.666666666666667,0.0,4.0,2.0,0.0,0.0
0.0,12.0,238.0,3.0,0.0,1.0,3.0,15.0,1.0,15.0,0.0,2.0,1.0,13.0,56.0,4.0,13.0,15.0,61.0,3.0,0.0,3.0,10.0,102.0,15.0,13.0,62.0,163.0,55.0,0.34,19.0,117.0,3.0,101.0,0.0,13.0,1.0,100.0,2.0,0.0,4.0,2.0,1.0,0.230769230769231,0.0,13.0,7.46153846153846,1.0,4.0,1.23076923076923,1.0,1.0,0.166666666666667,0.0,3.0,3.0,3.0,478.0,4.0,0.911392405063291,0.333333333333333,0.0,1.0,3.0,3.0,0.0
0.0,7.0,313.0,2.0,0.0,1.0,3.0,27.0,1.0,12.0,0.0,4.0,1.0,20.0,118.0,8.0,20.0,24.0,42.0,1.0,3.0,4.0,19.0,66.0,24.0,20.0,45.0,166.0,50.0,0.71,29.0,95.0,2.0,66.0,0.0,20.0,1.0,100.0,5.0,3.0,12.0,2.0,3.0,1.25,0.0,14.0,3.45,1.0,2.0,1.2,1.0,1.0,0.275862068965517,0.0,3.0,3.0,3.0,628.0,2.0,0.766773162939297,0.333333333333333,0.0,3.0,3.0,3.0,0.0
0.0,6.0,48.0,1.0,0.0,1.0,0.0,2.0,1.0,9.0,0.0,3.0,1.0,2.0,28.0,1.0,2.0,2.0,7.0,0.0,0.0,1.0,2.0,8.0,2.0,2.0,7.0,17.0,6.0,1.65,3.0,13.0,1.0,10.0,0.0,2.0,1.0,0.0,2.0,0.0,1.0,1.0,0.0,0.0,0.0,3.0,3.0,3.0,1.0,1.0,1.0,0.0,0.0,0.0,3.0,3.0,3.0,98.0,2.0,0.5625,0.333333333333333,0.0,3.0,3.0,1.0,0.0
0.0,11.0,97.0,1.0,0.0,1.0,0.0,4.0,1.0,16.0,0.0,5.0,1.0,4.0,41.0,1.0,4.0,4.0,10.0,0.0,0.0,1.0,4.0,32.0,4.0,4.0,10.0,49.0,29.0,0.84,7.0,39.0,1.0,34.0,0.0,4.0,1.0,0.0,3.0,0.0,5.0,1.0,2.0,1.5,1.0,13.0,6.75,1.0,1.0,1.0,1.0,0.0,0.0,0.0,2.0,2.0,2.0,194.0,0.0,0.329896907216495,0.5,0.0,4.0,2.0,2.0,0.0
0.0,8.0,50.0,1.0,0.0,1.0,2.0,2.0,1.0,9.0,0.0,0.0,1.0,2.0,24.0,2.0,2.0,2.0,7.0,0.0,1.0,1.0,2.0,7.0,2.0,2.0,9.0,20.0,3.0,1.2,6.0,12.0,1.0,9.0,1.0,2.0,1.0,100.0,5.0,0.0,1.0,2.0,1.0,0.5,0.0,3.0,2.0,1.0,1.0,1.0,1.0,0.0,0.0,0.0,2.0,2.0,2.0,100.0,0.0,0.62,0.5,0.0,3.0,2.0,0.0,0.0
0.0,0.0,28.0,0.0,0.0,0.0,1.0,0.0,0.0,0.0,0.0,0.0,0.0,0.0,19.0,1.0,0.0,0.0,4.0,0.0,0.0,0.0,0.0,1.0,0.0,0.0,4.0,6.0,0.0,3.17,3.0,4.0,0.0,3.0,0.0,0.0,0.0,0.0,5.0,0.0,0.0,1.0,0.0,0.0,0.0,0.0,0.0,0.0,0.0,0.0,0.0,0.0,0.0,0.0,2.0,2.0,2.0,56.0,0.0,0.571428571428571,0.5,0.0,3.0,2.0,0.0,0.0
0.0,6.0,58.0,1.0,0.0,1.0,0.0,3.0,1.0,9.0,0.0,3.0,1.0,3.0,30.0,1.0,3.0,3.0,8.0,0.0,0.0,1.0,3.0,9.0,3.0,3.0,8.0,23.0,7.0,1.3,5.0,15.0,1.0,11.0,0.0,3.0,1.0,0.0,3.0,0.0,5.0,1.0,3.0,2.33333333333333,1.0,5.0,3.33333333333333,2.0,1.0,1.0,1.0,0.0,0.0,0.0,2.0,2.0,2.0,116.0,0.0,0.672413793103448,0.5,0.0,2.0,2.0,2.0,0.0
0.0,7.0,55.0,1.0,0.0,1.0,0.0,2.0,1.0,14.0,0.0,4.0,1.0,2.0,28.0,1.0,2.0,2.0,7.0,0.0,0.0,1.0,2.0,9.0,2.0,2.0,7.0,20.0,7.0,1.4,7.0,14.0,1.0,11.0,2.0,2.0,1.0,0.0,3.0,0.0,5.0,1.0,2.0,1.5,1.0,9.0,5.5,2.0,1.0,1.0,1.0,0.0,0.0,0.0,2.0,2.0,2.0,110.0,0.0,0.490909090909091,0.5,0.0,4.0,2.0,0.0,0.0
0.0,7.0,207.0,2.0,0.0,1.0,1.0,13.0,1.0,11.0,0.0,3.0,1.0,12.0,69.0,2.0,12.0,13.0,39.0,1.0,2.0,2.0,11.0,51.0,13.0,12.0,39.0,112.0,29.0,0.62,26.0,68.0,2.0,53.0,0.0,12.0,1.0,100.0,4.0,0.0,14.0,1.0,3.0,1.5,0.0,10.0,4.41666666666667,1.0,2.0,1.08333333333333,1.0,1.0,0.2,0.0,4.0,4.0,4.0,403.0,6.0,0.391304347826087,0.25,0.0,4.0,4.0,4.0,0.0
0.0,3.0,37.0,1.0,0.0,1.0,1.0,1.0,1.0,6.0,0.0,3.0,1.0,1.0,24.0,1.0,1.0,1.0,5.0,0.0,0.0,1.0,1.0,1.0,1.0,1.0,5.0,9.0,0.0,2.67,4.0,5.0,1.0,3.0,0.0,1.0,1.0,100.0,5.0,0.0,0.0,1.0,0.0,0.0,0.0,1.0,1.0,1.0,1.0,1.0,1.0,0.0,0.0,0.0,2.0,2.0,2.0,74.0,0.0,0.675675675675676,0.5,0.0,3.0,2.0,1.0,0.0
0.0,3.0,37.0,1.0,0.0,1.0,1.0,1.0,1.0,6.0,0.0,3.0,1.0,1.0,24.0,1.0,1.0,1.0,5.0,0.0,0.0,1.0,1.0,1.0,1.0,1.0,5.0,9.0,0.0,2.67,4.0,5.0,1.0,3.0,0.0,1.0,1.0,100.0,5.0,0.0,0.0,1.0,0.0,0.0,0.0,1.0,1.0,1.0,1.0,1.0,1.0,0.0,0.0,0.0,2.0,2.0,2.0,74.0,0.0,0.648648648648649,0.5,0.0,3.0,2.0,2.0,0.0
0.0,4.0,44.0,1.0,0.0,1.0,1.0,1.0,1.0,12.0,0.0,8.0,1.0,1.0,29.0,1.0,1.0,1.0,6.0,0.0,0.0,1.0,1.0,2.0,1.0,1.0,6.0,11.0,1.0,2.64,4.0,7.0,1.0,5.0,0.0,1.0,1.0,100.0,5.0,0.0,1.0,1.0,0.0,0.0,0.0,3.0,3.0,3.0,1.0,1.0,1.0,0.0,0.0,0.0,3.0,3.0,2.0,90.0,2.0,0.636363636363636,0.666666666666667,0.0,3.0,2.0,2.0,0.0
0.0,5.0,45.0,1.0,0.0,1.0,1.0,1.0,1.0,13.0,0.0,8.0,1.0,1.0,29.0,1.0,1.0,1.0,6.0,0.0,0.0,1.0,1.0,3.0,1.0,1.0,6.0,12.0,2.0,2.42,4.0,8.0,1.0,6.0,0.0,1.0,1.0,100.0,5.0,0.0,1.0,1.0,0.0,0.0,0.0,3.0,3.0,3.0,1.0,1.0,1.0,0.0,0.0,0.0,3.0,3.0,2.0,92.0,2.0,0.666666666666667,0.666666666666667,0.0,3.0,2.0,1.0,0.0
0.0,3.0,37.0,1.0,0.0,1.0,1.0,1.0,1.0,6.0,0.0,3.0,1.0,1.0,24.0,1.0,1.0,1.0,5.0,0.0,0.0,1.0,1.0,1.0,1.0,1.0,5.0,9.0,0.0,2.67,4.0,5.0,1.0,3.0,0.0,1.0,1.0,100.0,5.0,0.0,0.0,1.0,0.0,0.0,0.0,1.0,1.0,1.0,1.0,1.0,1.0,0.0,0.0,0.0,4.0,4.0,4.0,84.0,5.0,0.675675675675676,0.25,0.0,3.0,4.0,1.0,0.0
0.0,6.0,118.0,1.0,0.0,1.0,0.0,7.0,1.0,12.0,0.0,5.0,1.0,7.0,56.0,2.0,7.0,7.0,19.0,0.0,0.0,1.0,7.0,17.0,7.0,7.0,19.0,51.0,14.0,1.1,11.0,33.0,1.0,25.0,0.0,7.0,1.0,0.0,3.0,0.0,11.0,2.0,3.0,2.0,1.0,6.0,3.85714285714286,2.0,1.0,1.0,1.0,0.0,0.0,0.0,5.0,5.0,4.0,217.0,4.0,0.864406779661017,0.4,0.0,2.0,4.0,2.0,0.0
0.0,4.0,70.0,1.0,0.0,1.0,1.0,4.0,1.0,8.0,0.0,4.0,1.0,4.0,37.0,1.0,4.0,4.0,12.0,0.0,0.0,1.0,4.0,5.0,4.0,4.0,12.0,26.0,4.0,1.42,7.0,16.0,1.0,11.0,0.0,4.0,1.0,100.0,3.0,0.0,5.0,1.0,1.0,1.0,1.0,2.0,1.25,1.0,1.0,1.0,1.0,0.0,0.0,0.0,3.0,3.0,2.0,143.0,3.0,0.685714285714286,0.666666666666667,0.0,3.0,2.0,1.0,0.0
0.0,3.0,35.0,1.0,0.0,1.0,1.0,1.0,1.0,7.0,0.0,4.0,1.0,1.0,23.0,1.0,1.0,1.0,5.0,0.0,0.0,1.0,1.0,1.0,1.0,1.0,5.0,9.0,0.0,2.56,3.0,5.0,1.0,3.0,0.0,1.0,1.0,100.0,5.0,2.0,0.0,1.0,0.0,0.0,0.0,1.0,1.0,1.0,1.0,1.0,1.0,0.0,0.0,0.0,2.0,2.0,2.0,70.0,0.0,0.571428571428571,0.5,0.0,3.0,2.0,0.0,0.0
0.0,3.0,34.0,1.0,0.0,1.0,1.0,1.0,1.0,6.0,0.0,3.0,1.0,1.0,23.0,1.0,1.0,1.0,4.0,0.0,0.0,1.0,1.0,1.0,1.0,1.0,4.0,8.0,0.0,2.88,3.0,4.0,1.0,2.0,0.0,1.0,1.0,100.0,6.0,0.0,0.0,1.0,0.0,0.0,0.0,1.0,1.0,1.0,1.0,1.0,1.0,0.0,0.0,0.0,2.0,2.0,2.0,68.0,0.0,0.588235294117647,0.5,0.0,2.0,2.0,1.0,0.0
0.0,3.0,33.0,1.0,0.0,1.0,1.0,1.0,1.0,6.0,0.0,3.0,1.0,1.0,23.0,1.0,1.0,1.0,4.0,0.0,0.0,1.0,1.0,1.0,1.0,1.0,4.0,8.0,0.0,2.88,2.0,4.0,1.0,2.0,0.0,1.0,1.0,100.0,6.0,0.0,0.0,1.0,0.0,0.0,0.0,1.0,1.0,1.0,1.0,1.0,1.0,0.0,0.0,0.0,2.0,2.0,2.0,66.0,0.0,0.575757575757576,0.5,0.0,2.0,2.0,1.0,0.0
0.0,3.0,35.0,1.0,0.0,1.0,1.0,1.0,1.0,7.0,0.0,4.0,1.0,1.0,23.0,1.0,1.0,1.0,5.0,0.0,0.0,1.0,1.0,1.0,1.0,1.0,5.0,9.0,0.0,2.56,3.0,5.0,1.0,3.0,0.0,1.0,1.0,100.0,5.0,1.0,0.0,1.0,0.0,0.0,0.0,1.0,1.0,1.0,1.0,1.0,1.0,0.0,0.0,0.0,2.0,2.0,2.0,70.0,0.0,0.571428571428571,0.5,0.0,3.0,2.0,0.0,0.0
0.0,3.0,34.0,1.0,0.0,1.0,1.0,1.0,1.0,6.0,0.0,3.0,1.0,1.0,23.0,1.0,1.0,1.0,4.0,0.0,0.0,1.0,1.0,1.0,1.0,1.0,4.0,8.0,0.0,2.88,3.0,4.0,1.0,2.0,0.0,1.0,1.0,100.0,6.0,0.0,0.0,1.0,0.0,0.0,0.0,1.0,1.0,1.0,1.0,1.0,1.0,0.0,0.0,0.0,2.0,2.0,2.0,68.0,0.0,0.588235294117647,0.5,0.0,2.0,2.0,1.0,0.0
0.0,4.0,35.0,1.0,0.0,1.0,1.0,1.0,1.0,7.0,0.0,3.0,1.0,1.0,22.0,1.0,1.0,1.0,5.0,0.0,0.0,1.0,1.0,2.0,1.0,1.0,5.0,10.0,1.0,2.2,3.0,6.0,1.0,4.0,0.0,1.0,1.0,100.0,5.0,0.0,1.0,1.0,1.0,1.0,1.0,2.0,2.0,2.0,1.0,1.0,1.0,0.0,0.0,0.0,2.0,2.0,2.0,70.0,0.0,0.685714285714286,0.5,0.0,2.0,2.0,0.0,0.0
0.0,4.0,35.0,1.0,0.0,1.0,1.0,1.0,1.0,7.0,0.0,3.0,1.0,1.0,22.0,1.0,1.0,1.0,5.0,0.0,0.0,1.0,1.0,2.0,1.0,1.0,5.0,10.0,1.0,2.2,3.0,6.0,1.0,4.0,0.0,1.0,1.0,100.0,5.0,0.0,1.0,1.0,0.0,0.0,0.0,3.0,3.0,3.0,1.0,1.0,1.0,0.0,0.0,0.0,2.0,2.0,2.0,70.0,0.0,0.6,0.5,0.0,3.0,2.0,0.0,0.0
0.0,5.0,73.0,1.0,0.0,1.0,0.0,5.0,1.0,8.0,0.0,2.0,1.0,5.0,30.0,1.0,5.0,5.0,13.0,2.0,1.0,1.0,3.0,11.0,5.0,5.0,13.0,34.0,9.0,0.88,9.0,22.0,1.0,16.0,0.0,5.0,1.0,19.0,2.0,0.0,8.0,1.0,2.0,1.0,0.0,7.0,3.6,1.0,1.0,1.0,1.0,0.0,0.0,0.0,3.0,3.0,3.0,148.0,2.0,0.616438356164384,0.333333333333333,0.0,3.0,3.0,2.0,0.0
0.0,4.0,59.0,1.0,0.0,1.0,0.0,3.0,1.0,9.0,0.0,5.0,1.0,3.0,37.0,1.0,3.0,3.0,6.0,0.0,0.0,1.0,3.0,4.0,3.0,3.0,6.0,18.0,3.0,2.06,4.0,9.0,1.0,5.0,0.0,3.0,1.0,0.0,3.0,0.0,3.0,1.0,1.0,1.0,1.0,2.0,1.33333333333333,1.0,1.0,1.0,1.0,0.0,0.0,0.0,2.0,2.0,2.0,118.0,0.0,0.745762711864407,0.5,0.0,2.0,2.0,1.0,0.0
0.0,6.0,41.0,1.0,0.0,1.0,1.0,1.0,1.0,10.0,0.0,4.0,1.0,1.0,25.0,1.0,1.0,1.0,6.0,0.0,0.0,1.0,1.0,4.0,1.0,1.0,6.0,12.0,2.0,2.08,4.0,8.0,1.0,6.0,0.0,1.0,1.0,100.0,5.0,0.0,1.0,1.0,0.0,0.0,0.0,4.0,4.0,4.0,1.0,1.0,1.0,0.0,0.0,0.0,3.0,3.0,3.0,83.0,1.0,0.634146341463415,0.333333333333333,0.0,2.0,3.0,1.0,0.0
0.0,6.0,41.0,1.0,0.0,1.0,1.0,1.0,1.0,10.0,0.0,4.0,1.0,1.0,25.0,1.0,1.0,1.0,6.0,0.0,0.0,1.0,1.0,4.0,1.0,1.0,6.0,12.0,2.0,2.08,4.0,8.0,1.0,6.0,0.0,1.0,1.0,100.0,5.0,0.0,1.0,1.0,0.0,0.0,0.0,4.0,4.0,4.0,1.0,1.0,1.0,0.0,0.0,0.0,3.0,3.0,3.0,83.0,1.0,0.634146341463415,0.333333333333333,0.0,2.0,3.0,1.0,0.0
0.0,3.0,35.0,1.0,0.0,1.0,1.0,1.0,1.0,7.0,0.0,3.0,1.0,1.0,22.0,1.0,1.0,1.0,5.0,0.0,0.0,1.0,1.0,1.0,1.0,1.0,5.0,9.0,0.0,2.44,4.0,5.0,1.0,3.0,1.0,1.0,1.0,100.0,5.0,0.0,0.0,1.0,1.0,1.0,1.0,1.0,1.0,1.0,1.0,1.0,1.0,0.0,0.0,0.0,2.0,2.0,2.0,70.0,0.0,0.685714285714286,0.5,0.0,2.0,2.0,0.0,0.0
0.0,5.0,40.0,1.0,0.0,1.0,1.0,1.0,1.0,9.0,0.0,4.0,1.0,1.0,25.0,1.0,1.0,1.0,5.0,0.0,0.0,1.0,1.0,3.0,1.0,1.0,5.0,11.0,2.0,2.27,4.0,7.0,1.0,5.0,0.0,1.0,1.0,100.0,6.0,0.0,0.0,1.0,4.0,4.0,4.0,3.0,3.0,3.0,1.0,1.0,1.0,0.0,0.0,0.0,2.0,2.0,2.0,80.0,0.0,0.725,0.5,0.0,3.0,2.0,0.0,0.0
0.0,4.0,38.0,1.0,0.0,1.0,1.0,1.0,1.0,7.0,0.0,3.0,1.0,1.0,24.0,1.0,1.0,1.0,5.0,0.0,0.0,1.0,1.0,2.0,1.0,1.0,5.0,10.0,1.0,2.4,4.0,6.0,1.0,4.0,0.0,1.0,1.0,100.0,5.0,0.0,1.0,1.0,0.0,0.0,0.0,4.0,4.0,4.0,1.0,1.0,1.0,0.0,0.0,0.0,2.0,2.0,2.0,76.0,0.0,0.5,0.5,0.0,4.0,2.0,0.0,0.0
0.0,13.0,47.0,1.0,0.0,1.0,1.0,1.0,1.0,16.0,0.0,3.0,1.0,1.0,24.0,1.0,1.0,1.0,5.0,0.0,0.0,1.0,1.0,11.0,1.0,1.0,5.0,19.0,10.0,1.26,4.0,15.0,1.0,13.0,0.0,1.0,1.0,100.0,5.0,0.0,1.0,1.0,0.0,0.0,0.0,3.0,3.0,3.0,1.0,1.0,1.0,0.0,0.0,0.0,3.0,3.0,3.0,95.0,1.0,0.680851063829787,0.333333333333333,0.0,2.0,3.0,1.0,0.0
0.0,4.0,39.0,1.0,0.0,1.0,1.0,1.0,1.0,7.0,0.0,3.0,1.0,1.0,24.0,1.0,1.0,1.0,6.0,0.0,0.0,1.0,1.0,2.0,1.0,1.0,6.0,11.0,1.0,2.18,4.0,7.0,1.0,5.0,0.0,1.0,1.0,100.0,5.0,0.0,2.0,1.0,1.0,1.0,1.0,3.0,3.0,3.0,1.0,1.0,1.0,0.0,0.0,0.0,2.0,2.0,2.0,78.0,0.0,0.58974358974359,0.5,0.0,3.0,2.0,0.0,0.0
0.0,8.0,57.0,1.0,0.0,1.0,2.0,2.0,1.0,10.0,0.0,1.0,1.0,2.0,26.0,2.0,2.0,2.0,13.0,0.0,0.0,1.0,2.0,7.0,2.0,2.0,14.0,25.0,3.0,1.04,6.0,17.0,1.0,14.0,1.0,2.0,1.0,100.0,5.0,0.0,3.0,2.0,0.0,0.0,0.0,6.0,3.0,0.0,1.0,1.0,1.0,0.0,0.0,0.0,4.0,4.0,1.0,60.0,3.0,1.0,1.0,0.0,1.0,1.0,0.0,0.0
0.0,7.0,46.0,1.0,0.0,1.0,1.0,1.0,1.0,12.0,0.0,5.0,1.0,1.0,26.0,1.0,1.0,1.0,9.0,0.0,0.0,1.0,1.0,5.0,1.0,1.0,9.0,16.0,3.0,1.62,4.0,12.0,1.0,10.0,0.0,1.0,1.0,100.0,5.0,0.0,4.0,1.0,0.0,0.0,0.0,7.0,7.0,7.0,1.0,1.0,1.0,0.0,0.0,0.0,1.0,1.0,1.0,46.0,0.0,1.0,1.0,0.0,1.0,1.0,0.0,0.0
0.0,4.0,39.0,1.0,0.0,1.0,1.0,1.0,1.0,7.0,0.0,3.0,1.0,1.0,24.0,1.0,1.0,1.0,6.0,0.0,0.0,1.0,1.0,2.0,1.0,1.0,6.0,11.0,1.0,2.18,4.0,7.0,1.0,5.0,0.0,1.0,1.0,100.0,5.0,0.0,1.0,1.0,0.0,0.0,0.0,3.0,3.0,3.0,1.0,1.0,1.0,0.0,0.0,0.0,1.0,1.0,1.0,39.0,0.0,1.0,1.0,0.0,1.0,1.0,0.0,0.0
0.0,8.0,41.0,1.0,0.0,1.0,1.0,1.0,1.0,11.0,0.0,3.0,1.0,1.0,24.0,1.0,1.0,1.0,4.0,0.0,0.0,1.0,1.0,6.0,1.0,1.0,4.0,13.0,5.0,1.85,4.0,9.0,1.0,7.0,0.0,1.0,1.0,100.0,6.0,0.0,0.0,1.0,0.0,0.0,0.0,3.0,3.0,3.0,1.0,1.0,1.0,0.0,0.0,0.0,2.0,2.0,2.0,82.0,0.0,0.731707317073171,0.5,0.0,3.0,2.0,1.0,0.0
0.0,3.0,37.0,1.0,0.0,1.0,1.0,1.0,1.0,6.0,0.0,3.0,1.0,1.0,24.0,1.0,1.0,1.0,5.0,0.0,0.0,1.0,1.0,1.0,1.0,1.0,5.0,9.0,0.0,2.67,4.0,5.0,1.0,3.0,0.0,1.0,1.0,100.0,5.0,0.0,0.0,1.0,0.0,0.0,0.0,1.0,1.0,1.0,1.0,1.0,1.0,0.0,0.0,0.0,2.0,2.0,2.0,74.0,0.0,0.72972972972973,0.5,0.0,3.0,2.0,1.0,0.0
0.0,3.0,37.0,1.0,0.0,1.0,1.0,1.0,1.0,6.0,0.0,3.0,1.0,1.0,24.0,1.0,1.0,1.0,5.0,0.0,0.0,1.0,1.0,1.0,1.0,1.0,5.0,9.0,0.0,2.67,4.0,5.0,1.0,3.0,0.0,1.0,1.0,100.0,5.0,0.0,0.0,1.0,0.0,0.0,0.0,1.0,1.0,1.0,1.0,1.0,1.0,0.0,0.0,0.0,2.0,2.0,2.0,74.0,0.0,0.459459459459459,0.5,0.0,4.0,2.0,0.0,0.0
0.0,5.0,40.0,1.0,0.0,1.0,1.0,1.0,1.0,8.0,0.0,3.0,1.0,1.0,24.0,1.0,1.0,1.0,7.0,0.0,0.0,1.0,1.0,3.0,1.0,1.0,7.0,12.0,1.0,2.0,4.0,8.0,1.0,6.0,0.0,1.0,1.0,100.0,5.0,0.0,2.0,1.0,0.0,0.0,0.0,3.0,3.0,3.0,1.0,1.0,1.0,0.0,0.0,0.0,2.0,2.0,2.0,80.0,0.0,0.725,0.5,0.0,3.0,2.0,1.0,0.0
0.0,5.0,39.0,1.0,0.0,1.0,1.0,1.0,1.0,8.0,0.0,3.0,1.0,1.0,24.0,1.0,1.0,1.0,5.0,0.0,0.0,1.0,1.0,3.0,1.0,1.0,5.0,11.0,2.0,2.18,4.0,7.0,1.0,5.0,0.0,1.0,1.0,100.0,5.0,0.0,1.0,1.0,0.0,0.0,0.0,3.0,3.0,3.0,1.0,1.0,1.0,0.0,0.0,0.0,4.0,4.0,4.0,78.0,1.0,0.743589743589744,0.25,0.0,3.0,4.0,1.0,0.0
0.0,4.0,39.0,1.0,0.0,1.0,1.0,1.0,1.0,8.0,0.0,4.0,1.0,1.0,25.0,1.0,1.0,1.0,5.0,0.0,0.0,1.0,1.0,2.0,1.0,1.0,5.0,10.0,1.0,2.5,4.0,6.0,1.0,4.0,0.0,1.0,1.0,100.0,5.0,0.0,1.0,1.0,0.0,0.0,0.0,3.0,3.0,3.0,1.0,1.0,1.0,0.0,0.0,0.0,3.0,3.0,3.0,79.0,1.0,0.743589743589744,0.333333333333333,0.0,3.0,3.0,1.0,0.0
0.0,4.0,57.0,1.0,0.0,1.0,2.0,2.0,1.0,8.0,0.0,3.0,1.0,2.0,31.0,2.0,2.0,2.0,9.0,0.0,0.0,1.0,2.0,5.0,2.0,2.0,9.0,20.0,3.0,1.55,6.0,12.0,1.0,8.0,0.0,2.0,1.0,100.0,5.0,0.0,1.0,1.0,2.0,1.0,0.0,4.0,3.5,3.0,1.0,1.0,1.0,0.0,0.0,0.0,3.0,3.0,3.0,115.0,1.0,0.807017543859649,0.333333333333333,0.0,3.0,3.0,1.0,0.0
0.0,17.0,61.0,1.0,0.0,1.0,1.0,1.0,1.0,25.0,0.0,3.0,1.0,1.0,24.0,1.0,1.0,1.0,14.0,0.0,0.0,1.0,1.0,15.0,1.0,1.0,14.0,28.0,10.0,0.86,9.0,24.0,1.0,22.0,5.0,1.0,1.0,100.0,5.0,1.0,8.0,1.0,2.0,2.0,2.0,10.0,10.0,10.0,1.0,1.0,1.0,0.0,0.0,0.0,3.0,3.0,3.0,123.0,1.0,0.704918032786885,0.333333333333333,0.0,3.0,3.0,1.0,0.0
0.0,15.0,420.0,3.0,0.0,1.0,1.0,24.0,1.0,20.0,0.0,3.0,1.0,18.0,86.0,1.0,18.0,23.0,54.0,0.0,0.0,4.0,18.0,200.0,23.0,18.0,54.0,286.0,172.0,0.3,48.0,226.0,3.0,202.0,1.0,18.0,1.0,100.0,3.0,0.0,26.0,1.0,2.0,1.16666666666667,0.0,11.0,3.33333333333333,1.0,3.0,1.27777777777778,1.0,2.0,0.45,0.0,13.0,13.0,5.0,834.0,19.0,0.797619047619048,0.461538461538462,0.0,3.0,5.0,3.0,0.0
0.0,5.0,42.0,1.0,0.0,1.0,1.0,1.0,1.0,10.0,0.0,4.0,1.0,1.0,25.0,1.0,1.0,1.0,6.0,0.0,0.0,1.0,1.0,3.0,1.0,1.0,6.0,12.0,2.0,2.08,5.0,8.0,1.0,6.0,1.0,1.0,1.0,100.0,6.0,0.0,0.0,1.0,2.0,2.0,2.0,4.0,4.0,4.0,1.0,1.0,1.0,0.0,0.0,0.0,2.0,2.0,2.0,84.0,0.0,0.761904761904762,0.5,0.0,3.0,2.0,0.0,0.0
0.0,6.0,42.0,1.0,0.0,1.0,1.0,1.0,1.0,11.0,0.0,4.0,1.0,1.0,25.0,1.0,1.0,1.0,5.0,0.0,0.0,1.0,1.0,4.0,1.0,1.0,5.0,12.0,3.0,2.08,5.0,8.0,1.0,6.0,1.0,1.0,1.0,100.0,6.0,0.0,1.0,1.0,3.0,3.0,3.0,5.0,5.0,5.0,1.0,1.0,1.0,0.0,0.0,0.0,3.0,3.0,3.0,85.0,1.0,0.738095238095238,0.333333333333333,0.0,3.0,3.0,0.0,0.0
0.0,6.0,44.0,1.0,0.0,1.0,2.0,2.0,1.0,7.0,0.0,1.0,1.0,2.0,24.0,2.0,2.0,2.0,9.0,1.0,0.0,1.0,1.0,6.0,2.0,2.0,10.0,17.0,2.0,1.41,3.0,12.0,1.0,9.0,0.0,2.0,1.0,100.0,5.0,0.0,2.0,2.0,1.0,0.5,0.0,2.0,2.0,2.0,1.0,1.0,1.0,0.0,0.0,0.0,2.0,2.0,2.0,88.0,0.0,0.659090909090909,0.5,0.0,2.0,2.0,0.0,0.0
0.0,14.0,52.0,1.0,0.0,1.0,0.0,1.0,1.0,21.0,0.0,4.0,1.0,1.0,24.0,1.0,1.0,1.0,12.0,0.0,0.0,1.0,1.0,11.0,1.0,1.0,11.0,22.0,6.0,1.09,6.0,17.0,1.0,15.0,3.0,1.0,1.0,0.0,2.0,0.0,8.0,1.0,1.0,1.0,1.0,10.0,10.0,10.0,1.0,1.0,1.0,0.0,0.0,0.0,3.0,3.0,3.0,106.0,2.0,0.384615384615385,0.333333333333333,0.0,3.0,3.0,1.0,0.0
0.0,0.0,30.0,0.0,0.0,0.0,1.0,0.0,0.0,0.0,0.0,0.0,0.0,0.0,23.0,1.0,0.0,0.0,3.0,0.0,0.0,0.0,0.0,1.0,0.0,0.0,3.0,5.0,0.0,4.6,2.0,3.0,0.0,2.0,0.0,0.0,0.0,0.0,2.0,0.0,0.0,1.0,0.0,0.0,0.0,0.0,0.0,0.0,0.0,0.0,0.0,0.0,0.0,0.0,3.0,3.0,2.0,64.0,4.0,1.0,0.666666666666667,0.0,1.0,2.0,0.0,0.0
0.0,4.0,36.0,1.0,0.0,1.0,1.0,1.0,1.0,7.0,0.0,3.0,1.0,1.0,24.0,1.0,1.0,1.0,4.0,0.0,0.0,1.0,1.0,2.0,1.0,1.0,4.0,8.0,1.0,3.0,4.0,5.0,1.0,3.0,0.0,1.0,1.0,100.0,6.0,0.0,0.0,1.0,6.0,6.0,6.0,2.0,2.0,2.0,1.0,1.0,1.0,0.0,0.0,0.0,3.0,3.0,3.0,75.0,1.0,0.513513513513513,0.333333333333333,0.0,3.0,3.0,1.0,0.0
0.0,4.0,36.0,1.0,0.0,1.0,1.0,1.0,1.0,7.0,0.0,3.0,1.0,1.0,24.0,1.0,1.0,1.0,4.0,0.0,0.0,1.0,1.0,2.0,1.0,1.0,4.0,8.0,1.0,3.0,4.0,5.0,1.0,3.0,0.0,1.0,1.0,100.0,6.0,0.0,0.0,1.0,3.0,3.0,3.0,2.0,2.0,2.0,1.0,1.0,1.0,0.0,0.0,0.0,3.0,3.0,3.0,75.0,1.0,0.513513513513513,0.333333333333333,0.0,3.0,3.0,1.0,0.0
0.0,8.0,46.0,1.0,0.0,1.0,1.0,1.0,1.0,15.0,0.0,5.0,1.0,1.0,25.0,1.0,1.0,1.0,8.0,0.0,0.0,1.0,1.0,6.0,1.0,1.0,8.0,16.0,4.0,1.56,5.0,12.0,1.0,10.0,2.0,1.0,1.0,100.0,5.0,0.0,4.0,1.0,0.0,0.0,0.0,6.0,6.0,6.0,1.0,1.0,1.0,0.0,0.0,0.0,4.0,4.0,4.0,106.0,7.0,0.565217391304348,0.25,0.0,3.0,4.0,0.0,0.0
0.0,5.0,42.0,1.0,0.0,1.0,1.0,1.0,1.0,10.0,0.0,5.0,1.0,1.0,26.0,1.0,1.0,1.0,6.0,0.0,0.0,1.0,1.0,3.0,1.0,1.0,6.0,12.0,2.0,2.17,4.0,8.0,1.0,6.0,0.0,1.0,1.0,100.0,5.0,0.0,2.0,1.0,0.0,0.0,0.0,4.0,4.0,4.0,1.0,1.0,1.0,0.0,0.0,0.0,2.0,2.0,2.0,84.0,0.0,0.619047619047619,0.5,0.0,3.0,2.0,0.0,0.0
0.0,6.0,185.0,2.0,0.0,1.0,0.0,12.0,1.0,12.0,0.0,5.0,1.0,11.0,78.0,1.0,11.0,12.0,27.0,0.0,0.0,2.0,11.0,36.0,12.0,11.0,27.0,84.0,26.0,0.93,23.0,53.0,2.0,40.0,0.0,11.0,1.0,0.0,3.0,0.0,21.0,1.0,3.0,1.27272727272727,1.0,11.0,2.81818181818182,1.0,2.0,1.09090909090909,1.0,1.0,0.230769230769231,0.0,7.0,7.0,4.0,337.0,3.0,0.778378378378378,0.428571428571429,0.0,3.0,4.0,3.0,0.0
0.0,5.0,41.0,1.0,0.0,1.0,1.0,1.0,1.0,10.0,0.0,5.0,1.0,1.0,26.0,1.0,1.0,1.0,5.0,0.0,0.0,1.0,1.0,3.0,1.0,1.0,5.0,11.0,2.0,2.36,4.0,7.0,1.0,5.0,0.0,1.0,1.0,100.0,5.0,0.0,2.0,1.0,0.0,0.0,0.0,4.0,4.0,4.0,1.0,1.0,1.0,0.0,0.0,0.0,2.0,2.0,2.0,82.0,0.0,0.682926829268293,0.5,0.0,3.0,2.0,1.0,0.0
0.0,7.0,46.0,1.0,0.0,1.0,1.0,1.0,1.0,13.0,0.0,5.0,1.0,1.0,26.0,1.0,1.0,1.0,8.0,0.0,0.0,1.0,1.0,5.0,1.0,1.0,8.0,15.0,3.0,1.73,5.0,11.0,1.0,9.0,1.0,1.0,1.0,100.0,5.0,0.0,3.0,1.0,0.0,0.0,0.0,5.0,5.0,5.0,1.0,1.0,1.0,0.0,0.0,0.0,3.0,3.0,3.0,93.0,1.0,0.717391304347826,0.333333333333333,0.0,3.0,3.0,1.0,0.0
0.0,6.0,48.0,1.0,0.0,1.0,1.0,1.0,1.0,12.0,0.0,5.0,1.0,1.0,26.0,1.0,1.0,1.0,10.0,0.0,1.0,1.0,1.0,5.0,1.0,1.0,10.0,16.0,2.0,1.62,6.0,12.0,1.0,10.0,1.0,1.0,1.0,50.0,5.0,0.0,5.0,1.0,1.0,1.0,1.0,5.0,5.0,5.0,1.0,1.0,1.0,0.0,0.0,0.0,3.0,3.0,3.0,97.0,1.0,0.666666666666667,0.333333333333333,0.0,3.0,3.0,1.0,0.0
0.0,4.0,39.0,1.0,0.0,1.0,1.0,1.0,1.0,9.0,0.0,5.0,1.0,1.0,25.0,1.0,1.0,1.0,5.0,0.0,0.0,1.0,1.0,2.0,1.0,1.0,5.0,10.0,1.0,2.5,4.0,6.0,1.0,4.0,0.0,1.0,1.0,100.0,5.0,0.0,1.0,1.0,0.0,0.0,0.0,3.0,3.0,3.0,1.0,1.0,1.0,0.0,0.0,0.0,2.0,2.0,2.0,78.0,0.0,0.769230769230769,0.5,0.0,3.0,2.0,0.0,0.0
0.0,7.0,43.0,1.0,0.0,1.0,1.0,1.0,1.0,13.0,0.0,5.0,1.0,1.0,25.0,1.0,1.0,1.0,7.0,0.0,0.0,1.0,1.0,5.0,1.0,1.0,7.0,13.0,2.0,1.92,5.0,9.0,1.0,7.0,1.0,1.0,1.0,100.0,5.0,0.0,2.0,1.0,0.0,0.0,0.0,3.0,3.0,3.0,1.0,1.0,1.0,0.0,0.0,0.0,3.0,3.0,3.0,88.0,2.0,0.790697674418605,0.333333333333333,0.0,2.0,3.0,1.0,0.0
0.0,5.0,41.0,1.0,0.0,1.0,1.0,1.0,1.0,10.0,0.0,5.0,1.0,1.0,26.0,1.0,1.0,1.0,5.0,0.0,0.0,1.0,1.0,3.0,1.0,1.0,5.0,11.0,2.0,2.36,4.0,7.0,1.0,5.0,0.0,1.0,1.0,100.0,5.0,0.0,2.0,1.0,0.0,0.0,0.0,4.0,4.0,4.0,1.0,1.0,1.0,0.0,0.0,0.0,1.0,1.0,1.0,41.0,0.0,1.0,1.0,0.0,1.0,1.0,0.0,0.0
0.0,9.0,46.0,1.0,0.0,1.0,1.0,1.0,1.0,16.0,0.0,5.0,1.0,1.0,24.0,1.0,1.0,1.0,9.0,0.0,0.0,1.0,1.0,7.0,1.0,1.0,9.0,16.0,3.0,1.5,6.0,12.0,1.0,10.0,2.0,1.0,1.0,100.0,5.0,0.0,3.0,1.0,0.0,0.0,0.0,4.0,4.0,4.0,1.0,1.0,1.0,0.0,0.0,0.0,1.0,1.0,1.0,46.0,0.0,1.0,1.0,0.0,1.0,1.0,0.0,0.0
0.0,7.0,43.0,1.0,0.0,1.0,1.0,1.0,1.0,13.0,0.0,5.0,1.0,1.0,24.0,1.0,1.0,1.0,8.0,0.0,0.0,1.0,1.0,5.0,1.0,1.0,8.0,14.0,2.0,1.71,5.0,10.0,1.0,8.0,1.0,1.0,1.0,100.0,5.0,0.0,3.0,1.0,0.0,0.0,0.0,4.0,4.0,4.0,1.0,1.0,1.0,0.0,0.0,0.0,1.0,1.0,1.0,43.0,0.0,1.0,1.0,0.0,1.0,1.0,0.0,0.0
0.0,4.0,44.0,1.0,0.0,1.0,0.0,2.0,1.0,8.0,0.0,4.0,1.0,2.0,28.0,1.0,2.0,2.0,5.0,0.0,0.0,1.0,2.0,2.0,2.0,2.0,5.0,13.0,2.0,2.15,3.0,7.0,1.0,4.0,0.0,2.0,1.0,0.0,3.0,0.0,2.0,1.0,1.0,1.0,1.0,2.0,1.5,1.0,1.0,1.0,1.0,0.0,0.0,0.0,2.0,2.0,2.0,88.0,0.0,1.0,0.5,0.0,1.0,2.0,0.0,0.0
0.0,5.0,56.0,1.0,0.0,1.0,1.0,2.0,1.0,10.0,0.0,4.0,1.0,2.0,30.0,1.0,2.0,2.0,9.0,0.0,1.0,1.0,2.0,6.0,2.0,2.0,9.0,19.0,5.0,1.58,7.0,14.0,1.0,11.0,0.0,2.0,1.0,50.0,6.0,0.0,1.0,1.0,3.0,2.5,2.0,5.0,3.5,2.0,1.0,1.0,1.0,0.0,0.0,0.0,5.0,5.0,4.0,122.0,4.0,0.684210526315789,0.4,0.0,3.0,4.0,1.0,0.0
0.0,4.0,42.0,1.0,0.0,1.0,1.0,1.0,1.0,9.0,0.0,5.0,1.0,1.0,26.0,1.0,1.0,1.0,7.0,0.0,0.0,1.0,1.0,2.0,1.0,1.0,7.0,12.0,1.0,2.17,4.0,8.0,1.0,6.0,0.0,1.0,1.0,100.0,5.0,0.0,3.0,1.0,0.0,0.0,0.0,5.0,5.0,5.0,1.0,1.0,1.0,0.0,0.0,0.0,3.0,3.0,2.0,85.0,1.0,1.0,0.666666666666667,0.0,1.0,2.0,0.0,0.0
0.0,6.0,39.0,1.0,0.0,1.0,1.0,1.0,1.0,10.0,0.0,3.0,1.0,1.0,24.0,1.0,1.0,1.0,5.0,0.0,0.0,1.0,1.0,4.0,1.0,1.0,5.0,10.0,2.0,2.4,5.0,7.0,1.0,5.0,1.0,1.0,1.0,100.0,6.0,0.0,1.0,1.0,2.0,2.0,2.0,4.0,4.0,4.0,1.0,1.0,1.0,0.0,0.0,0.0,3.0,3.0,3.0,82.0,2.0,0.625,0.333333333333333,0.0,3.0,3.0,0.0,0.0
0.0,4.0,50.0,1.0,0.0,1.0,0.0,2.0,1.0,11.0,0.0,6.0,1.0,2.0,33.0,1.0,2.0,2.0,5.0,0.0,0.0,1.0,2.0,3.0,2.0,2.0,5.0,13.0,3.0,2.54,4.0,8.0,1.0,5.0,0.0,2.0,1.0,0.0,3.0,0.0,5.0,1.0,2.0,1.5,1.0,4.0,3.0,2.0,1.0,1.0,1.0,0.0,0.0,0.0,4.0,4.0,3.0,102.0,2.0,0.588235294117647,0.5,0.0,3.0,3.0,3.0,0.0
0.0,6.0,47.0,1.0,0.0,1.0,1.0,1.0,1.0,15.0,0.0,7.0,1.0,1.0,28.0,1.0,1.0,1.0,6.0,0.0,0.0,1.0,1.0,4.0,1.0,1.0,6.0,13.0,3.0,2.15,6.0,9.0,1.0,7.0,2.0,1.0,1.0,100.0,5.0,0.0,2.0,1.0,0.0,0.0,0.0,4.0,4.0,4.0,1.0,1.0,1.0,0.0,0.0,0.0,3.0,3.0,3.0,95.0,1.0,0.638297872340426,0.333333333333333,0.0,4.0,3.0,1.0,0.0
0.0,12.0,58.0,1.0,0.0,1.0,1.0,1.0,1.0,19.0,0.0,4.0,1.0,1.0,27.0,1.0,1.0,1.0,14.0,0.0,0.0,1.0,1.0,11.0,1.0,1.0,14.0,22.0,5.0,1.23,9.0,19.0,1.0,17.0,3.0,1.0,1.0,100.0,5.0,4.0,5.0,1.0,5.0,5.0,5.0,7.0,7.0,7.0,1.0,1.0,1.0,0.0,0.0,0.0,3.0,3.0,3.0,119.0,3.0,0.689655172413793,0.333333333333333,0.0,3.0,3.0,0.0,0.0
0.0,14.0,61.0,1.0,0.0,1.0,1.0,1.0,1.0,22.0,0.0,4.0,1.0,1.0,27.0,1.0,1.0,1.0,14.0,0.0,0.0,1.0,1.0,13.0,1.0,1.0,14.0,24.0,7.0,1.12,10.0,21.0,1.0,19.0,4.0,1.0,1.0,100.0,5.0,0.0,5.0,1.0,0.0,0.0,0.0,10.0,10.0,10.0,1.0,1.0,1.0,0.0,0.0,0.0,3.0,3.0,3.0,125.0,3.0,0.655737704918033,0.333333333333333,0.0,3.0,3.0,0.0,0.0
0.0,12.0,246.0,3.0,0.0,1.0,2.0,16.0,1.0,19.0,0.0,3.0,1.0,9.0,71.0,3.0,9.0,12.0,41.0,0.0,2.0,6.0,9.0,73.0,12.0,9.0,42.0,131.0,40.0,0.54,44.0,82.0,3.0,68.0,2.0,9.0,2.0,100.0,3.0,0.0,21.0,2.0,2.0,1.22222222222222,0.0,26.0,4.22222222222222,1.0,3.0,1.33333333333333,1.0,2.0,0.538461538461538,0.0,4.0,4.0,3.0,482.0,4.0,0.792682926829268,0.5,0.0,4.0,3.0,1.0,0.0
0.0,4.0,41.0,1.0,0.0,1.0,1.0,1.0,1.0,5.0,0.0,0.0,1.0,1.0,25.0,1.0,1.0,1.0,5.0,0.0,0.0,1.0,1.0,2.0,1.0,1.0,5.0,10.0,1.0,2.5,6.0,6.0,1.0,4.0,1.0,1.0,1.0,100.0,6.0,0.0,0.0,1.0,0.0,0.0,0.0,2.0,2.0,2.0,1.0,1.0,1.0,0.0,0.0,0.0,2.0,2.0,2.0,82.0,0.0,0.658536585365854,0.5,0.0,2.0,2.0,1.0,0.0
0.0,4.0,41.0,1.0,0.0,1.0,1.0,1.0,1.0,5.0,0.0,0.0,1.0,1.0,25.0,1.0,1.0,1.0,5.0,0.0,0.0,1.0,1.0,2.0,1.0,1.0,5.0,10.0,1.0,2.5,6.0,6.0,1.0,4.0,1.0,1.0,1.0,100.0,6.0,0.0,0.0,1.0,0.0,0.0,0.0,3.0,3.0,3.0,1.0,1.0,1.0,0.0,0.0,0.0,2.0,2.0,2.0,82.0,0.0,0.658536585365854,0.5,0.0,2.0,2.0,1.0,0.0
0.0,4.0,41.0,1.0,0.0,1.0,1.0,1.0,1.0,5.0,0.0,0.0,1.0,1.0,25.0,1.0,1.0,1.0,5.0,0.0,0.0,1.0,1.0,2.0,1.0,1.0,5.0,10.0,1.0,2.5,6.0,6.0,1.0,4.0,1.0,1.0,1.0,100.0,6.0,0.0,0.0,1.0,0.0,0.0,0.0,3.0,3.0,3.0,1.0,1.0,1.0,0.0,0.0,0.0,2.0,2.0,2.0,82.0,0.0,0.658536585365854,0.5,0.0,2.0,2.0,1.0,0.0
0.0,4.0,41.0,1.0,0.0,1.0,1.0,1.0,1.0,5.0,0.0,0.0,1.0,1.0,25.0,1.0,1.0,1.0,5.0,0.0,0.0,1.0,1.0,2.0,1.0,1.0,5.0,10.0,1.0,2.5,6.0,6.0,1.0,4.0,1.0,1.0,1.0,100.0,6.0,0.0,0.0,1.0,0.0,0.0,0.0,3.0,3.0,3.0,1.0,1.0,1.0,0.0,0.0,0.0,2.0,2.0,2.0,82.0,0.0,0.658536585365854,0.5,0.0,2.0,2.0,1.0,0.0
0.0,14.0,61.0,1.0,0.0,1.0,1.0,1.0,1.0,18.0,0.0,2.0,1.0,1.0,27.0,1.0,1.0,1.0,16.0,0.0,0.0,1.0,1.0,12.0,1.0,1.0,16.0,25.0,5.0,1.08,9.0,21.0,1.0,19.0,2.0,1.0,1.0,100.0,5.0,0.0,5.0,1.0,0.0,0.0,0.0,7.0,7.0,7.0,1.0,1.0,1.0,0.0,0.0,0.0,3.0,3.0,3.0,125.0,3.0,0.704918032786885,0.333333333333333,0.0,3.0,3.0,0.0,0.0
0.0,9.0,77.0,3.0,0.0,1.0,0.0,5.0,2.0,15.0,0.0,5.0,2.0,3.0,34.0,1.0,3.0,5.0,13.0,0.0,0.0,3.0,3.0,12.0,5.0,3.0,13.0,35.0,7.0,0.97,8.0,20.0,3.0,14.0,1.0,3.0,2.0,0.0,3.0,0.0,3.0,1.0,1.0,0.333333333333333,0.0,4.0,3.33333333333333,2.0,3.0,1.66666666666667,1.0,2.0,1.33333333333333,0.0,2.0,2.0,2.0,154.0,0.0,0.454545454545455,0.5,0.0,4.0,2.0,2.0,0.0
0.0,8.0,46.0,1.0,0.0,1.0,2.0,2.0,1.0,10.0,0.0,2.0,1.0,2.0,24.0,2.0,2.0,2.0,5.0,1.0,0.0,1.0,1.0,7.0,2.0,2.0,7.0,18.0,3.0,1.33,4.0,10.0,1.0,7.0,0.0,2.0,1.0,100.0,5.0,0.0,1.0,2.0,1.0,0.5,0.0,3.0,2.0,1.0,1.0,1.0,1.0,0.0,0.0,0.0,3.0,3.0,3.0,93.0,1.0,0.956521739130435,0.333333333333333,0.0,1.0,3.0,1.0,0.0
1.0,5.0,85.0,1.0,0.0,1.0,0.0,8.0,1.0,7.0,0.0,1.0,1.0,8.0,33.0,3.0,8.0,8.0,11.0,1.0,1.0,1.0,6.0,12.0,8.0,8.0,13.0,43.0,8.0,0.77,9.0,21.0,1.0,12.0,0.0,8.0,1.0,66.0,3.0,0.0,5.0,2.0,4.0,1.125,0.0,2.0,1.25,0.0,1.0,1.0,1.0,0.0,0.0,0.0,4.0,4.0,3.0,174.0,4.0,0.941176470588235,0.5,0.0,1.0,3.0,2.0,0.0
0.0,6.0,240.0,2.0,0.0,1.0,2.0,19.0,1.0,9.0,0.0,2.0,1.0,17.0,75.0,4.0,17.0,18.0,44.0,8.0,2.0,3.0,9.0,52.0,18.0,17.0,44.0,135.0,39.0,0.56,30.0,83.0,2.0,61.0,0.0,17.0,1.0,100.0,3.0,0.0,11.0,2.0,3.0,1.35294117647059,0.0,15.0,3.11764705882353,0.0,2.0,1.05882352941176,1.0,1.0,0.173913043478261,0.0,8.0,8.0,5.0,496.0,17.0,0.666666666666667,0.25,0.0,4.0,5.0,3.0,0.0
0.0,5.0,56.0,1.0,0.0,1.0,2.0,2.0,1.0,9.0,0.0,3.0,1.0,2.0,26.0,1.0,2.0,2.0,13.0,0.0,0.0,1.0,2.0,7.0,2.0,2.0,13.0,24.0,5.0,1.08,6.0,18.0,1.0,15.0,0.0,2.0,1.0,100.0,5.0,0.0,5.0,1.0,1.0,0.5,0.0,4.0,3.5,3.0,1.0,1.0,1.0,0.0,0.0,0.0,3.0,3.0,2.0,115.0,3.0,0.589285714285714,0.666666666666667,0.0,3.0,2.0,0.0,0.0
0.0,7.0,95.0,2.0,0.0,1.0,3.0,6.0,1.0,10.0,0.0,3.0,1.0,5.0,35.0,2.0,5.0,6.0,20.0,1.0,2.0,2.0,4.0,16.0,6.0,5.0,22.0,49.0,11.0,0.71,11.0,33.0,2.0,26.0,0.0,5.0,1.0,100.0,5.0,0.0,7.0,2.0,3.0,1.6,0.0,8.0,4.2,1.0,2.0,1.2,1.0,1.0,0.375,0.0,3.0,3.0,2.0,193.0,3.0,0.715789473684211,0.666666666666667,0.0,3.0,2.0,0.0,0.0
0.0,4.0,36.0,1.0,0.0,1.0,1.0,1.0,1.0,8.0,0.0,4.0,1.0,1.0,23.0,1.0,1.0,1.0,5.0,0.0,0.0,1.0,1.0,2.0,1.0,1.0,5.0,10.0,1.0,2.3,3.0,6.0,1.0,4.0,0.0,1.0,1.0,100.0,5.0,0.0,0.0,1.0,0.0,0.0,0.0,2.0,2.0,2.0,1.0,1.0,1.0,0.0,0.0,0.0,2.0,2.0,2.0,72.0,0.0,0.555555555555556,0.5,0.0,3.0,2.0,0.0,0.0
3.0,10.0,175.0,1.0,0.0,1.0,0.0,6.0,1.0,18.0,0.0,5.0,1.0,6.0,72.0,1.0,6.0,6.0,27.0,2.0,1.0,1.0,1.0,47.0,6.0,6.0,27.0,83.0,40.0,0.87,20.0,67.0,1.0,60.0,1.0,6.0,1.0,50.0,2.0,0.0,15.0,1.0,3.0,2.0,1.0,19.0,6.0,1.0,1.0,1.0,1.0,0.0,0.0,0.0,4.0,4.0,4.0,355.0,5.0,0.76,0.25,0.0,3.0,4.0,3.0,0.0
0.0,4.0,76.0,1.0,0.0,1.0,2.0,3.0,1.0,10.0,0.0,5.0,1.0,3.0,40.0,2.0,3.0,3.0,14.0,0.0,0.0,1.0,3.0,7.0,3.0,3.0,14.0,27.0,4.0,1.48,9.0,18.0,1.0,13.0,0.0,3.0,1.0,100.0,5.0,0.0,2.0,1.0,2.0,0.666666666666667,0.0,5.0,3.0,0.0,1.0,1.0,1.0,0.0,0.0,0.0,2.0,2.0,2.0,154.0,0.0,0.350649350649351,0.5,0.0,4.0,2.0,2.0,0.0
0.0,8.0,58.0,2.0,0.0,1.0,0.0,3.0,2.0,13.0,0.0,4.0,2.0,2.0,27.0,1.0,2.0,3.0,7.0,0.0,0.0,2.0,2.0,7.0,3.0,2.0,7.0,23.0,5.0,1.17,8.0,12.0,2.0,8.0,1.0,2.0,2.0,0.0,3.0,0.0,3.0,1.0,1.0,1.0,1.0,4.0,3.0,2.0,2.0,1.5,1.0,1.0,0.75,0.0,3.0,3.0,3.0,117.0,1.0,0.655172413793103,0.333333333333333,0.0,3.0,3.0,0.0,0.0
0.0,14.0,55.0,1.0,0.0,1.0,1.0,1.0,1.0,20.0,0.0,3.0,1.0,1.0,26.0,1.0,1.0,1.0,12.0,0.0,0.0,1.0,1.0,13.0,1.0,1.0,12.0,22.0,7.0,1.18,7.0,19.0,1.0,17.0,3.0,1.0,1.0,100.0,5.0,0.0,5.0,1.0,0.0,0.0,0.0,9.0,9.0,9.0,1.0,1.0,1.0,0.0,0.0,0.0,3.0,3.0,3.0,113.0,3.0,0.636363636363636,0.333333333333333,0.0,3.0,3.0,0.0,0.0
0.0,10.0,232.0,3.0,0.0,1.0,2.0,13.0,1.0,16.0,0.0,4.0,1.0,10.0,75.0,3.0,10.0,13.0,36.0,0.0,2.0,3.0,10.0,61.0,13.0,10.0,37.0,119.0,37.0,0.63,38.0,74.0,3.0,59.0,2.0,10.0,1.0,100.0,3.0,0.0,19.0,2.0,2.0,1.2,0.0,23.0,3.6,1.0,3.0,1.3,1.0,2.0,0.5,0.0,4.0,4.0,3.0,457.0,8.0,0.724137931034483,0.5,0.0,4.0,3.0,2.0,0.0
0.0,12.0,52.0,1.0,0.0,1.0,1.0,1.0,1.0,17.0,0.0,3.0,1.0,1.0,26.0,1.0,1.0,1.0,12.0,0.0,0.0,1.0,1.0,11.0,1.0,1.0,12.0,20.0,5.0,1.3,6.0,17.0,1.0,15.0,2.0,1.0,1.0,100.0,5.0,0.0,5.0,1.0,0.0,0.0,0.0,7.0,7.0,7.0,1.0,1.0,1.0,0.0,0.0,0.0,3.0,3.0,3.0,107.0,3.0,0.673076923076923,0.333333333333333,0.0,3.0,3.0,0.0,0.0
0.0,13.0,56.0,1.0,0.0,1.0,1.0,1.0,1.0,20.0,0.0,5.0,1.0,1.0,29.0,1.0,1.0,1.0,12.0,0.0,0.0,1.0,1.0,11.0,1.0,1.0,12.0,21.0,5.0,1.38,6.0,17.0,1.0,15.0,2.0,1.0,1.0,100.0,5.0,0.0,5.0,1.0,0.0,0.0,0.0,7.0,7.0,7.0,1.0,1.0,1.0,0.0,0.0,0.0,3.0,3.0,3.0,115.0,3.0,0.696428571428571,0.333333333333333,0.0,3.0,3.0,0.0,0.0
0.0,9.0,43.0,1.0,0.0,1.0,1.0,1.0,1.0,12.0,0.0,3.0,1.0,1.0,25.0,1.0,1.0,1.0,7.0,0.0,0.0,1.0,1.0,7.0,1.0,1.0,7.0,15.0,4.0,1.67,3.0,11.0,1.0,9.0,0.0,1.0,1.0,100.0,5.0,0.0,3.0,1.0,0.0,0.0,0.0,5.0,5.0,5.0,1.0,1.0,1.0,0.0,0.0,0.0,3.0,3.0,3.0,89.0,3.0,0.581395348837209,0.333333333333333,0.0,2.0,3.0,1.0,0.0
0.0,21.0,142.0,5.0,0.0,1.0,1.0,8.0,2.0,34.0,0.0,7.0,2.0,3.0,44.0,2.0,3.0,7.0,25.0,0.0,0.0,6.0,3.0,38.0,7.0,3.0,28.0,77.0,25.0,0.57,21.0,53.0,5.0,45.0,5.0,3.0,3.0,100.0,3.0,0.0,12.0,2.0,2.0,0.666666666666667,0.0,28.0,10.3333333333333,1.0,12.0,4.66666666666667,1.0,2.0,1.0,0.0,5.0,5.0,5.0,288.0,4.0,0.485915492957746,0.2,0.0,3.0,5.0,3.0,2.0
0.0,14.0,91.0,2.0,0.0,1.0,0.0,3.0,2.0,26.0,0.0,6.0,2.0,2.0,34.0,1.0,2.0,3.0,16.0,0.0,0.0,2.0,2.0,21.0,3.0,2.0,16.0,38.0,14.0,0.89,19.0,30.0,2.0,26.0,6.0,2.0,2.0,0.0,3.0,0.0,3.0,1.0,0.0,0.0,0.0,14.0,8.0,2.0,2.0,1.5,1.0,1.0,0.75,0.0,3.0,3.0,3.0,183.0,1.0,0.934065934065934,0.333333333333333,0.0,2.0,3.0,1.0,0.0
0.0,4.0,49.0,1.0,0.0,1.0,1.0,2.0,1.0,7.0,0.0,3.0,1.0,2.0,27.0,1.0,2.0,2.0,8.0,0.0,1.0,1.0,2.0,4.0,2.0,2.0,8.0,17.0,3.0,1.59,5.0,11.0,1.0,8.0,0.0,2.0,1.0,50.0,5.0,0.0,1.0,1.0,2.0,2.0,2.0,4.0,2.5,1.0,1.0,1.0,1.0,0.0,0.0,0.0,3.0,3.0,3.0,99.0,1.0,0.938775510204082,0.333333333333333,0.0,2.0,3.0,0.0,1.0
0.0,18.0,147.0,2.0,0.0,1.0,0.0,6.0,1.0,21.0,0.0,2.0,1.0,5.0,30.0,1.0,5.0,6.0,22.0,2.0,1.0,2.0,3.0,72.0,6.0,5.0,21.0,102.0,50.0,0.29,15.0,71.0,2.0,64.0,1.0,5.0,1.0,0.0,2.0,0.0,14.0,1.0,1.0,0.8,0.0,23.0,8.4,1.0,2.0,1.2,1.0,1.0,0.428571428571429,0.0,3.0,3.0,3.0,297.0,3.0,0.428571428571429,0.333333333333333,0.0,5.0,3.0,1.0,0.0
0.0,4.0,38.0,1.0,0.0,1.0,1.0,1.0,1.0,9.0,0.0,5.0,1.0,1.0,25.0,1.0,1.0,1.0,5.0,0.0,0.0,1.0,1.0,2.0,1.0,1.0,5.0,10.0,1.0,2.5,3.0,6.0,1.0,4.0,0.0,1.0,1.0,100.0,6.0,2.0,0.0,1.0,3.0,3.0,3.0,2.0,2.0,2.0,1.0,1.0,1.0,0.0,0.0,0.0,2.0,2.0,2.0,76.0,0.0,0.605263157894737,0.5,0.0,3.0,2.0,0.0,0.0
0.0,4.0,44.0,1.0,0.0,1.0,0.0,2.0,1.0,8.0,0.0,4.0,1.0,2.0,28.0,1.0,2.0,2.0,5.0,0.0,0.0,1.0,2.0,2.0,2.0,2.0,5.0,13.0,2.0,2.15,3.0,7.0,1.0,4.0,0.0,2.0,1.0,0.0,3.0,0.0,2.0,1.0,1.0,1.0,1.0,2.0,1.5,1.0,1.0,1.0,1.0,0.0,0.0,0.0,2.0,2.0,2.0,88.0,0.0,0.659090909090909,0.5,0.0,2.0,2.0,1.0,0.0
0.0,0.0,29.0,0.0,0.0,0.0,1.0,0.0,0.0,0.0,0.0,0.0,0.0,0.0,20.0,1.0,0.0,0.0,4.0,0.0,0.0,0.0,0.0,1.0,0.0,0.0,4.0,6.0,0.0,3.33,3.0,4.0,0.0,3.0,0.0,0.0,0.0,0.0,5.0,2.0,0.0,1.0,0.0,0.0,0.0,0.0,0.0,0.0,0.0,0.0,0.0,1.0,0.333333333333333,0.0,3.0,3.0,2.0,59.0,1.0,0.551724137931034,0.666666666666667,0.0,3.0,2.0,0.0,0.0
0.0,4.0,34.0,1.0,0.0,1.0,1.0,1.0,1.0,7.0,0.0,3.0,1.0,1.0,23.0,1.0,1.0,1.0,4.0,0.0,0.0,1.0,1.0,2.0,1.0,1.0,4.0,9.0,1.0,2.56,2.0,5.0,1.0,3.0,0.0,1.0,1.0,100.0,6.0,0.0,1.0,1.0,0.0,0.0,0.0,3.0,3.0,3.0,1.0,1.0,1.0,0.0,0.0,0.0,3.0,3.0,2.0,69.0,1.0,0.470588235294118,0.666666666666667,0.0,3.0,2.0,0.0,0.0
0.0,4.0,34.0,1.0,0.0,1.0,1.0,1.0,1.0,7.0,0.0,3.0,1.0,1.0,23.0,1.0,1.0,1.0,4.0,0.0,0.0,1.0,1.0,2.0,1.0,1.0,4.0,9.0,1.0,2.56,2.0,5.0,1.0,3.0,0.0,1.0,1.0,100.0,6.0,0.0,1.0,1.0,0.0,0.0,0.0,3.0,3.0,3.0,1.0,1.0,1.0,0.0,0.0,0.0,3.0,3.0,2.0,69.0,1.0,0.558823529411765,0.666666666666667,0.0,3.0,2.0,0.0,0.0
0.0,7.0,110.0,2.0,0.0,1.0,0.0,9.0,1.0,10.0,0.0,3.0,1.0,8.0,44.0,2.0,8.0,9.0,16.0,2.0,0.0,2.0,6.0,16.0,9.0,8.0,20.0,55.0,10.0,0.8,11.0,30.0,2.0,20.0,0.0,8.0,1.0,0.0,3.0,0.0,7.0,2.0,1.0,0.875,0.0,3.0,1.75,0.0,2.0,1.125,1.0,1.0,0.272727272727273,0.0,7.0,7.0,4.0,227.0,4.0,0.6,0.428571428571429,0.0,4.0,4.0,2.0,0.0
0.0,4.0,41.0,1.0,0.0,1.0,1.0,1.0,1.0,10.0,0.0,6.0,1.0,1.0,28.0,1.0,1.0,1.0,5.0,0.0,0.0,1.0,1.0,2.0,1.0,1.0,5.0,10.0,1.0,2.8,3.0,6.0,1.0,4.0,0.0,1.0,1.0,100.0,6.0,0.0,0.0,1.0,2.0,2.0,2.0,2.0,2.0,2.0,1.0,1.0,1.0,0.0,0.0,0.0,3.0,3.0,2.0,83.0,1.0,0.536585365853659,0.666666666666667,0.0,3.0,2.0,0.0,0.0
0.0,4.0,41.0,1.0,0.0,1.0,1.0,1.0,1.0,10.0,0.0,6.0,1.0,1.0,28.0,1.0,1.0,1.0,5.0,0.0,0.0,1.0,1.0,2.0,1.0,1.0,5.0,10.0,1.0,2.8,3.0,6.0,1.0,4.0,0.0,1.0,1.0,100.0,6.0,0.0,0.0,1.0,2.0,2.0,2.0,2.0,2.0,2.0,1.0,1.0,1.0,0.0,0.0,0.0,3.0,3.0,2.0,83.0,1.0,0.609756097560976,0.666666666666667,0.0,3.0,2.0,0.0,0.0
0.0,5.0,37.0,1.0,0.0,1.0,1.0,1.0,1.0,8.0,0.0,3.0,1.0,1.0,23.0,1.0,1.0,1.0,5.0,0.0,0.0,1.0,1.0,3.0,1.0,1.0,5.0,11.0,2.0,2.09,3.0,7.0,1.0,5.0,0.0,1.0,1.0,100.0,5.0,0.0,2.0,1.0,0.0,0.0,0.0,4.0,4.0,4.0,1.0,1.0,1.0,0.0,0.0,0.0,2.0,2.0,2.0,74.0,0.0,0.594594594594595,0.5,0.0,3.0,2.0,0.0,0.0
0.0,4.0,36.0,1.0,0.0,1.0,1.0,1.0,1.0,9.0,0.0,5.0,1.0,1.0,25.0,1.0,1.0,1.0,4.0,0.0,0.0,1.0,1.0,2.0,1.0,1.0,4.0,9.0,1.0,2.78,2.0,5.0,1.0,3.0,0.0,1.0,1.0,100.0,7.0,0.0,0.0,1.0,2.0,2.0,2.0,2.0,2.0,2.0,1.0,1.0,1.0,0.0,0.0,0.0,2.0,2.0,2.0,72.0,0.0,0.611111111111111,0.5,0.0,2.0,2.0,1.0,0.0
0.0,4.0,36.0,1.0,0.0,1.0,1.0,1.0,1.0,9.0,0.0,5.0,1.0,1.0,25.0,1.0,1.0,1.0,4.0,0.0,0.0,1.0,1.0,2.0,1.0,1.0,4.0,9.0,1.0,2.78,2.0,5.0,1.0,3.0,0.0,1.0,1.0,100.0,7.0,0.0,0.0,1.0,2.0,2.0,2.0,2.0,2.0,2.0,1.0,1.0,1.0,0.0,0.0,0.0,2.0,2.0,2.0,72.0,0.0,0.611111111111111,0.5,0.0,2.0,2.0,1.0,0.0
0.0,4.0,44.0,1.0,0.0,1.0,0.0,2.0,1.0,8.0,0.0,4.0,1.0,2.0,28.0,1.0,2.0,2.0,5.0,0.0,0.0,1.0,2.0,2.0,2.0,2.0,5.0,13.0,2.0,2.15,3.0,7.0,1.0,4.0,0.0,2.0,1.0,0.0,3.0,0.0,2.0,1.0,1.0,1.0,1.0,2.0,1.5,1.0,1.0,1.0,1.0,0.0,0.0,0.0,2.0,2.0,2.0,88.0,0.0,0.659090909090909,0.5,0.0,2.0,2.0,1.0,0.0
0.0,4.0,36.0,1.0,0.0,1.0,1.0,1.0,1.0,7.0,0.0,3.0,1.0,1.0,23.0,1.0,1.0,1.0,5.0,0.0,0.0,1.0,1.0,2.0,1.0,1.0,5.0,10.0,1.0,2.3,3.0,6.0,1.0,4.0,0.0,1.0,1.0,100.0,6.0,1.0,0.0,1.0,0.0,0.0,0.0,2.0,2.0,2.0,1.0,1.0,1.0,0.0,0.0,0.0,2.0,2.0,2.0,72.0,0.0,0.583333333333333,0.5,0.0,3.0,2.0,0.0,0.0
0.0,3.0,33.0,1.0,0.0,1.0,1.0,1.0,1.0,6.0,0.0,3.0,1.0,1.0,23.0,1.0,1.0,1.0,4.0,0.0,0.0,1.0,1.0,1.0,1.0,1.0,4.0,8.0,0.0,2.88,2.0,4.0,1.0,2.0,0.0,1.0,1.0,100.0,7.0,0.0,0.0,1.0,1.0,1.0,1.0,1.0,1.0,1.0,1.0,1.0,1.0,0.0,0.0,0.0,2.0,2.0,2.0,66.0,0.0,0.575757575757576,0.5,0.0,2.0,2.0,1.0,0.0
0.0,4.0,36.0,1.0,0.0,1.0,1.0,1.0,1.0,7.0,0.0,3.0,1.0,1.0,23.0,1.0,1.0,1.0,5.0,0.0,0.0,1.0,1.0,2.0,1.0,1.0,5.0,10.0,1.0,2.3,3.0,6.0,1.0,4.0,0.0,1.0,1.0,100.0,5.0,0.0,1.0,1.0,0.0,0.0,0.0,3.0,3.0,3.0,1.0,1.0,1.0,0.0,0.0,0.0,2.0,2.0,2.0,72.0,0.0,0.583333333333333,0.5,0.0,3.0,2.0,0.0,0.0
0.0,4.0,53.0,1.0,0.0,1.0,0.0,3.0,1.0,8.0,0.0,4.0,1.0,3.0,32.0,1.0,3.0,3.0,6.0,0.0,0.0,1.0,3.0,3.0,3.0,3.0,6.0,17.0,3.0,1.88,4.0,9.0,1.0,5.0,0.0,3.0,1.0,0.0,3.0,0.0,3.0,1.0,1.0,1.0,1.0,2.0,1.33333333333333,1.0,1.0,1.0,1.0,0.0,0.0,0.0,2.0,2.0,2.0,106.0,0.0,0.716981132075472,0.5,0.0,2.0,2.0,1.0,0.0
0.0,3.0,35.0,1.0,0.0,1.0,1.0,1.0,1.0,6.0,0.0,3.0,1.0,1.0,23.0,1.0,1.0,1.0,5.0,0.0,0.0,1.0,1.0,1.0,1.0,1.0,5.0,9.0,0.0,2.56,3.0,5.0,1.0,3.0,0.0,1.0,1.0,100.0,5.0,1.0,0.0,1.0,0.0,0.0,0.0,1.0,1.0,1.0,1.0,1.0,1.0,0.0,0.0,0.0,2.0,2.0,2.0,70.0,0.0,0.571428571428571,0.5,0.0,3.0,2.0,0.0,0.0
0.0,3.0,33.0,1.0,0.0,1.0,1.0,1.0,1.0,6.0,0.0,3.0,1.0,1.0,23.0,1.0,1.0,1.0,4.0,0.0,0.0,1.0,1.0,1.0,1.0,1.0,4.0,8.0,0.0,2.88,2.0,4.0,1.0,2.0,0.0,1.0,1.0,100.0,6.0,1.0,0.0,1.0,0.0,0.0,0.0,1.0,1.0,1.0,1.0,1.0,1.0,0.0,0.0,0.0,2.0,2.0,2.0,66.0,0.0,0.575757575757576,0.5,0.0,2.0,2.0,1.0,0.0
0.0,3.0,33.0,1.0,0.0,1.0,1.0,1.0,1.0,6.0,0.0,3.0,1.0,1.0,23.0,1.0,1.0,1.0,4.0,0.0,0.0,1.0,1.0,1.0,1.0,1.0,4.0,8.0,0.0,2.88,2.0,4.0,1.0,2.0,0.0,1.0,1.0,100.0,7.0,0.0,0.0,1.0,0.0,0.0,0.0,1.0,1.0,1.0,1.0,1.0,1.0,0.0,0.0,0.0,2.0,2.0,2.0,66.0,0.0,0.575757575757576,0.5,0.0,2.0,2.0,1.0,0.0
0.0,5.0,47.0,1.0,0.0,1.0,0.0,2.0,1.0,9.0,0.0,4.0,1.0,2.0,28.0,1.0,2.0,2.0,6.0,0.0,0.0,1.0,2.0,4.0,2.0,2.0,6.0,15.0,3.0,1.87,4.0,9.0,1.0,6.0,0.0,2.0,1.0,0.0,3.0,0.0,4.0,1.0,2.0,1.5,1.0,4.0,3.0,2.0,1.0,1.0,1.0,0.0,0.0,0.0,2.0,2.0,2.0,94.0,0.0,0.659574468085106,0.5,0.0,2.0,2.0,2.0,0.0
0.0,4.0,38.0,1.0,0.0,1.0,1.0,1.0,1.0,9.0,0.0,5.0,1.0,1.0,25.0,1.0,1.0,1.0,5.0,0.0,0.0,1.0,1.0,2.0,1.0,1.0,5.0,10.0,1.0,2.5,3.0,6.0,1.0,4.0,0.0,1.0,1.0,100.0,6.0,0.0,0.0,1.0,1.0,1.0,1.0,2.0,2.0,2.0,1.0,1.0,1.0,0.0,0.0,0.0,2.0,2.0,2.0,76.0,0.0,0.605263157894737,0.5,0.0,3.0,2.0,0.0,0.0
0.0,4.0,38.0,1.0,0.0,1.0,1.0,1.0,1.0,9.0,0.0,5.0,1.0,1.0,25.0,1.0,1.0,1.0,5.0,0.0,0.0,1.0,1.0,2.0,1.0,1.0,5.0,10.0,1.0,2.5,3.0,6.0,1.0,4.0,0.0,1.0,1.0,100.0,6.0,0.0,0.0,1.0,1.0,1.0,1.0,2.0,2.0,2.0,1.0,1.0,1.0,0.0,0.0,0.0,2.0,2.0,2.0,76.0,0.0,0.605263157894737,0.5,0.0,3.0,2.0,0.0,0.0
0.0,8.0,70.0,2.0,0.0,1.0,2.0,5.0,1.0,10.0,0.0,1.0,1.0,4.0,26.0,2.0,4.0,5.0,13.0,0.0,3.0,2.0,4.0,15.0,5.0,4.0,16.0,36.0,8.0,0.72,8.0,24.0,2.0,19.0,0.0,4.0,1.0,100.0,5.0,0.0,4.0,2.0,4.0,1.5,0.0,4.0,2.5,2.0,1.0,1.0,1.0,0.0,0.0,0.0,2.0,2.0,2.0,140.0,0.0,0.728571428571429,0.5,0.0,3.0,2.0,0.0,0.0
0.0,3.0,35.0,1.0,0.0,1.0,1.0,1.0,1.0,6.0,0.0,3.0,1.0,1.0,23.0,1.0,1.0,1.0,5.0,0.0,0.0,1.0,1.0,1.0,1.0,1.0,5.0,9.0,0.0,2.56,3.0,5.0,1.0,3.0,0.0,1.0,1.0,100.0,5.0,1.0,0.0,1.0,0.0,0.0,0.0,1.0,1.0,1.0,1.0,1.0,1.0,0.0,0.0,0.0,2.0,2.0,2.0,70.0,0.0,0.571428571428571,0.5,0.0,3.0,2.0,0.0,0.0
0.0,4.0,36.0,1.0,0.0,1.0,1.0,1.0,1.0,7.0,0.0,3.0,1.0,1.0,23.0,1.0,1.0,1.0,5.0,0.0,0.0,1.0,1.0,2.0,1.0,1.0,5.0,10.0,1.0,2.3,3.0,6.0,1.0,4.0,0.0,1.0,1.0,100.0,7.0,1.0,1.0,1.0,0.0,0.0,0.0,3.0,3.0,3.0,1.0,1.0,1.0,0.0,0.0,0.0,2.0,2.0,2.0,72.0,0.0,0.583333333333333,0.5,0.0,3.0,2.0,0.0,0.0
0.0,4.0,36.0,1.0,0.0,1.0,1.0,1.0,1.0,7.0,0.0,3.0,1.0,1.0,23.0,1.0,1.0,1.0,5.0,0.0,0.0,1.0,1.0,2.0,1.0,1.0,5.0,10.0,1.0,2.3,3.0,6.0,1.0,4.0,0.0,1.0,1.0,100.0,6.0,1.0,1.0,1.0,0.0,0.0,0.0,3.0,3.0,3.0,1.0,1.0,1.0,0.0,0.0,0.0,2.0,2.0,2.0,72.0,0.0,0.5,0.5,0.0,3.0,2.0,0.0,0.0
0.0,4.0,47.0,1.0,0.0,1.0,0.0,2.0,1.0,8.0,0.0,4.0,1.0,2.0,31.0,1.0,2.0,2.0,5.0,0.0,0.0,1.0,2.0,2.0,2.0,2.0,5.0,13.0,2.0,2.38,3.0,7.0,1.0,4.0,0.0,2.0,1.0,0.0,3.0,0.0,2.0,1.0,1.0,1.0,1.0,2.0,1.5,1.0,1.0,1.0,1.0,0.0,0.0,0.0,3.0,3.0,2.0,95.0,1.0,0.659574468085106,0.666666666666667,0.0,3.0,2.0,0.0,0.0
0.0,3.0,33.0,1.0,0.0,1.0,1.0,1.0,1.0,6.0,0.0,3.0,1.0,1.0,23.0,1.0,1.0,1.0,4.0,0.0,0.0,1.0,1.0,1.0,1.0,1.0,4.0,8.0,0.0,2.88,2.0,4.0,1.0,2.0,0.0,1.0,1.0,100.0,8.0,0.0,0.0,1.0,0.0,0.0,0.0,1.0,1.0,1.0,1.0,1.0,1.0,0.0,0.0,0.0,2.0,2.0,2.0,66.0,0.0,0.484848484848485,0.5,0.0,2.0,2.0,1.0,0.0
0.0,3.0,35.0,1.0,0.0,1.0,1.0,1.0,1.0,6.0,0.0,3.0,1.0,1.0,23.0,1.0,1.0,1.0,5.0,0.0,0.0,1.0,1.0,1.0,1.0,1.0,5.0,9.0,0.0,2.56,3.0,5.0,1.0,3.0,0.0,1.0,1.0,100.0,5.0,1.0,0.0,1.0,0.0,0.0,0.0,1.0,1.0,1.0,1.0,1.0,1.0,0.0,0.0,0.0,2.0,2.0,2.0,70.0,0.0,0.571428571428571,0.5,0.0,3.0,2.0,0.0,0.0
0.0,4.0,36.0,1.0,0.0,1.0,1.0,1.0,1.0,7.0,0.0,3.0,1.0,1.0,23.0,1.0,1.0,1.0,5.0,0.0,0.0,1.0,1.0,2.0,1.0,1.0,5.0,10.0,1.0,2.3,3.0,6.0,1.0,4.0,0.0,1.0,1.0,100.0,7.0,1.0,1.0,1.0,0.0,0.0,0.0,3.0,3.0,3.0,1.0,1.0,1.0,0.0,0.0,0.0,2.0,2.0,2.0,72.0,0.0,0.583333333333333,0.5,0.0,3.0,2.0,0.0,0.0
0.0,4.0,36.0,1.0,0.0,1.0,1.0,1.0,1.0,7.0,0.0,3.0,1.0,1.0,23.0,1.0,1.0,1.0,5.0,0.0,0.0,1.0,1.0,2.0,1.0,1.0,5.0,10.0,1.0,2.3,3.0,6.0,1.0,4.0,0.0,1.0,1.0,100.0,6.0,1.0,1.0,1.0,0.0,0.0,0.0,3.0,3.0,3.0,1.0,1.0,1.0,0.0,0.0,0.0,2.0,2.0,2.0,72.0,0.0,0.5,0.5,0.0,3.0,2.0,0.0,0.0
0.0,4.0,47.0,1.0,0.0,1.0,0.0,2.0,1.0,8.0,0.0,4.0,1.0,2.0,31.0,1.0,2.0,2.0,5.0,0.0,0.0,1.0,2.0,2.0,2.0,2.0,5.0,13.0,2.0,2.38,3.0,7.0,1.0,4.0,0.0,2.0,1.0,0.0,3.0,0.0,2.0,1.0,1.0,1.0,1.0,2.0,1.5,1.0,1.0,1.0,1.0,0.0,0.0,0.0,3.0,3.0,2.0,95.0,1.0,0.659574468085106,0.666666666666667,0.0,3.0,2.0,0.0,0.0
0.0,3.0,33.0,1.0,0.0,1.0,1.0,1.0,1.0,6.0,0.0,3.0,1.0,1.0,23.0,1.0,1.0,1.0,4.0,0.0,0.0,1.0,1.0,1.0,1.0,1.0,4.0,8.0,0.0,2.88,2.0,4.0,1.0,2.0,0.0,1.0,1.0,100.0,8.0,0.0,0.0,1.0,0.0,0.0,0.0,1.0,1.0,1.0,1.0,1.0,1.0,0.0,0.0,0.0,2.0,2.0,2.0,66.0,0.0,0.484848484848485,0.5,0.0,2.0,2.0,1.0,0.0
0.0,10.0,103.0,1.0,0.0,1.0,7.0,7.0,1.0,13.0,0.0,1.0,1.0,7.0,30.0,7.0,7.0,7.0,8.0,0.0,0.0,1.0,7.0,32.0,7.0,7.0,20.0,61.0,13.0,0.49,12.0,33.0,1.0,25.0,1.0,7.0,1.0,100.0,5.0,0.0,2.0,2.0,1.0,0.285714285714286,0.0,3.0,2.14285714285714,2.0,1.0,1.0,1.0,0.0,0.0,0.0,1.0,1.0,1.0,103.0,0.0,1.0,1.0,0.0,1.0,1.0,0.0,0.0
0.0,13.0,67.0,1.0,0.0,1.0,0.0,2.0,1.0,20.0,0.0,4.0,1.0,2.0,27.0,1.0,2.0,2.0,5.0,0.0,0.0,1.0,2.0,20.0,2.0,2.0,5.0,31.0,20.0,0.87,9.0,25.0,1.0,22.0,3.0,2.0,1.0,0.0,3.0,0.0,4.0,1.0,2.0,1.5,1.0,3.0,2.5,2.0,1.0,1.0,1.0,0.0,0.0,0.0,1.0,1.0,1.0,67.0,0.0,1.0,1.0,0.0,1.0,1.0,0.0,0.0
0.0,3.0,43.0,1.0,0.0,1.0,0.0,2.0,1.0,6.0,0.0,3.0,1.0,2.0,27.0,1.0,2.0,2.0,5.0,0.0,0.0,1.0,2.0,1.0,2.0,2.0,5.0,12.0,1.0,2.25,4.0,6.0,1.0,3.0,0.0,2.0,1.0,0.0,3.0,0.0,2.0,1.0,1.0,0.5,0.0,1.0,1.0,1.0,1.0,1.0,1.0,0.0,0.0,0.0,1.0,1.0,1.0,43.0,0.0,1.0,1.0,0.0,1.0,1.0,0.0,0.0
0.0,8.0,66.0,2.0,0.0,1.0,2.0,4.0,1.0,11.0,0.0,2.0,1.0,3.0,28.0,2.0,3.0,4.0,13.0,1.0,1.0,2.0,2.0,11.0,4.0,3.0,14.0,32.0,6.0,0.88,6.0,20.0,2.0,15.0,0.0,3.0,1.0,100.0,5.0,0.0,2.0,2.0,1.0,0.333333333333333,0.0,4.0,2.33333333333333,1.0,2.0,1.33333333333333,1.0,0.0,0.0,0.0,3.0,3.0,3.0,135.0,1.0,0.611940298507463,0.333333333333333,0.0,4.0,3.0,0.0,0.0
0.0,14.0,50.0,1.0,0.0,1.0,1.0,1.0,1.0,17.0,0.0,3.0,1.0,1.0,24.0,1.0,1.0,1.0,8.0,0.0,0.0,1.0,1.0,12.0,1.0,1.0,8.0,22.0,10.0,1.09,4.0,18.0,1.0,16.0,0.0,1.0,1.0,100.0,5.0,0.0,2.0,1.0,0.0,0.0,0.0,5.0,5.0,5.0,1.0,1.0,1.0,0.0,0.0,0.0,3.0,3.0,3.0,150.0,50.0,1.0,0.333333333333333,0.0,1.0,3.0,0.0,0.0
0.0,4.0,59.0,1.0,0.0,1.0,0.0,3.0,1.0,8.0,0.0,4.0,1.0,3.0,32.0,1.0,3.0,3.0,10.0,1.0,0.0,1.0,2.0,4.0,3.0,3.0,10.0,21.0,3.0,1.52,6.0,13.0,1.0,9.0,0.0,3.0,1.0,0.0,3.0,0.0,5.0,1.0,1.0,0.666666666666667,0.0,2.0,1.66666666666667,1.0,1.0,1.0,1.0,0.0,0.0,0.0,3.0,3.0,3.0,177.0,59.0,1.0,0.333333333333333,0.0,1.0,3.0,0.0,0.0
0.0,5.0,51.0,1.0,0.0,1.0,0.0,2.0,1.0,11.0,0.0,5.0,1.0,2.0,31.0,1.0,2.0,2.0,6.0,0.0,0.0,1.0,2.0,5.0,2.0,2.0,6.0,16.0,3.0,1.94,4.0,9.0,1.0,6.0,0.0,2.0,1.0,0.0,3.0,0.0,3.0,1.0,3.0,2.0,1.0,3.0,2.5,2.0,1.0,1.0,1.0,0.0,0.0,0.0,2.0,2.0,2.0,102.0,0.0,0.607843137254902,0.5,0.0,3.0,2.0,2.0,0.0
0.0,6.0,44.0,1.0,0.0,1.0,1.0,1.0,1.0,9.0,0.0,3.0,1.0,1.0,24.0,1.0,1.0,1.0,7.0,0.0,0.0,1.0,1.0,4.0,1.0,1.0,7.0,14.0,3.0,1.71,6.0,10.0,1.0,8.0,0.0,1.0,1.0,100.0,5.0,0.0,2.0,1.0,1.0,1.0,1.0,6.0,6.0,6.0,1.0,1.0,1.0,0.0,0.0,0.0,2.0,2.0,2.0,88.0,0.0,0.545454545454545,0.5,0.0,4.0,2.0,0.0,0.0
0.0,6.0,44.0,1.0,0.0,1.0,1.0,1.0,1.0,9.0,0.0,3.0,1.0,1.0,24.0,1.0,1.0,1.0,7.0,0.0,0.0,1.0,1.0,4.0,1.0,1.0,7.0,14.0,3.0,1.71,6.0,10.0,1.0,8.0,0.0,1.0,1.0,100.0,5.0,0.0,2.0,1.0,1.0,1.0,1.0,6.0,6.0,6.0,1.0,1.0,1.0,0.0,0.0,0.0,2.0,2.0,2.0,88.0,0.0,0.545454545454545,0.5,0.0,4.0,2.0,0.0,0.0
0.0,3.0,38.0,1.0,0.0,1.0,1.0,1.0,1.0,7.0,0.0,4.0,1.0,1.0,25.0,1.0,1.0,1.0,5.0,0.0,0.0,1.0,1.0,1.0,1.0,1.0,5.0,9.0,0.0,2.78,4.0,5.0,1.0,3.0,0.0,1.0,1.0,100.0,5.0,0.0,0.0,1.0,0.0,0.0,0.0,1.0,1.0,1.0,1.0,1.0,1.0,0.0,0.0,0.0,2.0,2.0,2.0,76.0,0.0,0.631578947368421,0.5,0.0,4.0,2.0,0.0,0.0
0.0,3.0,38.0,1.0,0.0,1.0,1.0,1.0,1.0,6.0,0.0,3.0,1.0,1.0,24.0,1.0,1.0,1.0,5.0,0.0,0.0,1.0,1.0,1.0,1.0,1.0,5.0,9.0,0.0,2.67,5.0,5.0,1.0,3.0,0.0,1.0,1.0,100.0,5.0,0.0,0.0,1.0,0.0,0.0,0.0,1.0,1.0,1.0,1.0,1.0,1.0,0.0,0.0,0.0,2.0,2.0,2.0,76.0,0.0,0.473684210526316,0.5,0.0,4.0,2.0,0.0,0.0
0.0,5.0,76.0,1.0,0.0,1.0,0.0,5.0,1.0,8.0,0.0,3.0,1.0,5.0,39.0,1.0,5.0,5.0,8.0,0.0,0.0,1.0,5.0,10.0,5.0,5.0,8.0,30.0,10.0,1.3,7.0,18.0,1.0,12.0,0.0,5.0,1.0,0.0,3.0,0.0,8.0,1.0,2.0,1.8,1.0,5.0,3.8,2.0,1.0,1.0,1.0,0.0,0.0,0.0,3.0,3.0,3.0,156.0,2.0,0.552631578947368,0.333333333333333,0.0,3.0,3.0,1.0,0.0
0.0,4.0,35.0,1.0,0.0,1.0,1.0,1.0,1.0,7.0,0.0,3.0,1.0,1.0,22.0,1.0,1.0,1.0,5.0,0.0,0.0,1.0,1.0,2.0,1.0,1.0,5.0,9.0,1.0,2.44,4.0,6.0,1.0,4.0,0.0,1.0,1.0,100.0,5.0,0.0,1.0,1.0,0.0,0.0,0.0,3.0,3.0,3.0,1.0,1.0,1.0,0.0,0.0,0.0,1.0,1.0,1.0,36.0,0.0,1.0,1.0,0.0,1.0,1.0,0.0,0.0
0.0,6.0,42.0,1.0,0.0,1.0,1.0,1.0,1.0,9.0,0.0,3.0,1.0,1.0,22.0,1.0,1.0,1.0,8.0,0.0,0.0,1.0,1.0,4.0,1.0,1.0,8.0,15.0,3.0,1.47,5.0,11.0,1.0,9.0,0.0,1.0,1.0,100.0,5.0,0.0,4.0,1.0,0.0,0.0,0.0,9.0,9.0,9.0,1.0,1.0,1.0,0.0,0.0,0.0,3.0,3.0,3.0,85.0,1.0,0.5,0.333333333333333,0.0,3.0,3.0,0.0,0.0
0.0,4.0,46.0,1.0,0.0,1.0,0.0,2.0,1.0,8.0,0.0,4.0,1.0,2.0,27.0,1.0,2.0,2.0,5.0,0.0,0.0,1.0,2.0,3.0,2.0,2.0,5.0,14.0,2.0,1.93,5.0,7.0,1.0,4.0,0.0,2.0,1.0,0.0,3.0,0.0,2.0,1.0,1.0,1.0,1.0,2.0,1.5,1.0,1.0,1.0,1.0,0.0,0.0,0.0,2.0,2.0,2.0,92.0,0.0,0.608695652173913,0.5,0.0,2.0,2.0,1.0,0.0
0.0,11.0,112.0,1.0,0.0,1.0,0.0,4.0,1.0,19.0,0.0,3.0,1.0,4.0,33.0,1.0,4.0,4.0,19.0,0.0,0.0,1.0,4.0,34.0,4.0,4.0,19.0,54.0,25.0,0.61,25.0,44.0,1.0,39.0,4.0,4.0,1.0,0.0,3.0,0.0,12.0,1.0,2.0,1.75,1.0,12.0,8.5,2.0,1.0,1.0,1.0,0.0,0.0,0.0,2.0,2.0,1.0,112.0,0.0,1.0,1.0,0.0,1.0,1.0,0.0,0.0
0.0,4.0,37.0,1.0,0.0,1.0,1.0,1.0,1.0,7.0,0.0,3.0,1.0,1.0,22.0,1.0,1.0,1.0,6.0,0.0,0.0,1.0,1.0,2.0,1.0,1.0,6.0,11.0,1.0,2.0,4.0,7.0,1.0,5.0,0.0,1.0,1.0,100.0,5.0,0.0,2.0,1.0,1.0,1.0,1.0,3.0,3.0,3.0,1.0,1.0,1.0,0.0,0.0,0.0,1.0,1.0,1.0,37.0,0.0,1.0,1.0,0.0,1.0,1.0,0.0,0.0
0.0,5.0,62.0,2.0,0.0,1.0,3.0,3.0,2.0,7.0,0.0,1.0,2.0,2.0,29.0,2.0,2.0,3.0,12.0,0.0,0.0,2.0,2.0,6.0,3.0,2.0,12.0,25.0,3.0,1.16,8.0,15.0,2.0,10.0,0.0,2.0,2.0,100.0,5.0,0.0,4.0,1.0,2.0,1.5,1.0,3.0,2.5,2.0,2.0,1.5,1.0,1.0,0.6,0.0,1.0,1.0,1.0,62.0,0.0,1.0,1.0,0.0,1.0,1.0,0.0,0.0
0.0,7.0,80.0,1.0,0.0,1.0,2.0,4.0,1.0,10.0,0.0,3.0,1.0,4.0,35.0,1.0,4.0,4.0,12.0,0.0,0.0,1.0,4.0,18.0,4.0,4.0,12.0,38.0,15.0,0.92,7.0,27.0,1.0,22.0,0.0,4.0,1.0,75.0,3.0,0.0,6.0,1.0,5.0,3.25,1.0,9.0,6.75,2.0,1.0,1.0,1.0,0.0,0.0,0.0,4.0,4.0,3.0,170.0,10.0,0.575,0.5,0.0,4.0,3.0,0.0,0.0
0.0,12.0,58.0,1.0,0.0,1.0,5.0,1.0,1.0,19.0,0.0,5.0,1.0,1.0,24.0,1.0,1.0,1.0,16.0,0.0,0.0,1.0,1.0,14.0,1.0,1.0,16.0,25.0,5.0,0.96,9.0,21.0,1.0,19.0,2.0,1.0,1.0,19.0,5.0,0.0,1.0,1.0,4.0,4.0,4.0,6.0,6.0,6.0,1.0,1.0,1.0,0.0,0.0,0.0,3.0,3.0,3.0,117.0,1.0,0.741379310344828,0.333333333333333,0.0,3.0,3.0,0.0,0.0
0.0,5.0,40.0,1.0,0.0,1.0,1.0,1.0,1.0,8.0,0.0,3.0,1.0,1.0,24.0,1.0,1.0,1.0,6.0,0.0,0.0,1.0,1.0,3.0,1.0,1.0,6.0,12.0,2.0,2.0,4.0,8.0,1.0,6.0,0.0,1.0,1.0,100.0,5.0,1.0,1.0,1.0,0.0,0.0,0.0,3.0,3.0,3.0,1.0,1.0,1.0,0.0,0.0,0.0,2.0,2.0,2.0,80.0,0.0,0.525,0.5,0.0,4.0,2.0,1.0,0.0
0.0,3.0,37.0,1.0,0.0,1.0,1.0,1.0,1.0,8.0,0.0,4.0,1.0,1.0,25.0,1.0,1.0,1.0,4.0,0.0,0.0,1.0,1.0,1.0,1.0,1.0,4.0,8.0,0.0,3.12,4.0,4.0,1.0,2.0,1.0,1.0,1.0,100.0,6.0,0.0,0.0,1.0,0.0,0.0,0.0,1.0,1.0,1.0,1.0,1.0,1.0,0.0,0.0,0.0,2.0,2.0,2.0,74.0,0.0,0.594594594594595,0.5,0.0,4.0,2.0,1.0,0.0
0.0,5.0,41.0,1.0,0.0,1.0,1.0,1.0,1.0,9.0,0.0,4.0,1.0,1.0,25.0,1.0,1.0,1.0,6.0,0.0,0.0,1.0,1.0,3.0,1.0,1.0,6.0,12.0,2.0,2.08,4.0,8.0,1.0,6.0,0.0,1.0,1.0,100.0,5.0,0.0,1.0,1.0,0.0,0.0,0.0,4.0,4.0,4.0,1.0,1.0,1.0,0.0,0.0,0.0,2.0,2.0,2.0,82.0,0.0,0.536585365853659,0.5,0.0,4.0,2.0,1.0,0.0
0.0,4.0,82.0,1.0,0.0,1.0,0.0,5.0,1.0,9.0,0.0,5.0,1.0,5.0,48.0,1.0,5.0,5.0,8.0,0.0,0.0,1.0,5.0,8.0,5.0,5.0,8.0,28.0,8.0,1.71,6.0,16.0,1.0,10.0,0.0,5.0,1.0,0.0,3.0,0.0,7.0,1.0,2.0,1.6,1.0,4.0,3.0,1.0,1.0,1.0,1.0,0.0,0.0,0.0,3.0,3.0,3.0,168.0,2.0,0.792682926829268,0.333333333333333,0.0,3.0,3.0,1.0,0.0
0.0,29.0,113.0,3.0,0.0,1.0,0.0,4.0,2.0,38.0,0.0,4.0,2.0,2.0,27.0,1.0,2.0,4.0,23.0,0.0,0.0,3.0,2.0,45.0,4.0,2.0,21.0,71.0,26.0,0.38,15.0,47.0,3.0,42.0,5.0,2.0,2.0,0.0,3.0,0.0,15.0,1.0,2.0,1.5,1.0,23.0,12.5,2.0,4.0,2.5,1.0,1.0,0.75,0.0,6.0,6.0,5.0,233.0,7.0,0.761061946902655,0.333333333333333,0.0,3.0,5.0,0.0,1.0
0.0,3.0,38.0,1.0,0.0,1.0,1.0,1.0,1.0,7.0,0.0,4.0,1.0,1.0,25.0,1.0,1.0,1.0,5.0,0.0,0.0,1.0,1.0,1.0,1.0,1.0,5.0,9.0,0.0,2.78,4.0,5.0,1.0,3.0,0.0,1.0,1.0,100.0,5.0,0.0,0.0,1.0,0.0,0.0,0.0,1.0,1.0,1.0,1.0,1.0,1.0,0.0,0.0,0.0,2.0,2.0,2.0,76.0,0.0,0.578947368421053,0.5,0.0,4.0,2.0,1.0,0.0
0.0,3.0,38.0,1.0,0.0,1.0,1.0,1.0,1.0,7.0,0.0,4.0,1.0,1.0,25.0,1.0,1.0,1.0,5.0,0.0,0.0,1.0,1.0,1.0,1.0,1.0,5.0,9.0,0.0,2.78,4.0,5.0,1.0,3.0,0.0,1.0,1.0,100.0,5.0,0.0,0.0,1.0,0.0,0.0,0.0,1.0,1.0,1.0,1.0,1.0,1.0,0.0,0.0,0.0,2.0,2.0,2.0,76.0,0.0,0.631578947368421,0.5,0.0,4.0,2.0,1.0,0.0
0.0,3.0,47.0,1.0,0.0,1.0,1.0,2.0,1.0,7.0,0.0,4.0,1.0,2.0,29.0,1.0,2.0,2.0,6.0,0.0,0.0,1.0,2.0,2.0,2.0,2.0,6.0,13.0,1.0,2.23,5.0,7.0,1.0,4.0,0.0,2.0,1.0,100.0,5.0,0.0,0.0,1.0,0.0,0.0,0.0,1.0,1.0,1.0,1.0,1.0,1.0,0.0,0.0,0.0,2.0,2.0,2.0,94.0,0.0,0.680851063829787,0.5,0.0,3.0,2.0,2.0,0.0
0.0,17.0,71.0,1.0,0.0,1.0,2.0,2.0,1.0,20.0,0.0,2.0,1.0,2.0,23.0,2.0,2.0,2.0,17.0,1.0,0.0,1.0,1.0,23.0,2.0,2.0,16.0,39.0,13.0,0.59,9.0,29.0,1.0,26.0,1.0,2.0,1.0,100.0,5.0,0.0,2.0,2.0,1.0,0.5,0.0,5.0,4.0,3.0,1.0,1.0,1.0,0.0,0.0,0.0,3.0,3.0,3.0,144.0,2.0,0.71830985915493,0.333333333333333,0.0,3.0,3.0,2.0,0.0
0.0,6.0,54.0,1.0,0.0,1.0,0.0,2.0,1.0,11.0,0.0,4.0,1.0,2.0,27.0,1.0,2.0,2.0,9.0,0.0,0.0,1.0,2.0,7.0,2.0,2.0,9.0,20.0,5.0,1.35,7.0,14.0,1.0,11.0,1.0,2.0,1.0,0.0,3.0,0.0,6.0,1.0,2.0,1.5,1.0,4.0,3.0,2.0,1.0,1.0,1.0,0.0,0.0,0.0,2.0,2.0,2.0,108.0,0.0,0.648148148148148,0.5,0.0,4.0,2.0,2.0,0.0
1.0,12.0,121.0,2.0,0.0,1.0,2.0,6.0,1.0,19.0,0.0,4.0,1.0,5.0,40.0,3.0,5.0,6.0,11.0,2.0,0.0,2.0,2.0,39.0,6.0,5.0,16.0,63.0,31.0,0.63,18.0,47.0,2.0,40.0,2.0,5.0,1.0,100.0,2.0,0.0,3.0,2.0,3.0,0.6,0.0,9.0,3.8,0.0,2.0,1.2,1.0,0.0,0.0,0.0,4.0,4.0,4.0,251.0,4.0,0.818181818181818,0.25,0.0,3.0,4.0,1.0,0.0
0.0,11.0,74.0,1.0,0.0,1.0,2.0,3.0,1.0,14.0,0.0,2.0,1.0,3.0,27.0,2.0,3.0,3.0,14.0,1.0,0.0,1.0,2.0,19.0,3.0,3.0,15.0,38.0,13.0,0.71,9.0,28.0,1.0,24.0,1.0,3.0,1.0,100.0,5.0,0.0,2.0,2.0,1.0,0.333333333333333,0.0,5.0,3.0,1.0,1.0,1.0,1.0,0.0,0.0,0.0,3.0,3.0,3.0,150.0,2.0,0.72972972972973,0.333333333333333,0.0,3.0,3.0,2.0,0.0
0.0,40.0,204.0,1.0,0.0,1.0,0.0,3.0,1.0,56.0,0.0,4.0,1.0,3.0,31.0,1.0,3.0,3.0,15.0,0.0,0.0,1.0,3.0,111.0,3.0,3.0,15.0,129.0,106.0,0.24,44.0,121.0,1.0,117.0,12.0,3.0,1.0,0.0,2.0,0.0,9.0,1.0,1.0,0.666666666666667,0.0,18.0,6.66666666666667,1.0,1.0,1.0,1.0,0.0,0.0,0.0,4.0,4.0,4.0,409.0,2.0,0.637254901960784,0.25,0.0,2.0,4.0,5.0,0.0
0.0,17.0,104.0,2.0,0.0,1.0,3.0,5.0,1.0,21.0,0.0,3.0,1.0,4.0,31.0,3.0,4.0,5.0,21.0,1.0,0.0,2.0,3.0,36.0,5.0,4.0,23.0,62.0,23.0,0.5,12.0,46.0,2.0,40.0,1.0,4.0,1.0,100.0,5.0,0.0,3.0,2.0,1.0,0.5,0.0,5.0,3.0,1.0,2.0,1.25,1.0,1.0,0.375,0.0,3.0,3.0,3.0,210.0,2.0,0.855769230769231,0.333333333333333,0.0,2.0,3.0,2.0,0.0
0.0,36.0,188.0,1.0,0.0,1.0,0.0,3.0,1.0,51.0,0.0,3.0,1.0,3.0,30.0,1.0,3.0,3.0,13.0,0.0,0.0,1.0,3.0,100.0,3.0,3.0,13.0,117.0,96.0,0.26,41.0,109.0,1.0,105.0,11.0,3.0,1.0,0.0,2.0,0.0,9.0,1.0,1.0,0.666666666666667,0.0,16.0,6.0,1.0,1.0,1.0,1.0,0.0,0.0,0.0,3.0,3.0,3.0,378.0,2.0,0.882978723404255,0.333333333333333,0.0,1.0,3.0,5.0,0.0
0.0,16.0,103.0,2.0,0.0,1.0,3.0,5.0,1.0,21.0,0.0,3.0,1.0,4.0,30.0,3.0,4.0,5.0,18.0,2.0,0.0,2.0,2.0,34.0,5.0,4.0,21.0,61.0,24.0,0.49,12.0,45.0,2.0,39.0,1.0,4.0,1.0,100.0,5.0,0.0,3.0,2.0,1.0,0.5,0.0,6.0,3.5,1.0,2.0,1.25,1.0,1.0,0.375,0.0,3.0,3.0,3.0,208.0,2.0,0.621359223300971,0.333333333333333,0.0,4.0,3.0,1.0,0.0
0.0,36.0,186.0,1.0,0.0,1.0,0.0,3.0,1.0,51.0,0.0,3.0,1.0,3.0,30.0,1.0,3.0,3.0,13.0,0.0,0.0,1.0,3.0,99.0,3.0,3.0,13.0,116.0,95.0,0.26,40.0,108.0,1.0,104.0,11.0,3.0,1.0,0.0,2.0,0.0,9.0,1.0,1.0,0.666666666666667,0.0,15.0,5.66666666666667,1.0,1.0,1.0,1.0,0.0,0.0,0.0,3.0,3.0,3.0,374.0,2.0,0.903225806451613,0.333333333333333,0.0,1.0,3.0,5.0,0.0
0.0,12.0,61.0,1.0,0.0,1.0,2.0,2.0,1.0,15.0,0.0,2.0,1.0,2.0,23.0,2.0,2.0,2.0,14.0,1.0,0.0,1.0,1.0,14.0,2.0,2.0,15.0,30.0,7.0,0.77,8.0,22.0,1.0,19.0,1.0,2.0,1.0,100.0,5.0,0.0,2.0,2.0,1.0,0.5,0.0,5.0,4.0,3.0,1.0,1.0,1.0,0.0,0.0,0.0,3.0,3.0,3.0,124.0,2.0,0.688524590163934,0.333333333333333,0.0,3.0,3.0,2.0,0.0
1.0,12.0,111.0,1.0,0.0,1.0,0.0,4.0,1.0,18.0,0.0,4.0,1.0,4.0,36.0,1.0,4.0,4.0,24.0,0.0,0.0,1.0,3.0,38.0,4.0,4.0,24.0,61.0,22.0,0.59,14.0,46.0,1.0,41.0,1.0,4.0,1.0,0.0,2.0,0.0,12.0,1.0,2.0,1.0,0.0,15.0,6.0,1.0,1.0,1.0,1.0,0.0,0.0,0.0,3.0,3.0,3.0,224.0,2.0,0.792792792792793,0.333333333333333,0.0,3.0,3.0,4.0,0.0
0.0,11.0,56.0,1.0,0.0,1.0,2.0,2.0,1.0,13.0,0.0,2.0,1.0,2.0,23.0,2.0,2.0,2.0,10.0,1.0,0.0,1.0,1.0,12.0,2.0,2.0,12.0,26.0,6.0,0.88,7.0,18.0,1.0,15.0,0.0,2.0,1.0,100.0,5.0,0.0,2.0,2.0,1.0,0.5,0.0,4.0,3.5,3.0,1.0,1.0,1.0,0.0,0.0,0.0,3.0,3.0,3.0,114.0,2.0,0.696428571428571,0.333333333333333,0.0,3.0,3.0,2.0,0.0
0.0,11.0,56.0,1.0,0.0,1.0,2.0,2.0,1.0,13.0,0.0,2.0,1.0,2.0,23.0,2.0,2.0,2.0,10.0,1.0,0.0,1.0,1.0,12.0,2.0,2.0,12.0,26.0,6.0,0.88,7.0,18.0,1.0,15.0,0.0,2.0,1.0,100.0,5.0,0.0,2.0,2.0,1.0,0.5,0.0,4.0,3.5,3.0,1.0,1.0,1.0,0.0,0.0,0.0,3.0,3.0,3.0,114.0,2.0,0.696428571428571,0.333333333333333,0.0,3.0,3.0,2.0,0.0
0.0,15.0,100.0,1.0,0.0,1.0,0.0,3.0,1.0,23.0,0.0,5.0,1.0,3.0,36.0,1.0,3.0,3.0,13.0,0.0,0.0,1.0,3.0,38.0,3.0,3.0,13.0,53.0,32.0,0.68,11.0,45.0,1.0,41.0,1.0,3.0,1.0,0.0,3.0,0.0,9.0,1.0,2.0,1.66666666666667,1.0,10.0,7.33333333333333,2.0,1.0,1.0,1.0,0.0,0.0,0.0,3.0,3.0,3.0,202.0,2.0,0.36,0.333333333333333,0.0,4.0,3.0,2.0,0.0
1.0,11.0,128.0,2.0,0.0,1.0,2.0,7.0,1.0,16.0,0.0,4.0,1.0,6.0,44.0,3.0,6.0,7.0,12.0,2.0,0.0,2.0,3.0,41.0,7.0,6.0,17.0,68.0,33.0,0.65,16.0,50.0,2.0,42.0,1.0,6.0,1.0,100.0,3.0,0.0,3.0,2.0,4.0,0.833333333333333,0.0,8.0,3.5,0.0,2.0,1.16666666666667,1.0,0.0,0.0,0.0,3.0,3.0,3.0,258.0,2.0,0.7890625,0.333333333333333,0.0,4.0,3.0,0.0,0.0
0.0,4.0,87.0,1.0,0.0,1.0,0.0,5.0,1.0,7.0,0.0,3.0,1.0,5.0,46.0,2.0,5.0,5.0,12.0,0.0,3.0,1.0,5.0,8.0,5.0,5.0,12.0,31.0,5.0,1.48,10.0,17.0,1.0,10.0,0.0,5.0,1.0,100.0,3.0,2.0,1.0,2.0,3.0,1.6,1.0,2.0,1.2,1.0,1.0,1.0,1.0,0.0,0.0,0.0,3.0,3.0,3.0,175.0,1.0,0.804597701149425,0.333333333333333,0.0,2.0,3.0,1.0,0.0
0.0,12.0,139.0,1.0,0.0,1.0,0.0,6.0,1.0,16.0,0.0,2.0,1.0,6.0,45.0,1.0,6.0,6.0,13.0,0.0,1.0,1.0,6.0,56.0,6.0,6.0,13.0,79.0,52.0,0.57,15.0,65.0,1.0,58.0,1.0,6.0,1.0,16.0,4.0,0.0,2.0,1.0,1.0,0.833333333333333,0.0,7.0,4.33333333333333,2.0,1.0,1.0,1.0,0.0,0.0,0.0,3.0,3.0,3.0,279.0,1.0,0.892086330935252,0.333333333333333,0.0,2.0,3.0,1.0,0.0
0.0,12.0,154.0,1.0,0.0,1.0,0.0,6.0,1.0,18.0,0.0,2.0,1.0,6.0,45.0,1.0,6.0,6.0,13.0,0.0,1.0,1.0,6.0,58.0,6.0,6.0,13.0,81.0,54.0,0.56,28.0,67.0,1.0,60.0,3.0,6.0,1.0,16.0,4.0,0.0,2.0,1.0,1.0,0.833333333333333,0.0,9.0,6.16666666666667,2.0,1.0,1.0,1.0,0.0,0.0,0.0,3.0,3.0,3.0,309.0,1.0,0.902597402597403,0.333333333333333,0.0,2.0,3.0,1.0,0.0
0.0,7.0,97.0,1.0,0.0,1.0,0.0,5.0,1.0,11.0,0.0,4.0,1.0,5.0,43.0,1.0,5.0,5.0,15.0,1.0,1.0,1.0,4.0,21.0,5.0,5.0,15.0,46.0,17.0,0.93,8.0,32.0,1.0,26.0,0.0,5.0,1.0,60.0,2.0,0.0,7.0,1.0,2.0,0.8,0.0,6.0,3.4,1.0,1.0,1.0,1.0,0.0,0.0,0.0,3.0,3.0,3.0,198.0,4.0,0.783505154639175,0.333333333333333,0.0,3.0,3.0,1.0,0.0
0.0,8.0,42.0,1.0,0.0,1.0,1.0,1.0,1.0,14.0,0.0,4.0,1.0,1.0,24.0,1.0,1.0,1.0,6.0,0.0,0.0,1.0,1.0,6.0,1.0,1.0,6.0,13.0,3.0,1.85,5.0,9.0,1.0,7.0,2.0,1.0,1.0,100.0,6.0,0.0,1.0,1.0,2.0,2.0,2.0,4.0,4.0,4.0,1.0,1.0,1.0,0.0,0.0,0.0,3.0,3.0,3.0,86.0,2.0,0.785714285714286,0.333333333333333,0.0,2.0,3.0,1.0,0.0
0.0,7.0,42.0,1.0,0.0,1.0,1.0,1.0,1.0,12.0,0.0,4.0,1.0,1.0,24.0,1.0,1.0,1.0,7.0,0.0,0.0,1.0,1.0,5.0,1.0,1.0,7.0,13.0,2.0,1.85,5.0,9.0,1.0,7.0,1.0,1.0,1.0,100.0,5.0,0.0,1.0,1.0,1.0,1.0,1.0,3.0,3.0,3.0,1.0,1.0,1.0,0.0,0.0,0.0,3.0,3.0,3.0,85.0,1.0,0.642857142857143,0.333333333333333,0.0,2.0,3.0,1.0,0.0
0.0,6.0,42.0,1.0,0.0,1.0,1.0,1.0,1.0,11.0,0.0,4.0,1.0,1.0,24.0,1.0,1.0,1.0,7.0,0.0,0.0,1.0,1.0,4.0,1.0,1.0,7.0,13.0,2.0,1.85,5.0,9.0,1.0,7.0,1.0,1.0,1.0,100.0,5.0,0.0,2.0,1.0,0.0,0.0,0.0,4.0,4.0,4.0,1.0,1.0,1.0,0.0,0.0,0.0,3.0,3.0,3.0,85.0,1.0,0.619047619047619,0.333333333333333,0.0,3.0,3.0,0.0,0.0
0.0,6.0,42.0,1.0,0.0,1.0,1.0,1.0,1.0,12.0,0.0,5.0,1.0,1.0,25.0,1.0,1.0,1.0,7.0,0.0,0.0,1.0,1.0,4.0,1.0,1.0,7.0,12.0,1.0,2.08,5.0,8.0,1.0,6.0,1.0,1.0,1.0,100.0,5.0,0.0,2.0,1.0,0.0,0.0,0.0,4.0,4.0,4.0,1.0,1.0,1.0,0.0,0.0,0.0,3.0,3.0,3.0,85.0,1.0,0.476190476190476,0.333333333333333,0.0,3.0,3.0,1.0,0.0
0.0,4.0,38.0,1.0,0.0,1.0,1.0,1.0,1.0,8.0,0.0,4.0,1.0,1.0,24.0,1.0,1.0,1.0,5.0,0.0,0.0,1.0,1.0,2.0,1.0,1.0,5.0,10.0,1.0,2.4,4.0,6.0,1.0,4.0,0.0,1.0,1.0,100.0,5.0,0.0,1.0,1.0,0.0,0.0,0.0,3.0,3.0,3.0,1.0,1.0,1.0,0.0,0.0,0.0,2.0,2.0,2.0,76.0,0.0,0.605263157894737,0.5,0.0,3.0,2.0,0.0,0.0
0.0,4.0,65.0,1.0,0.0,1.0,2.0,3.0,1.0,7.0,0.0,3.0,1.0,3.0,34.0,2.0,3.0,3.0,10.0,1.0,0.0,1.0,2.0,6.0,3.0,3.0,10.0,24.0,4.0,1.42,7.0,14.0,1.0,9.0,0.0,3.0,1.0,100.0,5.0,0.0,1.0,1.0,3.0,1.0,0.0,3.0,2.33333333333333,2.0,1.0,1.0,1.0,0.0,0.0,0.0,3.0,3.0,3.0,131.0,1.0,0.753846153846154,0.333333333333333,0.0,2.0,3.0,1.0,0.0
0.0,7.0,42.0,1.0,0.0,1.0,1.0,1.0,1.0,11.0,0.0,4.0,1.0,1.0,24.0,1.0,1.0,1.0,8.0,0.0,0.0,1.0,1.0,5.0,1.0,1.0,8.0,14.0,2.0,1.71,4.0,10.0,1.0,8.0,0.0,1.0,1.0,100.0,5.0,0.0,2.0,1.0,0.0,0.0,0.0,4.0,4.0,4.0,1.0,1.0,1.0,0.0,0.0,0.0,3.0,3.0,3.0,85.0,1.0,0.547619047619048,0.333333333333333,0.0,3.0,3.0,0.0,0.0
0.0,9.0,43.0,2.0,0.0,1.0,1.0,3.0,2.0,15.0,0.0,6.0,2.0,1.0,25.0,1.0,1.0,2.0,4.0,0.0,0.0,3.0,1.0,5.0,2.0,1.0,4.0,14.0,4.0,1.79,4.0,8.0,2.0,5.0,0.0,1.0,3.0,100.0,6.0,0.0,1.0,1.0,3.0,3.0,3.0,5.0,5.0,5.0,2.0,2.0,2.0,1.0,1.0,1.0,3.0,3.0,3.0,88.0,2.0,0.581395348837209,0.333333333333333,0.0,3.0,3.0,1.0,0.0
0.0,5.0,40.0,1.0,0.0,1.0,1.0,1.0,1.0,9.0,0.0,4.0,1.0,1.0,25.0,1.0,1.0,1.0,6.0,0.0,0.0,1.0,1.0,3.0,1.0,1.0,6.0,11.0,1.0,2.27,4.0,7.0,1.0,5.0,0.0,1.0,1.0,100.0,5.0,0.0,2.0,1.0,0.0,0.0,0.0,3.0,3.0,3.0,1.0,1.0,1.0,0.0,0.0,0.0,3.0,3.0,3.0,81.0,1.0,0.725,0.333333333333333,0.0,4.0,3.0,0.0,0.0
0.0,5.0,40.0,1.0,0.0,1.0,1.0,1.0,1.0,9.0,0.0,4.0,1.0,1.0,25.0,1.0,1.0,1.0,6.0,0.0,0.0,1.0,1.0,3.0,1.0,1.0,6.0,11.0,1.0,2.27,4.0,7.0,1.0,5.0,0.0,1.0,1.0,100.0,5.0,0.0,2.0,1.0,0.0,0.0,0.0,3.0,3.0,3.0,1.0,1.0,1.0,0.0,0.0,0.0,3.0,3.0,3.0,81.0,1.0,0.725,0.333333333333333,0.0,4.0,3.0,0.0,0.0
0.0,7.0,148.0,2.0,0.0,1.0,0.0,11.0,1.0,11.0,0.0,3.0,1.0,9.0,61.0,1.0,9.0,11.0,16.0,0.0,0.0,2.0,9.0,31.0,11.0,9.0,16.0,73.0,26.0,0.84,14.0,42.0,2.0,30.0,0.0,9.0,1.0,0.0,3.0,0.0,14.0,1.0,2.0,1.77777777777778,1.0,6.0,3.88888888888889,1.0,2.0,1.22222222222222,1.0,1.0,0.363636363636364,0.0,4.0,4.0,3.0,301.0,3.0,0.628378378378378,0.5,0.0,4.0,3.0,3.0,0.0
0.0,5.0,40.0,1.0,0.0,1.0,1.0,1.0,1.0,9.0,0.0,4.0,1.0,1.0,25.0,1.0,1.0,1.0,6.0,0.0,0.0,1.0,1.0,3.0,1.0,1.0,6.0,12.0,2.0,2.08,3.0,8.0,1.0,6.0,0.0,1.0,1.0,100.0,6.0,0.0,2.0,1.0,2.0,2.0,2.0,5.0,5.0,5.0,1.0,1.0,1.0,0.0,0.0,0.0,3.0,3.0,3.0,81.0,1.0,0.75,0.333333333333333,0.0,3.0,3.0,0.0,0.0
0.0,5.0,40.0,1.0,0.0,1.0,1.0,1.0,1.0,9.0,0.0,4.0,1.0,1.0,25.0,1.0,1.0,1.0,6.0,0.0,0.0,1.0,1.0,3.0,1.0,1.0,6.0,11.0,1.0,2.27,4.0,7.0,1.0,5.0,0.0,1.0,1.0,100.0,5.0,0.0,2.0,1.0,0.0,0.0,0.0,3.0,3.0,3.0,1.0,1.0,1.0,0.0,0.0,0.0,3.0,3.0,3.0,81.0,1.0,0.6,0.333333333333333,0.0,3.0,3.0,0.0,0.0
0.0,4.0,39.0,1.0,0.0,1.0,1.0,1.0,1.0,8.0,0.0,4.0,1.0,1.0,25.0,1.0,1.0,1.0,4.0,0.0,0.0,1.0,1.0,2.0,1.0,1.0,4.0,9.0,1.0,2.78,5.0,5.0,1.0,3.0,0.0,1.0,1.0,100.0,6.0,0.0,0.0,1.0,2.0,2.0,2.0,2.0,2.0,2.0,1.0,1.0,1.0,0.0,0.0,0.0,3.0,3.0,3.0,79.0,1.0,0.769230769230769,0.333333333333333,0.0,3.0,3.0,0.0,0.0
0.0,4.0,39.0,1.0,0.0,1.0,1.0,1.0,1.0,8.0,0.0,4.0,1.0,1.0,25.0,1.0,1.0,1.0,4.0,0.0,0.0,1.0,1.0,2.0,1.0,1.0,4.0,9.0,1.0,2.78,5.0,5.0,1.0,3.0,0.0,1.0,1.0,100.0,6.0,0.0,0.0,1.0,2.0,2.0,2.0,2.0,2.0,2.0,1.0,1.0,1.0,0.0,0.0,0.0,3.0,3.0,3.0,79.0,1.0,0.769230769230769,0.333333333333333,0.0,3.0,3.0,0.0,0.0
0.0,4.0,53.0,1.0,0.0,1.0,0.0,3.0,1.0,7.0,0.0,3.0,1.0,3.0,29.0,1.0,3.0,3.0,7.0,1.0,0.0,1.0,2.0,4.0,3.0,3.0,7.0,19.0,4.0,1.53,5.0,11.0,1.0,7.0,0.0,3.0,1.0,0.0,3.0,0.0,6.0,1.0,1.0,1.0,1.0,5.0,2.66666666666667,1.0,1.0,1.0,1.0,0.0,0.0,0.0,3.0,3.0,3.0,110.0,2.0,0.660377358490566,0.333333333333333,0.0,3.0,3.0,1.0,0.0
0.0,4.0,64.0,1.0,0.0,1.0,1.0,4.0,1.0,7.0,0.0,3.0,1.0,4.0,34.0,1.0,4.0,4.0,10.0,0.0,0.0,1.0,4.0,5.0,4.0,4.0,10.0,24.0,4.0,1.42,6.0,14.0,1.0,9.0,0.0,4.0,1.0,100.0,4.0,0.0,1.0,2.0,3.0,1.75,0.0,2.0,1.75,1.0,1.0,1.0,1.0,0.0,0.0,0.0,2.0,2.0,2.0,128.0,0.0,0.734375,0.5,0.0,3.0,2.0,0.0,0.0
0.0,4.0,56.0,1.0,0.0,1.0,1.0,3.0,1.0,7.0,0.0,3.0,1.0,3.0,31.0,1.0,3.0,3.0,9.0,0.0,0.0,1.0,3.0,4.0,3.0,3.0,9.0,20.0,3.0,1.55,5.0,12.0,1.0,8.0,0.0,3.0,1.0,100.0,6.0,1.0,1.0,2.0,2.0,1.0,0.0,2.0,1.66666666666667,1.0,1.0,1.0,1.0,0.0,0.0,0.0,2.0,2.0,2.0,112.0,0.0,0.696428571428571,0.5,0.0,3.0,2.0,0.0,0.0
0.0,13.0,76.0,1.0,0.0,1.0,3.0,3.0,1.0,17.0,0.0,1.0,1.0,3.0,23.0,3.0,3.0,3.0,10.0,0.0,1.0,1.0,3.0,26.0,3.0,3.0,14.0,41.0,15.0,0.56,12.0,29.0,1.0,25.0,2.0,3.0,1.0,100.0,5.0,0.0,3.0,2.0,1.0,0.333333333333333,0.0,7.0,3.0,1.0,1.0,1.0,1.0,0.0,0.0,0.0,3.0,3.0,3.0,154.0,2.0,0.776315789473684,0.333333333333333,0.0,3.0,3.0,0.0,0.0
0.0,4.0,50.0,1.0,0.0,1.0,0.0,3.0,1.0,7.0,0.0,3.0,1.0,3.0,29.0,1.0,3.0,3.0,6.0,0.0,0.0,1.0,3.0,3.0,3.0,3.0,6.0,17.0,3.0,1.71,4.0,9.0,1.0,5.0,0.0,3.0,1.0,0.0,3.0,0.0,3.0,1.0,1.0,1.0,1.0,2.0,1.33333333333333,1.0,1.0,1.0,1.0,0.0,0.0,0.0,2.0,2.0,2.0,100.0,0.0,0.78,0.5,0.0,2.0,2.0,0.0,0.0
0.0,6.0,40.0,1.0,0.0,1.0,1.0,1.0,1.0,9.0,0.0,3.0,1.0,1.0,22.0,1.0,1.0,1.0,8.0,0.0,0.0,1.0,1.0,4.0,1.0,1.0,8.0,14.0,2.0,1.57,4.0,10.0,1.0,8.0,0.0,1.0,1.0,100.0,5.0,0.0,2.0,1.0,0.0,0.0,0.0,5.0,5.0,5.0,1.0,1.0,1.0,0.0,0.0,0.0,2.0,2.0,2.0,80.0,0.0,0.725,0.5,0.0,2.0,2.0,0.0,0.0
0.0,6.0,40.0,1.0,0.0,1.0,1.0,1.0,1.0,9.0,0.0,3.0,1.0,1.0,22.0,1.0,1.0,1.0,8.0,0.0,0.0,1.0,1.0,4.0,1.0,1.0,8.0,14.0,2.0,1.57,4.0,10.0,1.0,8.0,0.0,1.0,1.0,100.0,5.0,0.0,2.0,1.0,0.0,0.0,0.0,5.0,5.0,5.0,1.0,1.0,1.0,0.0,0.0,0.0,2.0,2.0,2.0,80.0,0.0,0.725,0.5,0.0,2.0,2.0,0.0,0.0
0.0,8.0,60.0,2.0,0.0,1.0,0.0,3.0,2.0,13.0,0.0,4.0,2.0,2.0,28.0,1.0,2.0,3.0,8.0,0.0,0.0,2.0,2.0,7.0,3.0,2.0,8.0,24.0,5.0,1.17,8.0,13.0,2.0,9.0,0.0,2.0,2.0,0.0,3.0,0.0,3.0,1.0,2.0,1.5,1.0,5.0,3.5,2.0,2.0,1.5,1.0,1.0,0.75,0.0,5.0,5.0,5.0,137.0,12.0,0.45,0.2,0.0,4.0,5.0,1.0,0.0
0.0,3.0,34.0,1.0,0.0,1.0,1.0,1.0,1.0,6.0,0.0,3.0,1.0,1.0,21.0,1.0,1.0,1.0,5.0,0.0,0.0,1.0,1.0,1.0,1.0,1.0,5.0,9.0,0.0,2.33,4.0,5.0,1.0,3.0,0.0,1.0,1.0,100.0,5.0,1.0,0.0,1.0,1.0,1.0,1.0,1.0,1.0,1.0,1.0,1.0,1.0,0.0,0.0,0.0,2.0,2.0,2.0,68.0,0.0,0.647058823529412,0.5,0.0,3.0,2.0,1.0,0.0
0.0,8.0,45.0,1.0,0.0,1.0,1.0,1.0,1.0,13.0,0.0,4.0,1.0,1.0,22.0,1.0,1.0,1.0,10.0,0.0,0.0,1.0,1.0,6.0,1.0,1.0,10.0,18.0,4.0,1.22,5.0,14.0,1.0,12.0,1.0,1.0,1.0,100.0,5.0,1.0,4.0,1.0,1.0,1.0,1.0,7.0,7.0,7.0,1.0,1.0,1.0,0.0,0.0,0.0,2.0,2.0,2.0,90.0,0.0,0.711111111111111,0.5,0.0,3.0,2.0,0.0,0.0
0.0,6.0,37.0,1.0,0.0,1.0,1.0,1.0,1.0,10.0,0.0,4.0,1.0,1.0,22.0,1.0,1.0,1.0,5.0,0.0,0.0,1.0,1.0,4.0,1.0,1.0,5.0,12.0,3.0,1.83,3.0,8.0,1.0,6.0,0.0,1.0,1.0,100.0,6.0,1.0,1.0,1.0,1.0,1.0,1.0,4.0,4.0,4.0,1.0,1.0,1.0,0.0,0.0,0.0,2.0,2.0,2.0,74.0,0.0,0.756756756756757,0.5,0.0,3.0,2.0,0.0,0.0
0.0,6.0,67.0,1.0,0.0,1.0,2.0,4.0,1.0,9.0,0.0,3.0,1.0,4.0,30.0,2.0,4.0,4.0,11.0,0.0,1.0,1.0,4.0,10.0,4.0,4.0,13.0,30.0,5.0,1.0,7.0,18.0,1.0,13.0,0.0,4.0,1.0,100.0,5.0,1.0,2.0,2.0,1.0,0.5,0.0,4.0,1.75,1.0,1.0,1.0,1.0,0.0,0.0,0.0,2.0,2.0,2.0,134.0,0.0,0.82089552238806,0.5,0.0,3.0,2.0,0.0,0.0
0.0,5.0,38.0,1.0,0.0,1.0,1.0,1.0,1.0,9.0,0.0,4.0,1.0,1.0,22.0,1.0,1.0,1.0,6.0,0.0,0.0,1.0,1.0,3.0,1.0,1.0,6.0,12.0,2.0,1.83,4.0,8.0,1.0,6.0,0.0,1.0,1.0,100.0,5.0,1.0,1.0,1.0,1.0,1.0,1.0,3.0,3.0,3.0,1.0,1.0,1.0,0.0,0.0,0.0,2.0,2.0,2.0,76.0,0.0,0.631578947368421,0.5,0.0,4.0,2.0,0.0,0.0
0.0,4.0,38.0,1.0,0.0,1.0,1.0,1.0,1.0,11.0,0.0,6.0,1.0,1.0,24.0,1.0,1.0,1.0,4.0,0.0,0.0,1.0,1.0,2.0,1.0,1.0,4.0,9.0,1.0,2.67,5.0,5.0,1.0,3.0,1.0,1.0,1.0,100.0,6.0,1.0,0.0,1.0,0.0,0.0,0.0,2.0,2.0,2.0,1.0,1.0,1.0,0.0,0.0,0.0,2.0,2.0,2.0,76.0,0.0,0.657894736842105,0.5,0.0,4.0,2.0,0.0,0.0
0.0,6.0,68.0,1.0,0.0,1.0,2.0,4.0,1.0,9.0,0.0,3.0,1.0,4.0,30.0,2.0,4.0,4.0,11.0,0.0,1.0,1.0,4.0,10.0,4.0,4.0,13.0,30.0,5.0,1.0,8.0,18.0,1.0,13.0,0.0,4.0,1.0,100.0,5.0,1.0,2.0,2.0,1.0,0.5,0.0,4.0,1.75,1.0,1.0,1.0,1.0,0.0,0.0,0.0,2.0,2.0,2.0,136.0,0.0,0.735294117647059,0.5,0.0,3.0,2.0,1.0,0.0
0.0,6.0,67.0,1.0,0.0,1.0,2.0,4.0,1.0,9.0,0.0,3.0,1.0,4.0,30.0,2.0,4.0,4.0,11.0,0.0,1.0,1.0,4.0,10.0,4.0,4.0,13.0,30.0,5.0,1.0,7.0,18.0,1.0,13.0,0.0,4.0,1.0,100.0,5.0,1.0,2.0,2.0,1.0,0.5,0.0,4.0,1.75,1.0,1.0,1.0,1.0,0.0,0.0,0.0,2.0,2.0,2.0,134.0,0.0,0.746268656716418,0.5,0.0,3.0,2.0,1.0,0.0
0.0,6.0,68.0,1.0,0.0,1.0,2.0,4.0,1.0,9.0,0.0,3.0,1.0,4.0,30.0,2.0,4.0,4.0,11.0,0.0,1.0,1.0,4.0,10.0,4.0,4.0,13.0,30.0,5.0,1.0,8.0,18.0,1.0,13.0,0.0,4.0,1.0,100.0,5.0,1.0,2.0,2.0,1.0,0.5,0.0,4.0,1.75,1.0,1.0,1.0,1.0,0.0,0.0,0.0,2.0,2.0,2.0,136.0,0.0,0.735294117647059,0.5,0.0,3.0,2.0,1.0,0.0
0.0,3.0,35.0,1.0,0.0,1.0,1.0,1.0,1.0,7.0,0.0,4.0,1.0,1.0,22.0,1.0,1.0,1.0,5.0,0.0,0.0,1.0,1.0,1.0,1.0,1.0,5.0,9.0,0.0,2.44,4.0,5.0,1.0,3.0,0.0,1.0,1.0,100.0,5.0,1.0,0.0,1.0,0.0,0.0,0.0,1.0,1.0,1.0,1.0,1.0,1.0,0.0,0.0,0.0,2.0,2.0,2.0,70.0,0.0,0.628571428571429,0.5,0.0,4.0,2.0,0.0,0.0
0.0,8.0,45.0,1.0,0.0,1.0,1.0,1.0,1.0,13.0,0.0,4.0,1.0,1.0,22.0,1.0,1.0,1.0,10.0,0.0,0.0,1.0,1.0,6.0,1.0,1.0,10.0,18.0,4.0,1.22,5.0,14.0,1.0,12.0,1.0,1.0,1.0,100.0,5.0,1.0,4.0,1.0,1.0,1.0,1.0,7.0,7.0,7.0,1.0,1.0,1.0,0.0,0.0,0.0,2.0,2.0,2.0,90.0,0.0,0.711111111111111,0.5,0.0,3.0,2.0,0.0,0.0
0.0,3.0,37.0,1.0,0.0,1.0,1.0,1.0,1.0,9.0,0.0,6.0,1.0,1.0,24.0,1.0,1.0,1.0,5.0,0.0,0.0,1.0,1.0,1.0,1.0,1.0,5.0,9.0,0.0,2.67,4.0,5.0,1.0,3.0,0.0,1.0,1.0,100.0,5.0,1.0,0.0,1.0,1.0,1.0,1.0,1.0,1.0,1.0,1.0,1.0,1.0,0.0,0.0,0.0,2.0,2.0,2.0,74.0,0.0,0.648648648648649,0.5,0.0,4.0,2.0,0.0,0.0
0.0,6.0,40.0,1.0,0.0,1.0,1.0,1.0,1.0,11.0,0.0,4.0,1.0,1.0,22.0,1.0,1.0,1.0,6.0,0.0,0.0,1.0,1.0,4.0,1.0,1.0,6.0,13.0,3.0,1.69,5.0,9.0,1.0,7.0,1.0,1.0,1.0,100.0,6.0,1.0,1.0,1.0,2.0,2.0,2.0,4.0,4.0,4.0,1.0,1.0,1.0,0.0,0.0,0.0,2.0,2.0,2.0,80.0,0.0,0.725,0.5,0.0,3.0,2.0,0.0,0.0
0.0,6.0,40.0,1.0,0.0,1.0,1.0,1.0,1.0,11.0,0.0,4.0,1.0,1.0,22.0,1.0,1.0,1.0,6.0,0.0,0.0,1.0,1.0,4.0,1.0,1.0,6.0,13.0,3.0,1.69,5.0,9.0,1.0,7.0,1.0,1.0,1.0,100.0,6.0,1.0,1.0,1.0,2.0,2.0,2.0,4.0,4.0,4.0,1.0,1.0,1.0,0.0,0.0,0.0,2.0,2.0,2.0,80.0,0.0,0.75,0.5,0.0,3.0,2.0,0.0,0.0
0.0,4.0,35.0,1.0,0.0,1.0,1.0,1.0,1.0,8.0,0.0,4.0,1.0,1.0,22.0,1.0,1.0,1.0,4.0,0.0,0.0,1.0,1.0,2.0,1.0,1.0,4.0,9.0,1.0,2.44,4.0,5.0,1.0,3.0,0.0,1.0,1.0,100.0,6.0,0.0,0.0,1.0,0.0,0.0,0.0,2.0,2.0,2.0,1.0,1.0,1.0,0.0,0.0,0.0,2.0,2.0,2.0,70.0,0.0,0.628571428571429,0.5,0.0,4.0,2.0,0.0,0.0
0.0,5.0,38.0,1.0,0.0,1.0,1.0,1.0,1.0,10.0,0.0,4.0,1.0,1.0,22.0,1.0,1.0,1.0,5.0,0.0,0.0,1.0,1.0,3.0,1.0,1.0,5.0,11.0,2.0,2.0,5.0,7.0,1.0,5.0,1.0,1.0,1.0,100.0,6.0,0.0,1.0,1.0,0.0,0.0,0.0,4.0,4.0,4.0,1.0,1.0,1.0,0.0,0.0,0.0,2.0,2.0,2.0,76.0,0.0,0.763157894736842,0.5,0.0,3.0,2.0,0.0,0.0
0.0,5.0,38.0,1.0,0.0,1.0,1.0,1.0,1.0,10.0,0.0,4.0,1.0,1.0,22.0,1.0,1.0,1.0,5.0,0.0,0.0,1.0,1.0,3.0,1.0,1.0,5.0,11.0,2.0,2.0,5.0,7.0,1.0,5.0,1.0,1.0,1.0,100.0,7.0,0.0,1.0,1.0,0.0,0.0,0.0,4.0,4.0,4.0,1.0,1.0,1.0,0.0,0.0,0.0,2.0,2.0,2.0,76.0,0.0,0.763157894736842,0.5,0.0,3.0,2.0,0.0,0.0
0.0,4.0,36.0,1.0,0.0,1.0,1.0,1.0,1.0,8.0,0.0,4.0,1.0,1.0,22.0,1.0,1.0,1.0,5.0,0.0,0.0,1.0,1.0,2.0,1.0,1.0,5.0,10.0,1.0,2.2,4.0,6.0,1.0,4.0,0.0,1.0,1.0,100.0,6.0,0.0,1.0,1.0,0.0,0.0,0.0,3.0,3.0,3.0,1.0,1.0,1.0,0.0,0.0,0.0,2.0,2.0,2.0,72.0,0.0,0.75,0.5,0.0,3.0,2.0,0.0,0.0
0.0,5.0,38.0,1.0,0.0,1.0,1.0,1.0,1.0,10.0,0.0,4.0,1.0,1.0,22.0,1.0,1.0,1.0,5.0,0.0,0.0,1.0,1.0,3.0,1.0,1.0,5.0,11.0,2.0,2.0,5.0,7.0,1.0,5.0,1.0,1.0,1.0,100.0,6.0,0.0,1.0,1.0,0.0,0.0,0.0,4.0,4.0,4.0,1.0,1.0,1.0,0.0,0.0,0.0,2.0,2.0,2.0,76.0,0.0,0.631578947368421,0.5,0.0,4.0,2.0,0.0,0.0
0.0,3.0,36.0,1.0,0.0,1.0,1.0,1.0,1.0,9.0,0.0,5.0,1.0,1.0,23.0,1.0,1.0,1.0,4.0,0.0,0.0,1.0,1.0,1.0,1.0,1.0,4.0,8.0,0.0,2.88,5.0,4.0,1.0,2.0,1.0,1.0,1.0,100.0,7.0,0.0,0.0,1.0,0.0,0.0,0.0,1.0,1.0,1.0,1.0,1.0,1.0,0.0,0.0,0.0,2.0,2.0,2.0,72.0,0.0,0.666666666666667,0.5,0.0,4.0,2.0,0.0,0.0
0.0,4.0,37.0,1.0,0.0,1.0,1.0,1.0,1.0,9.0,0.0,4.0,1.0,1.0,22.0,1.0,1.0,1.0,5.0,0.0,0.0,1.0,1.0,2.0,1.0,1.0,5.0,10.0,1.0,2.2,5.0,6.0,1.0,4.0,1.0,1.0,1.0,100.0,6.0,0.0,1.0,1.0,0.0,0.0,0.0,3.0,3.0,3.0,1.0,1.0,1.0,0.0,0.0,0.0,2.0,2.0,2.0,74.0,0.0,0.648648648648649,0.5,0.0,4.0,2.0,0.0,0.0
0.0,4.0,36.0,1.0,0.0,1.0,1.0,1.0,1.0,8.0,0.0,4.0,1.0,1.0,22.0,1.0,1.0,1.0,5.0,0.0,0.0,1.0,1.0,2.0,1.0,1.0,5.0,10.0,1.0,2.2,4.0,6.0,1.0,4.0,0.0,1.0,1.0,100.0,6.0,0.0,1.0,1.0,0.0,0.0,0.0,3.0,3.0,3.0,1.0,1.0,1.0,0.0,0.0,0.0,2.0,2.0,2.0,72.0,0.0,0.638888888888889,0.5,0.0,4.0,2.0,0.0,0.0
0.0,5.0,37.0,1.0,0.0,1.0,1.0,1.0,1.0,9.0,0.0,4.0,1.0,1.0,22.0,1.0,1.0,1.0,5.0,0.0,0.0,1.0,1.0,3.0,1.0,1.0,5.0,11.0,2.0,2.0,4.0,7.0,1.0,5.0,0.0,1.0,1.0,100.0,6.0,0.0,1.0,1.0,0.0,0.0,0.0,3.0,3.0,3.0,1.0,1.0,1.0,0.0,0.0,0.0,2.0,2.0,2.0,74.0,0.0,0.648648648648649,0.5,0.0,4.0,2.0,0.0,0.0
0.0,3.0,34.0,1.0,0.0,1.0,1.0,1.0,1.0,7.0,0.0,4.0,1.0,1.0,22.0,1.0,1.0,1.0,4.0,0.0,0.0,1.0,1.0,1.0,1.0,1.0,4.0,8.0,0.0,2.75,4.0,4.0,1.0,2.0,0.0,1.0,1.0,100.0,6.0,0.0,0.0,1.0,0.0,0.0,0.0,1.0,1.0,1.0,1.0,1.0,1.0,0.0,0.0,0.0,2.0,2.0,2.0,68.0,0.0,0.647058823529412,0.5,0.0,4.0,2.0,0.0,0.0
0.0,5.0,38.0,1.0,0.0,1.0,1.0,1.0,1.0,10.0,0.0,4.0,1.0,1.0,22.0,1.0,1.0,1.0,5.0,0.0,0.0,1.0,1.0,3.0,1.0,1.0,5.0,11.0,2.0,2.0,5.0,7.0,1.0,5.0,1.0,1.0,1.0,100.0,7.0,0.0,1.0,1.0,2.0,2.0,2.0,4.0,4.0,4.0,1.0,1.0,1.0,0.0,0.0,0.0,2.0,2.0,2.0,76.0,0.0,0.710526315789474,0.5,0.0,3.0,2.0,0.0,0.0
0.0,5.0,38.0,1.0,0.0,1.0,1.0,1.0,1.0,10.0,0.0,4.0,1.0,1.0,22.0,1.0,1.0,1.0,5.0,0.0,0.0,1.0,1.0,3.0,1.0,1.0,5.0,11.0,2.0,2.0,5.0,7.0,1.0,5.0,1.0,1.0,1.0,100.0,7.0,0.0,1.0,1.0,2.0,2.0,2.0,4.0,4.0,4.0,1.0,1.0,1.0,0.0,0.0,0.0,2.0,2.0,2.0,76.0,0.0,0.763157894736842,0.5,0.0,3.0,2.0,0.0,0.0
0.0,4.0,36.0,1.0,0.0,1.0,1.0,1.0,1.0,8.0,0.0,4.0,1.0,1.0,22.0,1.0,1.0,1.0,5.0,0.0,0.0,1.0,1.0,2.0,1.0,1.0,5.0,10.0,1.0,2.2,4.0,6.0,1.0,4.0,0.0,1.0,1.0,100.0,5.0,0.0,1.0,1.0,0.0,0.0,0.0,3.0,3.0,3.0,1.0,1.0,1.0,0.0,0.0,0.0,2.0,2.0,2.0,72.0,0.0,0.638888888888889,0.5,0.0,4.0,2.0,0.0,0.0
0.0,4.0,36.0,1.0,0.0,1.0,1.0,1.0,1.0,8.0,0.0,4.0,1.0,1.0,22.0,1.0,1.0,1.0,5.0,0.0,0.0,1.0,1.0,2.0,1.0,1.0,5.0,10.0,1.0,2.2,4.0,6.0,1.0,4.0,0.0,1.0,1.0,100.0,5.0,0.0,1.0,1.0,0.0,0.0,0.0,3.0,3.0,3.0,1.0,1.0,1.0,0.0,0.0,0.0,2.0,2.0,2.0,72.0,0.0,0.694444444444444,0.5,0.0,4.0,2.0,0.0,0.0
0.0,5.0,158.0,1.0,0.0,1.0,1.0,13.0,1.0,8.0,0.0,3.0,1.0,13.0,61.0,1.0,13.0,13.0,24.0,0.0,0.0,1.0,13.0,27.0,13.0,13.0,24.0,75.0,23.0,0.81,22.0,47.0,1.0,33.0,0.0,13.0,1.0,100.0,3.0,0.0,21.0,1.0,2.0,1.15384615384615,1.0,14.0,2.30769230769231,1.0,1.0,1.0,1.0,0.0,0.0,0.0,3.0,3.0,2.0,319.0,3.0,0.765822784810127,0.666666666666667,0.0,3.0,2.0,2.0,0.0
1.0,24.0,420.0,3.0,0.0,1.0,1.0,12.0,1.0,36.0,0.0,6.0,1.0,10.0,90.0,1.0,10.0,12.0,71.0,0.0,0.0,3.0,9.0,199.0,12.0,10.0,59.0,261.0,141.0,0.34,70.0,200.0,3.0,187.0,5.0,10.0,1.0,60.0,3.0,0.0,16.0,1.0,6.0,1.5,0.0,15.0,7.6,2.0,4.0,1.3,1.0,1.0,0.25,0.0,8.0,8.0,4.0,907.0,90.0,0.811904761904762,0.375,0.0,3.0,4.0,3.0,0.0
0.0,5.0,176.0,1.0,0.0,1.0,1.0,12.0,1.0,10.0,0.0,4.0,1.0,12.0,81.0,1.0,12.0,12.0,28.0,1.0,10.0,1.0,11.0,25.0,12.0,12.0,28.0,77.0,23.0,1.05,18.0,51.0,1.0,38.0,0.0,12.0,1.0,84.0,4.0,0.0,3.0,1.0,12.0,1.91666666666667,1.0,5.0,1.5,1.0,1.0,1.0,1.0,0.0,0.0,0.0,3.0,3.0,3.0,354.0,2.0,0.920454545454545,0.333333333333333,0.0,1.0,3.0,2.0,0.0
0.0,4.0,69.0,1.0,0.0,1.0,1.0,4.0,1.0,8.0,0.0,4.0,1.0,4.0,38.0,1.0,4.0,4.0,9.0,2.0,1.0,1.0,2.0,7.0,4.0,4.0,9.0,24.0,5.0,1.58,7.0,14.0,1.0,9.0,0.0,4.0,1.0,75.0,3.0,0.0,2.0,1.0,3.0,1.5,1.0,2.0,1.5,1.0,1.0,1.0,1.0,0.0,0.0,0.0,3.0,3.0,3.0,140.0,2.0,0.565217391304348,0.333333333333333,0.0,5.0,3.0,0.0,0.0
0.0,6.0,67.0,2.0,0.0,1.0,1.0,4.0,1.0,9.0,0.0,2.0,1.0,3.0,29.0,1.0,3.0,4.0,14.0,1.0,0.0,2.0,2.0,8.0,4.0,3.0,15.0,29.0,6.0,1.0,9.0,21.0,2.0,16.0,0.0,3.0,1.0,100.0,6.0,0.0,3.0,1.0,1.0,1.0,1.0,3.0,3.0,3.0,2.0,1.33333333333333,1.0,1.0,0.6,0.0,2.0,2.0,2.0,134.0,0.0,0.611940298507463,0.5,0.0,4.0,2.0,1.0,0.0
0.0,4.0,53.0,1.0,0.0,1.0,0.0,3.0,1.0,8.0,0.0,4.0,1.0,3.0,32.0,1.0,3.0,3.0,6.0,0.0,0.0,1.0,3.0,3.0,3.0,3.0,6.0,17.0,3.0,1.88,4.0,9.0,1.0,5.0,0.0,3.0,1.0,0.0,3.0,0.0,3.0,1.0,1.0,1.0,1.0,2.0,1.33333333333333,1.0,1.0,1.0,1.0,0.0,0.0,0.0,3.0,3.0,3.0,110.0,2.0,0.830188679245283,0.333333333333333,0.0,2.0,3.0,1.0,0.0
0.0,17.0,104.0,1.0,0.0,1.0,3.0,3.0,1.0,23.0,0.0,2.0,1.0,3.0,27.0,3.0,3.0,3.0,28.0,0.0,0.0,1.0,3.0,33.0,3.0,3.0,29.0,60.0,18.0,0.45,17.0,47.0,1.0,43.0,4.0,3.0,1.0,100.0,5.0,0.0,9.0,2.0,1.0,0.333333333333333,0.0,12.0,5.33333333333333,1.0,1.0,1.0,1.0,0.0,0.0,0.0,4.0,4.0,3.0,212.0,4.0,0.740384615384615,0.5,0.0,3.0,3.0,2.0,0.0
0.0,14.0,93.0,1.0,0.0,1.0,3.0,3.0,1.0,20.0,0.0,2.0,1.0,3.0,27.0,3.0,3.0,3.0,24.0,0.0,0.0,1.0,3.0,25.0,3.0,3.0,26.0,52.0,14.0,0.52,14.0,40.0,1.0,36.0,3.0,3.0,1.0,100.0,5.0,0.0,9.0,2.0,1.0,0.333333333333333,0.0,11.0,5.0,1.0,1.0,1.0,1.0,0.0,0.0,0.0,3.0,3.0,3.0,219.0,32.0,0.43010752688172,0.333333333333333,0.0,4.0,3.0,1.0,0.0
0.0,6.0,43.0,1.0,0.0,1.0,1.0,1.0,1.0,11.0,0.0,4.0,1.0,1.0,25.0,1.0,1.0,1.0,6.0,0.0,0.0,1.0,1.0,4.0,1.0,1.0,6.0,13.0,3.0,1.92,5.0,9.0,1.0,7.0,1.0,1.0,1.0,100.0,6.0,0.0,1.0,1.0,3.0,3.0,3.0,5.0,5.0,5.0,1.0,1.0,1.0,0.0,0.0,0.0,2.0,2.0,2.0,86.0,0.0,0.767441860465116,0.5,0.0,3.0,2.0,0.0,0.0
0.0,6.0,40.0,1.0,0.0,1.0,0.0,1.0,1.0,10.0,0.0,4.0,1.0,1.0,24.0,1.0,1.0,1.0,6.0,0.0,1.0,1.0,1.0,3.0,1.0,1.0,6.0,13.0,3.0,1.85,3.0,9.0,1.0,7.0,0.0,1.0,1.0,0.0,5.0,1.0,2.0,1.0,1.0,1.0,1.0,5.0,5.0,5.0,1.0,1.0,1.0,0.0,0.0,0.0,3.0,3.0,3.0,81.0,1.0,0.6,0.333333333333333,0.0,3.0,3.0,0.0,0.0
0.0,6.0,39.0,1.0,0.0,1.0,1.0,1.0,1.0,9.0,0.0,3.0,1.0,1.0,23.0,1.0,1.0,1.0,6.0,0.0,0.0,1.0,1.0,4.0,1.0,1.0,6.0,13.0,3.0,1.77,3.0,9.0,1.0,7.0,0.0,1.0,1.0,100.0,5.0,0.0,2.0,1.0,0.0,0.0,0.0,4.0,4.0,4.0,1.0,1.0,1.0,0.0,0.0,0.0,2.0,2.0,2.0,78.0,0.0,0.615384615384615,0.5,0.0,2.0,2.0,0.0,0.0
0.0,4.0,44.0,1.0,0.0,1.0,0.0,2.0,1.0,7.0,0.0,3.0,1.0,2.0,26.0,1.0,2.0,2.0,5.0,0.0,0.0,1.0,2.0,2.0,2.0,2.0,5.0,13.0,2.0,2.0,5.0,7.0,1.0,4.0,0.0,2.0,1.0,0.0,3.0,0.0,2.0,1.0,1.0,1.0,1.0,2.0,1.5,1.0,1.0,1.0,1.0,0.0,0.0,0.0,2.0,2.0,2.0,88.0,0.0,0.659090909090909,0.5,0.0,2.0,2.0,0.0,0.0
0.0,6.0,44.0,1.0,0.0,1.0,1.0,1.0,1.0,10.0,0.0,4.0,1.0,1.0,24.0,1.0,1.0,1.0,8.0,0.0,1.0,1.0,1.0,4.0,1.0,1.0,8.0,15.0,3.0,1.6,5.0,11.0,1.0,9.0,0.0,1.0,1.0,50.0,5.0,1.0,2.0,1.0,1.0,1.0,1.0,5.0,5.0,5.0,1.0,1.0,1.0,0.0,0.0,0.0,3.0,3.0,3.0,89.0,1.0,0.727272727272727,0.333333333333333,0.0,3.0,3.0,0.0,0.0
0.0,4.0,38.0,1.0,0.0,1.0,1.0,1.0,1.0,8.0,0.0,4.0,1.0,1.0,25.0,1.0,1.0,1.0,5.0,0.0,0.0,1.0,1.0,2.0,1.0,1.0,5.0,10.0,1.0,2.5,3.0,6.0,1.0,4.0,0.0,1.0,1.0,100.0,6.0,0.0,0.0,1.0,2.0,2.0,2.0,2.0,2.0,2.0,1.0,1.0,1.0,0.0,0.0,0.0,2.0,2.0,2.0,76.0,0.0,0.763157894736842,0.5,0.0,3.0,2.0,0.0,0.0
0.0,4.0,38.0,1.0,0.0,1.0,1.0,1.0,1.0,8.0,0.0,4.0,1.0,1.0,25.0,1.0,1.0,1.0,5.0,0.0,0.0,1.0,1.0,2.0,1.0,1.0,5.0,10.0,1.0,2.5,3.0,6.0,1.0,4.0,0.0,1.0,1.0,100.0,6.0,0.0,0.0,1.0,3.0,3.0,3.0,2.0,2.0,2.0,1.0,1.0,1.0,0.0,0.0,0.0,2.0,2.0,2.0,76.0,0.0,0.736842105263158,0.5,0.0,3.0,2.0,0.0,0.0
0.0,4.0,65.0,1.0,0.0,1.0,1.0,3.0,1.0,9.0,0.0,5.0,1.0,3.0,36.0,1.0,3.0,3.0,11.0,1.0,0.0,1.0,2.0,5.0,3.0,3.0,11.0,23.0,4.0,1.57,6.0,15.0,1.0,11.0,0.0,3.0,1.0,100.0,5.0,0.0,4.0,1.0,3.0,2.0,1.0,3.0,2.33333333333333,2.0,1.0,1.0,1.0,0.0,0.0,0.0,2.0,2.0,2.0,130.0,0.0,0.723076923076923,0.5,0.0,3.0,2.0,0.0,0.0
0.0,4.0,50.0,1.0,0.0,1.0,1.0,2.0,1.0,8.0,0.0,4.0,1.0,2.0,29.0,1.0,2.0,2.0,8.0,0.0,0.0,1.0,2.0,3.0,2.0,2.0,8.0,16.0,2.0,1.81,5.0,10.0,1.0,7.0,0.0,2.0,1.0,100.0,4.0,0.0,2.0,1.0,3.0,1.5,0.0,3.0,2.5,2.0,1.0,1.0,1.0,0.0,0.0,0.0,2.0,2.0,2.0,100.0,0.0,0.74,0.5,0.0,3.0,2.0,0.0,0.0
0.0,3.0,37.0,1.0,0.0,1.0,1.0,1.0,1.0,6.0,0.0,3.0,1.0,1.0,24.0,1.0,1.0,1.0,5.0,0.0,0.0,1.0,1.0,1.0,1.0,1.0,5.0,9.0,0.0,2.67,4.0,5.0,1.0,3.0,0.0,1.0,1.0,100.0,5.0,0.0,0.0,1.0,0.0,0.0,0.0,1.0,1.0,1.0,1.0,1.0,1.0,0.0,0.0,0.0,2.0,2.0,2.0,74.0,0.0,0.675675675675676,0.5,0.0,3.0,2.0,1.0,0.0
0.0,4.0,38.0,1.0,0.0,1.0,1.0,1.0,1.0,7.0,0.0,3.0,1.0,1.0,24.0,1.0,1.0,1.0,5.0,0.0,0.0,1.0,1.0,2.0,1.0,1.0,5.0,10.0,1.0,2.4,4.0,6.0,1.0,4.0,0.0,1.0,1.0,100.0,5.0,0.0,1.0,1.0,0.0,0.0,0.0,3.0,3.0,3.0,1.0,1.0,1.0,0.0,0.0,0.0,2.0,2.0,2.0,76.0,0.0,0.684210526315789,0.5,0.0,3.0,2.0,1.0,0.0
0.0,4.0,38.0,1.0,0.0,1.0,1.0,1.0,1.0,7.0,0.0,3.0,1.0,1.0,24.0,1.0,1.0,1.0,5.0,0.0,0.0,1.0,1.0,2.0,1.0,1.0,5.0,10.0,1.0,2.4,4.0,6.0,1.0,4.0,0.0,1.0,1.0,100.0,5.0,0.0,1.0,1.0,0.0,0.0,0.0,3.0,3.0,3.0,1.0,1.0,1.0,0.0,0.0,0.0,2.0,2.0,2.0,76.0,0.0,0.684210526315789,0.5,0.0,3.0,2.0,1.0,0.0
0.0,3.0,34.0,1.0,0.0,1.0,1.0,1.0,1.0,6.0,0.0,3.0,1.0,1.0,23.0,1.0,1.0,1.0,4.0,0.0,0.0,1.0,1.0,1.0,1.0,1.0,4.0,8.0,0.0,2.88,3.0,4.0,1.0,2.0,0.0,1.0,1.0,100.0,6.0,0.0,0.0,1.0,0.0,0.0,0.0,1.0,1.0,1.0,1.0,1.0,1.0,0.0,0.0,0.0,2.0,2.0,2.0,68.0,0.0,0.558823529411765,0.5,0.0,2.0,2.0,2.0,0.0
0.0,4.0,38.0,1.0,0.0,1.0,1.0,1.0,1.0,7.0,0.0,3.0,1.0,1.0,24.0,1.0,1.0,1.0,5.0,0.0,0.0,1.0,1.0,2.0,1.0,1.0,5.0,10.0,1.0,2.4,4.0,6.0,1.0,4.0,0.0,1.0,1.0,100.0,5.0,0.0,1.0,1.0,0.0,0.0,0.0,3.0,3.0,3.0,1.0,1.0,1.0,0.0,0.0,0.0,2.0,2.0,2.0,76.0,0.0,0.736842105263158,0.5,0.0,3.0,2.0,1.0,0.0
0.0,3.0,36.0,1.0,0.0,1.0,1.0,1.0,1.0,6.0,0.0,3.0,1.0,1.0,24.0,1.0,1.0,1.0,4.0,0.0,0.0,1.0,1.0,1.0,1.0,1.0,4.0,8.0,0.0,3.0,4.0,4.0,1.0,2.0,0.0,1.0,1.0,100.0,6.0,0.0,0.0,1.0,0.0,0.0,0.0,1.0,1.0,1.0,1.0,1.0,1.0,0.0,0.0,0.0,2.0,2.0,2.0,72.0,0.0,0.75,0.5,0.0,2.0,2.0,2.0,0.0
0.0,4.0,38.0,1.0,0.0,1.0,1.0,1.0,1.0,7.0,0.0,3.0,1.0,1.0,24.0,1.0,1.0,1.0,5.0,0.0,0.0,1.0,1.0,2.0,1.0,1.0,5.0,10.0,1.0,2.4,4.0,6.0,1.0,4.0,0.0,1.0,1.0,100.0,5.0,0.0,1.0,1.0,0.0,0.0,0.0,3.0,3.0,3.0,1.0,1.0,1.0,0.0,0.0,0.0,2.0,2.0,2.0,76.0,0.0,0.736842105263158,0.5,0.0,3.0,2.0,1.0,0.0
0.0,4.0,39.0,1.0,0.0,1.0,1.0,1.0,1.0,7.0,0.0,3.0,1.0,1.0,24.0,1.0,1.0,1.0,6.0,0.0,0.0,1.0,1.0,2.0,1.0,1.0,6.0,11.0,1.0,2.18,4.0,7.0,1.0,5.0,0.0,1.0,1.0,100.0,5.0,0.0,1.0,1.0,0.0,0.0,0.0,3.0,3.0,3.0,1.0,1.0,1.0,0.0,0.0,0.0,2.0,2.0,2.0,78.0,0.0,0.743589743589744,0.5,0.0,3.0,2.0,0.0,0.0
0.0,4.0,39.0,1.0,0.0,1.0,1.0,1.0,1.0,8.0,0.0,4.0,1.0,1.0,25.0,1.0,1.0,1.0,5.0,0.0,0.0,1.0,1.0,2.0,1.0,1.0,5.0,10.0,1.0,2.5,4.0,6.0,1.0,4.0,0.0,1.0,1.0,100.0,5.0,0.0,1.0,1.0,0.0,0.0,0.0,3.0,3.0,3.0,1.0,1.0,1.0,0.0,0.0,0.0,2.0,2.0,2.0,78.0,0.0,0.538461538461538,0.5,0.0,3.0,2.0,0.0,0.0
0.0,3.0,37.0,1.0,0.0,1.0,1.0,1.0,1.0,6.0,0.0,3.0,1.0,1.0,24.0,1.0,1.0,1.0,5.0,0.0,0.0,1.0,1.0,1.0,1.0,1.0,5.0,9.0,0.0,2.67,4.0,5.0,1.0,3.0,0.0,1.0,1.0,100.0,5.0,0.0,0.0,1.0,0.0,0.0,0.0,1.0,1.0,1.0,1.0,1.0,1.0,0.0,0.0,0.0,2.0,2.0,2.0,74.0,0.0,0.756756756756757,0.5,0.0,3.0,2.0,0.0,0.0
0.0,4.0,39.0,1.0,0.0,1.0,1.0,1.0,1.0,8.0,0.0,4.0,1.0,1.0,25.0,1.0,1.0,1.0,5.0,0.0,0.0,1.0,1.0,2.0,1.0,1.0,5.0,10.0,1.0,2.5,4.0,6.0,1.0,4.0,0.0,1.0,1.0,100.0,5.0,0.0,1.0,1.0,0.0,0.0,0.0,3.0,3.0,3.0,1.0,1.0,1.0,0.0,0.0,0.0,2.0,2.0,2.0,78.0,0.0,0.769230769230769,0.5,0.0,3.0,2.0,0.0,0.0
0.0,3.0,37.0,1.0,0.0,1.0,1.0,1.0,1.0,6.0,0.0,3.0,1.0,1.0,24.0,1.0,1.0,1.0,5.0,0.0,0.0,1.0,1.0,1.0,1.0,1.0,5.0,9.0,0.0,2.67,4.0,5.0,1.0,3.0,0.0,1.0,1.0,100.0,5.0,0.0,0.0,1.0,0.0,0.0,0.0,1.0,1.0,1.0,1.0,1.0,1.0,0.0,0.0,0.0,2.0,2.0,2.0,74.0,0.0,0.675675675675676,0.5,0.0,3.0,2.0,1.0,0.0
0.0,3.0,37.0,1.0,0.0,1.0,1.0,1.0,1.0,6.0,0.0,3.0,1.0,1.0,24.0,1.0,1.0,1.0,5.0,0.0,0.0,1.0,1.0,1.0,1.0,1.0,5.0,9.0,0.0,2.67,4.0,5.0,1.0,3.0,0.0,1.0,1.0,100.0,5.0,0.0,0.0,1.0,0.0,0.0,0.0,1.0,1.0,1.0,1.0,1.0,1.0,0.0,0.0,0.0,2.0,2.0,2.0,74.0,0.0,0.675675675675676,0.5,0.0,3.0,2.0,1.0,0.0
0.0,4.0,38.0,1.0,0.0,1.0,1.0,1.0,1.0,7.0,0.0,3.0,1.0,1.0,24.0,1.0,1.0,1.0,5.0,0.0,0.0,1.0,1.0,2.0,1.0,1.0,5.0,10.0,1.0,2.4,4.0,6.0,1.0,4.0,0.0,1.0,1.0,100.0,5.0,0.0,1.0,1.0,0.0,0.0,0.0,3.0,3.0,3.0,1.0,1.0,1.0,0.0,0.0,0.0,2.0,2.0,2.0,76.0,0.0,0.684210526315789,0.5,0.0,3.0,2.0,1.0,0.0
0.0,4.0,38.0,1.0,0.0,1.0,1.0,1.0,1.0,7.0,0.0,3.0,1.0,1.0,24.0,1.0,1.0,1.0,5.0,0.0,0.0,1.0,1.0,2.0,1.0,1.0,5.0,10.0,1.0,2.4,4.0,6.0,1.0,4.0,0.0,1.0,1.0,100.0,5.0,0.0,1.0,1.0,0.0,0.0,0.0,3.0,3.0,3.0,1.0,1.0,1.0,0.0,0.0,0.0,2.0,2.0,2.0,76.0,0.0,0.684210526315789,0.5,0.0,3.0,2.0,1.0,0.0
0.0,9.0,45.0,1.0,0.0,1.0,1.0,1.0,1.0,13.0,0.0,3.0,1.0,1.0,24.0,1.0,1.0,1.0,5.0,0.0,0.0,1.0,1.0,7.0,1.0,1.0,5.0,15.0,6.0,1.6,6.0,11.0,1.0,9.0,1.0,1.0,1.0,100.0,5.0,0.0,2.0,1.0,0.0,0.0,0.0,4.0,4.0,4.0,1.0,1.0,1.0,0.0,0.0,0.0,2.0,2.0,2.0,90.0,0.0,0.355555555555556,0.5,0.0,4.0,2.0,0.0,0.0
0.0,4.0,39.0,1.0,0.0,1.0,1.0,1.0,1.0,7.0,0.0,3.0,1.0,1.0,24.0,1.0,1.0,1.0,5.0,0.0,0.0,1.0,1.0,2.0,1.0,1.0,5.0,10.0,1.0,2.4,5.0,6.0,1.0,4.0,0.0,1.0,1.0,100.0,5.0,0.0,1.0,1.0,0.0,0.0,0.0,3.0,3.0,3.0,1.0,1.0,1.0,0.0,0.0,0.0,2.0,2.0,2.0,78.0,0.0,0.41025641025641,0.5,0.0,4.0,2.0,0.0,0.0
0.0,5.0,40.0,1.0,0.0,1.0,1.0,1.0,1.0,8.0,0.0,3.0,1.0,1.0,24.0,1.0,1.0,1.0,6.0,0.0,0.0,1.0,1.0,3.0,1.0,1.0,6.0,12.0,2.0,2.0,4.0,8.0,1.0,6.0,0.0,1.0,1.0,100.0,5.0,0.0,2.0,1.0,0.0,0.0,0.0,4.0,4.0,4.0,1.0,1.0,1.0,0.0,0.0,0.0,2.0,2.0,2.0,80.0,0.0,0.675,0.5,0.0,3.0,2.0,1.0,0.0
0.0,4.0,38.0,1.0,0.0,1.0,1.0,1.0,1.0,7.0,0.0,3.0,1.0,1.0,24.0,1.0,1.0,1.0,5.0,0.0,0.0,1.0,1.0,2.0,1.0,1.0,5.0,10.0,1.0,2.4,4.0,6.0,1.0,4.0,0.0,1.0,1.0,100.0,5.0,0.0,1.0,1.0,0.0,0.0,0.0,3.0,3.0,3.0,1.0,1.0,1.0,0.0,0.0,0.0,2.0,2.0,2.0,76.0,0.0,0.421052631578947,0.5,0.0,4.0,2.0,0.0,0.0
0.0,5.0,41.0,1.0,0.0,1.0,1.0,1.0,1.0,8.0,0.0,3.0,1.0,1.0,24.0,1.0,1.0,1.0,6.0,0.0,0.0,1.0,1.0,3.0,1.0,1.0,6.0,12.0,2.0,2.0,5.0,8.0,1.0,6.0,0.0,1.0,1.0,100.0,5.0,0.0,1.0,1.0,0.0,0.0,0.0,5.0,5.0,5.0,1.0,1.0,1.0,0.0,0.0,0.0,2.0,2.0,2.0,82.0,0.0,0.658536585365854,0.5,0.0,3.0,2.0,1.0,0.0
0.0,5.0,43.0,1.0,0.0,1.0,1.0,1.0,1.0,11.0,0.0,5.0,1.0,1.0,26.0,1.0,1.0,1.0,6.0,0.0,0.0,1.0,1.0,3.0,1.0,1.0,6.0,12.0,2.0,2.17,5.0,8.0,1.0,6.0,1.0,1.0,1.0,100.0,6.0,0.0,1.0,1.0,2.0,2.0,2.0,4.0,4.0,4.0,1.0,1.0,1.0,0.0,0.0,0.0,2.0,2.0,2.0,86.0,0.0,0.558139534883721,0.5,0.0,3.0,2.0,0.0,0.0
0.0,6.0,43.0,1.0,0.0,1.0,1.0,1.0,1.0,11.0,0.0,4.0,1.0,1.0,25.0,1.0,1.0,1.0,6.0,0.0,0.0,1.0,1.0,4.0,1.0,1.0,6.0,13.0,3.0,1.92,5.0,9.0,1.0,7.0,1.0,1.0,1.0,100.0,6.0,0.0,1.0,1.0,2.0,2.0,2.0,4.0,4.0,4.0,1.0,1.0,1.0,0.0,0.0,0.0,2.0,2.0,2.0,86.0,0.0,0.767441860465116,0.5,0.0,3.0,2.0,0.0,0.0
0.0,5.0,41.0,1.0,0.0,1.0,1.0,1.0,1.0,9.0,0.0,4.0,1.0,1.0,25.0,1.0,1.0,1.0,6.0,0.0,0.0,1.0,1.0,3.0,1.0,1.0,6.0,12.0,2.0,2.08,4.0,8.0,1.0,6.0,0.0,1.0,1.0,100.0,6.0,0.0,1.0,1.0,3.0,3.0,3.0,4.0,4.0,4.0,1.0,1.0,1.0,0.0,0.0,0.0,2.0,2.0,2.0,82.0,0.0,0.707317073170732,0.5,0.0,3.0,2.0,0.0,0.0
0.0,4.0,39.0,1.0,0.0,1.0,1.0,1.0,1.0,8.0,0.0,4.0,1.0,1.0,25.0,1.0,1.0,1.0,5.0,0.0,0.0,1.0,1.0,2.0,1.0,1.0,5.0,10.0,1.0,2.5,4.0,6.0,1.0,4.0,0.0,1.0,1.0,100.0,6.0,0.0,0.0,1.0,2.0,2.0,2.0,2.0,2.0,2.0,1.0,1.0,1.0,0.0,0.0,0.0,2.0,2.0,2.0,78.0,0.0,0.717948717948718,0.5,0.0,3.0,2.0,0.0,0.0
0.0,4.0,39.0,1.0,0.0,1.0,1.0,1.0,1.0,8.0,0.0,4.0,1.0,1.0,25.0,1.0,1.0,1.0,5.0,0.0,0.0,1.0,1.0,2.0,1.0,1.0,5.0,10.0,1.0,2.5,4.0,6.0,1.0,4.0,0.0,1.0,1.0,100.0,6.0,0.0,0.0,1.0,2.0,2.0,2.0,2.0,2.0,2.0,1.0,1.0,1.0,0.0,0.0,0.0,2.0,2.0,2.0,78.0,0.0,0.769230769230769,0.5,0.0,3.0,2.0,0.0,0.0
0.0,7.0,46.0,1.0,0.0,1.0,1.0,1.0,1.0,13.0,0.0,4.0,1.0,1.0,25.0,1.0,1.0,1.0,8.0,0.0,0.0,1.0,1.0,5.0,1.0,1.0,8.0,15.0,3.0,1.67,6.0,11.0,1.0,9.0,2.0,1.0,1.0,100.0,6.0,0.0,1.0,1.0,2.0,2.0,2.0,5.0,5.0,5.0,1.0,1.0,1.0,0.0,0.0,0.0,2.0,2.0,2.0,92.0,0.0,0.760869565217391,0.5,0.0,3.0,2.0,0.0,0.0
0.0,4.0,39.0,1.0,0.0,1.0,1.0,1.0,1.0,8.0,0.0,4.0,1.0,1.0,25.0,1.0,1.0,1.0,5.0,0.0,0.0,1.0,1.0,2.0,1.0,1.0,5.0,10.0,1.0,2.5,4.0,6.0,1.0,4.0,0.0,1.0,1.0,100.0,6.0,0.0,0.0,1.0,4.0,4.0,4.0,2.0,2.0,2.0,1.0,1.0,1.0,0.0,0.0,0.0,2.0,2.0,2.0,78.0,0.0,0.717948717948718,0.5,0.0,3.0,2.0,0.0,0.0
0.0,4.0,222.0,2.0,0.0,1.0,1.0,22.0,1.0,7.0,0.0,3.0,1.0,21.0,88.0,1.0,21.0,22.0,34.0,0.0,0.0,2.0,21.0,33.0,22.0,21.0,34.0,110.0,27.0,0.8,24.0,61.0,2.0,38.0,0.0,21.0,1.0,100.0,3.0,0.0,27.0,1.0,2.0,1.04761904761905,1.0,7.0,1.38095238095238,1.0,2.0,1.04761904761905,1.0,1.0,0.130434782608696,0.0,3.0,3.0,2.0,447.0,3.0,0.927927927927928,0.666666666666667,0.0,1.0,2.0,2.0,0.0
0.0,7.0,45.0,1.0,0.0,1.0,1.0,1.0,1.0,12.0,0.0,3.0,1.0,1.0,23.0,1.0,1.0,1.0,8.0,0.0,0.0,1.0,1.0,5.0,1.0,1.0,8.0,16.0,4.0,1.44,6.0,12.0,1.0,10.0,2.0,1.0,1.0,100.0,6.0,0.0,3.0,1.0,3.0,3.0,3.0,4.0,4.0,4.0,1.0,1.0,1.0,0.0,0.0,0.0,2.0,2.0,2.0,90.0,0.0,0.666666666666667,0.5,0.0,2.0,2.0,0.0,0.0
0.0,4.0,39.0,1.0,0.0,1.0,1.0,1.0,1.0,8.0,0.0,4.0,1.0,1.0,24.0,1.0,1.0,1.0,5.0,0.0,0.0,1.0,1.0,2.0,1.0,1.0,5.0,10.0,1.0,2.4,5.0,6.0,1.0,4.0,0.0,1.0,1.0,100.0,6.0,0.0,0.0,1.0,2.0,2.0,2.0,2.0,2.0,2.0,1.0,1.0,1.0,0.0,0.0,0.0,2.0,2.0,2.0,78.0,0.0,0.769230769230769,0.5,0.0,3.0,2.0,0.0,0.0
0.0,3.0,38.0,1.0,0.0,1.0,1.0,1.0,1.0,7.0,0.0,4.0,1.0,1.0,25.0,1.0,1.0,1.0,5.0,0.0,0.0,1.0,1.0,1.0,1.0,1.0,5.0,9.0,0.0,2.78,4.0,5.0,1.0,3.0,0.0,1.0,1.0,100.0,5.0,0.0,0.0,1.0,0.0,0.0,0.0,1.0,1.0,1.0,1.0,1.0,1.0,0.0,0.0,0.0,2.0,2.0,2.0,76.0,0.0,0.710526315789474,0.5,0.0,4.0,2.0,0.0,0.0
0.0,3.0,38.0,1.0,0.0,1.0,1.0,1.0,1.0,7.0,0.0,4.0,1.0,1.0,25.0,1.0,1.0,1.0,5.0,0.0,0.0,1.0,1.0,1.0,1.0,1.0,5.0,9.0,0.0,2.78,4.0,5.0,1.0,3.0,0.0,1.0,1.0,100.0,5.0,0.0,0.0,1.0,0.0,0.0,0.0,1.0,1.0,1.0,1.0,1.0,1.0,0.0,0.0,0.0,3.0,3.0,3.0,80.0,4.0,0.710526315789474,0.333333333333333,0.0,3.0,3.0,0.0,0.0
0.0,4.0,63.0,1.0,0.0,1.0,0.0,4.0,1.0,7.0,0.0,3.0,1.0,4.0,36.0,1.0,4.0,4.0,7.0,1.0,0.0,1.0,3.0,4.0,4.0,4.0,7.0,21.0,4.0,1.71,6.0,11.0,1.0,6.0,0.0,4.0,1.0,0.0,3.0,0.0,3.0,1.0,1.0,0.75,0.0,2.0,1.25,1.0,1.0,1.0,1.0,0.0,0.0,0.0,2.0,2.0,1.0,83.0,20.0,0.396825396825397,1.0,0.0,4.0,1.0,1.0,1.0
0.0,27.0,355.0,2.0,0.0,1.0,0.0,10.0,1.0,39.0,0.0,8.0,1.0,8.0,86.0,1.0,8.0,10.0,34.0,0.0,0.0,2.0,8.0,189.0,10.0,8.0,34.0,230.0,168.0,0.37,39.0,202.0,2.0,191.0,3.0,8.0,1.0,0.0,2.0,0.0,6.0,1.0,1.0,0.25,0.0,14.0,8.375,2.0,2.0,1.25,1.0,1.0,0.4,0.0,3.0,3.0,3.0,714.0,4.0,0.845070422535211,0.333333333333333,0.0,3.0,3.0,3.0,0.0
0.0,4.0,40.0,1.0,0.0,1.0,1.0,1.0,1.0,8.0,0.0,4.0,1.0,1.0,25.0,1.0,1.0,1.0,6.0,0.0,0.0,1.0,1.0,2.0,1.0,1.0,6.0,11.0,1.0,2.27,4.0,7.0,1.0,5.0,0.0,1.0,1.0,100.0,5.0,0.0,1.0,1.0,0.0,0.0,0.0,3.0,3.0,3.0,1.0,1.0,1.0,0.0,0.0,0.0,2.0,2.0,2.0,80.0,0.0,0.65,0.5,0.0,4.0,2.0,0.0,0.0
0.0,4.0,40.0,1.0,0.0,1.0,1.0,1.0,1.0,8.0,0.0,4.0,1.0,1.0,25.0,1.0,1.0,1.0,6.0,0.0,0.0,1.0,1.0,2.0,1.0,1.0,6.0,11.0,1.0,2.27,4.0,7.0,1.0,5.0,0.0,1.0,1.0,100.0,5.0,0.0,1.0,1.0,0.0,0.0,0.0,3.0,3.0,3.0,1.0,1.0,1.0,0.0,0.0,0.0,2.0,2.0,2.0,80.0,0.0,0.65,0.5,0.0,4.0,2.0,0.0,0.0
0.0,4.0,40.0,1.0,0.0,1.0,1.0,1.0,1.0,8.0,0.0,4.0,1.0,1.0,25.0,1.0,1.0,1.0,6.0,0.0,0.0,1.0,1.0,2.0,1.0,1.0,6.0,11.0,1.0,2.27,4.0,7.0,1.0,5.0,0.0,1.0,1.0,100.0,5.0,0.0,1.0,1.0,0.0,0.0,0.0,3.0,3.0,3.0,1.0,1.0,1.0,0.0,0.0,0.0,2.0,2.0,2.0,80.0,0.0,0.65,0.5,0.0,4.0,2.0,0.0,0.0
0.0,4.0,40.0,1.0,0.0,1.0,1.0,1.0,1.0,8.0,0.0,4.0,1.0,1.0,25.0,1.0,1.0,1.0,6.0,0.0,0.0,1.0,1.0,2.0,1.0,1.0,6.0,11.0,1.0,2.27,4.0,7.0,1.0,5.0,0.0,1.0,1.0,100.0,5.0,0.0,1.0,1.0,0.0,0.0,0.0,3.0,3.0,3.0,1.0,1.0,1.0,0.0,0.0,0.0,2.0,2.0,2.0,80.0,0.0,0.65,0.5,0.0,4.0,2.0,0.0,0.0
0.0,4.0,40.0,1.0,0.0,1.0,1.0,1.0,1.0,8.0,0.0,4.0,1.0,1.0,25.0,1.0,1.0,1.0,6.0,0.0,0.0,1.0,1.0,2.0,1.0,1.0,6.0,11.0,1.0,2.27,4.0,7.0,1.0,5.0,0.0,1.0,1.0,100.0,5.0,0.0,1.0,1.0,0.0,0.0,0.0,3.0,3.0,3.0,1.0,1.0,1.0,0.0,0.0,0.0,2.0,2.0,2.0,80.0,0.0,0.65,0.5,0.0,4.0,2.0,0.0,0.0
0.0,4.0,40.0,1.0,0.0,1.0,1.0,1.0,1.0,8.0,0.0,4.0,1.0,1.0,25.0,1.0,1.0,1.0,6.0,0.0,0.0,1.0,1.0,2.0,1.0,1.0,6.0,11.0,1.0,2.27,4.0,7.0,1.0,5.0,0.0,1.0,1.0,100.0,5.0,0.0,1.0,1.0,0.0,0.0,0.0,3.0,3.0,3.0,1.0,1.0,1.0,0.0,0.0,0.0,2.0,2.0,2.0,80.0,0.0,0.65,0.5,0.0,4.0,2.0,0.0,0.0
0.0,4.0,106.0,1.0,0.0,1.0,0.0,8.0,1.0,8.0,0.0,3.0,1.0,8.0,48.0,1.0,8.0,8.0,15.0,0.0,1.0,1.0,8.0,13.0,8.0,8.0,15.0,45.0,12.0,1.07,13.0,27.0,1.0,18.0,0.0,8.0,1.0,87.0,2.0,0.0,12.0,1.0,9.0,2.0,1.0,10.0,2.125,1.0,1.0,1.0,1.0,0.0,0.0,0.0,4.0,4.0,3.0,218.0,4.0,0.839622641509434,0.5,0.0,2.0,3.0,3.0,0.0
0.0,9.0,60.0,3.0,0.0,1.0,0.0,4.0,2.0,14.0,0.0,4.0,2.0,2.0,29.0,1.0,2.0,4.0,11.0,0.0,0.0,3.0,2.0,9.0,4.0,2.0,12.0,26.0,6.0,1.12,5.0,18.0,3.0,13.0,0.0,2.0,2.0,0.0,3.0,0.0,4.0,1.0,1.0,0.5,0.0,9.0,5.5,2.0,4.0,2.5,1.0,1.0,0.75,0.0,3.0,3.0,3.0,122.0,2.0,0.75,0.333333333333333,0.0,4.0,3.0,0.0,0.0
0.0,18.0,54.0,1.0,0.0,1.0,0.0,1.0,1.0,23.0,0.0,3.0,1.0,1.0,22.0,1.0,1.0,1.0,12.0,0.0,0.0,1.0,1.0,15.0,1.0,1.0,12.0,27.0,11.0,0.81,5.0,23.0,1.0,21.0,2.0,1.0,1.0,0.0,2.0,0.0,8.0,1.0,0.0,0.0,0.0,7.0,7.0,7.0,1.0,1.0,1.0,0.0,0.0,0.0,1.0,1.0,1.0,54.0,0.0,1.0,1.0,0.0,1.0,1.0,0.0,0.0
0.0,13.0,99.0,1.0,0.0,1.0,8.0,3.0,1.0,17.0,0.0,3.0,1.0,3.0,30.0,5.0,3.0,3.0,15.0,0.0,0.0,1.0,3.0,39.0,3.0,3.0,15.0,61.0,30.0,0.49,8.0,45.0,1.0,41.0,0.0,3.0,1.0,66.0,2.0,0.0,2.0,2.0,5.0,2.0,0.0,5.0,2.33333333333333,1.0,1.0,1.0,1.0,0.0,0.0,0.0,1.0,1.0,1.0,99.0,0.0,1.0,1.0,0.0,1.0,1.0,0.0,0.0
1.0,6.0,99.0,1.0,0.0,1.0,3.0,7.0,1.0,9.0,0.0,2.0,1.0,7.0,31.0,3.0,7.0,7.0,22.0,3.0,2.0,1.0,3.0,17.0,7.0,7.0,24.0,53.0,9.0,0.58,15.0,33.0,1.0,24.0,0.0,7.0,1.0,100.0,5.0,0.0,3.0,2.0,2.0,0.857142857142857,0.0,5.0,1.71428571428571,1.0,1.0,1.0,1.0,0.0,0.0,0.0,2.0,2.0,2.0,198.0,0.0,0.636363636363636,0.5,0.0,3.0,2.0,0.0,0.0
0.0,0.0,45.0,0.0,0.0,0.0,2.0,0.0,0.0,0.0,0.0,0.0,0.0,0.0,35.0,1.0,0.0,0.0,5.0,0.0,0.0,0.0,0.0,2.0,0.0,0.0,5.0,7.0,0.0,5.0,3.0,5.0,0.0,4.0,0.0,0.0,0.0,0.0,5.0,0.0,0.0,1.0,0.0,0.0,0.0,0.0,0.0,0.0,0.0,0.0,0.0,0.0,0.0,0.0,2.0,2.0,2.0,90.0,0.0,0.666666666666667,0.5,0.0,2.0,2.0,1.0,0.0
0.0,0.0,54.0,0.0,0.0,0.0,3.0,0.0,0.0,0.0,0.0,0.0,0.0,0.0,42.0,1.0,0.0,0.0,6.0,0.0,0.0,0.0,0.0,3.0,0.0,0.0,6.0,8.0,0.0,5.25,4.0,6.0,0.0,5.0,0.0,0.0,0.0,0.0,5.0,0.0,0.0,1.0,0.0,0.0,0.0,0.0,0.0,0.0,0.0,0.0,0.0,0.0,0.0,0.0,2.0,2.0,2.0,108.0,0.0,0.666666666666667,0.5,0.0,2.0,2.0,1.0,0.0
0.0,0.0,33.0,0.0,0.0,0.0,2.0,0.0,0.0,0.0,0.0,0.0,0.0,0.0,23.0,1.0,0.0,0.0,5.0,0.0,0.0,0.0,0.0,2.0,0.0,0.0,5.0,7.0,0.0,3.29,3.0,5.0,0.0,4.0,0.0,0.0,0.0,0.0,5.0,0.0,0.0,1.0,0.0,0.0,0.0,0.0,0.0,0.0,0.0,0.0,0.0,0.0,0.0,0.0,2.0,2.0,2.0,66.0,0.0,0.393939393939394,0.5,0.0,4.0,2.0,1.0,0.0
0.0,7.0,90.0,1.0,0.0,1.0,2.0,6.0,1.0,9.0,0.0,2.0,1.0,6.0,32.0,3.0,6.0,6.0,20.0,1.0,1.0,1.0,5.0,22.0,6.0,6.0,21.0,49.0,10.0,0.65,9.0,31.0,1.0,23.0,0.0,6.0,1.0,100.0,2.0,0.0,6.0,2.0,1.0,0.666666666666667,0.0,3.0,2.16666666666667,1.0,1.0,1.0,1.0,0.0,0.0,0.0,1.0,1.0,1.0,90.0,0.0,1.0,1.0,0.0,1.0,1.0,0.0,0.0
0.0,10.0,212.0,1.0,0.0,1.0,2.0,10.0,1.0,15.0,0.0,2.0,1.0,10.0,51.0,4.0,10.0,10.0,48.0,1.0,0.0,1.0,9.0,79.0,10.0,10.0,47.0,126.0,44.0,0.4,35.0,91.0,1.0,77.0,1.0,10.0,1.0,100.0,3.0,0.0,12.0,1.0,2.0,0.3,0.0,8.0,3.8,1.0,1.0,1.0,1.0,0.0,0.0,0.0,3.0,3.0,3.0,430.0,6.0,0.391509433962264,0.333333333333333,0.0,4.0,3.0,1.0,0.0
0.0,8.0,293.0,3.0,0.0,1.0,2.0,23.0,1.0,12.0,0.0,3.0,1.0,18.0,82.0,3.0,18.0,22.0,59.0,3.0,7.0,4.0,15.0,87.0,22.0,18.0,55.0,178.0,49.0,0.46,33.0,104.0,3.0,80.0,0.0,18.0,1.0,100.0,2.0,0.0,17.0,2.0,4.0,1.72222222222222,0.0,11.0,4.11111111111111,1.0,3.0,1.22222222222222,1.0,2.0,0.363636363636364,0.0,5.0,5.0,5.0,625.0,41.0,0.57679180887372,0.2,0.0,4.0,5.0,2.0,0.0
0.0,10.0,51.0,1.0,0.0,1.0,1.0,1.0,1.0,15.0,0.0,3.0,1.0,1.0,22.0,1.0,1.0,1.0,12.0,0.0,2.0,1.0,1.0,8.0,1.0,1.0,12.0,21.0,5.0,1.05,8.0,17.0,1.0,15.0,2.0,1.0,1.0,33.0,5.0,0.0,2.0,1.0,3.0,3.0,3.0,6.0,6.0,6.0,1.0,1.0,1.0,0.0,0.0,0.0,2.0,2.0,2.0,102.0,0.0,0.372549019607843,0.5,0.0,5.0,2.0,0.0,0.0
0.0,0.0,28.0,0.0,0.0,0.0,1.0,0.0,0.0,0.0,0.0,0.0,0.0,0.0,19.0,1.0,0.0,0.0,4.0,0.0,0.0,0.0,0.0,1.0,0.0,0.0,4.0,6.0,0.0,3.17,3.0,4.0,0.0,3.0,0.0,0.0,0.0,0.0,5.0,0.0,0.0,1.0,0.0,0.0,0.0,0.0,0.0,0.0,0.0,0.0,0.0,0.0,0.0,0.0,2.0,2.0,2.0,56.0,0.0,0.571428571428571,0.5,0.0,3.0,2.0,1.0,0.0
0.0,3.0,34.0,1.0,0.0,1.0,1.0,1.0,1.0,6.0,0.0,3.0,1.0,1.0,22.0,1.0,1.0,1.0,5.0,0.0,0.0,1.0,1.0,1.0,1.0,1.0,5.0,9.0,0.0,2.44,3.0,5.0,1.0,3.0,0.0,1.0,1.0,100.0,5.0,0.0,0.0,1.0,0.0,0.0,0.0,1.0,1.0,1.0,1.0,1.0,1.0,0.0,0.0,0.0,2.0,2.0,2.0,68.0,0.0,0.470588235294118,0.5,0.0,4.0,2.0,1.0,0.0
0.0,3.0,35.0,1.0,0.0,1.0,1.0,1.0,1.0,7.0,0.0,4.0,1.0,1.0,23.0,1.0,1.0,1.0,5.0,0.0,0.0,1.0,1.0,1.0,1.0,1.0,5.0,9.0,0.0,2.56,3.0,5.0,1.0,3.0,0.0,1.0,1.0,100.0,5.0,0.0,0.0,1.0,0.0,0.0,0.0,1.0,1.0,1.0,1.0,1.0,1.0,0.0,0.0,0.0,2.0,2.0,2.0,70.0,0.0,0.457142857142857,0.5,0.0,4.0,2.0,1.0,0.0
0.0,3.0,36.0,1.0,0.0,1.0,1.0,1.0,1.0,8.0,0.0,5.0,1.0,1.0,24.0,1.0,1.0,1.0,5.0,0.0,0.0,1.0,1.0,1.0,1.0,1.0,5.0,9.0,0.0,2.67,3.0,5.0,1.0,3.0,0.0,1.0,1.0,100.0,5.0,0.0,0.0,1.0,0.0,0.0,0.0,1.0,1.0,1.0,1.0,1.0,1.0,0.0,0.0,0.0,3.0,3.0,3.0,73.0,1.0,0.444444444444444,0.333333333333333,0.0,4.0,3.0,1.0,0.0
0.0,3.0,36.0,1.0,0.0,1.0,1.0,1.0,1.0,8.0,0.0,5.0,1.0,1.0,24.0,1.0,1.0,1.0,5.0,0.0,0.0,1.0,1.0,1.0,1.0,1.0,5.0,9.0,0.0,2.67,3.0,5.0,1.0,3.0,0.0,1.0,1.0,100.0,5.0,0.0,0.0,1.0,0.0,0.0,0.0,1.0,1.0,1.0,1.0,1.0,1.0,0.0,0.0,0.0,2.0,2.0,2.0,72.0,0.0,0.444444444444444,0.5,0.0,4.0,2.0,1.0,0.0
0.0,3.0,34.0,1.0,0.0,1.0,1.0,1.0,1.0,6.0,0.0,3.0,1.0,1.0,22.0,1.0,1.0,1.0,5.0,0.0,0.0,1.0,1.0,1.0,1.0,1.0,5.0,9.0,0.0,2.44,3.0,5.0,1.0,3.0,0.0,1.0,1.0,100.0,5.0,0.0,0.0,1.0,0.0,0.0,0.0,1.0,1.0,1.0,1.0,1.0,1.0,0.0,0.0,0.0,2.0,2.0,2.0,68.0,0.0,0.5,0.5,0.0,4.0,2.0,1.0,0.0
0.0,23.0,170.0,4.0,0.0,1.0,0.0,10.0,3.0,33.0,0.0,6.0,3.0,4.0,46.0,1.0,4.0,10.0,10.0,1.0,1.0,4.0,3.0,52.0,10.0,4.0,10.0,98.0,40.0,0.47,26.0,50.0,4.0,39.0,3.0,4.0,3.0,25.0,3.0,0.0,10.0,1.0,5.0,2.75,0.0,5.0,3.25,2.0,8.0,4.5,1.0,1.0,0.666666666666667,0.0,3.0,3.0,3.0,334.0,2.0,0.879518072289157,0.333333333333333,0.0,2.0,3.0,3.0,0.0
0.0,8.0,106.0,2.0,0.0,1.0,0.0,7.0,1.0,12.0,0.0,3.0,1.0,6.0,42.0,1.0,6.0,7.0,16.0,0.0,0.0,2.0,6.0,30.0,7.0,6.0,16.0,57.0,22.0,0.74,7.0,38.0,2.0,30.0,0.0,6.0,1.0,0.0,2.0,0.0,2.0,1.0,1.0,0.166666666666667,0.0,5.0,3.16666666666667,2.0,2.0,1.16666666666667,1.0,1.0,0.375,0.0,3.0,3.0,3.0,214.0,2.0,0.377358490566038,0.333333333333333,0.0,4.0,3.0,2.0,0.0
0.0,3.0,38.0,1.0,0.0,1.0,1.0,2.0,1.0,4.0,0.0,0.0,1.0,2.0,21.0,1.0,2.0,2.0,6.0,1.0,0.0,1.0,1.0,2.0,2.0,2.0,6.0,13.0,1.0,1.62,4.0,7.0,1.0,4.0,0.0,2.0,1.0,100.0,3.0,0.0,0.0,1.0,0.0,0.0,0.0,1.0,0.5,0.0,1.0,1.0,1.0,0.0,0.0,0.0,4.0,4.0,3.0,81.0,0.0,0.394736842105263,0.5,0.0,5.0,3.0,0.0,0.0
0.0,3.0,38.0,1.0,0.0,1.0,1.0,2.0,1.0,4.0,0.0,0.0,1.0,2.0,21.0,1.0,2.0,2.0,6.0,1.0,0.0,1.0,1.0,2.0,2.0,2.0,6.0,13.0,1.0,1.62,4.0,7.0,1.0,4.0,0.0,2.0,1.0,100.0,3.0,0.0,0.0,1.0,0.0,0.0,0.0,1.0,0.5,0.0,1.0,1.0,1.0,0.0,0.0,0.0,4.0,4.0,3.0,79.0,0.0,0.394736842105263,0.5,0.0,5.0,3.0,0.0,0.0
0.0,7.0,93.0,1.0,0.0,1.0,1.0,6.0,1.0,10.0,0.0,2.0,1.0,6.0,33.0,2.0,6.0,6.0,18.0,2.0,0.0,1.0,4.0,23.0,6.0,6.0,19.0,50.0,15.0,0.66,10.0,34.0,1.0,27.0,0.0,6.0,1.0,100.0,3.0,0.0,8.0,2.0,2.0,1.0,0.0,7.0,3.0,1.0,1.0,1.0,1.0,0.0,0.0,0.0,2.0,2.0,2.0,186.0,0.0,0.698924731182796,0.5,0.0,4.0,2.0,0.0,0.0
0.0,4.0,37.0,1.0,0.0,1.0,1.0,1.0,1.0,8.0,0.0,4.0,1.0,1.0,24.0,1.0,1.0,1.0,5.0,0.0,0.0,1.0,1.0,2.0,1.0,1.0,5.0,10.0,1.0,2.4,3.0,6.0,1.0,4.0,0.0,1.0,1.0,100.0,5.0,0.0,0.0,1.0,2.0,2.0,2.0,2.0,2.0,2.0,1.0,1.0,1.0,0.0,0.0,0.0,2.0,2.0,2.0,74.0,0.0,0.594594594594595,0.5,0.0,3.0,2.0,0.0,0.0
0.0,5.0,213.0,1.0,0.0,1.0,2.0,16.0,1.0,9.0,0.0,4.0,1.0,16.0,87.0,2.0,16.0,16.0,31.0,0.0,1.0,1.0,16.0,40.0,16.0,16.0,31.0,101.0,34.0,0.86,25.0,65.0,1.0,47.0,0.0,16.0,1.0,100.0,8.0,1.0,6.0,1.0,3.0,1.25,1.0,8.0,2.375,1.0,1.0,1.0,1.0,0.0,0.0,0.0,2.0,2.0,2.0,426.0,0.0,0.661971830985915,0.5,0.0,3.0,2.0,1.0,0.0
0.0,4.0,37.0,1.0,0.0,1.0,1.0,1.0,1.0,8.0,0.0,4.0,1.0,1.0,24.0,1.0,1.0,1.0,5.0,0.0,0.0,1.0,1.0,2.0,1.0,1.0,5.0,10.0,1.0,2.4,3.0,6.0,1.0,4.0,0.0,1.0,1.0,100.0,6.0,0.0,0.0,1.0,2.0,2.0,2.0,2.0,2.0,2.0,1.0,1.0,1.0,0.0,0.0,0.0,2.0,2.0,2.0,74.0,0.0,0.594594594594595,0.5,0.0,3.0,2.0,0.0,0.0
0.0,7.0,113.0,1.0,0.0,1.0,0.0,7.0,1.0,11.0,0.0,3.0,1.0,7.0,42.0,1.0,7.0,7.0,25.0,0.0,0.0,1.0,7.0,28.0,7.0,7.0,25.0,55.0,14.0,0.76,16.0,39.0,1.0,31.0,1.0,7.0,1.0,0.0,2.0,0.0,1.0,1.0,0.0,0.0,0.0,4.0,4.0,4.0,1.0,1.0,1.0,0.0,0.0,0.0,3.0,3.0,3.0,228.0,2.0,0.814159292035398,0.333333333333333,0.0,2.0,3.0,1.0,0.0
0.0,13.0,53.0,1.0,0.0,1.0,0.0,1.0,1.0,22.0,0.0,3.0,1.0,1.0,22.0,1.0,1.0,1.0,12.0,0.0,0.0,1.0,1.0,10.0,1.0,1.0,12.0,22.0,6.0,1.0,9.0,18.0,1.0,16.0,6.0,1.0,1.0,0.0,3.0,0.0,6.0,1.0,1.0,1.0,1.0,14.0,14.0,14.0,1.0,1.0,1.0,0.0,0.0,0.0,1.0,1.0,1.0,53.0,0.0,1.0,1.0,0.0,1.0,1.0,0.0,0.0
0.0,4.0,66.0,1.0,0.0,1.0,2.0,4.0,1.0,7.0,0.0,2.0,1.0,4.0,32.0,2.0,4.0,4.0,13.0,0.0,1.0,1.0,4.0,10.0,4.0,4.0,14.0,25.0,5.0,1.28,9.0,19.0,1.0,14.0,0.0,4.0,1.0,100.0,5.0,0.0,3.0,2.0,3.0,1.75,0.0,4.0,1.75,1.0,1.0,1.0,1.0,0.0,0.0,0.0,2.0,2.0,2.0,132.0,0.0,0.621212121212121,0.5,0.0,4.0,2.0,2.0,0.0
0.0,7.0,145.0,1.0,0.0,1.0,2.0,7.0,1.0,12.0,0.0,4.0,1.0,7.0,56.0,2.0,7.0,7.0,30.0,2.0,1.0,1.0,5.0,36.0,7.0,7.0,31.0,73.0,24.0,0.77,16.0,55.0,1.0,47.0,0.0,7.0,1.0,100.0,2.0,0.0,13.0,2.0,2.0,1.28571428571429,1.0,13.0,5.28571428571429,1.0,1.0,1.0,1.0,0.0,0.0,0.0,4.0,4.0,3.0,298.0,8.0,0.455172413793103,0.5,0.0,6.0,3.0,1.0,0.0
0.0,9.0,57.0,2.0,0.0,1.0,2.0,4.0,1.0,10.0,0.0,0.0,1.0,3.0,22.0,2.0,3.0,4.0,8.0,1.0,1.0,2.0,2.0,12.0,4.0,3.0,11.0,27.0,6.0,0.81,8.0,17.0,2.0,12.0,1.0,3.0,1.0,100.0,5.0,0.0,2.0,2.0,1.0,0.666666666666667,0.0,2.0,1.66666666666667,1.0,2.0,1.33333333333333,1.0,1.0,0.5,0.0,4.0,4.0,3.0,115.0,0.0,0.789473684210526,0.5,0.0,3.0,3.0,0.0,0.0
0.0,7.0,47.0,1.0,0.0,1.0,2.0,2.0,1.0,8.0,0.0,0.0,1.0,2.0,22.0,2.0,2.0,2.0,7.0,0.0,0.0,1.0,2.0,6.0,2.0,2.0,9.0,19.0,2.0,1.16,6.0,11.0,1.0,8.0,1.0,2.0,1.0,100.0,5.0,0.0,1.0,2.0,1.0,0.5,0.0,2.0,1.5,1.0,1.0,1.0,1.0,0.0,0.0,0.0,2.0,2.0,2.0,94.0,0.0,0.808510638297872,0.5,0.0,3.0,2.0,0.0,0.0
0.0,11.0,87.0,1.0,0.0,1.0,0.0,3.0,1.0,15.0,0.0,4.0,1.0,3.0,35.0,1.0,3.0,3.0,24.0,1.0,0.0,1.0,2.0,24.0,3.0,3.0,24.0,47.0,15.0,0.74,5.0,39.0,1.0,35.0,0.0,3.0,1.0,0.0,3.0,0.0,11.0,1.0,2.0,1.66666666666667,1.0,10.0,9.0,8.0,1.0,1.0,1.0,0.0,0.0,0.0,5.0,5.0,3.0,177.0,10.0,0.885057471264368,0.6,0.0,2.0,3.0,0.0,0.0
0.0,15.0,51.0,1.0,0.0,1.0,0.0,1.0,1.0,18.0,0.0,3.0,1.0,1.0,24.0,1.0,1.0,1.0,14.0,0.0,0.0,1.0,1.0,12.0,1.0,1.0,13.0,24.0,6.0,1.0,3.0,19.0,1.0,17.0,0.0,1.0,1.0,0.0,2.0,0.0,8.0,1.0,1.0,1.0,1.0,11.0,11.0,11.0,1.0,1.0,1.0,0.0,0.0,0.0,4.0,4.0,4.0,124.0,13.0,0.725490196078431,0.25,0.0,3.0,4.0,1.0,0.0
1.0,7.0,112.0,1.0,0.0,1.0,0.0,7.0,1.0,10.0,0.0,2.0,1.0,7.0,39.0,1.0,7.0,7.0,19.0,0.0,0.0,1.0,6.0,34.0,7.0,7.0,19.0,61.0,25.0,0.64,12.0,44.0,1.0,36.0,0.0,7.0,1.0,0.0,3.0,0.0,4.0,1.0,7.0,1.42857142857143,0.0,6.0,3.14285714285714,1.0,1.0,1.0,1.0,0.0,0.0,0.0,3.0,3.0,3.0,226.0,2.0,0.517857142857143,0.333333333333333,0.0,3.0,3.0,1.0,0.0
0.0,11.0,125.0,1.0,0.0,1.0,0.0,4.0,1.0,22.0,0.0,8.0,1.0,4.0,53.0,1.0,4.0,4.0,19.0,0.0,0.0,1.0,4.0,32.0,4.0,4.0,17.0,53.0,21.0,1.0,19.0,38.0,1.0,33.0,3.0,4.0,1.0,0.0,3.0,0.0,18.0,1.0,4.0,2.75,2.0,19.0,10.5,4.0,1.0,1.0,1.0,0.0,0.0,0.0,6.0,6.0,5.0,257.0,7.0,0.472,0.333333333333333,0.0,3.0,5.0,1.0,0.0
0.0,8.0,63.0,1.0,0.0,1.0,1.0,2.0,1.0,14.0,0.0,3.0,1.0,2.0,27.0,1.0,2.0,2.0,12.0,0.0,0.0,1.0,2.0,12.0,2.0,2.0,12.0,25.0,7.0,1.08,11.0,19.0,1.0,16.0,3.0,2.0,1.0,100.0,2.0,0.0,2.0,1.0,0.0,0.0,0.0,8.0,7.5,7.0,1.0,1.0,1.0,0.0,0.0,0.0,5.0,5.0,3.0,135.0,9.0,0.80952380952381,0.4,0.0,2.0,3.0,3.0,0.0
0.0,4.0,39.0,1.0,0.0,1.0,1.0,1.0,1.0,8.0,0.0,4.0,1.0,1.0,25.0,1.0,1.0,1.0,5.0,0.0,0.0,1.0,1.0,2.0,1.0,1.0,5.0,10.0,1.0,2.5,4.0,6.0,1.0,4.0,0.0,1.0,1.0,100.0,6.0,0.0,0.0,1.0,2.0,2.0,2.0,2.0,2.0,2.0,1.0,1.0,1.0,0.0,0.0,0.0,2.0,2.0,2.0,78.0,0.0,0.641025641025641,0.5,0.0,4.0,2.0,0.0,0.0
0.0,4.0,39.0,1.0,0.0,1.0,1.0,1.0,1.0,8.0,0.0,4.0,1.0,1.0,25.0,1.0,1.0,1.0,5.0,0.0,0.0,1.0,1.0,2.0,1.0,1.0,5.0,10.0,1.0,2.5,4.0,6.0,1.0,4.0,0.0,1.0,1.0,100.0,5.0,0.0,1.0,1.0,0.0,0.0,0.0,3.0,3.0,3.0,1.0,1.0,1.0,0.0,0.0,0.0,2.0,2.0,2.0,78.0,0.0,0.641025641025641,0.5,0.0,4.0,2.0,1.0,0.0
2.0,8.0,132.0,1.0,0.0,1.0,1.0,7.0,1.0,12.0,0.0,3.0,1.0,7.0,47.0,1.0,7.0,7.0,29.0,2.0,1.0,1.0,3.0,36.0,7.0,7.0,29.0,69.0,24.0,0.68,16.0,53.0,1.0,45.0,0.0,7.0,1.0,57.0,2.0,0.0,10.0,1.0,3.0,1.71428571428571,0.0,9.0,4.85714285714286,1.0,1.0,1.0,1.0,0.0,0.0,0.0,5.0,5.0,3.0,269.0,5.0,0.757575757575758,0.6,0.0,4.0,3.0,1.0,0.0
1.0,12.0,334.0,1.0,0.0,1.0,1.0,18.0,1.0,18.0,0.0,4.0,1.0,15.0,88.0,2.0,15.0,15.0,91.0,2.0,1.0,2.0,12.0,146.0,15.0,15.0,79.0,206.0,81.0,0.43,42.0,160.0,1.0,143.0,1.0,15.0,1.0,86.0,5.0,0.0,9.0,1.0,8.0,1.46666666666667,1.0,10.0,5.53333333333333,1.0,1.0,1.0,1.0,0.0,0.0,0.0,5.0,5.0,4.0,678.0,10.0,0.958083832335329,0.4,0.0,1.0,4.0,2.0,3.0
0.0,12.0,50.0,1.0,0.0,1.0,1.0,1.0,1.0,15.0,0.0,3.0,1.0,1.0,24.0,1.0,1.0,1.0,14.0,0.0,0.0,1.0,1.0,10.0,1.0,1.0,14.0,23.0,5.0,1.04,3.0,19.0,1.0,17.0,0.0,1.0,1.0,0.0,3.0,0.0,8.0,1.0,2.0,2.0,2.0,7.0,7.0,7.0,1.0,1.0,1.0,0.0,0.0,0.0,2.0,2.0,2.0,51.0,1.0,1.0,0.5,0.0,1.0,2.0,0.0,1.0
0.0,0.0,28.0,0.0,0.0,0.0,1.0,0.0,0.0,0.0,0.0,0.0,0.0,0.0,19.0,1.0,0.0,0.0,4.0,0.0,0.0,0.0,0.0,1.0,0.0,0.0,4.0,6.0,0.0,3.17,3.0,4.0,0.0,3.0,0.0,0.0,0.0,0.0,5.0,0.0,0.0,1.0,0.0,0.0,0.0,0.0,0.0,0.0,0.0,0.0,0.0,0.0,0.0,0.0,2.0,2.0,2.0,56.0,0.0,0.821428571428571,0.5,0.0,3.0,2.0,0.0,0.0
1.0,8.0,210.0,1.0,1.0,1.0,0.0,13.0,1.0,12.0,0.0,3.0,1.0,13.0,66.0,1.0,13.0,13.0,34.0,2.0,1.0,1.0,9.0,67.0,13.0,13.0,33.0,125.0,40.0,0.53,19.0,73.0,1.0,58.0,0.0,13.0,1.0,7.0,2.0,0.0,18.0,1.0,5.0,2.0,1.0,11.0,6.07692307692308,1.0,1.0,1.0,1.0,1.0,0.2,0.0,8.0,8.0,4.0,490.0,83.0,0.628571428571429,0.375,0.0,3.0,4.0,2.0,0.0
0.0,5.0,65.0,1.0,0.0,1.0,0.0,3.0,1.0,9.0,0.0,3.0,1.0,3.0,31.0,1.0,3.0,3.0,14.0,1.0,0.0,1.0,2.0,8.0,3.0,3.0,14.0,27.0,4.0,1.15,7.0,18.0,1.0,14.0,0.0,3.0,1.0,0.0,3.0,0.0,5.0,1.0,1.0,1.0,1.0,8.0,4.33333333333333,2.0,1.0,1.0,1.0,0.0,0.0,0.0,3.0,3.0,3.0,132.0,2.0,0.415384615384615,0.333333333333333,0.0,4.0,3.0,1.0,0.0
0.0,4.0,72.0,1.0,0.0,1.0,0.0,4.0,1.0,8.0,0.0,3.0,1.0,4.0,35.0,1.0,4.0,4.0,12.0,1.0,0.0,1.0,3.0,7.0,4.0,4.0,12.0,27.0,4.0,1.3,10.0,16.0,1.0,11.0,0.0,4.0,1.0,0.0,3.0,0.0,2.0,1.0,2.0,1.0,0.0,5.0,3.0,2.0,1.0,1.0,1.0,0.0,0.0,0.0,3.0,3.0,3.0,146.0,2.0,0.472222222222222,0.333333333333333,0.0,4.0,3.0,2.0,0.0
0.0,7.0,149.0,1.0,0.0,1.0,1.0,7.0,1.0,11.0,0.0,3.0,1.0,7.0,75.0,2.0,7.0,7.0,27.0,1.0,0.0,1.0,6.0,29.0,7.0,7.0,27.0,62.0,11.0,1.21,12.0,38.0,1.0,30.0,0.0,7.0,1.0,0.0,3.0,0.0,8.0,2.0,1.0,0.571428571428571,0.0,9.0,5.0,2.0,1.0,1.0,1.0,0.0,0.0,0.0,3.0,3.0,3.0,300.0,2.0,0.38255033557047,0.333333333333333,0.0,4.0,3.0,2.0,0.0
0.0,3.0,46.0,1.0,0.0,1.0,0.0,3.0,1.0,4.0,0.0,0.0,1.0,3.0,22.0,1.0,3.0,3.0,8.0,2.0,0.0,1.0,1.0,2.0,3.0,3.0,8.0,18.0,2.0,1.22,6.0,10.0,1.0,6.0,0.0,3.0,1.0,0.0,3.0,0.0,1.0,1.0,1.0,0.333333333333333,0.0,2.0,1.0,0.0,1.0,1.0,1.0,0.0,0.0,0.0,4.0,4.0,3.0,97.0,0.0,0.41304347826087,0.5,0.0,6.0,3.0,1.0,0.0
0.0,3.0,52.0,1.0,0.0,1.0,1.0,2.0,1.0,9.0,0.0,6.0,1.0,2.0,33.0,1.0,2.0,2.0,8.0,1.0,0.0,1.0,1.0,2.0,2.0,2.0,8.0,15.0,1.0,2.2,4.0,9.0,1.0,6.0,0.0,2.0,1.0,100.0,2.0,1.0,2.0,1.0,3.0,1.5,0.0,2.0,1.0,0.0,1.0,1.0,1.0,0.0,0.0,0.0,3.0,3.0,3.0,105.0,1.0,0.25,0.333333333333333,0.0,5.0,3.0,1.0,0.0
0.0,4.0,38.0,1.0,0.0,1.0,1.0,1.0,1.0,7.0,0.0,3.0,1.0,1.0,23.0,1.0,1.0,1.0,5.0,0.0,0.0,1.0,1.0,2.0,1.0,1.0,5.0,10.0,1.0,2.3,5.0,6.0,1.0,4.0,0.0,1.0,1.0,100.0,5.0,1.0,0.0,1.0,5.0,5.0,5.0,2.0,2.0,2.0,1.0,1.0,1.0,0.0,0.0,0.0,2.0,2.0,2.0,76.0,0.0,0.473684210526316,0.5,0.0,4.0,2.0,1.0,0.0
0.0,4.0,35.0,1.0,0.0,1.0,1.0,1.0,1.0,7.0,0.0,3.0,1.0,1.0,23.0,1.0,1.0,1.0,4.0,0.0,0.0,1.0,1.0,2.0,1.0,1.0,4.0,9.0,1.0,2.56,3.0,5.0,1.0,3.0,0.0,1.0,1.0,100.0,6.0,0.0,0.0,1.0,1.0,1.0,1.0,2.0,2.0,2.0,1.0,1.0,1.0,0.0,0.0,0.0,2.0,2.0,2.0,70.0,0.0,0.742857142857143,0.5,0.0,3.0,2.0,0.0,0.0
0.0,4.0,47.0,1.0,0.0,1.0,0.0,2.0,1.0,8.0,0.0,4.0,1.0,2.0,28.0,1.0,2.0,2.0,6.0,1.0,0.0,1.0,1.0,2.0,2.0,2.0,6.0,14.0,2.0,2.0,5.0,8.0,1.0,5.0,0.0,2.0,1.0,0.0,3.0,0.0,1.0,1.0,1.0,0.5,0.0,2.0,2.0,2.0,1.0,1.0,1.0,0.0,0.0,0.0,2.0,2.0,2.0,94.0,0.0,0.382978723404255,0.5,0.0,4.0,2.0,1.0,0.0
0.0,4.0,133.0,1.0,0.0,1.0,0.0,10.0,1.0,7.0,0.0,2.0,1.0,10.0,53.0,1.0,10.0,10.0,27.0,4.0,4.0,1.0,6.0,21.0,10.0,10.0,27.0,62.0,15.0,0.85,18.0,42.0,1.0,33.0,0.0,10.0,1.0,62.0,2.0,3.0,9.0,1.0,4.0,1.8,0.0,10.0,3.0,0.0,1.0,1.0,1.0,0.0,0.0,0.0,3.0,3.0,3.0,269.0,3.0,0.661654135338346,0.333333333333333,0.0,3.0,3.0,3.0,0.0
0.0,18.0,119.0,2.0,0.0,1.0,4.0,6.0,2.0,21.0,0.0,2.0,2.0,4.0,28.0,3.0,4.0,6.0,28.0,0.0,0.0,2.0,4.0,40.0,6.0,4.0,30.0,80.0,26.0,0.35,11.0,56.0,2.0,49.0,1.0,4.0,2.0,100.0,3.0,0.0,5.0,2.0,5.0,2.25,0.0,17.0,9.25,2.0,2.0,1.5,1.0,0.0,0.0,0.0,5.0,5.0,4.0,247.0,9.0,0.714285714285714,0.4,0.0,3.0,4.0,1.0,0.0
0.0,12.0,196.0,6.0,0.0,1.0,7.0,11.0,2.0,18.0,0.0,4.0,2.0,6.0,71.0,8.0,6.0,11.0,20.0,0.0,1.0,6.0,6.0,35.0,11.0,6.0,24.0,95.0,22.0,0.75,30.0,46.0,6.0,31.0,2.0,6.0,2.0,100.0,4.0,0.0,9.0,2.0,3.0,0.666666666666667,0.0,6.0,2.0,1.0,32.0,6.16666666666667,1.0,1.0,0.2,0.0,3.0,3.0,3.0,385.0,1.0,0.869791666666667,0.333333333333333,0.0,2.0,3.0,2.0,0.0
0.0,4.0,69.0,1.0,0.0,1.0,3.0,5.0,1.0,5.0,0.0,0.0,1.0,5.0,18.0,4.0,5.0,5.0,16.0,0.0,0.0,1.0,5.0,12.0,5.0,5.0,16.0,42.0,7.0,0.43,9.0,23.0,1.0,14.0,0.0,5.0,1.0,100.0,5.0,0.0,6.0,1.0,1.0,0.6,0.0,7.0,2.4,0.0,1.0,1.0,1.0,0.0,0.0,0.0,3.0,3.0,3.0,139.0,1.0,0.91304347826087,0.333333333333333,0.0,2.0,3.0,0.0,0.0
0.0,8.0,71.0,1.0,0.0,1.0,0.0,3.0,1.0,13.0,0.0,3.0,1.0,3.0,29.0,1.0,3.0,3.0,13.0,0.0,0.0,1.0,3.0,17.0,3.0,3.0,13.0,32.0,11.0,0.91,10.0,24.0,1.0,20.0,1.0,3.0,1.0,0.0,3.0,0.0,5.0,1.0,2.0,1.66666666666667,1.0,7.0,5.0,2.0,1.0,1.0,1.0,0.0,0.0,0.0,3.0,3.0,3.0,143.0,1.0,0.676056338028169,0.333333333333333,0.0,3.0,3.0,0.0,0.0
0.0,8.0,54.0,1.0,0.0,1.0,2.0,2.0,1.0,10.0,0.0,2.0,1.0,2.0,27.0,2.0,2.0,2.0,7.0,0.0,0.0,1.0,2.0,7.0,2.0,2.0,9.0,20.0,3.0,1.35,8.0,12.0,1.0,9.0,1.0,2.0,1.0,100.0,5.0,0.0,1.0,2.0,0.0,0.0,0.0,3.0,2.0,1.0,1.0,1.0,1.0,2.0,0.333333333333333,0.0,2.0,2.0,1.0,54.0,0.0,1.0,1.0,0.0,1.0,1.0,0.0,0.0
1.0,5.0,51.0,1.0,0.0,1.0,1.0,2.0,1.0,9.0,0.0,4.0,1.0,2.0,29.0,1.0,2.0,2.0,7.0,0.0,0.0,1.0,1.0,5.0,2.0,2.0,7.0,16.0,3.0,1.81,6.0,10.0,1.0,7.0,0.0,2.0,1.0,100.0,5.0,0.0,1.0,1.0,2.0,1.0,0.0,3.0,2.5,2.0,1.0,1.0,1.0,0.0,0.0,0.0,2.0,2.0,1.0,51.0,0.0,1.0,1.0,0.0,1.0,1.0,0.0,0.0
0.0,8.0,149.0,4.0,0.0,1.0,3.0,9.0,2.0,14.0,0.0,4.0,2.0,6.0,57.0,2.0,6.0,9.0,32.0,0.0,1.0,4.0,6.0,29.0,9.0,6.0,32.0,77.0,19.0,0.74,15.0,51.0,4.0,40.0,0.0,6.0,2.0,100.0,6.0,0.0,11.0,1.0,3.0,1.66666666666667,1.0,12.0,5.66666666666667,1.0,6.0,1.83333333333333,1.0,2.0,0.666666666666667,0.0,2.0,2.0,1.0,163.0,14.0,1.0,1.0,0.0,1.0,1.0,0.0,0.0
0.0,7.0,46.0,1.0,0.0,1.0,2.0,2.0,1.0,8.0,0.0,0.0,1.0,2.0,22.0,2.0,2.0,2.0,7.0,0.0,0.0,1.0,2.0,6.0,2.0,2.0,9.0,19.0,2.0,1.16,5.0,11.0,1.0,8.0,1.0,2.0,1.0,100.0,5.0,0.0,1.0,2.0,0.0,0.0,0.0,2.0,1.5,1.0,1.0,1.0,1.0,1.0,0.166666666666667,0.0,2.0,2.0,2.0,92.0,0.0,0.565217391304348,0.5,0.0,2.0,2.0,0.0,0.0
0.0,13.0,84.0,2.0,0.0,1.0,0.0,5.0,2.0,17.0,0.0,4.0,2.0,3.0,31.0,1.0,3.0,5.0,6.0,0.0,0.0,2.0,3.0,22.0,5.0,3.0,6.0,44.0,16.0,0.7,9.0,22.0,2.0,16.0,0.0,3.0,2.0,0.0,3.0,0.0,5.0,1.0,3.0,2.33333333333333,1.0,10.0,6.66666666666667,2.0,2.0,1.66666666666667,1.0,1.0,0.8,0.0,7.0,7.0,5.0,177.0,8.0,0.452380952380952,0.428571428571429,0.0,4.0,5.0,0.0,0.0
0.0,6.0,119.0,1.0,0.0,1.0,1.0,9.0,1.0,8.0,0.0,1.0,1.0,9.0,36.0,2.0,9.0,9.0,23.0,3.0,4.0,1.0,6.0,28.0,9.0,9.0,25.0,67.0,20.0,0.54,16.0,45.0,1.0,35.0,0.0,9.0,1.0,74.0,2.0,0.0,9.0,2.0,3.0,1.33333333333333,0.0,9.0,3.22222222222222,0.0,1.0,1.0,1.0,0.0,0.0,0.0,4.0,4.0,2.0,132.0,4.0,0.957983193277311,0.5,0.0,1.0,2.0,1.0,0.0
0.0,5.0,212.0,1.0,0.0,1.0,4.0,21.0,1.0,7.0,0.0,1.0,1.0,21.0,60.0,4.0,21.0,21.0,37.0,5.0,9.0,1.0,16.0,49.0,21.0,21.0,43.0,123.0,30.0,0.49,29.0,73.0,1.0,50.0,0.0,21.0,1.0,100.0,5.0,0.0,3.0,2.0,3.0,1.38095238095238,0.0,5.0,1.47619047619048,0.0,1.0,1.0,1.0,0.0,0.0,0.0,5.0,5.0,5.0,428.0,4.0,0.825471698113208,0.2,0.0,2.0,5.0,2.0,0.0
0.0,8.0,98.0,3.0,0.0,1.0,3.0,8.0,1.0,9.0,0.0,0.0,1.0,6.0,25.0,4.0,6.0,8.0,15.0,2.0,1.0,3.0,4.0,20.0,8.0,6.0,19.0,58.0,11.0,0.43,15.0,30.0,3.0,21.0,0.0,6.0,1.0,100.0,5.0,0.0,3.0,2.0,1.0,0.5,0.0,4.0,2.0,1.0,3.0,1.33333333333333,1.0,1.0,0.272727272727273,0.0,3.0,3.0,3.0,200.0,4.0,0.744897959183674,0.333333333333333,0.0,3.0,3.0,1.0,0.0
0.0,8.0,56.0,1.0,0.0,1.0,2.0,3.0,1.0,9.0,0.0,0.0,1.0,3.0,24.0,2.0,3.0,3.0,9.0,2.0,0.0,1.0,1.0,9.0,3.0,3.0,12.0,26.0,4.0,0.92,6.0,16.0,1.0,12.0,0.0,3.0,1.0,100.0,5.0,0.0,3.0,2.0,2.0,1.33333333333333,0.0,2.0,1.66666666666667,1.0,1.0,1.0,1.0,0.0,0.0,0.0,2.0,2.0,2.0,112.0,0.0,0.625,0.5,0.0,3.0,2.0,1.0,0.0
0.0,51.0,101.0,4.0,0.0,1.0,2.0,4.0,4.0,66.0,0.0,9.0,4.0,1.0,28.0,1.0,1.0,4.0,18.0,0.0,0.0,4.0,1.0,38.0,4.0,1.0,18.0,63.0,26.0,0.44,10.0,44.0,4.0,39.0,6.0,1.0,4.0,0.0,2.0,0.0,1.0,1.0,2.0,2.0,2.0,15.0,15.0,15.0,8.0,8.0,8.0,1.0,1.0,1.0,3.0,3.0,3.0,204.0,2.0,0.99009900990099,0.333333333333333,0.0,1.0,3.0,1.0,0.0
0.0,51.0,101.0,4.0,0.0,1.0,2.0,4.0,4.0,66.0,0.0,9.0,4.0,1.0,28.0,1.0,1.0,4.0,18.0,0.0,0.0,4.0,1.0,38.0,4.0,1.0,18.0,63.0,26.0,0.44,10.0,44.0,4.0,39.0,6.0,1.0,4.0,0.0,2.0,0.0,1.0,1.0,2.0,2.0,2.0,15.0,15.0,15.0,8.0,8.0,8.0,1.0,1.0,1.0,3.0,3.0,3.0,204.0,2.0,0.99009900990099,0.333333333333333,0.0,1.0,3.0,1.0,0.0
0.0,22.0,366.0,4.0,0.0,1.0,1.0,30.0,3.0,27.0,0.0,5.0,3.0,11.0,77.0,1.0,11.0,30.0,34.0,0.0,0.0,4.0,11.0,126.0,30.0,11.0,34.0,256.0,98.0,0.3,33.0,132.0,4.0,101.0,0.0,11.0,3.0,81.0,2.0,0.0,12.0,1.0,4.0,1.54545454545455,0.0,11.0,4.72727272727273,1.0,8.0,4.45454545454545,1.0,1.0,0.769230769230769,0.0,3.0,3.0,3.0,722.0,10.0,0.52247191011236,0.333333333333333,0.0,3.0,3.0,1.0,0.0
0.0,8.0,250.0,2.0,0.0,1.0,0.0,17.0,1.0,13.0,0.0,3.0,1.0,15.0,67.0,1.0,15.0,17.0,86.0,0.0,0.0,2.0,15.0,83.0,17.0,15.0,86.0,141.0,21.0,0.48,42.0,107.0,2.0,89.0,1.0,15.0,1.0,0.0,2.0,0.0,7.0,1.0,1.0,0.2,0.0,6.0,4.73333333333333,1.0,2.0,1.13333333333333,1.0,1.0,0.235294117647059,0.0,4.0,4.0,3.0,517.0,17.0,0.372,0.5,0.0,3.0,3.0,2.0,0.0
0.0,6.0,107.0,1.0,0.0,1.0,0.0,6.0,1.0,11.0,0.0,5.0,1.0,6.0,54.0,1.0,6.0,6.0,25.0,2.0,0.0,1.0,4.0,26.0,6.0,6.0,25.0,43.0,12.0,1.26,10.0,37.0,1.0,31.0,0.0,6.0,1.0,0.0,2.0,1.0,0.0,1.0,4.0,1.33333333333333,0.0,9.0,5.83333333333333,1.0,1.0,1.0,1.0,0.0,0.0,0.0,2.0,2.0,2.0,214.0,0.0,0.88785046728972,0.5,0.0,2.0,2.0,3.0,0.0
0.0,7.0,69.0,4.0,0.0,2.0,1.0,6.0,2.0,11.0,0.0,3.0,2.0,3.0,33.0,1.0,3.0,6.0,8.0,0.0,1.0,4.0,3.0,9.0,6.0,6.0,8.0,30.0,8.0,1.1,6.0,16.0,4.0,9.0,0.0,3.0,2.0,50.0,5.0,0.0,1.0,1.0,3.0,2.66666666666667,2.0,3.0,2.0,1.0,4.0,2.0,1.0,3.0,1.8,0.0,7.0,7.0,4.0,81.0,12.0,0.826086956521739,0.285714285714286,0.0,3.0,4.0,1.0,0.0
0.0,5.0,68.0,2.0,0.0,1.0,1.0,6.0,1.0,7.0,0.0,2.0,1.0,4.0,32.0,1.0,4.0,5.0,10.0,0.0,2.0,3.0,4.0,7.0,5.0,4.0,10.0,28.0,6.0,1.14,8.0,16.0,2.0,10.0,0.0,4.0,2.0,66.0,5.0,0.0,1.0,1.0,3.0,3.0,3.0,3.0,1.75,1.0,2.0,1.25,1.0,1.0,0.5,0.0,5.0,5.0,3.0,74.0,6.0,0.911764705882353,0.4,0.0,2.0,3.0,1.0,0.0
0.0,9.0,158.0,2.0,0.0,1.0,0.0,8.0,1.0,13.0,0.0,1.0,1.0,7.0,52.0,2.0,7.0,8.0,36.0,1.0,2.0,2.0,6.0,38.0,8.0,7.0,36.0,75.0,18.0,0.69,31.0,54.0,2.0,45.0,2.0,7.0,1.0,8.0,3.0,0.0,6.0,2.0,2.0,1.42857142857143,0.0,11.0,5.0,1.0,2.0,1.14285714285714,1.0,1.0,0.3,0.0,10.0,10.0,7.0,337.0,50.0,0.626582278481013,0.3,0.0,3.0,7.0,1.0,0.0
0.0,9.0,137.0,1.0,0.0,1.0,0.0,7.0,1.0,14.0,0.0,4.0,1.0,7.0,48.0,1.0,7.0,7.0,25.0,0.0,0.0,1.0,7.0,45.0,7.0,7.0,25.0,72.0,31.0,0.67,17.0,56.0,1.0,48.0,1.0,7.0,1.0,0.0,2.0,0.0,1.0,1.0,0.0,0.0,0.0,9.0,8.42857142857143,7.0,1.0,1.0,1.0,0.0,0.0,0.0,3.0,3.0,3.0,276.0,2.0,0.897810218978102,0.333333333333333,0.0,2.0,3.0,1.0,0.0
0.0,4.0,61.0,1.0,0.0,1.0,0.0,4.0,1.0,7.0,0.0,3.0,1.0,4.0,32.0,1.0,4.0,4.0,8.0,0.0,2.0,1.0,4.0,4.0,4.0,4.0,8.0,22.0,4.0,1.45,7.0,12.0,1.0,7.0,0.0,4.0,1.0,50.0,1.0,0.0,0.0,1.0,1.0,1.0,1.0,1.0,1.0,1.0,1.0,1.0,1.0,0.0,0.0,0.0,2.0,2.0,2.0,122.0,0.0,0.770491803278688,0.5,0.0,2.0,2.0,1.0,0.0
0.0,16.0,149.0,3.0,0.0,1.0,0.0,7.0,1.0,21.0,0.0,3.0,1.0,5.0,40.0,1.0,5.0,7.0,11.0,0.0,1.0,3.0,5.0,57.0,7.0,5.0,11.0,88.0,55.0,0.45,21.0,66.0,3.0,58.0,2.0,5.0,1.0,60.0,2.0,0.0,2.0,1.0,1.0,0.8,0.0,13.0,5.4,1.0,4.0,1.6,1.0,1.0,0.428571428571429,0.0,3.0,3.0,3.0,299.0,3.0,0.871621621621622,0.333333333333333,0.0,2.0,3.0,2.0,0.0
0.0,4.0,42.0,1.0,0.0,1.0,0.0,2.0,1.0,7.0,0.0,3.0,1.0,2.0,26.0,1.0,2.0,2.0,5.0,0.0,1.0,1.0,2.0,2.0,2.0,2.0,5.0,13.0,2.0,2.0,3.0,7.0,1.0,4.0,0.0,2.0,1.0,0.0,1.0,0.0,0.0,1.0,2.0,1.5,1.0,2.0,1.5,1.0,1.0,1.0,1.0,0.0,0.0,0.0,2.0,2.0,2.0,84.0,0.0,0.69047619047619,0.5,0.0,2.0,2.0,0.0,0.0
0.0,7.0,149.0,2.0,0.0,1.0,1.0,9.0,1.0,11.0,0.0,3.0,1.0,8.0,53.0,2.0,8.0,9.0,29.0,0.0,1.0,2.0,8.0,36.0,9.0,8.0,28.0,77.0,23.0,0.69,19.0,51.0,2.0,40.0,0.0,8.0,1.0,50.0,3.0,0.0,6.0,2.0,2.0,0.375,0.0,6.0,3.125,1.0,2.0,1.125,1.0,1.0,0.272727272727273,0.0,3.0,3.0,3.0,299.0,1.0,0.624161073825503,0.333333333333333,0.0,4.0,3.0,1.0,0.0
0.0,4.0,185.0,3.0,0.0,1.0,0.0,18.0,1.0,7.0,0.0,3.0,1.0,16.0,71.0,1.0,16.0,18.0,30.0,0.0,9.0,3.0,16.0,20.0,18.0,16.0,30.0,88.0,20.0,0.81,26.0,50.0,3.0,31.0,0.0,16.0,1.0,88.0,1.0,1.0,2.0,1.0,7.0,2.0625,1.0,3.0,1.1875,1.0,4.0,1.1875,1.0,1.0,0.166666666666667,0.0,4.0,4.0,3.0,372.0,2.0,0.681081081081081,0.5,0.0,3.0,3.0,1.0,0.0
0.0,0.0,25.0,0.0,0.0,0.0,0.0,0.0,0.0,0.0,0.0,0.0,0.0,0.0,19.0,1.0,0.0,0.0,2.0,0.0,0.0,0.0,0.0,0.0,0.0,0.0,2.0,4.0,0.0,4.75,2.0,2.0,0.0,1.0,0.0,0.0,0.0,0.0,2.0,0.0,0.0,1.0,0.0,0.0,0.0,0.0,0.0,0.0,0.0,0.0,0.0,0.0,0.0,0.0,2.0,2.0,2.0,50.0,0.0,0.64,0.5,0.0,2.0,2.0,1.0,0.0
0.0,7.0,108.0,2.0,0.0,1.0,0.0,6.0,1.0,11.0,0.0,4.0,1.0,5.0,50.0,2.0,5.0,6.0,18.0,0.0,5.0,2.0,5.0,19.0,6.0,5.0,19.0,49.0,16.0,1.02,9.0,35.0,2.0,27.0,0.0,5.0,1.0,0.0,2.0,0.0,1.0,1.0,4.0,2.6,0.0,5.0,2.8,2.0,2.0,1.2,1.0,1.0,0.375,0.0,3.0,3.0,3.0,218.0,2.0,0.805555555555556,0.333333333333333,0.0,2.0,3.0,2.0,0.0
0.0,10.0,453.0,2.0,0.0,1.0,1.0,32.0,1.0,14.0,0.0,2.0,1.0,27.0,98.0,2.0,27.0,32.0,84.0,3.0,2.0,2.0,24.0,178.0,32.0,27.0,85.0,293.0,125.0,0.33,64.0,210.0,2.0,177.0,1.0,27.0,1.0,52.0,2.0,0.0,10.0,2.0,2.0,1.37037037037037,0.0,6.0,3.44444444444444,0.0,2.0,1.18518518518519,1.0,1.0,0.233333333333333,0.0,14.0,14.0,5.0,850.0,31.0,0.653421633554084,0.357142857142857,0.0,3.0,5.0,3.0,2.0
0.0,45.0,114.0,1.0,0.0,1.0,0.0,1.0,1.0,82.0,0.0,31.0,1.0,1.0,57.0,1.0,1.0,1.0,3.0,0.0,0.0,1.0,1.0,42.0,1.0,1.0,3.0,49.0,6.0,1.16,8.0,9.0,1.0,7.0,6.0,1.0,1.0,0.0,3.0,0.0,0.0,1.0,0.0,0.0,0.0,7.0,7.0,7.0,1.0,1.0,1.0,0.0,0.0,0.0,5.0,5.0,4.0,253.0,25.0,0.780701754385965,0.4,0.0,2.0,4.0,2.0,0.0
0.0,18.0,166.0,1.0,0.0,1.0,0.0,5.0,1.0,25.0,0.0,4.0,1.0,5.0,41.0,1.0,5.0,5.0,24.0,0.0,0.0,1.0,5.0,76.0,5.0,5.0,22.0,102.0,65.0,0.4,23.0,87.0,1.0,81.0,2.0,5.0,1.0,0.0,2.0,0.0,9.0,1.0,4.0,0.8,0.0,8.0,7.2,6.0,1.0,1.0,1.0,0.0,0.0,0.0,3.0,3.0,3.0,337.0,5.0,0.674698795180723,0.333333333333333,0.0,2.0,3.0,3.0,0.0
0.0,9.0,68.0,1.0,0.0,1.0,0.0,2.0,1.0,16.0,0.0,5.0,1.0,2.0,33.0,1.0,2.0,2.0,11.0,0.0,0.0,1.0,2.0,12.0,2.0,2.0,11.0,27.0,8.0,1.22,8.0,19.0,1.0,16.0,2.0,2.0,1.0,0.0,3.0,0.0,11.0,1.0,2.0,1.5,1.0,16.0,9.0,2.0,1.0,1.0,1.0,0.0,0.0,0.0,5.0,5.0,4.0,143.0,7.0,0.5,0.4,0.0,5.0,4.0,0.0,0.0
0.0,0.0,26.0,0.0,0.0,0.0,1.0,0.0,0.0,0.0,0.0,0.0,0.0,0.0,18.0,1.0,0.0,0.0,4.0,0.0,0.0,0.0,0.0,1.0,0.0,0.0,4.0,6.0,0.0,3.0,2.0,4.0,0.0,3.0,0.0,0.0,0.0,0.0,5.0,0.0,0.0,1.0,0.0,0.0,0.0,0.0,0.0,0.0,0.0,0.0,0.0,0.0,0.0,0.0,2.0,2.0,2.0,52.0,0.0,0.5,0.5,0.0,3.0,2.0,0.0,0.0
0.0,4.0,41.0,1.0,0.0,1.0,2.0,1.0,1.0,8.0,0.0,4.0,1.0,1.0,22.0,1.0,1.0,1.0,9.0,0.0,0.0,1.0,1.0,3.0,1.0,1.0,9.0,14.0,1.0,1.57,5.0,10.0,1.0,8.0,0.0,1.0,1.0,50.0,5.0,0.0,1.0,1.0,2.0,2.0,2.0,3.0,3.0,3.0,1.0,1.0,1.0,0.0,0.0,0.0,3.0,3.0,2.0,85.0,3.0,0.536585365853659,0.666666666666667,0.0,3.0,2.0,0.0,0.0
2.0,13.0,164.0,2.0,0.0,1.0,0.0,7.0,1.0,20.0,0.0,5.0,1.0,5.0,48.0,1.0,5.0,7.0,40.0,0.0,13.0,2.0,3.0,59.0,7.0,5.0,40.0,95.0,36.0,0.51,21.0,76.0,2.0,68.0,1.0,5.0,1.0,80.0,2.0,0.0,7.0,1.0,15.0,5.4,0.0,11.0,6.4,1.0,2.0,1.4,1.0,1.0,0.571428571428571,0.0,4.0,4.0,4.0,347.0,19.0,0.457317073170732,0.25,0.0,5.0,4.0,0.0,0.0
0.0,7.0,120.0,1.0,0.0,1.0,0.0,6.0,1.0,12.0,0.0,3.0,1.0,6.0,46.0,1.0,6.0,6.0,18.0,0.0,1.0,1.0,6.0,28.0,6.0,6.0,18.0,55.0,23.0,0.84,19.0,41.0,1.0,34.0,1.0,6.0,1.0,66.0,2.0,0.0,3.0,1.0,2.0,0.833333333333333,0.0,12.0,7.16666666666667,1.0,1.0,1.0,1.0,0.0,0.0,0.0,3.0,3.0,3.0,243.0,3.0,0.716666666666667,0.333333333333333,0.0,3.0,3.0,2.0,0.0
0.0,8.0,118.0,1.0,0.0,1.0,0.0,7.0,1.0,12.0,0.0,3.0,1.0,7.0,41.0,1.0,7.0,7.0,21.0,0.0,0.0,1.0,7.0,38.0,7.0,7.0,21.0,64.0,27.0,0.64,13.0,48.0,1.0,40.0,0.0,7.0,1.0,0.0,2.0,0.0,1.0,1.0,0.0,0.0,0.0,4.0,2.71428571428571,1.0,1.0,1.0,1.0,0.0,0.0,0.0,4.0,4.0,3.0,257.0,21.0,0.677966101694915,0.5,0.0,3.0,3.0,1.0,0.0
0.0,8.0,69.0,2.0,0.0,1.0,0.0,4.0,1.0,12.0,0.0,3.0,1.0,3.0,30.0,1.0,3.0,4.0,14.0,0.0,0.0,2.0,3.0,13.0,4.0,3.0,14.0,33.0,6.0,0.91,6.0,20.0,2.0,15.0,0.0,3.0,1.0,0.0,2.0,0.0,2.0,1.0,0.0,0.0,0.0,4.0,3.33333333333333,3.0,2.0,1.33333333333333,1.0,1.0,0.6,0.0,3.0,3.0,3.0,140.0,2.0,0.855072463768116,0.333333333333333,0.0,2.0,3.0,0.0,0.0
0.0,6.0,70.0,1.0,0.0,1.0,0.0,6.0,1.0,6.0,0.0,1.0,1.0,6.0,31.0,1.0,6.0,6.0,21.0,0.0,0.0,1.0,6.0,19.0,6.0,6.0,15.0,42.0,6.0,0.74,7.0,21.0,1.0,14.0,0.0,6.0,1.0,0.0,2.0,0.0,1.0,1.0,0.0,0.0,0.0,2.0,2.0,2.0,1.0,1.0,1.0,0.0,0.0,0.0,3.0,3.0,2.0,71.0,1.0,0.785714285714286,0.666666666666667,0.0,2.0,2.0,0.0,1.0
0.0,7.0,59.0,1.0,0.0,1.0,0.0,3.0,1.0,10.0,0.0,3.0,1.0,3.0,28.0,1.0,3.0,3.0,9.0,0.0,0.0,1.0,3.0,12.0,3.0,3.0,9.0,26.0,9.0,1.08,5.0,18.0,1.0,14.0,0.0,3.0,1.0,0.0,2.0,0.0,1.0,1.0,0.0,0.0,0.0,4.0,3.66666666666667,3.0,1.0,1.0,1.0,0.0,0.0,0.0,3.0,3.0,3.0,120.0,2.0,0.813559322033898,0.333333333333333,0.0,2.0,3.0,0.0,0.0
5.0,13.0,319.0,2.0,0.0,1.0,0.0,15.0,1.0,21.0,0.0,5.0,1.0,13.0,89.0,1.0,13.0,15.0,28.0,0.0,0.0,2.0,8.0,133.0,15.0,13.0,30.0,184.0,126.0,0.48,46.0,156.0,2.0,140.0,2.0,13.0,1.0,0.0,2.0,0.0,2.0,1.0,8.0,2.23076923076923,0.0,9.0,5.61538461538461,2.0,2.0,1.15384615384615,1.0,1.0,0.266666666666667,0.0,3.0,3.0,3.0,640.0,2.0,0.946708463949843,0.333333333333333,0.0,2.0,3.0,1.0,0.0
3.0,13.0,496.0,4.0,0.0,1.0,0.0,32.0,1.0,18.0,0.0,3.0,1.0,24.0,111.0,1.0,24.0,32.0,37.0,0.0,0.0,4.0,21.0,228.0,32.0,24.0,38.0,338.0,205.0,0.33,47.0,243.0,4.0,210.0,0.0,24.0,1.0,0.0,2.0,0.0,4.0,1.0,19.0,1.04166666666667,0.0,10.0,3.75,2.0,8.0,1.5,1.0,1.0,0.307692307692308,0.0,3.0,3.0,3.0,994.0,6.0,0.789473684210526,0.333333333333333,0.0,2.0,3.0,5.0,0.0
0.0,4.0,79.0,1.0,0.0,1.0,1.0,5.0,1.0,8.0,0.0,4.0,1.0,5.0,41.0,1.0,5.0,5.0,11.0,0.0,2.0,1.0,5.0,7.0,5.0,5.0,11.0,29.0,6.0,1.41,9.0,17.0,1.0,11.0,0.0,5.0,1.0,60.0,1.0,0.0,0.0,2.0,6.0,2.0,1.0,3.0,1.4,1.0,1.0,1.0,1.0,1.0,0.125,0.0,2.0,2.0,2.0,158.0,0.0,0.822784810126582,0.5,0.0,2.0,2.0,1.0,0.0
0.0,7.0,83.0,1.0,0.0,1.0,2.0,3.0,1.0,12.0,0.0,4.0,1.0,3.0,36.0,2.0,3.0,3.0,16.0,0.0,1.0,1.0,3.0,13.0,3.0,3.0,16.0,39.0,8.0,0.92,8.0,24.0,1.0,18.0,0.0,3.0,1.0,100.0,5.0,0.0,8.0,1.0,3.0,1.33333333333333,0.0,8.0,6.0,3.0,1.0,1.0,1.0,1.0,0.5,0.0,3.0,3.0,3.0,167.0,1.0,0.698795180722892,0.333333333333333,0.0,3.0,3.0,2.0,0.0
0.0,0.0,26.0,0.0,0.0,0.0,0.0,0.0,0.0,0.0,0.0,0.0,0.0,0.0,19.0,1.0,0.0,0.0,3.0,0.0,0.0,0.0,0.0,0.0,0.0,0.0,3.0,5.0,0.0,3.8,2.0,3.0,0.0,2.0,0.0,0.0,0.0,0.0,4.0,0.0,0.0,1.0,0.0,0.0,0.0,0.0,0.0,0.0,0.0,0.0,0.0,0.0,0.0,0.0,2.0,2.0,2.0,52.0,0.0,0.576923076923077,0.5,0.0,4.0,2.0,0.0,0.0
0.0,3.0,35.0,1.0,0.0,1.0,1.0,1.0,1.0,6.0,0.0,3.0,1.0,1.0,23.0,1.0,1.0,1.0,5.0,0.0,0.0,1.0,1.0,1.0,1.0,1.0,5.0,9.0,0.0,2.56,3.0,5.0,1.0,3.0,0.0,1.0,1.0,100.0,5.0,0.0,0.0,1.0,1.0,1.0,1.0,1.0,1.0,1.0,1.0,1.0,1.0,0.0,0.0,0.0,2.0,2.0,2.0,70.0,0.0,0.571428571428571,0.5,0.0,3.0,2.0,0.0,0.0
0.0,6.0,42.0,1.0,0.0,1.0,1.0,1.0,1.0,10.0,0.0,4.0,1.0,1.0,24.0,1.0,1.0,1.0,8.0,0.0,0.0,1.0,1.0,4.0,1.0,1.0,8.0,15.0,3.0,1.6,3.0,11.0,1.0,9.0,0.0,1.0,1.0,100.0,5.0,0.0,5.0,1.0,5.0,5.0,5.0,5.0,5.0,5.0,1.0,1.0,1.0,0.0,0.0,0.0,2.0,2.0,2.0,84.0,0.0,0.571428571428571,0.5,0.0,3.0,2.0,0.0,0.0
0.0,0.0,28.0,0.0,0.0,0.0,1.0,0.0,0.0,0.0,0.0,0.0,0.0,0.0,20.0,1.0,0.0,0.0,4.0,0.0,0.0,0.0,0.0,1.0,0.0,0.0,4.0,6.0,0.0,3.33,2.0,4.0,0.0,3.0,0.0,0.0,0.0,0.0,5.0,0.0,0.0,1.0,0.0,0.0,0.0,0.0,0.0,0.0,0.0,0.0,0.0,0.0,0.0,0.0,2.0,2.0,2.0,56.0,0.0,0.464285714285714,0.5,0.0,3.0,2.0,0.0,0.0
0.0,0.0,28.0,0.0,0.0,0.0,1.0,0.0,0.0,0.0,0.0,0.0,0.0,0.0,20.0,1.0,0.0,0.0,4.0,0.0,0.0,0.0,0.0,1.0,0.0,0.0,4.0,6.0,0.0,3.33,2.0,4.0,0.0,3.0,0.0,0.0,0.0,0.0,5.0,0.0,0.0,1.0,0.0,0.0,0.0,0.0,0.0,0.0,0.0,0.0,0.0,0.0,0.0,0.0,2.0,2.0,2.0,56.0,0.0,0.464285714285714,0.5,0.0,3.0,2.0,0.0,0.0
0.0,9.0,51.0,1.0,0.0,1.0,0.0,2.0,1.0,12.0,0.0,1.0,1.0,2.0,23.0,2.0,2.0,2.0,10.0,1.0,0.0,1.0,1.0,8.0,2.0,2.0,10.0,23.0,4.0,1.0,5.0,14.0,1.0,11.0,1.0,2.0,1.0,0.0,2.0,0.0,8.0,2.0,1.0,0.5,0.0,6.0,3.5,1.0,1.0,1.0,1.0,0.0,0.0,0.0,3.0,3.0,3.0,104.0,2.0,0.588235294117647,0.333333333333333,0.0,3.0,3.0,2.0,0.0
2.0,13.0,172.0,1.0,0.0,1.0,4.0,6.0,1.0,16.0,0.0,1.0,1.0,6.0,39.0,4.0,6.0,6.0,47.0,2.0,12.0,1.0,2.0,53.0,6.0,6.0,51.0,104.0,31.0,0.38,29.0,82.0,1.0,75.0,1.0,6.0,1.0,100.0,5.0,0.0,13.0,2.0,5.0,2.0,0.0,22.0,6.16666666666667,1.0,1.0,1.0,1.0,1.0,0.0833333333333333,0.0,2.0,2.0,2.0,344.0,0.0,0.593023255813954,0.5,0.0,4.0,2.0,0.0,0.0
2.0,10.0,211.0,3.0,0.0,1.0,1.0,14.0,1.0,13.0,0.0,2.0,1.0,12.0,47.0,2.0,12.0,14.0,24.0,1.0,3.0,3.0,9.0,80.0,14.0,12.0,26.0,140.0,72.0,0.34,26.0,98.0,3.0,83.0,0.0,12.0,1.0,100.0,3.0,0.0,5.0,2.0,10.0,4.0,1.0,7.0,3.5,1.0,4.0,1.25,1.0,1.0,0.2,0.0,2.0,2.0,2.0,420.0,0.0,0.695238095238095,0.5,0.0,4.0,2.0,2.0,0.0
0.0,5.0,66.0,1.0,0.0,1.0,1.0,3.0,1.0,10.0,0.0,4.0,1.0,3.0,31.0,1.0,3.0,3.0,14.0,0.0,1.0,1.0,3.0,9.0,3.0,3.0,14.0,28.0,6.0,1.11,7.0,20.0,1.0,16.0,0.0,3.0,1.0,66.0,5.0,0.0,5.0,1.0,2.0,1.0,0.0,8.0,3.33333333333333,1.0,1.0,1.0,1.0,0.0,0.0,0.0,2.0,2.0,2.0,132.0,0.0,0.696969696969697,0.5,0.0,3.0,2.0,1.0,0.0
0.0,7.0,67.0,1.0,0.0,1.0,0.0,3.0,1.0,12.0,0.0,2.0,1.0,3.0,27.0,1.0,3.0,3.0,10.0,1.0,0.0,1.0,2.0,14.0,3.0,3.0,10.0,30.0,11.0,0.9,10.0,21.0,1.0,17.0,1.0,3.0,1.0,0.0,3.0,0.0,9.0,1.0,2.0,1.0,0.0,17.0,6.66666666666667,1.0,1.0,1.0,1.0,0.0,0.0,0.0,2.0,2.0,2.0,134.0,0.0,0.552238805970149,0.5,0.0,4.0,2.0,1.0,0.0
0.0,10.0,176.0,1.0,0.0,1.0,6.0,11.0,1.0,15.0,0.0,3.0,1.0,11.0,54.0,7.0,11.0,11.0,20.0,1.0,2.0,1.0,10.0,49.0,11.0,11.0,31.0,95.0,28.0,0.57,27.0,59.0,1.0,47.0,1.0,11.0,1.0,100.0,3.0,0.0,6.0,2.0,3.0,1.09090909090909,0.0,6.0,2.90909090909091,1.0,1.0,1.0,1.0,0.0,0.0,0.0,2.0,2.0,2.0,352.0,0.0,0.857954545454545,0.5,0.0,3.0,2.0,0.0,0.0
0.0,8.0,96.0,1.0,0.0,1.0,2.0,5.0,1.0,12.0,0.0,2.0,1.0,5.0,31.0,3.0,5.0,5.0,17.0,2.0,1.0,1.0,3.0,21.0,5.0,5.0,20.0,46.0,13.0,0.67,19.0,33.0,1.0,27.0,2.0,5.0,1.0,100.0,3.0,0.0,8.0,2.0,3.0,0.6,0.0,12.0,3.6,1.0,1.0,1.0,1.0,0.0,0.0,0.0,2.0,2.0,2.0,192.0,0.0,0.739583333333333,0.5,0.0,3.0,2.0,0.0,0.0
0.0,4.0,110.0,1.0,0.0,1.0,1.0,7.0,1.0,7.0,0.0,3.0,1.0,7.0,48.0,2.0,7.0,7.0,18.0,0.0,3.0,1.0,7.0,11.0,7.0,7.0,18.0,46.0,10.0,1.04,16.0,28.0,1.0,19.0,0.0,7.0,1.0,60.0,5.0,0.0,4.0,1.0,4.0,2.0,1.0,7.0,1.85714285714286,1.0,1.0,1.0,1.0,0.0,0.0,0.0,2.0,2.0,2.0,220.0,0.0,0.809090909090909,0.5,0.0,2.0,2.0,1.0,0.0
0.0,2.0,36.0,1.0,0.0,1.0,1.0,1.0,1.0,6.0,0.0,3.0,1.0,1.0,24.0,1.0,1.0,1.0,5.0,0.0,0.0,1.0,1.0,1.0,1.0,1.0,5.0,8.0,0.0,3.0,4.0,5.0,1.0,3.0,1.0,1.0,1.0,100.0,5.0,0.0,0.0,1.0,3.0,3.0,3.0,1.0,1.0,1.0,1.0,1.0,1.0,0.0,0.0,0.0,2.0,2.0,2.0,72.0,0.0,0.5,0.5,0.0,3.0,2.0,0.0,0.0
0.0,4.0,39.0,1.0,0.0,1.0,1.0,1.0,1.0,7.0,0.0,3.0,1.0,1.0,24.0,1.0,1.0,1.0,7.0,0.0,0.0,1.0,1.0,2.0,1.0,1.0,7.0,12.0,1.0,2.0,3.0,8.0,1.0,6.0,0.0,1.0,1.0,100.0,5.0,0.0,2.0,1.0,1.0,1.0,1.0,4.0,4.0,4.0,1.0,1.0,1.0,0.0,0.0,0.0,2.0,2.0,2.0,78.0,0.0,0.897435897435897,0.5,0.0,2.0,2.0,0.0,0.0
0.0,14.0,101.0,1.0,0.0,1.0,0.0,3.0,1.0,22.0,0.0,3.0,1.0,3.0,32.0,1.0,3.0,3.0,17.0,0.0,0.0,1.0,3.0,35.0,3.0,3.0,17.0,53.0,28.0,0.6,16.0,45.0,1.0,41.0,3.0,3.0,1.0,0.0,3.0,0.0,10.0,1.0,2.0,1.33333333333333,0.0,16.0,10.3333333333333,2.0,1.0,1.0,1.0,0.0,0.0,0.0,3.0,3.0,3.0,203.0,1.0,0.851485148514851,0.333333333333333,0.0,3.0,3.0,0.0,2.0
0.0,8.0,88.0,1.0,0.0,1.0,3.0,4.0,1.0,11.0,0.0,2.0,1.0,4.0,32.0,3.0,4.0,4.0,21.0,1.0,1.0,1.0,3.0,21.0,4.0,4.0,23.0,47.0,13.0,0.68,9.0,36.0,1.0,30.0,0.0,4.0,1.0,100.0,5.0,0.0,7.0,2.0,1.0,1.0,1.0,12.0,4.5,1.0,1.0,1.0,1.0,0.0,0.0,0.0,1.0,1.0,1.0,88.0,0.0,1.0,1.0,0.0,1.0,1.0,0.0,1.0
0.0,6.0,107.0,1.0,0.0,1.0,2.0,6.0,1.0,9.0,0.0,2.0,1.0,6.0,41.0,3.0,6.0,6.0,22.0,1.0,4.0,1.0,5.0,16.0,6.0,6.0,23.0,53.0,12.0,0.77,13.0,35.0,1.0,27.0,0.0,6.0,1.0,100.0,5.0,0.0,7.0,2.0,2.0,1.66666666666667,1.0,10.0,2.66666666666667,1.0,1.0,1.0,1.0,0.0,0.0,0.0,3.0,3.0,3.0,216.0,2.0,0.925233644859813,0.333333333333333,0.0,2.0,3.0,0.0,1.0
0.0,4.0,118.0,1.0,0.0,1.0,1.0,8.0,1.0,7.0,0.0,3.0,1.0,8.0,48.0,2.0,8.0,8.0,24.0,0.0,4.0,1.0,8.0,15.0,8.0,8.0,24.0,57.0,13.0,0.84,13.0,37.0,1.0,27.0,0.0,8.0,1.0,66.0,5.0,0.0,7.0,1.0,2.0,1.5,1.0,9.0,2.0,1.0,1.0,1.0,1.0,0.0,0.0,0.0,4.0,4.0,4.0,235.0,1.0,0.923728813559322,0.25,0.0,2.0,4.0,1.0,2.0
0.0,4.0,56.0,1.0,0.0,1.0,2.0,2.0,1.0,7.0,0.0,3.0,1.0,2.0,31.0,2.0,2.0,2.0,11.0,0.0,0.0,1.0,2.0,5.0,2.0,2.0,11.0,20.0,3.0,1.55,5.0,14.0,1.0,10.0,0.0,2.0,1.0,100.0,5.0,0.0,4.0,1.0,2.0,1.5,1.0,6.0,4.5,3.0,1.0,1.0,1.0,0.0,0.0,0.0,3.0,3.0,3.0,98.0,0.0,0.660714285714286,0.333333333333333,0.0,3.0,3.0,0.0,0.0
0.0,5.0,122.0,1.0,0.0,1.0,4.0,7.0,1.0,9.0,0.0,3.0,1.0,7.0,45.0,3.0,7.0,7.0,25.0,1.0,3.0,1.0,6.0,20.0,7.0,7.0,27.0,58.0,11.0,0.78,19.0,38.0,1.0,29.0,0.0,7.0,1.0,100.0,5.0,0.0,5.0,2.0,2.0,1.57142857142857,0.0,9.0,2.28571428571429,1.0,1.0,1.0,1.0,0.0,0.0,0.0,3.0,3.0,3.0,245.0,1.0,0.901639344262295,0.333333333333333,0.0,2.0,3.0,2.0,0.0
0.0,6.0,83.0,1.0,0.0,1.0,2.0,4.0,1.0,10.0,0.0,2.0,1.0,4.0,30.0,2.0,4.0,4.0,19.0,1.0,1.0,1.0,3.0,14.0,4.0,4.0,21.0,40.0,7.0,0.75,13.0,28.0,1.0,23.0,1.0,4.0,1.0,100.0,5.0,0.0,5.0,2.0,1.0,0.5,0.0,7.0,2.25,0.0,1.0,1.0,1.0,0.0,0.0,0.0,2.0,2.0,2.0,166.0,0.0,0.879518072289157,0.5,0.0,2.0,2.0,0.0,1.0
0.0,4.0,39.0,1.0,0.0,1.0,1.0,1.0,1.0,7.0,0.0,3.0,1.0,1.0,24.0,1.0,1.0,1.0,7.0,0.0,0.0,1.0,1.0,2.0,1.0,1.0,7.0,12.0,1.0,2.0,3.0,8.0,1.0,6.0,0.0,1.0,1.0,100.0,5.0,0.0,2.0,1.0,1.0,1.0,1.0,4.0,4.0,4.0,1.0,1.0,1.0,0.0,0.0,0.0,2.0,2.0,2.0,78.0,0.0,0.897435897435897,0.5,0.0,2.0,2.0,0.0,0.0
0.0,15.0,232.0,5.0,0.0,1.0,1.0,12.0,2.0,24.0,0.0,4.0,2.0,8.0,60.0,1.0,8.0,12.0,20.0,0.0,0.0,5.0,8.0,86.0,12.0,8.0,20.0,128.0,74.0,0.47,44.0,94.0,5.0,83.0,4.0,8.0,2.0,12.0,2.0,0.0,1.0,1.0,3.0,1.125,0.0,6.0,4.625,3.0,9.0,2.0,1.0,1.0,0.3,0.0,3.0,3.0,3.0,464.0,2.0,0.991341991341991,0.333333333333333,0.0,1.0,3.0,1.0,0.0
2.0,9.0,425.0,2.0,1.0,1.0,7.0,27.0,1.0,15.0,0.0,3.0,1.0,26.0,105.0,8.0,26.0,27.0,68.0,3.0,2.0,2.0,20.0,137.0,27.0,26.0,79.0,249.0,94.0,0.42,72.0,173.0,2.0,145.0,2.0,26.0,1.0,100.0,2.0,0.0,36.0,2.0,4.0,1.61538461538462,0.0,12.0,4.46153846153846,0.0,2.0,1.03846153846154,1.0,1.0,0.0857142857142857,0.0,5.0,5.0,4.0,792.0,7.0,0.254117647058824,0.4,0.0,5.0,4.0,2.0,2.0
0.0,10.0,110.0,1.0,0.0,1.0,0.0,6.0,1.0,13.0,0.0,2.0,1.0,6.0,36.0,3.0,6.0,6.0,12.0,0.0,0.0,1.0,6.0,34.0,6.0,6.0,14.0,61.0,29.0,0.59,13.0,43.0,1.0,36.0,0.0,6.0,1.0,0.0,2.0,0.0,3.0,2.0,2.0,0.5,0.0,14.0,7.0,2.0,1.0,1.0,1.0,0.0,0.0,0.0,3.0,3.0,3.0,223.0,3.0,0.763636363636364,0.333333333333333,0.0,3.0,3.0,4.0,0.0
0.0,11.0,49.0,1.0,0.0,1.0,0.0,1.0,1.0,16.0,0.0,4.0,1.0,1.0,24.0,1.0,1.0,1.0,12.0,0.0,0.0,1.0,1.0,8.0,1.0,1.0,12.0,20.0,4.0,1.2,5.0,16.0,1.0,14.0,1.0,1.0,1.0,0.0,2.0,0.0,4.0,1.0,1.0,1.0,1.0,6.0,6.0,6.0,1.0,1.0,1.0,0.0,0.0,0.0,3.0,3.0,3.0,103.0,5.0,0.653061224489796,0.333333333333333,0.0,3.0,3.0,1.0,0.0
0.0,8.0,44.0,1.0,0.0,1.0,0.0,1.0,1.0,13.0,0.0,3.0,1.0,1.0,23.0,1.0,1.0,1.0,7.0,0.0,0.0,1.0,1.0,5.0,1.0,1.0,7.0,14.0,3.0,1.64,7.0,10.0,1.0,8.0,2.0,1.0,1.0,0.0,2.0,0.0,2.0,1.0,2.0,2.0,2.0,7.0,7.0,7.0,1.0,1.0,1.0,0.0,0.0,0.0,3.0,3.0,3.0,90.0,2.0,0.727272727272727,0.333333333333333,0.0,2.0,3.0,4.0,0.0
0.0,10.0,55.0,1.0,0.0,1.0,0.0,1.0,1.0,22.0,0.0,7.0,1.0,1.0,28.0,1.0,1.0,1.0,10.0,0.0,0.0,1.0,1.0,7.0,1.0,1.0,10.0,18.0,4.0,1.56,9.0,14.0,1.0,12.0,5.0,1.0,1.0,0.0,2.0,0.0,1.0,1.0,1.0,1.0,1.0,8.0,8.0,8.0,1.0,1.0,1.0,0.0,0.0,0.0,3.0,3.0,3.0,112.0,2.0,0.345454545454545,0.333333333333333,0.0,4.0,3.0,1.0,0.0
0.0,9.0,46.0,1.0,0.0,1.0,0.0,1.0,1.0,17.0,1.0,6.0,1.0,1.0,25.0,1.0,1.0,1.0,6.0,0.0,0.0,1.0,1.0,6.0,1.0,1.0,6.0,15.0,5.0,1.67,6.0,11.0,1.0,9.0,2.0,0.0,1.0,0.0,1.0,0.0,4.0,1.0,1.0,1.0,1.0,2.0,2.0,2.0,1.0,1.0,1.0,0.0,0.0,0.0,2.0,2.0,2.0,92.0,0.0,0.782608695652174,0.5,0.0,2.0,2.0,2.0,0.0
0.0,17.0,101.0,1.0,0.0,1.0,0.0,3.0,1.0,24.0,0.0,3.0,1.0,3.0,28.0,1.0,3.0,3.0,9.0,0.0,0.0,1.0,3.0,44.0,3.0,3.0,9.0,58.0,41.0,0.48,15.0,50.0,1.0,46.0,3.0,3.0,1.0,0.0,2.0,0.0,1.0,1.0,0.0,0.0,0.0,5.0,4.33333333333333,4.0,1.0,1.0,1.0,0.0,0.0,0.0,3.0,3.0,3.0,204.0,2.0,0.821782178217822,0.333333333333333,0.0,2.0,3.0,1.0,0.0
0.0,7.0,73.0,2.0,0.0,1.0,0.0,6.0,2.0,10.0,0.0,3.0,2.0,4.0,33.0,1.0,4.0,6.0,13.0,0.0,0.0,2.0,4.0,14.0,6.0,4.0,13.0,35.0,8.0,0.94,5.0,21.0,2.0,14.0,0.0,4.0,2.0,0.0,2.0,0.0,2.0,1.0,1.0,0.75,0.0,5.0,3.0,1.0,2.0,1.5,1.0,1.0,0.666666666666667,0.0,3.0,3.0,3.0,148.0,2.0,0.643835616438356,0.333333333333333,0.0,3.0,3.0,3.0,0.0
0.0,5.0,123.0,1.0,0.0,1.0,0.0,7.0,1.0,11.0,0.0,5.0,1.0,7.0,61.0,1.0,7.0,7.0,15.0,5.0,1.0,1.0,2.0,16.0,7.0,7.0,13.0,47.0,15.0,1.3,15.0,28.0,1.0,20.0,0.0,7.0,1.0,28.0,2.0,76.0,5.0,1.0,128.0,32.0,1.0,6.0,3.28571428571429,1.0,1.0,1.0,1.0,0.0,0.0,0.0,6.0,6.0,5.0,343.0,59.0,0.617886178861789,0.333333333333333,0.0,3.0,5.0,3.0,0.0
0.0,6.0,147.0,3.0,0.0,1.0,0.0,12.0,1.0,11.0,0.0,4.0,1.0,8.0,57.0,1.0,8.0,11.0,32.0,4.0,1.0,3.0,4.0,20.0,11.0,8.0,27.0,77.0,14.0,0.74,13.0,41.0,3.0,31.0,0.0,8.0,2.0,75.0,3.0,1.0,12.0,3.0,4.0,1.25,0.0,7.0,3.5,1.0,3.0,1.375,1.0,2.0,0.818181818181818,0.0,5.0,5.0,5.0,329.0,36.0,0.448979591836735,0.2,0.0,3.0,5.0,3.0,0.0
0.0,3.0,104.0,1.0,0.0,1.0,0.0,7.0,1.0,8.0,1.0,5.0,1.0,7.0,63.0,1.0,7.0,7.0,14.0,0.0,1.0,1.0,7.0,5.0,7.0,7.0,14.0,31.0,5.0,2.03,10.0,19.0,1.0,13.0,0.0,6.0,1.0,57.0,3.0,1.0,3.0,1.0,3.0,2.0,0.0,3.0,1.57142857142857,1.0,1.0,1.0,1.0,0.0,0.0,0.0,4.0,4.0,3.0,214.0,6.0,0.663461538461538,0.5,0.0,3.0,3.0,1.0,0.0
0.0,4.0,51.0,1.0,0.0,1.0,1.0,2.0,1.0,8.0,0.0,4.0,1.0,2.0,30.0,1.0,2.0,2.0,8.0,0.0,0.0,1.0,2.0,3.0,2.0,2.0,8.0,16.0,2.0,1.88,5.0,10.0,1.0,7.0,0.0,2.0,1.0,100.0,5.0,1.0,2.0,1.0,1.0,0.5,0.0,3.0,2.5,2.0,1.0,1.0,1.0,0.0,0.0,0.0,2.0,2.0,2.0,102.0,0.0,0.647058823529412,0.5,0.0,3.0,2.0,0.0,0.0
0.0,4.0,49.0,1.0,0.0,1.0,1.0,2.0,1.0,8.0,0.0,4.0,1.0,2.0,30.0,1.0,2.0,2.0,7.0,0.0,0.0,1.0,2.0,3.0,2.0,2.0,7.0,15.0,2.0,2.0,4.0,9.0,1.0,6.0,0.0,2.0,1.0,100.0,5.0,1.0,2.0,1.0,1.0,0.5,0.0,3.0,2.5,2.0,1.0,1.0,1.0,0.0,0.0,0.0,2.0,2.0,2.0,98.0,0.0,0.673469387755102,0.5,0.0,3.0,2.0,0.0,0.0
0.0,6.0,242.0,2.0,0.0,1.0,2.0,15.0,1.0,12.0,0.0,5.0,1.0,13.0,108.0,2.0,13.0,15.0,36.0,2.0,5.0,2.0,11.0,38.0,15.0,13.0,36.0,103.0,27.0,1.05,31.0,63.0,2.0,46.0,0.0,13.0,1.0,87.0,6.0,0.0,12.0,1.0,5.0,2.07692307692308,0.0,12.0,3.69230769230769,1.0,2.0,1.15384615384615,1.0,1.0,0.352941176470588,0.0,3.0,3.0,3.0,485.0,1.0,0.78099173553719,0.333333333333333,0.0,4.0,3.0,1.0,1.0
0.0,9.0,65.0,2.0,0.0,1.0,0.0,4.0,2.0,16.0,0.0,6.0,2.0,2.0,36.0,1.0,2.0,4.0,6.0,1.0,1.0,2.0,1.0,7.0,4.0,2.0,6.0,25.0,6.0,1.44,4.0,12.0,2.0,7.0,0.0,2.0,2.0,0.0,1.0,2.0,2.0,2.0,6.0,4.5,3.0,3.0,2.5,2.0,2.0,2.0,2.0,3.0,1.4,1.0,2.0,2.0,2.0,130.0,0.0,0.584615384615385,0.5,0.0,3.0,2.0,1.0,0.0
1.0,15.0,133.0,5.0,0.0,3.0,0.0,14.0,4.0,23.0,0.0,6.0,4.0,4.0,50.0,1.0,4.0,14.0,21.0,0.0,0.0,5.0,3.0,29.0,14.0,11.0,18.0,71.0,19.0,0.7,12.0,37.0,5.0,21.0,1.0,4.0,4.0,0.0,2.0,0.0,7.0,1.0,3.0,2.5,2.0,7.0,5.0,2.0,6.0,4.0,1.0,3.0,2.42857142857143,0.0,2.0,2.0,2.0,266.0,0.0,0.43609022556391,0.5,0.0,4.0,2.0,0.0,0.0
0.0,1.0,63.0,1.0,2.0,1.0,0.0,2.0,1.0,9.0,0.0,8.0,1.0,2.0,45.0,1.0,2.0,2.0,14.0,0.0,0.0,1.0,0.0,0.0,2.0,2.0,10.0,14.0,0.0,3.21,4.0,10.0,1.0,9.0,0.0,2.0,1.0,0.0,0.0,0.0,0.0,0.0,1.0,1.0,1.0,1.0,1.0,1.0,1.0,1.0,1.0,0.0,0.0,0.0,2.0,2.0,2.0,128.0,0.0,0.65625,0.5,0.0,3.0,2.0,0.0,0.0
0.0,1.0,61.0,1.0,1.0,1.0,0.0,1.0,1.0,6.0,0.0,5.0,1.0,1.0,44.0,1.0,1.0,1.0,13.0,0.0,0.0,1.0,0.0,0.0,1.0,1.0,9.0,14.0,0.0,3.14,3.0,9.0,1.0,8.0,0.0,1.0,1.0,0.0,0.0,0.0,1.0,0.0,1.0,1.0,1.0,1.0,1.0,1.0,1.0,1.0,1.0,0.0,0.0,0.0,2.0,2.0,2.0,122.0,0.0,0.704918032786885,0.5,0.0,3.0,2.0,0.0,0.0
0.0,1.0,58.0,1.0,1.0,1.0,0.0,1.0,1.0,7.0,0.0,6.0,1.0,1.0,41.0,1.0,1.0,1.0,13.0,0.0,0.0,1.0,0.0,0.0,1.0,1.0,9.0,14.0,0.0,2.93,3.0,9.0,1.0,8.0,0.0,1.0,1.0,0.0,0.0,0.0,0.0,0.0,1.0,1.0,1.0,1.0,1.0,1.0,1.0,1.0,1.0,0.0,0.0,0.0,2.0,2.0,2.0,116.0,0.0,0.689655172413793,0.5,0.0,3.0,2.0,0.0,0.0
0.0,1.0,42.0,1.0,1.0,1.0,0.0,1.0,1.0,11.0,0.0,10.0,1.0,1.0,36.0,1.0,1.0,1.0,3.0,0.0,0.0,1.0,0.0,0.0,1.0,1.0,3.0,5.0,0.0,7.2,1.0,3.0,1.0,2.0,0.0,1.0,1.0,0.0,0.0,3.0,1.0,0.0,1.0,1.0,1.0,1.0,1.0,1.0,1.0,1.0,1.0,0.0,0.0,0.0,2.0,2.0,2.0,84.0,0.0,0.380952380952381,0.5,0.0,3.0,2.0,1.0,0.0
0.0,13.0,139.0,5.0,0.0,1.0,1.0,13.0,3.0,23.0,0.0,8.0,3.0,4.0,58.0,1.0,4.0,13.0,15.0,0.0,1.0,5.0,4.0,26.0,13.0,4.0,15.0,65.0,22.0,0.89,16.0,37.0,5.0,23.0,1.0,4.0,3.0,50.0,1.0,0.0,3.0,2.0,6.0,4.75,4.0,4.0,2.75,1.0,16.0,7.0,2.0,1.0,1.0,1.0,2.0,2.0,2.0,278.0,0.0,0.805755395683453,0.5,0.0,3.0,2.0,1.0,0.0
0.0,12.0,151.0,5.0,0.0,1.0,1.0,14.0,3.0,20.0,0.0,7.0,3.0,5.0,63.0,1.0,5.0,14.0,18.0,1.0,1.0,5.0,4.0,27.0,14.0,5.0,16.0,71.0,23.0,0.89,17.0,39.0,5.0,24.0,1.0,5.0,3.0,50.0,1.0,0.0,3.0,2.0,5.0,3.2,1.0,4.0,2.4,1.0,16.0,5.8,1.0,1.0,0.857142857142857,0.0,2.0,2.0,2.0,302.0,0.0,0.748344370860927,0.5,0.0,2.0,2.0,1.0,0.0
2.0,10.0,355.0,4.0,0.0,1.0,5.0,27.0,2.0,20.0,10.0,9.0,2.0,13.0,177.0,3.0,13.0,27.0,54.0,0.0,0.0,4.0,11.0,68.0,27.0,13.0,39.0,157.0,41.0,1.13,21.0,80.0,4.0,52.0,0.0,3.0,2.0,74.0,2.0,0.0,8.0,2.0,6.0,3.30769230769231,2.0,5.0,3.23076923076923,2.0,8.0,2.69230769230769,1.0,1.0,0.705882352941177,0.0,4.0,4.0,4.0,712.0,2.0,0.464788732394366,0.25,0.0,2.0,4.0,3.0,0.0
0.0,5.0,42.0,1.0,0.0,1.0,0.0,1.0,1.0,5.0,0.0,0.0,1.0,1.0,27.0,1.0,1.0,1.0,6.0,0.0,0.0,1.0,1.0,2.0,1.0,1.0,6.0,12.0,2.0,2.25,3.0,8.0,1.0,6.0,0.0,1.0,1.0,0.0,2.0,0.0,3.0,1.0,6.0,6.0,6.0,4.0,4.0,4.0,1.0,1.0,1.0,0.0,0.0,0.0,2.0,2.0,2.0,84.0,0.0,0.452380952380952,0.5,0.0,4.0,2.0,0.0,0.0
0.0,8.0,145.0,4.0,0.0,2.0,3.0,16.0,2.0,13.0,0.0,5.0,2.0,7.0,64.0,1.0,7.0,16.0,16.0,0.0,0.0,4.0,7.0,21.0,16.0,13.0,19.0,68.0,18.0,0.94,13.0,37.0,4.0,16.0,0.0,7.0,2.0,100.0,2.0,0.0,1.0,2.0,9.0,3.42857142857143,1.0,3.0,2.14285714285714,1.0,4.0,2.28571428571429,1.0,3.0,1.66666666666667,0.0,2.0,2.0,2.0,290.0,0.0,0.648275862068965,0.5,0.0,3.0,2.0,1.0,0.0
0.0,3.0,37.0,1.0,0.0,1.0,1.0,1.0,1.0,6.0,0.0,3.0,1.0,1.0,24.0,1.0,1.0,1.0,6.0,0.0,0.0,1.0,1.0,1.0,1.0,1.0,5.0,10.0,0.0,2.4,3.0,5.0,1.0,3.0,0.0,1.0,1.0,100.0,5.0,0.0,0.0,1.0,2.0,2.0,2.0,1.0,1.0,1.0,1.0,1.0,1.0,0.0,0.0,0.0,2.0,2.0,2.0,74.0,0.0,0.594594594594595,0.5,0.0,3.0,2.0,0.0,0.0
0.0,8.0,179.0,3.0,0.0,1.0,4.0,16.0,1.0,10.0,0.0,1.0,1.0,13.0,49.0,6.0,13.0,15.0,35.0,2.0,3.0,4.0,11.0,43.0,15.0,13.0,39.0,112.0,23.0,0.44,18.0,62.0,3.0,44.0,0.0,13.0,1.0,100.0,2.0,0.0,12.0,3.0,4.0,1.0,0.0,11.0,3.30769230769231,1.0,3.0,1.15384615384615,1.0,2.0,0.3,0.0,2.0,2.0,2.0,358.0,0.0,0.76536312849162,0.5,0.0,4.0,2.0,1.0,0.0
0.0,3.0,36.0,1.0,0.0,1.0,1.0,1.0,1.0,6.0,0.0,3.0,1.0,1.0,24.0,1.0,1.0,1.0,5.0,0.0,0.0,1.0,1.0,1.0,1.0,1.0,5.0,9.0,0.0,2.67,3.0,5.0,1.0,3.0,0.0,1.0,1.0,100.0,5.0,0.0,0.0,1.0,1.0,1.0,1.0,1.0,1.0,1.0,1.0,1.0,1.0,0.0,0.0,0.0,2.0,2.0,2.0,72.0,0.0,0.583333333333333,0.5,0.0,3.0,2.0,0.0,0.0
0.0,7.0,67.0,1.0,0.0,1.0,0.0,3.0,1.0,11.0,0.0,4.0,1.0,3.0,33.0,1.0,3.0,3.0,10.0,0.0,0.0,1.0,3.0,13.0,3.0,3.0,10.0,29.0,11.0,1.14,5.0,21.0,1.0,17.0,0.0,3.0,1.0,0.0,2.0,0.0,3.0,1.0,1.0,0.333333333333333,0.0,8.0,3.33333333333333,1.0,1.0,1.0,1.0,0.0,0.0,0.0,2.0,2.0,2.0,134.0,0.0,0.716417910447761,0.5,0.0,3.0,2.0,1.0,0.0
0.0,9.0,51.0,1.0,0.0,1.0,0.0,1.0,1.0,18.0,0.0,7.0,1.0,1.0,33.0,1.0,1.0,1.0,4.0,0.0,0.0,1.0,1.0,6.0,1.0,1.0,4.0,14.0,2.0,2.36,4.0,6.0,1.0,4.0,2.0,1.0,1.0,0.0,3.0,0.0,0.0,1.0,0.0,0.0,0.0,3.0,3.0,3.0,1.0,1.0,1.0,0.0,0.0,0.0,2.0,2.0,2.0,102.0,0.0,0.941176470588235,0.5,0.0,2.0,2.0,0.0,0.0
0.0,4.0,51.0,1.0,0.0,1.0,0.0,3.0,1.0,7.0,0.0,3.0,1.0,3.0,28.0,1.0,3.0,3.0,7.0,1.0,0.0,1.0,2.0,4.0,3.0,3.0,7.0,18.0,4.0,1.56,5.0,11.0,1.0,7.0,0.0,3.0,1.0,0.0,4.0,0.0,6.0,1.0,1.0,0.333333333333333,0.0,6.0,2.66666666666667,1.0,1.0,1.0,1.0,3.0,0.5,0.0,2.0,2.0,2.0,104.0,0.0,0.365384615384615,0.5,0.0,4.0,2.0,0.0,0.0
0.0,22.0,93.0,5.0,0.0,2.0,0.0,7.0,2.0,27.0,0.0,0.0,2.0,3.0,24.0,3.0,3.0,7.0,23.0,2.0,0.0,5.0,1.0,24.0,7.0,7.0,25.0,57.0,15.0,0.42,12.0,40.0,5.0,32.0,4.0,3.0,2.0,0.0,7.0,0.0,4.0,2.0,2.0,1.0,0.0,9.0,6.0,1.0,5.0,2.33333333333333,1.0,3.0,1.28571428571429,0.0,2.0,2.0,2.0,186.0,0.0,0.612903225806452,0.5,0.0,4.0,2.0,0.0,0.0
0.0,4.0,35.0,1.0,0.0,1.0,0.0,1.0,1.0,4.0,0.0,0.0,1.0,1.0,22.0,1.0,1.0,1.0,5.0,0.0,0.0,1.0,1.0,1.0,1.0,1.0,5.0,10.0,1.0,2.2,3.0,6.0,1.0,4.0,0.0,1.0,1.0,0.0,6.0,18.0,3.0,1.0,1.0,1.0,1.0,4.0,4.0,4.0,1.0,1.0,1.0,0.0,0.0,0.0,2.0,2.0,2.0,70.0,0.0,0.371428571428571,0.5,0.0,6.0,2.0,0.0,0.0
0.0,11.0,120.0,2.0,0.0,1.0,0.0,7.0,1.0,15.0,0.0,1.0,1.0,6.0,32.0,4.0,6.0,7.0,33.0,1.0,2.0,2.0,5.0,31.0,7.0,6.0,33.0,72.0,15.0,0.44,17.0,48.0,2.0,40.0,1.0,6.0,1.0,50.0,7.0,0.0,5.0,2.0,3.0,1.33333333333333,1.0,10.0,2.83333333333333,1.0,2.0,1.16666666666667,1.0,1.0,0.272727272727273,0.0,2.0,2.0,2.0,242.0,0.0,0.685950413223141,0.5,0.0,4.0,2.0,1.0,0.0
0.0,4.0,74.0,1.0,0.0,1.0,0.0,3.0,1.0,6.0,0.0,2.0,1.0,3.0,41.0,2.0,3.0,3.0,12.0,0.0,1.0,1.0,3.0,4.0,3.0,3.0,12.0,25.0,4.0,1.64,8.0,16.0,1.0,11.0,0.0,3.0,1.0,0.0,4.0,0.0,1.0,1.0,5.0,3.33333333333333,1.0,4.0,3.0,2.0,1.0,1.0,1.0,0.0,0.0,0.0,3.0,3.0,3.0,151.0,1.0,0.626666666666667,0.333333333333333,0.0,4.0,3.0,1.0,0.0
0.0,6.0,44.0,1.0,0.0,1.0,0.0,1.0,1.0,10.0,0.0,3.0,1.0,1.0,27.0,1.0,1.0,1.0,7.0,0.0,0.0,1.0,1.0,3.0,1.0,1.0,7.0,12.0,2.0,2.25,5.0,9.0,1.0,7.0,1.0,1.0,1.0,0.0,7.0,0.0,3.0,1.0,0.0,0.0,0.0,7.0,7.0,7.0,1.0,1.0,1.0,0.0,0.0,0.0,2.0,2.0,2.0,90.0,0.0,0.533333333333333,0.5,0.0,4.0,2.0,0.0,0.0
0.0,5.0,140.0,1.0,0.0,1.0,1.0,11.0,1.0,8.0,0.0,2.0,1.0,11.0,51.0,3.0,11.0,11.0,27.0,0.0,5.0,1.0,11.0,28.0,11.0,11.0,28.0,74.0,17.0,0.69,15.0,45.0,1.0,33.0,0.0,11.0,1.0,83.0,7.0,0.0,5.0,2.0,1.0,0.909090909090909,0.0,8.0,1.63636363636364,1.0,1.0,1.0,1.0,0.0,0.0,0.0,2.0,2.0,2.0,280.0,0.0,0.835714285714286,0.5,0.0,3.0,2.0,0.0,0.0
0.0,8.0,103.0,2.0,0.0,1.0,0.0,8.0,1.0,11.0,0.0,2.0,1.0,7.0,36.0,3.0,7.0,8.0,16.0,0.0,2.0,2.0,7.0,25.0,8.0,7.0,18.0,56.0,17.0,0.64,11.0,35.0,2.0,26.0,0.0,7.0,1.0,60.0,7.0,0.0,2.0,2.0,1.0,0.857142857142857,0.0,5.0,2.42857142857143,1.0,2.0,1.14285714285714,1.0,1.0,0.272727272727273,0.0,2.0,2.0,2.0,208.0,0.0,0.548076923076923,0.5,0.0,5.0,2.0,1.0,0.0
0.0,6.0,137.0,1.0,0.0,1.0,0.0,7.0,1.0,13.0,0.0,5.0,1.0,7.0,57.0,3.0,7.0,7.0,27.0,2.0,3.0,1.0,5.0,29.0,7.0,7.0,29.0,61.0,22.0,0.93,19.0,51.0,1.0,42.0,1.0,7.0,1.0,50.0,7.0,0.0,12.0,2.0,2.0,1.14285714285714,1.0,14.0,2.85714285714286,1.0,1.0,1.0,1.0,0.0,0.0,0.0,3.0,3.0,3.0,278.0,2.0,0.579710144927536,0.333333333333333,0.0,4.0,3.0,2.0,0.0
0.0,10.0,167.0,1.0,0.0,1.0,1.0,8.0,1.0,16.0,1.0,4.0,1.0,8.0,62.0,5.0,8.0,8.0,34.0,2.0,3.0,1.0,6.0,33.0,8.0,8.0,38.0,85.0,19.0,0.73,20.0,57.0,1.0,47.0,1.0,7.0,1.0,62.0,7.0,0.0,5.0,2.0,3.0,1.375,0.0,9.0,4.375,1.0,1.0,1.0,1.0,0.0,0.0,0.0,2.0,2.0,2.0,334.0,0.0,0.790419161676647,0.5,0.0,3.0,2.0,1.0,0.0
0.0,3.0,31.0,1.0,0.0,1.0,0.0,1.0,1.0,3.0,0.0,0.0,1.0,1.0,24.0,1.0,1.0,1.0,3.0,0.0,0.0,1.0,1.0,0.0,1.0,1.0,3.0,6.0,0.0,4.0,1.0,3.0,1.0,1.0,0.0,1.0,1.0,0.0,7.0,0.0,0.0,1.0,0.0,0.0,0.0,1.0,1.0,1.0,1.0,1.0,1.0,0.0,0.0,0.0,2.0,2.0,2.0,64.0,0.0,0.4375,0.5,0.0,3.0,2.0,1.0,0.0
0.0,15.0,52.0,2.0,0.0,1.0,0.0,3.0,2.0,17.0,0.0,1.0,2.0,2.0,23.0,2.0,2.0,3.0,6.0,0.0,0.0,2.0,2.0,9.0,3.0,2.0,7.0,25.0,5.0,0.92,4.0,12.0,2.0,8.0,1.0,2.0,2.0,0.0,7.0,0.0,1.0,2.0,2.0,1.0,0.0,3.0,2.5,2.0,2.0,1.5,1.0,1.0,0.6,0.0,1.0,1.0,1.0,52.0,0.0,1.0,1.0,0.0,1.0,1.0,0.0,0.0
0.0,11.0,196.0,2.0,0.0,1.0,0.0,21.0,1.0,13.0,0.0,1.0,1.0,19.0,39.0,10.0,19.0,21.0,20.0,2.0,3.0,2.0,17.0,69.0,21.0,19.0,35.0,135.0,36.0,0.29,22.0,71.0,2.0,51.0,1.0,19.0,1.0,75.0,7.0,0.0,3.0,2.0,1.0,0.473684210526316,0.0,5.0,1.36842105263158,0.0,2.0,1.10526315789474,1.0,1.0,0.166666666666667,0.0,2.0,2.0,2.0,394.0,0.0,0.380710659898477,0.5,0.0,6.0,2.0,0.0,0.0
0.0,11.0,96.0,2.0,0.0,1.0,0.0,8.0,1.0,13.0,0.0,0.0,1.0,6.0,25.0,6.0,6.0,8.0,10.0,0.0,0.0,2.0,6.0,36.0,8.0,6.0,15.0,57.0,25.0,0.44,14.0,40.0,2.0,31.0,1.0,6.0,1.0,0.0,5.0,0.0,4.0,2.0,3.0,1.66666666666667,0.0,14.0,3.83333333333333,1.0,2.0,1.33333333333333,1.0,1.0,0.428571428571429,0.0,3.0,3.0,3.0,189.0,0.0,0.6875,0.333333333333333,0.0,4.0,3.0,1.0,0.0
0.0,6.0,47.0,1.0,0.0,1.0,0.0,2.0,1.0,7.0,0.0,0.0,1.0,2.0,23.0,2.0,2.0,2.0,7.0,0.0,0.0,1.0,2.0,4.0,2.0,2.0,8.0,16.0,2.0,1.44,8.0,10.0,1.0,7.0,1.0,2.0,1.0,0.0,5.0,0.0,3.0,2.0,2.0,1.5,1.0,2.0,1.5,1.0,1.0,1.0,1.0,0.0,0.0,0.0,2.0,2.0,2.0,94.0,0.0,0.48936170212766,0.5,0.0,4.0,2.0,0.0,0.0
0.0,3.0,33.0,1.0,0.0,1.0,0.0,1.0,1.0,3.0,0.0,0.0,1.0,1.0,22.0,1.0,1.0,1.0,4.0,0.0,0.0,1.0,1.0,1.0,1.0,1.0,4.0,7.0,1.0,3.14,4.0,5.0,1.0,3.0,0.0,1.0,1.0,0.0,6.0,0.0,0.0,1.0,2.0,2.0,2.0,2.0,2.0,2.0,1.0,1.0,1.0,0.0,0.0,0.0,2.0,2.0,2.0,66.0,0.0,0.484848484848485,0.5,0.0,3.0,2.0,0.0,0.0
0.0,10.0,139.0,1.0,0.0,1.0,0.0,10.0,1.0,12.0,0.0,1.0,1.0,10.0,34.0,8.0,10.0,10.0,16.0,0.0,1.0,1.0,10.0,41.0,10.0,10.0,23.0,86.0,27.0,0.4,19.0,50.0,1.0,39.0,1.0,10.0,1.0,33.0,7.0,0.0,4.0,2.0,5.0,1.0,0.0,15.0,2.7,1.0,1.0,1.0,1.0,0.0,0.0,0.0,2.0,2.0,2.0,278.0,0.0,0.820143884892086,0.5,0.0,3.0,2.0,1.0,0.0
0.0,15.0,88.0,4.0,0.0,1.0,0.0,6.0,2.0,18.0,0.0,1.0,2.0,3.0,22.0,2.0,3.0,6.0,21.0,2.0,0.0,4.0,1.0,24.0,6.0,3.0,22.0,52.0,15.0,0.42,14.0,37.0,4.0,30.0,2.0,3.0,2.0,0.0,7.0,0.0,6.0,2.0,3.0,1.33333333333333,0.0,8.0,6.66666666666667,4.0,4.0,2.0,1.0,2.0,1.0,0.0,1.0,1.0,1.0,88.0,0.0,1.0,1.0,0.0,1.0,1.0,0.0,0.0
0.0,10.0,67.0,1.0,0.0,1.0,1.0,2.0,1.0,12.0,0.0,1.0,1.0,2.0,24.0,2.0,2.0,2.0,22.0,1.0,0.0,1.0,1.0,19.0,2.0,2.0,13.0,36.0,6.0,0.67,7.0,19.0,1.0,16.0,1.0,2.0,1.0,0.0,7.0,0.0,3.0,2.0,1.0,1.0,1.0,7.0,5.0,3.0,1.0,1.0,1.0,0.0,0.0,0.0,2.0,2.0,2.0,134.0,0.0,0.537313432835821,0.5,0.0,4.0,2.0,2.0,0.0
0.0,6.0,226.0,1.0,0.0,1.0,6.0,15.0,1.0,10.0,0.0,3.0,1.0,15.0,97.0,5.0,15.0,15.0,34.0,6.0,4.0,1.0,9.0,47.0,15.0,15.0,38.0,106.0,23.0,0.92,23.0,61.0,1.0,43.0,0.0,15.0,1.0,100.0,7.0,0.0,5.0,2.0,5.0,1.93333333333333,0.0,5.0,2.26666666666667,1.0,1.0,1.0,1.0,0.0,0.0,0.0,2.0,2.0,2.0,452.0,0.0,0.86283185840708,0.5,0.0,2.0,2.0,2.0,1.0
0.0,7.0,118.0,1.0,0.0,1.0,0.0,7.0,1.0,7.0,0.0,0.0,1.0,7.0,52.0,7.0,7.0,7.0,19.0,0.0,0.0,1.0,7.0,17.0,7.0,7.0,19.0,56.0,10.0,0.93,10.0,29.0,1.0,21.0,0.0,7.0,1.0,0.0,7.0,0.0,2.0,2.0,2.0,1.28571428571429,0.0,5.0,2.42857142857143,2.0,1.0,1.0,1.0,0.0,0.0,0.0,2.0,2.0,2.0,238.0,0.0,0.739495798319328,0.5,0.0,4.0,2.0,1.0,0.0
1.0,6.0,413.0,3.0,4.0,1.0,0.0,28.0,1.0,13.0,0.0,5.0,1.0,26.0,183.0,12.0,26.0,28.0,53.0,3.0,5.0,3.0,18.0,66.0,28.0,26.0,59.0,189.0,50.0,0.97,41.0,109.0,3.0,75.0,0.0,26.0,1.0,58.0,7.0,0.0,6.0,2.0,5.0,1.69230769230769,0.0,7.0,2.57692307692308,0.0,3.0,1.07692307692308,1.0,2.0,0.153846153846154,0.0,4.0,4.0,4.0,833.0,6.0,0.871670702179177,0.25,0.0,2.0,4.0,6.0,0.0
2.0,13.0,160.0,3.0,0.0,1.0,0.0,10.0,1.0,16.0,0.0,1.0,1.0,8.0,35.0,4.0,8.0,10.0,27.0,2.0,0.0,3.0,4.0,62.0,10.0,8.0,29.0,104.0,45.0,0.34,21.0,74.0,3.0,65.0,1.0,8.0,1.0,0.0,7.0,3.0,4.0,2.0,3.0,1.75,0.0,6.0,3.375,1.0,3.0,1.25,1.0,2.0,0.571428571428571,0.0,3.0,3.0,3.0,347.0,27.0,0.69375,0.333333333333333,0.0,3.0,3.0,1.0,0.0
0.0,7.0,55.0,1.0,0.0,1.0,0.0,2.0,1.0,8.0,0.0,0.0,1.0,2.0,30.0,2.0,2.0,2.0,9.0,1.0,0.0,1.0,1.0,6.0,2.0,2.0,10.0,19.0,3.0,1.58,6.0,13.0,1.0,10.0,1.0,2.0,1.0,0.0,6.0,0.0,2.0,2.0,3.0,1.5,0.0,5.0,2.5,0.0,1.0,1.0,1.0,0.0,0.0,0.0,2.0,2.0,2.0,110.0,0.0,0.6,0.5,0.0,3.0,2.0,0.0,0.0
0.0,13.0,75.0,1.0,0.0,1.0,0.0,2.0,1.0,17.0,0.0,3.0,1.0,2.0,27.0,1.0,2.0,2.0,16.0,1.0,1.0,1.0,1.0,19.0,2.0,2.0,15.0,39.0,5.0,0.69,9.0,20.0,1.0,17.0,1.0,2.0,1.0,0.0,8.0,0.0,10.0,1.0,6.0,3.5,1.0,11.0,6.0,1.0,1.0,1.0,1.0,0.0,0.0,0.0,4.0,4.0,4.0,175.0,25.0,0.413333333333333,0.25,0.0,4.0,4.0,1.0,0.0
0.0,4.0,192.0,1.0,0.0,1.0,0.0,14.0,1.0,10.0,0.0,5.0,1.0,14.0,103.0,1.0,14.0,14.0,24.0,0.0,6.0,1.0,14.0,19.0,14.0,14.0,23.0,73.0,19.0,1.41,16.0,42.0,1.0,27.0,0.0,14.0,1.0,78.0,1.0,0.0,0.0,2.0,3.0,1.28571428571429,0.0,7.0,1.64285714285714,1.0,1.0,1.0,1.0,0.0,0.0,0.0,4.0,4.0,3.0,376.0,1.0,0.848958333333333,0.5,0.0,3.0,3.0,1.0,0.0
0.0,5.0,67.0,2.0,0.0,1.0,0.0,4.0,1.0,9.0,0.0,4.0,1.0,3.0,34.0,1.0,3.0,4.0,13.0,0.0,0.0,2.0,3.0,6.0,4.0,3.0,13.0,26.0,5.0,1.31,7.0,18.0,2.0,13.0,0.0,3.0,1.0,0.0,4.0,0.0,8.0,1.0,4.0,2.66666666666667,2.0,5.0,3.66666666666667,2.0,2.0,1.33333333333333,1.0,1.0,0.6,0.0,4.0,4.0,4.0,144.0,8.0,0.617647058823529,0.25,0.0,4.0,4.0,0.0,0.0
0.0,5.0,50.0,1.0,0.0,1.0,0.0,2.0,1.0,7.0,0.0,2.0,1.0,2.0,26.0,1.0,2.0,2.0,8.0,1.0,1.0,1.0,1.0,4.0,2.0,2.0,8.0,18.0,4.0,1.44,6.0,12.0,1.0,9.0,0.0,2.0,1.0,0.0,8.0,0.0,4.0,1.0,1.0,1.0,1.0,7.0,4.0,1.0,1.0,1.0,1.0,0.0,0.0,0.0,5.0,5.0,4.0,132.0,23.0,0.44,0.4,0.0,4.0,4.0,1.0,0.0
0.0,12.0,67.0,1.0,0.0,1.0,0.0,2.0,1.0,14.0,0.0,1.0,1.0,2.0,24.0,1.0,2.0,2.0,15.0,1.0,1.0,1.0,1.0,18.0,2.0,2.0,14.0,37.0,5.0,0.65,6.0,19.0,1.0,16.0,0.0,2.0,1.0,0.0,8.0,0.0,9.0,1.0,6.0,3.5,1.0,11.0,6.0,1.0,1.0,1.0,1.0,0.0,0.0,0.0,4.0,4.0,4.0,160.0,26.0,0.388059701492537,0.25,0.0,4.0,4.0,1.0,0.0
0.0,18.0,77.0,1.0,0.0,1.0,0.0,2.0,1.0,26.0,0.0,6.0,1.0,2.0,34.0,2.0,2.0,2.0,12.0,1.0,0.0,1.0,1.0,23.0,2.0,2.0,13.0,36.0,16.0,0.94,7.0,29.0,1.0,26.0,1.0,2.0,1.0,0.0,7.0,0.0,2.0,2.0,1.0,0.5,0.0,7.0,4.0,1.0,1.0,1.0,1.0,0.0,0.0,0.0,2.0,2.0,2.0,156.0,0.0,0.653846153846154,0.5,0.0,4.0,2.0,1.0,0.0
0.0,8.0,88.0,1.0,0.0,1.0,0.0,4.0,1.0,16.0,0.0,7.0,1.0,4.0,45.0,2.0,4.0,4.0,13.0,1.0,2.0,1.0,3.0,12.0,4.0,4.0,15.0,34.0,6.0,1.32,9.0,21.0,1.0,16.0,1.0,4.0,1.0,50.0,6.0,0.0,4.0,2.0,1.0,0.75,0.0,5.0,3.75,1.0,1.0,1.0,1.0,0.0,0.0,0.0,2.0,2.0,2.0,178.0,0.0,0.370786516853933,0.5,0.0,5.0,2.0,1.0,0.0
0.0,4.0,52.0,1.0,0.0,1.0,0.0,3.0,1.0,7.0,0.0,3.0,1.0,3.0,30.0,1.0,3.0,3.0,7.0,1.0,0.0,1.0,2.0,3.0,3.0,3.0,7.0,17.0,3.0,1.76,5.0,10.0,1.0,6.0,0.0,3.0,1.0,0.0,4.0,0.0,5.0,1.0,1.0,0.333333333333333,0.0,4.0,2.0,1.0,1.0,1.0,1.0,0.0,0.0,0.0,2.0,2.0,2.0,106.0,0.0,0.245283018867925,0.5,0.0,5.0,2.0,1.0,0.0
0.0,0.0,30.0,0.0,0.0,0.0,0.0,0.0,0.0,0.0,0.0,0.0,0.0,0.0,21.0,1.0,0.0,0.0,4.0,0.0,0.0,0.0,0.0,0.0,0.0,0.0,3.0,6.0,0.0,3.5,3.0,3.0,0.0,2.0,0.0,0.0,0.0,0.0,7.0,0.0,0.0,1.0,0.0,0.0,0.0,0.0,0.0,0.0,0.0,0.0,0.0,1.0,0.333333333333333,0.0,1.0,1.0,1.0,30.0,0.0,0.433333333333333,1.0,0.0,4.0,1.0,0.0,0.0
0.0,0.0,27.0,0.0,0.0,0.0,0.0,0.0,0.0,0.0,0.0,0.0,0.0,0.0,19.0,1.0,0.0,0.0,3.0,0.0,0.0,0.0,0.0,0.0,0.0,0.0,3.0,5.0,0.0,3.8,3.0,3.0,0.0,2.0,0.0,0.0,0.0,0.0,6.0,2.0,0.0,1.0,0.0,0.0,0.0,0.0,0.0,0.0,0.0,0.0,0.0,0.0,0.0,0.0,1.0,1.0,1.0,27.0,0.0,1.0,1.0,0.0,1.0,1.0,0.0,0.0
0.0,0.0,27.0,0.0,0.0,0.0,0.0,0.0,0.0,0.0,0.0,0.0,0.0,0.0,21.0,1.0,0.0,0.0,2.0,0.0,0.0,0.0,0.0,0.0,0.0,0.0,2.0,4.0,0.0,5.25,2.0,2.0,0.0,1.0,0.0,0.0,0.0,0.0,7.0,0.0,0.0,1.0,0.0,0.0,0.0,0.0,0.0,0.0,0.0,0.0,0.0,0.0,0.0,0.0,1.0,1.0,1.0,27.0,0.0,0.666666666666667,1.0,0.0,3.0,1.0,0.0,0.0
0.0,4.0,51.0,1.0,0.0,1.0,0.0,3.0,1.0,5.0,0.0,1.0,1.0,3.0,24.0,1.0,3.0,3.0,11.0,2.0,0.0,1.0,1.0,3.0,3.0,3.0,8.0,22.0,3.0,1.09,5.0,11.0,1.0,7.0,0.0,3.0,1.0,0.0,4.0,0.0,5.0,1.0,1.0,1.0,1.0,1.0,1.0,1.0,1.0,1.0,1.0,0.0,0.0,0.0,1.0,1.0,1.0,51.0,0.0,0.568627450980392,1.0,0.0,4.0,1.0,1.0,0.0
0.0,5.0,69.0,2.0,0.0,1.0,0.0,5.0,1.0,11.0,0.0,5.0,1.0,3.0,38.0,1.0,3.0,4.0,11.0,0.0,0.0,2.0,3.0,5.0,4.0,3.0,9.0,26.0,5.0,1.46,5.0,14.0,2.0,9.0,0.0,3.0,2.0,0.0,4.0,0.0,3.0,1.0,2.0,1.66666666666667,1.0,3.0,2.33333333333333,2.0,2.0,1.33333333333333,1.0,1.0,0.6,0.0,1.0,1.0,1.0,69.0,0.0,0.579710144927536,1.0,0.0,3.0,1.0,2.0,0.0
0.0,3.0,47.0,1.0,0.0,1.0,0.0,2.0,1.0,7.0,0.0,4.0,1.0,2.0,31.0,1.0,2.0,2.0,6.0,0.0,0.0,1.0,2.0,0.0,2.0,2.0,6.0,12.0,0.0,2.58,4.0,6.0,1.0,3.0,0.0,2.0,1.0,0.0,6.0,0.0,1.0,1.0,0.0,0.0,0.0,1.0,1.0,1.0,1.0,1.0,1.0,0.0,0.0,0.0,1.0,1.0,1.0,47.0,0.0,0.638297872340426,1.0,0.0,3.0,1.0,1.0,0.0
0.0,0.0,28.0,0.0,0.0,0.0,0.0,0.0,0.0,0.0,0.0,0.0,0.0,0.0,21.0,1.0,0.0,0.0,3.0,0.0,0.0,0.0,0.0,0.0,0.0,0.0,3.0,5.0,0.0,4.2,2.0,3.0,0.0,2.0,0.0,0.0,0.0,0.0,6.0,0.0,0.0,1.0,0.0,0.0,0.0,0.0,0.0,0.0,0.0,0.0,0.0,0.0,0.0,0.0,1.0,1.0,1.0,28.0,0.0,0.464285714285714,1.0,0.0,3.0,1.0,2.0,0.0
0.0,0.0,27.0,0.0,0.0,0.0,0.0,0.0,0.0,0.0,0.0,0.0,0.0,0.0,19.0,1.0,0.0,0.0,3.0,0.0,0.0,0.0,0.0,0.0,0.0,0.0,3.0,5.0,0.0,3.8,3.0,3.0,0.0,2.0,0.0,0.0,0.0,0.0,6.0,7.0,0.0,1.0,0.0,0.0,0.0,0.0,0.0,0.0,0.0,0.0,0.0,1.0,0.333333333333333,0.0,1.0,1.0,1.0,27.0,0.0,1.0,1.0,0.0,1.0,1.0,0.0,0.0
0.0,13.0,90.0,1.0,0.0,1.0,0.0,5.0,1.0,14.0,0.0,0.0,1.0,5.0,26.0,5.0,5.0,5.0,20.0,1.0,0.0,1.0,4.0,26.0,5.0,5.0,24.0,60.0,12.0,0.43,4.0,36.0,1.0,30.0,0.0,5.0,1.0,0.0,7.0,0.0,8.0,2.0,2.0,0.6,0.0,5.0,3.0,2.0,1.0,1.0,1.0,0.0,0.0,0.0,2.0,2.0,1.0,91.0,1.0,0.644444444444444,1.0,0.0,4.0,1.0,1.0,0.0
0.0,3.0,36.0,1.0,0.0,1.0,0.0,1.0,1.0,3.0,0.0,0.0,1.0,1.0,24.0,1.0,1.0,1.0,6.0,0.0,0.0,1.0,1.0,0.0,1.0,1.0,5.0,10.0,0.0,2.4,2.0,5.0,1.0,3.0,0.0,1.0,1.0,0.0,7.0,0.0,0.0,1.0,0.0,0.0,0.0,1.0,1.0,1.0,1.0,1.0,1.0,1.0,0.25,0.0,2.0,2.0,1.0,39.0,3.0,0.5,1.0,0.0,4.0,1.0,0.0,0.0
0.0,3.0,40.0,1.0,0.0,1.0,0.0,1.0,1.0,3.0,0.0,0.0,1.0,1.0,28.0,1.0,1.0,1.0,6.0,0.0,0.0,1.0,1.0,0.0,1.0,1.0,5.0,10.0,0.0,2.8,2.0,5.0,1.0,3.0,0.0,1.0,1.0,0.0,7.0,0.0,0.0,1.0,1.0,1.0,1.0,1.0,1.0,1.0,1.0,1.0,1.0,0.0,0.0,0.0,2.0,2.0,1.0,43.0,3.0,0.55,1.0,0.0,4.0,1.0,0.0,0.0
0.0,3.0,39.0,1.0,0.0,1.0,0.0,1.0,1.0,3.0,0.0,0.0,1.0,1.0,28.0,1.0,1.0,1.0,4.0,0.0,0.0,1.0,1.0,0.0,1.0,1.0,4.0,8.0,0.0,3.5,3.0,4.0,1.0,2.0,0.0,1.0,1.0,0.0,7.0,0.0,0.0,1.0,0.0,0.0,0.0,1.0,1.0,1.0,1.0,1.0,1.0,0.0,0.0,0.0,2.0,2.0,1.0,41.0,2.0,0.512820512820513,1.0,0.0,4.0,1.0,0.0,0.0
0.0,3.0,43.0,1.0,0.0,1.0,0.0,1.0,1.0,3.0,0.0,0.0,1.0,1.0,32.0,1.0,1.0,1.0,4.0,0.0,0.0,1.0,1.0,0.0,1.0,1.0,4.0,8.0,0.0,4.0,3.0,4.0,1.0,2.0,0.0,1.0,1.0,0.0,7.0,0.0,0.0,1.0,1.0,1.0,1.0,1.0,1.0,1.0,1.0,1.0,1.0,0.0,0.0,0.0,2.0,2.0,1.0,45.0,2.0,0.581395348837209,1.0,0.0,3.0,1.0,1.0,0.0
0.0,9.0,182.0,2.0,0.0,1.0,0.0,10.0,1.0,9.0,0.0,0.0,1.0,9.0,64.0,9.0,9.0,10.0,39.0,1.0,2.0,2.0,8.0,32.0,10.0,9.0,35.0,105.0,22.0,0.61,13.0,57.0,2.0,40.0,0.0,9.0,1.0,50.0,7.0,0.0,7.0,2.0,3.0,2.11111111111111,1.0,8.0,3.55555555555556,2.0,2.0,1.11111111111111,1.0,1.0,0.157894736842105,0.0,2.0,2.0,1.0,185.0,3.0,0.851648351648352,1.0,0.0,3.0,1.0,1.0,0.0
0.0,6.0,101.0,1.0,0.0,1.0,0.0,4.0,1.0,7.0,0.0,1.0,1.0,4.0,53.0,4.0,4.0,4.0,15.0,0.0,0.0,1.0,4.0,12.0,4.0,4.0,15.0,40.0,9.0,1.32,8.0,24.0,1.0,16.0,0.0,4.0,1.0,0.0,7.0,0.0,4.0,1.0,2.0,1.75,1.0,6.0,3.0,2.0,1.0,1.0,1.0,0.0,0.0,0.0,2.0,2.0,1.0,103.0,2.0,0.811881188118812,1.0,0.0,2.0,1.0,2.0,0.0
0.0,4.0,80.0,1.0,0.0,1.0,1.0,4.0,1.0,7.0,0.0,2.0,1.0,4.0,34.0,1.0,4.0,4.0,20.0,1.0,0.0,1.0,3.0,9.0,4.0,4.0,17.0,37.0,6.0,0.92,9.0,23.0,1.0,18.0,0.0,4.0,1.0,100.0,3.0,0.0,13.0,1.0,1.0,0.75,0.0,5.0,2.5,1.0,1.0,1.0,1.0,0.0,0.0,0.0,2.0,2.0,2.0,84.0,4.0,0.6125,0.5,0.0,2.0,2.0,2.0,0.0
0.0,4.0,66.0,1.0,0.0,1.0,0.0,3.0,1.0,10.0,0.0,6.0,1.0,3.0,40.0,1.0,3.0,3.0,9.0,0.0,1.0,1.0,3.0,4.0,3.0,3.0,9.0,20.0,3.0,2.0,6.0,12.0,1.0,8.0,0.0,3.0,1.0,33.0,3.0,0.0,4.0,1.0,3.0,2.33333333333333,2.0,2.0,1.33333333333333,1.0,1.0,1.0,1.0,0.0,0.0,0.0,1.0,1.0,1.0,66.0,0.0,0.712121212121212,1.0,0.0,2.0,1.0,2.0,0.0
0.0,5.0,95.0,3.0,0.0,1.0,0.0,7.0,1.0,11.0,0.0,5.0,1.0,5.0,49.0,1.0,5.0,7.0,12.0,0.0,2.0,3.0,5.0,10.0,7.0,5.0,11.0,38.0,10.0,1.29,8.0,21.0,3.0,13.0,0.0,5.0,1.0,30.0,1.0,0.0,1.0,2.0,3.0,2.0,1.0,4.0,2.2,1.0,4.0,1.6,1.0,1.0,0.428571428571429,0.0,1.0,1.0,1.0,95.0,0.0,0.8,1.0,0.0,2.0,1.0,3.0,0.0
0.0,4.0,50.0,1.0,0.0,1.0,0.0,2.0,1.0,7.0,0.0,3.0,1.0,2.0,29.0,1.0,2.0,2.0,8.0,0.0,0.0,1.0,2.0,2.0,2.0,2.0,8.0,15.0,1.0,1.93,6.0,9.0,1.0,6.0,0.0,2.0,1.0,0.0,1.0,0.0,4.0,2.0,1.0,1.0,1.0,4.0,2.5,1.0,1.0,1.0,1.0,0.0,0.0,0.0,1.0,1.0,1.0,50.0,0.0,0.56,1.0,0.0,3.0,1.0,2.0,0.0
0.0,4.0,35.0,1.0,0.0,1.0,0.0,1.0,1.0,7.0,0.0,3.0,1.0,1.0,24.0,1.0,1.0,1.0,4.0,0.0,0.0,1.0,1.0,1.0,1.0,1.0,4.0,9.0,1.0,2.67,2.0,5.0,1.0,3.0,0.0,1.0,1.0,0.0,3.0,0.0,2.0,1.0,1.0,1.0,1.0,1.0,1.0,1.0,1.0,1.0,1.0,1.0,0.25,0.0,2.0,2.0,2.0,70.0,0.0,0.542857142857143,0.5,0.0,3.0,2.0,0.0,0.0
0.0,4.0,49.0,1.0,0.0,1.0,0.0,2.0,1.0,9.0,0.0,4.0,1.0,2.0,30.0,1.0,2.0,2.0,7.0,0.0,0.0,1.0,2.0,3.0,2.0,2.0,7.0,16.0,3.0,1.88,3.0,10.0,1.0,7.0,0.0,2.0,1.0,0.0,7.0,0.0,3.0,1.0,4.0,2.0,0.0,3.0,2.0,1.0,1.0,1.0,1.0,0.0,0.0,0.0,2.0,2.0,2.0,98.0,0.0,0.63265306122449,0.5,0.0,3.0,2.0,0.0,0.0
0.0,4.0,47.0,1.0,0.0,1.0,0.0,2.0,1.0,8.0,0.0,4.0,1.0,2.0,30.0,1.0,2.0,2.0,6.0,0.0,0.0,1.0,2.0,2.0,2.0,2.0,6.0,14.0,2.0,2.14,3.0,8.0,1.0,5.0,0.0,2.0,1.0,0.0,7.0,0.0,1.0,1.0,2.0,1.0,0.0,2.0,1.5,1.0,1.0,1.0,1.0,0.0,0.0,0.0,2.0,2.0,2.0,94.0,0.0,0.638297872340426,0.5,0.0,3.0,2.0,0.0,0.0
0.0,8.0,40.0,1.0,0.0,1.0,0.0,1.0,1.0,8.0,0.0,0.0,1.0,1.0,24.0,1.0,1.0,1.0,7.0,0.0,0.0,1.0,1.0,5.0,1.0,1.0,7.0,13.0,3.0,1.85,3.0,10.0,1.0,8.0,0.0,1.0,1.0,0.0,6.0,0.0,2.0,1.0,0.0,0.0,0.0,5.0,5.0,5.0,1.0,1.0,1.0,0.0,0.0,0.0,2.0,2.0,2.0,82.0,0.0,0.585365853658537,0.5,0.0,3.0,2.0,0.0,0.0
0.0,6.0,58.0,2.0,0.0,1.0,0.0,4.0,2.0,13.0,0.0,5.0,2.0,2.0,32.0,1.0,2.0,3.0,7.0,0.0,0.0,3.0,2.0,5.0,3.0,2.0,7.0,20.0,5.0,1.6,6.0,12.0,2.0,8.0,1.0,2.0,2.0,0.0,7.0,0.0,2.0,1.0,4.0,2.0,0.0,6.0,3.5,1.0,2.0,1.5,1.0,1.0,0.75,0.0,2.0,2.0,2.0,116.0,0.0,0.672413793103448,0.5,0.0,3.0,2.0,0.0,0.0
0.0,8.0,116.0,1.0,0.0,1.0,0.0,7.0,1.0,12.0,0.0,3.0,1.0,7.0,49.0,4.0,7.0,7.0,17.0,0.0,1.0,1.0,7.0,19.0,7.0,7.0,19.0,56.0,14.0,0.88,11.0,33.0,1.0,24.0,0.0,7.0,1.0,33.0,7.0,0.0,5.0,2.0,3.0,1.42857142857143,0.0,7.0,2.42857142857143,1.0,1.0,1.0,1.0,0.0,0.0,0.0,2.0,2.0,2.0,232.0,0.0,0.793103448275862,0.5,0.0,3.0,2.0,0.0,0.0
0.0,4.0,47.0,1.0,0.0,1.0,0.0,2.0,1.0,8.0,0.0,4.0,1.0,2.0,30.0,1.0,2.0,2.0,6.0,0.0,0.0,1.0,2.0,2.0,2.0,2.0,6.0,14.0,2.0,2.14,3.0,8.0,1.0,5.0,0.0,2.0,1.0,0.0,7.0,0.0,1.0,1.0,2.0,1.0,0.0,2.0,1.5,1.0,1.0,1.0,1.0,0.0,0.0,0.0,2.0,2.0,2.0,94.0,0.0,0.638297872340426,0.5,0.0,3.0,2.0,0.0,0.0
3.0,7.0,122.0,2.0,0.0,1.0,2.0,9.0,1.0,10.0,2.0,2.0,1.0,7.0,37.0,3.0,7.0,9.0,27.0,1.0,3.0,2.0,3.0,28.0,9.0,7.0,29.0,70.0,18.0,0.53,15.0,47.0,2.0,36.0,0.0,5.0,1.0,91.0,6.0,0.0,4.0,2.0,5.0,2.14285714285714,0.0,7.0,3.42857142857143,2.0,2.0,1.28571428571429,1.0,1.0,0.5,0.0,2.0,2.0,2.0,246.0,0.0,0.780487804878049,0.5,0.0,3.0,2.0,1.0,0.0
0.0,3.0,42.0,1.0,0.0,1.0,0.0,2.0,1.0,6.0,0.0,3.0,1.0,2.0,27.0,1.0,2.0,2.0,5.0,0.0,0.0,1.0,2.0,1.0,2.0,2.0,5.0,12.0,1.0,2.25,3.0,6.0,1.0,3.0,0.0,2.0,1.0,0.0,4.0,0.0,2.0,1.0,1.0,0.5,0.0,1.0,1.0,1.0,1.0,1.0,1.0,0.0,0.0,0.0,2.0,2.0,2.0,84.0,0.0,0.619047619047619,0.5,0.0,3.0,2.0,0.0,0.0
0.0,4.0,130.0,1.0,0.0,1.0,0.0,10.0,1.0,9.0,0.0,5.0,1.0,10.0,69.0,1.0,10.0,10.0,17.0,0.0,4.0,1.0,10.0,10.0,10.0,10.0,17.0,49.0,9.0,1.41,12.0,26.0,1.0,15.0,0.0,10.0,1.0,70.0,1.0,0.0,0.0,2.0,4.0,1.2,0.0,1.0,1.0,1.0,1.0,1.0,1.0,2.0,0.153846153846154,0.0,2.0,2.0,2.0,260.0,0.0,0.746153846153846,0.5,0.0,3.0,2.0,1.0,0.0
0.0,4.0,38.0,1.0,0.0,1.0,0.0,1.0,1.0,4.0,0.0,0.0,1.0,1.0,27.0,1.0,1.0,1.0,4.0,0.0,0.0,1.0,1.0,1.0,1.0,1.0,4.0,9.0,1.0,3.0,2.0,5.0,1.0,3.0,0.0,1.0,1.0,0.0,6.0,0.0,0.0,1.0,3.0,3.0,3.0,2.0,2.0,2.0,1.0,1.0,1.0,0.0,0.0,0.0,2.0,2.0,2.0,76.0,0.0,0.5,0.5,0.0,4.0,2.0,0.0,0.0
0.0,3.0,101.0,1.0,0.0,1.0,0.0,7.0,1.0,9.0,0.0,5.0,1.0,7.0,57.0,1.0,7.0,7.0,13.0,0.0,3.0,1.0,7.0,6.0,7.0,7.0,13.0,35.0,6.0,1.63,9.0,19.0,1.0,11.0,0.0,7.0,1.0,71.0,1.0,0.0,0.0,2.0,1.0,0.857142857142857,0.0,1.0,1.0,1.0,1.0,1.0,1.0,0.0,0.0,0.0,2.0,2.0,2.0,202.0,0.0,0.722772277227723,0.5,0.0,3.0,2.0,1.0,0.0
0.0,9.0,81.0,2.0,0.0,1.0,0.0,4.0,2.0,24.0,0.0,13.0,2.0,2.0,50.0,1.0,2.0,3.0,9.0,0.0,0.0,3.0,2.0,7.0,3.0,2.0,9.0,25.0,6.0,2.0,6.0,15.0,2.0,11.0,1.0,2.0,2.0,0.0,5.0,0.0,5.0,1.0,3.0,1.5,0.0,5.0,3.5,2.0,2.0,1.5,1.0,1.0,0.75,0.0,2.0,2.0,2.0,164.0,0.0,0.560975609756098,0.5,0.0,4.0,2.0,0.0,0.0
0.0,8.0,67.0,1.0,0.0,1.0,0.0,2.0,1.0,17.0,0.0,8.0,1.0,2.0,38.0,1.0,2.0,2.0,11.0,1.0,0.0,1.0,1.0,10.0,2.0,2.0,10.0,22.0,4.0,1.73,8.0,14.0,1.0,11.0,1.0,2.0,1.0,0.0,6.0,0.0,5.0,1.0,1.0,0.5,0.0,6.0,4.0,2.0,1.0,1.0,1.0,0.0,0.0,0.0,2.0,2.0,2.0,136.0,0.0,0.411764705882353,0.5,0.0,4.0,2.0,1.0,0.0
0.0,10.0,59.0,1.0,0.0,1.0,0.0,2.0,1.0,12.0,0.0,1.0,1.0,2.0,27.0,1.0,2.0,2.0,12.0,1.0,0.0,1.0,1.0,15.0,2.0,2.0,10.0,26.0,3.0,1.04,6.0,13.0,1.0,10.0,0.0,2.0,1.0,0.0,6.0,0.0,3.0,1.0,0.0,0.0,0.0,4.0,3.0,2.0,1.0,1.0,1.0,0.0,0.0,0.0,2.0,2.0,2.0,120.0,0.0,0.35,0.5,0.0,5.0,2.0,0.0,0.0
0.0,14.0,107.0,1.0,0.0,1.0,0.0,5.0,1.0,16.0,0.0,1.0,1.0,5.0,30.0,4.0,5.0,5.0,19.0,2.0,0.0,1.0,3.0,44.0,5.0,5.0,17.0,69.0,9.0,0.43,9.0,26.0,1.0,20.0,1.0,5.0,1.0,0.0,6.0,0.0,4.0,2.0,0.0,0.0,0.0,4.0,1.8,1.0,1.0,1.0,1.0,0.0,0.0,0.0,4.0,4.0,4.0,220.0,4.0,0.462962962962963,0.25,0.0,5.0,4.0,2.0,0.0
1.0,9.0,133.0,3.0,0.0,1.0,2.0,8.0,1.0,12.0,0.0,2.0,1.0,6.0,40.0,3.0,6.0,8.0,34.0,2.0,2.0,3.0,3.0,36.0,8.0,6.0,31.0,76.0,17.0,0.53,17.0,48.0,3.0,39.0,0.0,6.0,1.0,50.0,6.0,0.0,6.0,2.0,3.0,1.5,0.0,7.0,3.5,2.0,3.0,1.33333333333333,1.0,2.0,0.6,0.0,2.0,2.0,2.0,266.0,0.0,0.81203007518797,0.5,0.0,3.0,2.0,2.0,0.0
0.0,11.0,94.0,2.0,0.0,1.0,0.0,5.0,1.0,14.0,0.0,2.0,1.0,4.0,37.0,3.0,4.0,5.0,20.0,2.0,1.0,2.0,2.0,18.0,5.0,4.0,19.0,47.0,9.0,0.79,11.0,28.0,2.0,21.0,1.0,4.0,1.0,0.0,6.0,0.0,6.0,2.0,1.0,0.5,0.0,6.0,2.75,1.0,2.0,1.25,1.0,1.0,0.375,0.0,2.0,2.0,2.0,190.0,0.0,0.589473684210526,0.5,0.0,5.0,2.0,1.0,0.0
0.0,14.0,99.0,1.0,0.0,1.0,0.0,4.0,1.0,16.0,0.0,0.0,1.0,4.0,24.0,3.0,4.0,4.0,24.0,3.0,0.0,1.0,1.0,35.0,4.0,4.0,22.0,64.0,10.0,0.38,11.0,32.0,1.0,27.0,1.0,4.0,1.0,0.0,6.0,0.0,7.0,2.0,1.0,0.25,0.0,5.0,3.5,2.0,1.0,1.0,1.0,0.0,0.0,0.0,2.0,2.0,2.0,198.0,0.0,0.373737373737374,0.5,0.0,4.0,2.0,0.0,0.0
0.0,3.0,72.0,1.0,0.0,1.0,1.0,4.0,1.0,6.0,1.0,3.0,1.0,4.0,33.0,1.0,4.0,4.0,11.0,1.0,0.0,1.0,3.0,8.0,4.0,4.0,10.0,31.0,8.0,1.06,8.0,18.0,1.0,13.0,0.0,3.0,1.0,75.0,4.0,0.0,4.0,1.0,5.0,1.5,0.0,2.0,1.25,1.0,1.0,1.0,1.0,0.0,0.0,0.0,2.0,2.0,2.0,144.0,0.0,0.569444444444444,0.5,0.0,4.0,2.0,0.0,0.0
0.0,18.0,198.0,4.0,0.0,1.0,2.0,9.0,2.0,31.0,0.0,13.0,1.0,6.0,88.0,4.0,6.0,7.0,31.0,2.0,2.0,4.0,4.0,68.0,9.0,6.0,29.0,106.0,18.0,0.83,17.0,47.0,2.0,38.0,1.0,6.0,2.0,50.0,6.0,0.0,6.0,2.0,3.0,1.33333333333333,0.0,7.0,2.83333333333333,1.0,4.0,1.5,1.0,1.0,0.272727272727273,0.0,2.0,2.0,2.0,396.0,0.0,0.434343434343434,0.5,0.0,4.0,2.0,2.0,1.0
0.0,6.0,41.0,1.0,0.0,1.0,0.0,1.0,1.0,6.0,0.0,0.0,1.0,1.0,27.0,1.0,1.0,1.0,5.0,0.0,0.0,1.0,1.0,3.0,1.0,1.0,5.0,12.0,3.0,2.25,2.0,8.0,1.0,6.0,0.0,1.0,1.0,0.0,6.0,0.0,1.0,1.0,28.0,28.0,28.0,5.0,5.0,5.0,1.0,1.0,1.0,0.0,0.0,0.0,2.0,2.0,2.0,82.0,0.0,0.463414634146341,0.5,0.0,4.0,2.0,0.0,0.0
0.0,5.0,49.0,1.0,0.0,1.0,0.0,2.0,1.0,9.0,0.0,5.0,1.0,2.0,32.0,1.0,2.0,2.0,8.0,1.0,0.0,1.0,1.0,5.0,2.0,2.0,8.0,16.0,3.0,2.0,4.0,11.0,1.0,8.0,0.0,2.0,1.0,0.0,6.0,0.0,2.0,1.0,0.0,0.0,0.0,3.0,2.5,2.0,1.0,1.0,1.0,0.0,0.0,0.0,2.0,2.0,2.0,100.0,0.0,0.42,0.5,0.0,5.0,2.0,0.0,0.0
0.0,12.0,74.0,1.0,0.0,1.0,0.0,3.0,1.0,14.0,0.0,2.0,1.0,3.0,31.0,2.0,3.0,3.0,12.0,2.0,0.0,1.0,1.0,23.0,3.0,3.0,11.0,38.0,4.0,0.82,7.0,15.0,1.0,11.0,0.0,3.0,1.0,0.0,6.0,0.0,2.0,2.0,0.0,0.0,0.0,3.0,2.0,1.0,1.0,1.0,1.0,0.0,0.0,0.0,2.0,2.0,2.0,150.0,0.0,0.346666666666667,0.5,0.0,5.0,2.0,1.0,0.0
0.0,5.0,66.0,1.0,0.0,1.0,0.0,3.0,1.0,7.0,0.0,2.0,1.0,3.0,35.0,2.0,3.0,3.0,12.0,1.0,0.0,1.0,2.0,8.0,3.0,3.0,11.0,26.0,5.0,1.35,5.0,16.0,1.0,11.0,0.0,3.0,1.0,0.0,6.0,0.0,2.0,1.0,3.0,1.0,0.0,5.0,3.33333333333333,2.0,1.0,1.0,1.0,0.0,0.0,0.0,3.0,3.0,3.0,135.0,1.0,0.716417910447761,0.333333333333333,0.0,3.0,3.0,0.0,0.0
0.0,7.0,50.0,1.0,0.0,1.0,0.0,2.0,1.0,10.0,0.0,3.0,1.0,2.0,27.0,1.0,2.0,2.0,10.0,1.0,0.0,1.0,1.0,8.0,2.0,2.0,8.0,19.0,2.0,1.42,4.0,10.0,1.0,7.0,0.0,2.0,1.0,0.0,6.0,0.0,2.0,1.0,0.0,0.0,0.0,3.0,2.5,2.0,1.0,1.0,1.0,0.0,0.0,0.0,2.0,2.0,2.0,102.0,0.0,0.352941176470588,0.5,0.0,5.0,2.0,0.0,0.0
0.0,3.0,33.0,1.0,0.0,1.0,0.0,1.0,1.0,3.0,0.0,0.0,1.0,1.0,24.0,1.0,1.0,1.0,4.0,0.0,0.0,1.0,1.0,0.0,1.0,1.0,4.0,7.0,0.0,3.43,2.0,4.0,1.0,2.0,0.0,1.0,1.0,0.0,6.0,0.0,0.0,1.0,0.0,0.0,0.0,1.0,1.0,1.0,1.0,1.0,1.0,0.0,0.0,0.0,2.0,2.0,2.0,68.0,0.0,0.382352941176471,0.5,0.0,4.0,2.0,0.0,0.0
0.0,10.0,91.0,1.0,0.0,1.0,0.0,3.0,1.0,20.0,0.0,9.0,1.0,3.0,48.0,2.0,3.0,3.0,16.0,1.0,0.0,1.0,2.0,17.0,3.0,3.0,14.0,34.0,7.0,1.41,9.0,21.0,1.0,17.0,1.0,3.0,1.0,0.0,6.0,0.0,3.0,2.0,0.0,0.0,0.0,7.0,3.33333333333333,1.0,1.0,1.0,1.0,0.0,0.0,0.0,2.0,2.0,2.0,184.0,0.0,0.41304347826087,0.5,0.0,5.0,2.0,0.0,0.0
0.0,10.0,204.0,1.0,0.0,1.0,0.0,12.0,1.0,16.0,0.0,4.0,1.0,12.0,80.0,10.0,12.0,12.0,31.0,1.0,5.0,1.0,11.0,45.0,12.0,12.0,33.0,106.0,19.0,0.75,20.0,52.0,1.0,35.0,0.0,12.0,1.0,100.0,6.0,0.0,6.0,2.0,3.0,1.0,0.0,5.0,2.58333333333333,1.0,1.0,1.0,1.0,0.0,0.0,0.0,2.0,2.0,2.0,410.0,0.0,0.585365853658537,0.5,0.0,4.0,2.0,1.0,0.0
0.0,9.0,104.0,1.0,0.0,1.0,1.0,4.0,1.0,14.0,0.0,4.0,1.0,4.0,41.0,3.0,4.0,4.0,26.0,2.0,1.0,1.0,2.0,25.0,4.0,4.0,23.0,52.0,8.0,0.79,13.0,31.0,1.0,25.0,1.0,4.0,1.0,50.0,6.0,0.0,6.0,2.0,2.0,0.75,0.0,7.0,3.0,1.0,1.0,1.0,1.0,0.0,0.0,0.0,2.0,2.0,2.0,210.0,0.0,0.533333333333333,0.5,0.0,5.0,2.0,1.0,0.0
1.0,11.0,155.0,3.0,0.0,1.0,2.0,10.0,1.0,15.0,0.0,4.0,1.0,7.0,52.0,4.0,7.0,10.0,34.0,3.0,2.0,3.0,3.0,50.0,10.0,7.0,32.0,91.0,21.0,0.57,17.0,53.0,3.0,42.0,0.0,7.0,1.0,50.0,6.0,0.0,6.0,2.0,3.0,1.71428571428571,0.0,8.0,3.42857142857143,2.0,3.0,1.42857142857143,1.0,2.0,0.666666666666667,0.0,3.0,3.0,3.0,301.0,1.0,0.403846153846154,0.333333333333333,0.0,6.0,3.0,2.0,0.0
0.0,9.0,55.0,1.0,0.0,1.0,0.0,2.0,1.0,11.0,0.0,1.0,1.0,2.0,27.0,1.0,2.0,2.0,10.0,1.0,0.0,1.0,1.0,12.0,2.0,2.0,9.0,23.0,2.0,1.17,5.0,11.0,1.0,8.0,0.0,2.0,1.0,0.0,6.0,0.0,2.0,1.0,0.0,0.0,0.0,3.0,2.5,2.0,1.0,1.0,1.0,0.0,0.0,0.0,2.0,2.0,2.0,112.0,0.0,0.267857142857143,0.5,0.0,5.0,2.0,0.0,0.0
0.0,4.0,38.0,1.0,0.0,1.0,0.0,1.0,1.0,4.0,0.0,0.0,1.0,1.0,27.0,1.0,1.0,1.0,4.0,0.0,0.0,1.0,1.0,1.0,1.0,1.0,4.0,9.0,1.0,3.0,2.0,5.0,1.0,3.0,0.0,1.0,1.0,0.0,6.0,0.0,0.0,1.0,2.0,2.0,2.0,2.0,2.0,2.0,1.0,1.0,1.0,0.0,0.0,0.0,2.0,2.0,2.0,76.0,0.0,0.5,0.5,0.0,4.0,2.0,0.0,0.0
0.0,6.0,41.0,1.0,0.0,1.0,0.0,1.0,1.0,6.0,0.0,0.0,1.0,1.0,27.0,1.0,1.0,1.0,5.0,0.0,0.0,1.0,1.0,3.0,1.0,1.0,5.0,12.0,3.0,2.25,2.0,8.0,1.0,6.0,0.0,1.0,1.0,0.0,6.0,0.0,2.0,1.0,2.0,2.0,2.0,5.0,5.0,5.0,1.0,1.0,1.0,0.0,0.0,0.0,2.0,2.0,2.0,82.0,0.0,0.51219512195122,0.5,0.0,4.0,2.0,0.0,0.0
0.0,8.0,60.0,2.0,0.0,1.0,0.0,2.0,2.0,24.0,0.0,14.0,2.0,1.0,43.0,1.0,1.0,2.0,5.0,0.0,0.0,2.0,1.0,3.0,2.0,1.0,5.0,13.0,3.0,3.31,4.0,8.0,2.0,5.0,2.0,1.0,2.0,0.0,5.0,0.0,1.0,1.0,2.0,2.0,2.0,3.0,3.0,3.0,2.0,2.0,2.0,1.0,1.0,1.0,2.0,2.0,2.0,122.0,0.0,0.459016393442623,0.5,0.0,4.0,2.0,0.0,0.0
0.0,8.0,96.0,1.0,0.0,1.0,0.0,4.0,1.0,17.0,0.0,8.0,1.0,4.0,53.0,2.0,4.0,4.0,11.0,1.0,0.0,1.0,3.0,16.0,4.0,4.0,12.0,34.0,4.0,1.56,9.0,16.0,1.0,11.0,1.0,4.0,1.0,0.0,6.0,0.0,4.0,2.0,1.0,0.25,0.0,3.0,2.0,1.0,1.0,1.0,1.0,0.0,0.0,0.0,2.0,2.0,2.0,194.0,0.0,0.422680412371134,0.5,0.0,5.0,2.0,0.0,0.0
0.0,11.0,77.0,1.0,0.0,1.0,0.0,3.0,1.0,12.0,0.0,0.0,1.0,3.0,24.0,2.0,3.0,3.0,24.0,2.0,0.0,1.0,1.0,19.0,3.0,3.0,21.0,43.0,5.0,0.56,10.0,26.0,1.0,22.0,1.0,3.0,1.0,0.0,6.0,0.0,8.0,2.0,0.0,0.0,0.0,7.0,3.66666666666667,2.0,1.0,1.0,1.0,0.0,0.0,0.0,2.0,2.0,2.0,154.0,0.0,0.675324675324675,0.5,0.0,3.0,2.0,0.0,0.0
0.0,6.0,44.0,1.0,0.0,1.0,0.0,2.0,1.0,8.0,0.0,1.0,1.0,2.0,24.0,1.0,2.0,2.0,8.0,1.0,0.0,1.0,1.0,7.0,2.0,2.0,7.0,17.0,2.0,1.41,3.0,9.0,1.0,6.0,0.0,2.0,1.0,0.0,6.0,0.0,2.0,1.0,0.0,0.0,0.0,3.0,2.5,2.0,1.0,1.0,1.0,0.0,0.0,0.0,2.0,2.0,2.0,90.0,0.0,0.4,0.5,0.0,5.0,2.0,0.0,0.0
0.0,4.0,156.0,1.0,0.0,1.0,0.0,12.0,1.0,9.0,0.0,5.0,1.0,12.0,82.0,1.0,12.0,12.0,20.0,0.0,4.0,1.0,12.0,13.0,12.0,12.0,20.0,58.0,12.0,1.41,16.0,32.0,1.0,19.0,0.0,12.0,1.0,68.0,1.0,0.0,1.0,2.0,3.0,1.41666666666667,0.0,3.0,1.16666666666667,1.0,1.0,1.0,1.0,0.0,0.0,0.0,2.0,2.0,2.0,314.0,0.0,0.687898089171974,0.5,0.0,3.0,2.0,2.0,0.0
0.0,9.0,101.0,1.0,0.0,1.0,1.0,4.0,1.0,13.0,0.0,4.0,1.0,4.0,41.0,3.0,4.0,4.0,25.0,2.0,1.0,1.0,2.0,22.0,4.0,4.0,22.0,49.0,7.0,0.84,13.0,29.0,1.0,23.0,1.0,4.0,1.0,50.0,6.0,0.0,6.0,2.0,2.0,0.75,0.0,6.0,2.75,1.0,1.0,1.0,1.0,0.0,0.0,0.0,2.0,2.0,2.0,204.0,0.0,0.529411764705882,0.5,0.0,4.0,2.0,2.0,0.0
0.0,13.0,94.0,1.0,0.0,1.0,0.0,4.0,1.0,15.0,0.0,0.0,1.0,4.0,24.0,3.0,4.0,4.0,23.0,3.0,0.0,1.0,1.0,31.0,4.0,4.0,21.0,59.0,9.0,0.41,11.0,30.0,1.0,25.0,1.0,4.0,1.0,0.0,6.0,0.0,7.0,2.0,1.0,0.25,0.0,6.0,3.75,2.0,1.0,1.0,1.0,0.0,0.0,0.0,2.0,2.0,2.0,188.0,0.0,0.372340425531915,0.5,0.0,4.0,2.0,0.0,0.0
1.0,11.0,170.0,3.0,0.0,1.0,2.0,10.0,1.0,14.0,0.0,2.0,1.0,8.0,45.0,4.0,8.0,10.0,43.0,2.0,2.0,3.0,5.0,56.0,10.0,8.0,41.0,107.0,25.0,0.42,23.0,66.0,3.0,55.0,1.0,8.0,1.0,75.0,6.0,0.0,10.0,2.0,3.0,1.25,0.0,10.0,3.5,2.0,3.0,1.25,1.0,2.0,0.461538461538462,0.0,3.0,3.0,3.0,344.0,1.0,0.555555555555556,0.333333333333333,0.0,4.0,3.0,1.0,1.0
0.0,12.0,88.0,1.0,0.0,1.0,0.0,4.0,1.0,14.0,0.0,1.0,1.0,4.0,31.0,3.0,4.0,4.0,18.0,1.0,0.0,1.0,3.0,32.0,4.0,4.0,16.0,51.0,7.0,0.61,8.0,23.0,1.0,20.0,1.0,4.0,1.0,0.0,6.0,0.0,4.0,2.0,0.0,0.0,0.0,4.0,2.0,1.0,1.0,1.0,1.0,0.0,0.0,0.0,2.0,2.0,2.0,178.0,0.0,0.606741573033708,0.5,0.0,3.0,2.0,1.0,0.0
1.0,7.0,214.0,1.0,0.0,1.0,0.0,12.0,1.0,11.0,0.0,2.0,1.0,12.0,77.0,8.0,12.0,12.0,33.0,1.0,1.0,1.0,10.0,42.0,12.0,12.0,31.0,104.0,22.0,0.74,33.0,53.0,1.0,40.0,1.0,12.0,1.0,0.0,6.0,0.0,5.0,2.0,3.0,1.25,0.0,10.0,2.75,1.0,1.0,1.0,1.0,0.0,0.0,0.0,3.0,3.0,3.0,429.0,1.0,0.864485981308411,0.333333333333333,0.0,3.0,3.0,1.0,0.0
0.0,7.0,85.0,1.0,0.0,1.0,0.0,4.0,1.0,10.0,0.0,2.0,1.0,4.0,36.0,3.0,4.0,4.0,20.0,2.0,1.0,1.0,2.0,15.0,4.0,4.0,19.0,40.0,7.0,0.9,10.0,26.0,1.0,20.0,0.0,4.0,1.0,0.0,6.0,0.0,6.0,2.0,2.0,0.5,0.0,6.0,2.75,1.0,1.0,1.0,1.0,0.0,0.0,0.0,2.0,2.0,2.0,172.0,0.0,0.581395348837209,0.5,0.0,4.0,2.0,2.0,0.0
0.0,12.0,149.0,1.0,0.0,1.0,0.0,4.0,1.0,24.0,0.0,14.0,1.0,4.0,90.0,3.0,4.0,4.0,22.0,2.0,2.0,1.0,2.0,33.0,4.0,4.0,20.0,58.0,8.0,1.55,15.0,28.0,1.0,22.0,1.0,4.0,1.0,0.0,6.0,0.0,6.0,2.0,3.0,1.0,0.0,6.0,2.75,1.0,1.0,1.0,1.0,0.0,0.0,0.0,4.0,4.0,4.0,303.0,3.0,0.413333333333333,0.25,0.0,5.0,4.0,1.0,1.0
0.0,4.0,74.0,1.0,0.0,1.0,0.0,4.0,1.0,8.0,0.0,3.0,1.0,4.0,36.0,2.0,4.0,4.0,13.0,1.0,0.0,1.0,3.0,6.0,4.0,4.0,13.0,30.0,5.0,1.2,8.0,18.0,1.0,12.0,0.0,4.0,1.0,0.0,6.0,0.0,3.0,1.0,3.0,1.0,0.0,5.0,3.0,1.0,1.0,1.0,1.0,0.0,0.0,0.0,2.0,2.0,2.0,148.0,0.0,0.72972972972973,0.5,0.0,3.0,2.0,0.0,0.0
0.0,3.0,37.0,1.0,0.0,1.0,0.0,1.0,1.0,3.0,0.0,0.0,1.0,1.0,26.0,1.0,1.0,1.0,5.0,0.0,0.0,1.0,1.0,0.0,1.0,1.0,5.0,8.0,0.0,3.25,3.0,5.0,1.0,3.0,0.0,1.0,1.0,0.0,6.0,0.0,0.0,1.0,0.0,0.0,0.0,1.0,1.0,1.0,1.0,1.0,1.0,2.0,0.5,0.0,2.0,2.0,2.0,76.0,0.0,0.552631578947368,0.5,0.0,3.0,2.0,0.0,0.0
0.0,11.0,122.0,5.0,0.0,2.0,1.0,8.0,2.0,17.0,0.0,6.0,2.0,4.0,46.0,2.0,4.0,8.0,24.0,1.0,0.0,5.0,3.0,19.0,8.0,6.0,24.0,64.0,13.0,0.72,12.0,37.0,5.0,27.0,0.0,4.0,2.0,100.0,4.0,0.0,7.0,1.0,5.0,1.5,0.0,11.0,3.75,1.0,12.0,3.75,1.0,2.0,0.857142857142857,0.0,2.0,2.0,2.0,244.0,0.0,0.762295081967213,0.5,0.0,3.0,2.0,2.0,0.0
0.0,4.0,39.0,1.0,0.0,1.0,0.0,1.0,1.0,7.0,0.0,3.0,1.0,1.0,27.0,1.0,1.0,1.0,5.0,0.0,0.0,1.0,1.0,1.0,1.0,1.0,5.0,9.0,1.0,3.0,3.0,6.0,1.0,4.0,0.0,1.0,1.0,0.0,6.0,0.0,2.0,1.0,1.0,1.0,1.0,3.0,3.0,3.0,1.0,1.0,1.0,0.0,0.0,0.0,2.0,2.0,2.0,80.0,0.0,0.575,0.5,0.0,3.0,2.0,0.0,0.0
0.0,3.0,37.0,1.0,0.0,1.0,0.0,1.0,1.0,3.0,0.0,0.0,1.0,1.0,26.0,1.0,1.0,1.0,5.0,0.0,0.0,1.0,1.0,0.0,1.0,1.0,5.0,8.0,0.0,3.25,3.0,5.0,1.0,3.0,0.0,1.0,1.0,0.0,6.0,0.0,0.0,1.0,0.0,0.0,0.0,1.0,1.0,1.0,1.0,1.0,1.0,0.0,0.0,0.0,2.0,2.0,2.0,76.0,0.0,0.552631578947368,0.5,0.0,3.0,2.0,0.0,0.0
0.0,5.0,91.0,2.0,0.0,1.0,0.0,4.0,1.0,16.0,0.0,10.0,1.0,3.0,54.0,1.0,3.0,4.0,17.0,0.0,0.0,2.0,3.0,5.0,4.0,3.0,13.0,30.0,4.0,1.8,7.0,17.0,2.0,12.0,0.0,3.0,1.0,0.0,6.0,0.0,2.0,3.0,1.0,0.333333333333333,0.0,3.0,1.66666666666667,1.0,2.0,1.33333333333333,1.0,1.0,0.6,0.0,3.0,3.0,3.0,185.0,1.0,0.717391304347826,0.333333333333333,0.0,3.0,3.0,2.0,0.0
0.0,18.0,61.0,1.0,0.0,1.0,1.0,1.0,1.0,28.0,0.0,9.0,1.0,1.0,31.0,1.0,1.0,1.0,7.0,0.0,0.0,1.0,1.0,16.0,1.0,1.0,7.0,26.0,10.0,1.19,4.0,17.0,1.0,15.0,1.0,1.0,1.0,100.0,6.0,0.0,8.0,1.0,4.0,4.0,4.0,19.0,19.0,19.0,1.0,1.0,1.0,3.0,0.75,0.0,2.0,2.0,2.0,122.0,0.0,0.918032786885246,0.5,0.0,2.0,2.0,1.0,0.0
0.0,9.0,53.0,1.0,0.0,1.0,1.0,1.0,1.0,17.0,0.0,8.0,1.0,1.0,30.0,1.0,1.0,1.0,12.0,0.0,0.0,1.0,1.0,7.0,1.0,1.0,12.0,20.0,4.0,1.5,3.0,16.0,1.0,14.0,0.0,1.0,1.0,100.0,6.0,0.0,8.0,1.0,4.0,4.0,4.0,8.0,8.0,8.0,1.0,1.0,1.0,0.0,0.0,0.0,2.0,2.0,2.0,106.0,0.0,0.622641509433962,0.5,0.0,3.0,2.0,0.0,0.0
0.0,10.0,72.0,3.0,0.0,1.0,1.0,4.0,2.0,15.0,0.0,5.0,2.0,2.0,32.0,1.0,2.0,4.0,16.0,0.0,0.0,3.0,2.0,12.0,4.0,2.0,16.0,36.0,9.0,0.89,4.0,25.0,3.0,21.0,0.0,2.0,2.0,100.0,5.0,0.0,14.0,1.0,2.0,1.0,0.0,17.0,9.0,1.0,2.0,1.5,1.0,1.0,0.75,0.0,2.0,2.0,2.0,144.0,0.0,0.652777777777778,0.5,0.0,3.0,2.0,0.0,0.0
0.0,16.0,172.0,2.0,1.0,1.0,9.0,12.0,1.0,18.0,0.0,1.0,1.0,10.0,26.0,9.0,10.0,12.0,37.0,1.0,1.0,2.0,8.0,65.0,12.0,10.0,50.0,127.0,29.0,0.2,19.0,79.0,2.0,67.0,1.0,10.0,1.0,100.0,5.0,0.0,11.0,2.0,4.0,0.6,0.0,11.0,4.5,2.0,2.0,1.2,1.0,1.0,0.25,0.0,2.0,2.0,2.0,344.0,0.0,0.808139534883721,0.5,0.0,3.0,2.0,1.0,1.0
0.0,40.0,119.0,3.0,0.0,1.0,2.0,6.0,3.0,51.0,0.0,9.0,3.0,2.0,37.0,2.0,2.0,6.0,31.0,1.0,0.0,3.0,1.0,35.0,6.0,2.0,33.0,73.0,23.0,0.51,9.0,56.0,3.0,51.0,2.0,2.0,3.0,100.0,6.0,0.0,14.0,2.0,3.0,3.0,3.0,19.0,15.0,11.0,2.0,2.0,2.0,1.0,0.6,0.0,2.0,2.0,2.0,240.0,0.0,0.741666666666667,0.5,0.0,3.0,2.0,0.0,0.0
0.0,27.0,140.0,4.0,1.0,1.0,3.0,9.0,2.0,30.0,0.0,1.0,2.0,4.0,24.0,3.0,4.0,9.0,37.0,1.0,1.0,4.0,2.0,54.0,9.0,4.0,40.0,107.0,38.0,0.22,9.0,78.0,4.0,68.0,1.0,4.0,2.0,100.0,5.0,0.0,13.0,2.0,3.0,2.0,1.0,18.0,11.75,4.0,4.0,2.25,1.0,3.0,1.375,0.0,2.0,2.0,2.0,280.0,0.0,0.785714285714286,0.5,0.0,3.0,2.0,1.0,1.0
0.0,11.0,95.0,2.0,0.0,1.0,4.0,5.0,1.0,17.0,0.0,4.0,1.0,4.0,35.0,4.0,4.0,5.0,17.0,1.0,0.0,2.0,3.0,22.0,5.0,4.0,23.0,49.0,10.0,0.71,11.0,33.0,2.0,28.0,1.0,4.0,1.0,100.0,6.0,0.0,3.0,2.0,3.0,1.5,1.0,10.0,4.75,3.0,1.0,1.0,1.0,0.0,0.0,0.0,2.0,2.0,2.0,190.0,0.0,0.715789473684211,0.5,0.0,3.0,2.0,1.0,0.0
0.0,5.0,71.0,1.0,0.0,1.0,0.0,3.0,1.0,11.0,0.0,5.0,1.0,3.0,38.0,1.0,3.0,3.0,13.0,0.0,1.0,1.0,3.0,8.0,3.0,3.0,13.0,25.0,5.0,1.52,8.0,18.0,1.0,14.0,0.0,3.0,1.0,33.0,6.0,0.0,4.0,1.0,1.0,0.666666666666667,0.0,6.0,2.66666666666667,1.0,1.0,1.0,1.0,0.0,0.0,0.0,2.0,2.0,2.0,144.0,0.0,0.722222222222222,0.5,0.0,3.0,2.0,0.0,0.0
0.0,3.0,43.0,1.0,0.0,1.0,0.0,2.0,1.0,7.0,0.0,3.0,1.0,2.0,27.0,1.0,2.0,2.0,5.0,0.0,0.0,1.0,2.0,1.0,2.0,2.0,5.0,12.0,1.0,2.25,4.0,6.0,1.0,3.0,0.0,2.0,1.0,0.0,4.0,0.0,2.0,1.0,1.0,0.5,0.0,1.0,1.0,1.0,1.0,1.0,1.0,0.0,0.0,0.0,2.0,2.0,2.0,86.0,0.0,0.604651162790698,0.5,0.0,3.0,2.0,1.0,0.0
0.0,3.0,43.0,1.0,0.0,1.0,0.0,2.0,1.0,7.0,0.0,3.0,1.0,2.0,27.0,1.0,2.0,2.0,5.0,0.0,0.0,1.0,2.0,1.0,2.0,2.0,5.0,12.0,1.0,2.25,4.0,6.0,1.0,3.0,0.0,2.0,1.0,0.0,4.0,0.0,2.0,1.0,1.0,0.5,0.0,1.0,1.0,1.0,1.0,1.0,1.0,0.0,0.0,0.0,2.0,2.0,2.0,86.0,0.0,0.395348837209302,0.5,0.0,4.0,2.0,2.0,0.0
0.0,5.0,72.0,1.0,0.0,1.0,1.0,2.0,1.0,17.0,0.0,10.0,1.0,2.0,42.0,1.0,2.0,2.0,12.0,1.0,0.0,1.0,1.0,6.0,2.0,2.0,12.0,22.0,4.0,1.91,8.0,16.0,1.0,13.0,1.0,2.0,1.0,100.0,6.0,0.0,3.0,1.0,1.0,0.5,0.0,4.0,3.5,3.0,1.0,1.0,1.0,0.0,0.0,0.0,2.0,2.0,2.0,144.0,0.0,0.375,0.5,0.0,4.0,2.0,1.0,0.0
0.0,0.0,32.0,0.0,0.0,0.0,0.0,0.0,0.0,0.0,0.0,0.0,0.0,0.0,25.0,1.0,0.0,0.0,3.0,0.0,0.0,0.0,0.0,0.0,0.0,0.0,3.0,5.0,0.0,5.0,2.0,3.0,0.0,2.0,0.0,0.0,0.0,0.0,2.0,0.0,0.0,1.0,0.0,0.0,0.0,0.0,0.0,0.0,0.0,0.0,0.0,2.0,0.666666666666667,0.0,4.0,4.0,3.0,65.0,3.0,0.90625,0.5,0.0,2.0,3.0,0.0,0.0
0.0,10.0,336.0,2.0,0.0,1.0,3.0,22.0,1.0,15.0,0.0,3.0,1.0,19.0,104.0,12.0,19.0,22.0,71.0,4.0,0.0,2.0,15.0,87.0,22.0,19.0,74.0,199.0,51.0,0.52,34.0,125.0,2.0,101.0,0.0,19.0,1.0,100.0,9.0,0.0,23.0,2.0,6.0,1.21052631578947,0.0,28.0,4.0,1.0,2.0,1.10526315789474,1.0,1.0,0.15625,0.0,13.0,13.0,4.0,695.0,30.0,0.630952380952381,0.538461538461538,0.0,3.0,4.0,5.0,0.0
0.0,12.0,88.0,1.0,0.0,1.0,0.0,3.0,1.0,17.0,0.0,4.0,1.0,3.0,33.0,1.0,3.0,3.0,24.0,1.0,0.0,1.0,2.0,28.0,3.0,3.0,21.0,46.0,14.0,0.72,9.0,35.0,1.0,31.0,1.0,3.0,1.0,0.0,4.0,0.0,5.0,1.0,3.0,1.33333333333333,0.0,6.0,2.66666666666667,1.0,1.0,1.0,1.0,0.0,0.0,0.0,2.0,2.0,2.0,176.0,0.0,0.681818181818182,0.5,0.0,3.0,2.0,2.0,0.0
0.0,5.0,427.0,5.0,0.0,1.0,0.0,38.0,1.0,10.0,0.0,4.0,1.0,33.0,187.0,2.0,33.0,38.0,61.0,0.0,15.0,5.0,33.0,73.0,38.0,33.0,63.0,203.0,52.0,0.92,38.0,115.0,5.0,77.0,0.0,33.0,1.0,89.0,1.0,0.0,3.0,2.0,13.0,1.45454545454545,1.0,6.0,1.3030303030303,1.0,9.0,1.27272727272727,1.0,2.0,0.194444444444444,0.0,4.0,4.0,3.0,859.0,26.0,0.857476635514019,0.5,0.0,2.0,3.0,3.0,1.0
1.0,4.0,127.0,1.0,0.0,1.0,0.0,8.0,1.0,9.0,0.0,4.0,1.0,8.0,62.0,1.0,8.0,8.0,21.0,0.0,4.0,1.0,7.0,17.0,8.0,8.0,20.0,52.0,13.0,1.19,13.0,33.0,1.0,24.0,0.0,8.0,1.0,75.0,7.0,0.0,3.0,1.0,5.0,1.875,1.0,6.0,2.25,1.0,1.0,1.0,1.0,0.0,0.0,0.0,6.0,6.0,3.0,260.0,13.0,0.84251968503937,0.666666666666667,0.0,2.0,3.0,1.0,1.0
0.0,4.0,70.0,1.0,0.0,1.0,0.0,4.0,1.0,8.0,0.0,4.0,1.0,4.0,43.0,1.0,4.0,4.0,8.0,0.0,1.0,1.0,4.0,4.0,4.0,4.0,8.0,21.0,4.0,2.05,6.0,12.0,1.0,7.0,0.0,4.0,1.0,0.0,1.0,0.0,0.0,2.0,1.0,1.0,1.0,2.0,1.25,1.0,1.0,1.0,1.0,0.0,0.0,0.0,2.0,2.0,2.0,142.0,0.0,0.788732394366197,0.5,0.0,2.0,2.0,1.0,0.0
0.0,6.0,96.0,1.0,0.0,1.0,1.0,4.0,1.0,11.0,0.0,5.0,1.0,4.0,47.0,2.0,4.0,4.0,20.0,0.0,1.0,1.0,4.0,14.0,4.0,4.0,20.0,39.0,7.0,1.21,10.0,27.0,1.0,21.0,0.0,4.0,1.0,83.0,5.0,0.0,8.0,1.0,2.0,1.0,0.0,9.0,4.0,1.0,1.0,1.0,1.0,0.0,0.0,0.0,2.0,2.0,2.0,194.0,0.0,0.721649484536082,0.5,0.0,3.0,2.0,0.0,0.0
0.0,3.0,42.0,1.0,0.0,1.0,0.0,2.0,1.0,6.0,0.0,3.0,1.0,2.0,27.0,1.0,2.0,2.0,5.0,0.0,0.0,1.0,2.0,1.0,2.0,2.0,5.0,12.0,1.0,2.25,3.0,6.0,1.0,3.0,0.0,2.0,1.0,0.0,4.0,0.0,2.0,1.0,1.0,0.5,0.0,1.0,1.0,1.0,1.0,1.0,1.0,0.0,0.0,0.0,2.0,2.0,2.0,84.0,0.0,0.619047619047619,0.5,0.0,3.0,2.0,0.0,0.0
0.0,3.0,69.0,1.0,0.0,1.0,1.0,4.0,1.0,8.0,0.0,4.0,1.0,4.0,41.0,1.0,4.0,4.0,9.0,0.0,1.0,1.0,4.0,4.0,4.0,4.0,9.0,21.0,3.0,1.95,7.0,12.0,1.0,7.0,0.0,4.0,1.0,62.0,1.0,0.0,0.0,2.0,2.0,1.25,0.0,2.0,1.25,1.0,1.0,1.0,1.0,0.0,0.0,0.0,2.0,2.0,2.0,140.0,0.0,0.757142857142857,0.5,0.0,3.0,2.0,0.0,0.0
0.0,3.0,33.0,1.0,0.0,1.0,0.0,1.0,1.0,3.0,0.0,0.0,1.0,1.0,24.0,1.0,1.0,1.0,4.0,0.0,0.0,1.0,1.0,0.0,1.0,1.0,4.0,7.0,0.0,3.43,2.0,4.0,1.0,2.0,0.0,1.0,1.0,0.0,5.0,0.0,0.0,1.0,0.0,0.0,0.0,1.0,1.0,1.0,1.0,1.0,1.0,0.0,0.0,0.0,2.0,2.0,2.0,68.0,0.0,0.558823529411765,0.5,0.0,3.0,2.0,0.0,0.0
0.0,5.0,107.0,1.0,0.0,1.0,2.0,4.0,1.0,11.0,0.0,5.0,1.0,4.0,58.0,2.0,4.0,4.0,17.0,0.0,2.0,1.0,4.0,13.0,4.0,4.0,17.0,38.0,10.0,1.53,11.0,27.0,1.0,21.0,0.0,4.0,1.0,100.0,6.0,0.0,7.0,1.0,4.0,2.5,0.0,6.0,3.5,1.0,1.0,1.0,1.0,0.0,0.0,0.0,2.0,2.0,2.0,216.0,0.0,0.768518518518518,0.5,0.0,3.0,2.0,1.0,0.0
0.0,3.0,33.0,1.0,0.0,1.0,0.0,1.0,1.0,3.0,0.0,0.0,1.0,1.0,24.0,1.0,1.0,1.0,4.0,0.0,0.0,1.0,1.0,0.0,1.0,1.0,4.0,7.0,0.0,3.43,2.0,4.0,1.0,2.0,0.0,1.0,1.0,0.0,5.0,0.0,0.0,1.0,0.0,0.0,0.0,1.0,1.0,1.0,1.0,1.0,1.0,0.0,0.0,0.0,2.0,2.0,2.0,68.0,0.0,0.558823529411765,0.5,0.0,3.0,2.0,0.0,0.0
0.0,3.0,33.0,1.0,0.0,1.0,0.0,1.0,1.0,3.0,0.0,0.0,1.0,1.0,24.0,1.0,1.0,1.0,4.0,0.0,0.0,1.0,1.0,0.0,1.0,1.0,4.0,7.0,0.0,3.43,2.0,4.0,1.0,2.0,0.0,1.0,1.0,0.0,5.0,0.0,0.0,1.0,0.0,0.0,0.0,1.0,1.0,1.0,1.0,1.0,1.0,0.0,0.0,0.0,2.0,2.0,2.0,68.0,0.0,0.558823529411765,0.5,0.0,3.0,2.0,0.0,0.0
0.0,3.0,33.0,1.0,0.0,1.0,0.0,1.0,1.0,3.0,0.0,0.0,1.0,1.0,24.0,1.0,1.0,1.0,4.0,0.0,0.0,1.0,1.0,0.0,1.0,1.0,4.0,7.0,0.0,3.43,2.0,4.0,1.0,2.0,0.0,1.0,1.0,0.0,6.0,0.0,0.0,1.0,0.0,0.0,0.0,1.0,1.0,1.0,1.0,1.0,1.0,0.0,0.0,0.0,2.0,2.0,2.0,68.0,0.0,0.558823529411765,0.5,0.0,3.0,2.0,0.0,0.0
0.0,4.0,94.0,1.0,0.0,1.0,0.0,7.0,1.0,7.0,0.0,3.0,1.0,7.0,47.0,1.0,7.0,7.0,13.0,0.0,2.0,1.0,7.0,8.0,7.0,7.0,13.0,36.0,7.0,1.31,11.0,20.0,1.0,12.0,0.0,7.0,1.0,42.0,1.0,0.0,0.0,2.0,5.0,3.0,2.0,3.0,1.28571428571429,1.0,1.0,1.0,1.0,0.0,0.0,0.0,2.0,2.0,2.0,188.0,0.0,0.617021276595745,0.5,0.0,4.0,2.0,1.0,0.0
0.0,7.0,122.0,1.0,0.0,1.0,1.0,5.0,1.0,14.0,1.0,5.0,1.0,5.0,55.0,3.0,5.0,5.0,24.0,0.0,1.0,1.0,5.0,18.0,5.0,5.0,25.0,53.0,12.0,1.04,14.0,37.0,1.0,30.0,1.0,4.0,1.0,25.0,6.0,0.0,5.0,2.0,2.0,1.6,1.0,7.0,5.2,1.0,1.0,1.0,1.0,0.0,0.0,0.0,3.0,3.0,3.0,248.0,13.0,0.557377049180328,0.333333333333333,0.0,5.0,3.0,1.0,0.0
0.0,3.0,42.0,1.0,0.0,1.0,0.0,2.0,1.0,7.0,0.0,3.0,1.0,2.0,27.0,1.0,2.0,2.0,5.0,0.0,0.0,1.0,2.0,1.0,2.0,2.0,5.0,11.0,1.0,2.45,4.0,6.0,1.0,3.0,0.0,2.0,1.0,0.0,4.0,0.0,2.0,1.0,1.0,0.5,0.0,1.0,1.0,1.0,1.0,1.0,1.0,0.0,0.0,0.0,2.0,2.0,2.0,86.0,0.0,0.302325581395349,0.5,0.0,5.0,2.0,0.0,0.0
0.0,4.0,45.0,1.0,0.0,1.0,0.0,2.0,1.0,7.0,0.0,3.0,1.0,2.0,27.0,1.0,2.0,2.0,7.0,1.0,0.0,1.0,1.0,2.0,2.0,2.0,6.0,15.0,2.0,1.8,3.0,8.0,1.0,5.0,0.0,2.0,1.0,0.0,4.0,0.0,3.0,1.0,1.0,0.5,0.0,2.0,1.5,1.0,1.0,1.0,1.0,0.0,0.0,0.0,2.0,2.0,1.0,46.0,1.0,1.0,1.0,0.0,1.0,1.0,0.0,0.0
0.0,9.0,65.0,1.0,0.0,1.0,0.0,3.0,1.0,11.0,0.0,2.0,1.0,3.0,27.0,3.0,3.0,3.0,12.0,0.0,2.0,1.0,3.0,11.0,3.0,3.0,13.0,31.0,4.0,0.87,7.0,17.0,1.0,13.0,0.0,3.0,1.0,100.0,6.0,0.0,2.0,2.0,1.0,0.666666666666667,0.0,3.0,2.0,1.0,1.0,1.0,1.0,0.0,0.0,0.0,2.0,2.0,1.0,68.0,2.0,1.0,1.0,0.0,1.0,1.0,0.0,0.0
0.0,1.0,34.0,1.0,0.0,1.0,0.0,1.0,1.0,5.0,0.0,4.0,1.0,1.0,25.0,1.0,1.0,1.0,5.0,0.0,0.0,1.0,1.0,0.0,1.0,1.0,4.0,7.0,0.0,3.57,2.0,4.0,1.0,3.0,0.0,1.0,1.0,0.0,0.0,1.0,0.0,0.0,1.0,1.0,1.0,1.0,1.0,1.0,1.0,1.0,1.0,0.0,0.0,0.0,1.0,1.0,1.0,34.0,0.0,1.0,1.0,0.0,1.0,1.0,0.0,0.0
0.0,4.0,38.0,1.0,0.0,1.0,0.0,1.0,1.0,7.0,0.0,3.0,1.0,1.0,24.0,1.0,1.0,1.0,5.0,0.0,0.0,1.0,1.0,1.0,1.0,1.0,4.0,10.0,1.0,2.4,4.0,5.0,1.0,3.0,0.0,1.0,1.0,0.0,1.0,0.0,0.0,2.0,0.0,0.0,0.0,1.0,1.0,1.0,1.0,1.0,1.0,0.0,0.0,0.0,2.0,2.0,1.0,38.0,0.0,1.0,1.0,0.0,1.0,1.0,0.0,0.0
0.0,6.0,153.0,3.0,0.0,1.0,0.0,11.0,1.0,11.0,0.0,5.0,1.0,8.0,75.0,1.0,8.0,11.0,19.0,0.0,5.0,3.0,8.0,20.0,11.0,8.0,20.0,61.0,19.0,1.23,17.0,39.0,3.0,27.0,0.0,8.0,1.0,65.0,1.0,0.0,3.0,2.0,7.0,4.25,3.0,8.0,2.375,1.0,3.0,1.375,1.0,2.0,0.818181818181818,0.0,2.0,2.0,2.0,306.0,0.0,0.738562091503268,0.5,0.0,4.0,2.0,2.0,0.0
0.0,21.0,100.0,3.0,0.0,1.0,0.0,7.0,1.0,27.0,0.0,4.0,1.0,5.0,34.0,4.0,5.0,7.0,14.0,2.0,0.0,3.0,3.0,27.0,7.0,5.0,17.0,60.0,15.0,0.57,6.0,32.0,3.0,24.0,1.0,5.0,1.0,0.0,7.0,0.0,6.0,2.0,1.0,0.2,0.0,8.0,5.8,4.0,3.0,1.4,1.0,1.0,0.3,0.0,3.0,3.0,2.0,202.0,2.0,0.51,0.666666666666667,0.0,5.0,2.0,0.0,0.0
0.0,3.0,56.0,1.0,0.0,1.0,0.0,3.0,1.0,7.0,0.0,3.0,1.0,3.0,32.0,1.0,3.0,3.0,9.0,0.0,0.0,1.0,3.0,2.0,3.0,3.0,9.0,19.0,2.0,1.68,5.0,11.0,1.0,7.0,0.0,3.0,1.0,0.0,4.0,0.0,6.0,1.0,1.0,0.666666666666667,0.0,2.0,1.33333333333333,1.0,1.0,1.0,1.0,0.0,0.0,0.0,5.0,5.0,3.0,139.0,27.0,0.357142857142857,0.6,0.0,5.0,3.0,1.0,0.0
0.0,4.0,43.0,1.0,0.0,1.0,0.0,2.0,1.0,7.0,0.0,3.0,1.0,2.0,27.0,1.0,2.0,2.0,5.0,0.0,0.0,1.0,2.0,2.0,2.0,2.0,5.0,13.0,2.0,2.08,3.0,7.0,1.0,4.0,0.0,2.0,1.0,0.0,6.0,4.0,2.0,1.0,8.0,4.0,0.0,3.0,2.0,1.0,1.0,1.0,1.0,0.0,0.0,0.0,2.0,2.0,2.0,86.0,0.0,0.465116279069767,0.5,0.0,3.0,2.0,1.0,0.0
0.0,4.0,52.0,1.0,0.0,1.0,0.0,2.0,1.0,9.0,0.0,5.0,1.0,2.0,32.0,1.0,2.0,2.0,8.0,1.0,1.0,1.0,1.0,3.0,2.0,2.0,8.0,16.0,2.0,2.0,4.0,10.0,1.0,7.0,0.0,2.0,1.0,50.0,3.0,0.0,3.0,1.0,3.0,2.5,2.0,2.0,1.5,1.0,1.0,1.0,1.0,0.0,0.0,0.0,5.0,5.0,3.0,134.0,30.0,0.596153846153846,0.6,0.0,2.0,3.0,2.0,0.0
0.0,13.0,50.0,2.0,0.0,1.0,0.0,2.0,2.0,13.0,0.0,0.0,2.0,1.0,29.0,1.0,1.0,2.0,6.0,0.0,0.0,2.0,1.0,6.0,2.0,1.0,6.0,19.0,4.0,1.53,2.0,10.0,2.0,7.0,0.0,1.0,2.0,0.0,7.0,0.0,6.0,1.0,2.0,2.0,2.0,8.0,8.0,8.0,2.0,2.0,2.0,1.0,1.0,1.0,2.0,2.0,2.0,100.0,0.0,0.38,0.5,0.0,4.0,2.0,2.0,0.0
0.0,6.0,134.0,2.0,0.0,1.0,0.0,15.0,1.0,9.0,0.0,3.0,1.0,10.0,54.0,2.0,10.0,14.0,22.0,1.0,2.0,3.0,9.0,20.0,14.0,10.0,22.0,66.0,14.0,0.82,14.0,36.0,2.0,23.0,0.0,10.0,2.0,38.0,1.0,0.0,3.0,2.0,8.0,2.9,0.0,5.0,1.9,1.0,2.0,1.2,1.0,1.0,0.384615384615385,0.0,2.0,2.0,2.0,268.0,0.0,0.738805970149254,0.5,0.0,4.0,2.0,1.0,0.0
0.0,8.0,46.0,1.0,0.0,1.0,0.0,2.0,1.0,8.0,0.0,0.0,1.0,2.0,25.0,2.0,2.0,2.0,5.0,0.0,0.0,1.0,2.0,6.0,2.0,2.0,6.0,18.0,4.0,1.39,3.0,10.0,1.0,7.0,0.0,2.0,1.0,0.0,7.0,0.0,3.0,2.0,1.0,1.0,1.0,6.0,4.5,3.0,1.0,1.0,1.0,0.0,0.0,0.0,2.0,2.0,2.0,92.0,0.0,0.347826086956522,0.5,0.0,4.0,2.0,1.0,0.0
0.0,9.0,46.0,1.0,0.0,1.0,0.0,2.0,1.0,9.0,0.0,0.0,1.0,2.0,25.0,2.0,2.0,2.0,5.0,0.0,0.0,1.0,2.0,7.0,2.0,2.0,6.0,19.0,5.0,1.32,2.0,11.0,1.0,8.0,0.0,2.0,1.0,0.0,7.0,0.0,3.0,2.0,1.0,1.0,1.0,8.0,5.5,3.0,1.0,1.0,1.0,0.0,0.0,0.0,2.0,2.0,2.0,92.0,0.0,0.391304347826087,0.5,0.0,4.0,2.0,1.0,0.0
0.0,9.0,146.0,4.0,0.0,1.0,0.0,17.0,2.0,12.0,0.0,3.0,2.0,8.0,53.0,1.0,8.0,17.0,21.0,0.0,1.0,4.0,8.0,31.0,17.0,10.0,25.0,81.0,24.0,0.65,12.0,49.0,4.0,35.0,0.0,8.0,2.0,37.0,1.0,0.0,1.0,2.0,5.0,2.5,0.0,8.0,4.125,1.0,3.0,2.0,1.0,2.0,1.2,0.0,2.0,2.0,2.0,292.0,0.0,0.842465753424658,0.5,0.0,2.0,2.0,4.0,0.0
1.0,8.0,119.0,3.0,0.0,1.0,0.0,8.0,2.0,13.0,0.0,5.0,2.0,5.0,52.0,1.0,5.0,8.0,22.0,0.0,2.0,3.0,4.0,18.0,8.0,5.0,21.0,57.0,13.0,0.91,10.0,34.0,3.0,26.0,0.0,5.0,2.0,30.0,1.0,0.0,5.0,2.0,5.0,3.6,2.0,10.0,4.8,2.0,3.0,1.6,1.0,1.0,0.571428571428571,0.0,4.0,4.0,3.0,263.0,25.0,0.65546218487395,0.5,0.0,3.0,3.0,3.0,0.0
0.0,24.0,87.0,2.0,0.0,1.0,0.0,3.0,2.0,33.0,0.0,8.0,2.0,2.0,37.0,2.0,2.0,3.0,24.0,0.0,0.0,2.0,2.0,20.0,3.0,2.0,23.0,43.0,9.0,0.86,7.0,32.0,2.0,28.0,1.0,2.0,2.0,0.0,6.0,0.0,6.0,2.0,1.0,0.5,0.0,10.0,9.0,8.0,2.0,1.5,1.0,1.0,0.666666666666667,0.0,2.0,2.0,2.0,176.0,0.0,0.715909090909091,0.5,0.0,3.0,2.0,0.0,0.0
0.0,3.0,50.0,1.0,0.0,1.0,0.0,3.0,1.0,6.0,0.0,3.0,1.0,3.0,30.0,1.0,3.0,3.0,6.0,1.0,0.0,1.0,2.0,2.0,3.0,3.0,6.0,16.0,2.0,1.88,4.0,8.0,1.0,4.0,0.0,3.0,1.0,0.0,4.0,0.0,3.0,1.0,1.0,0.333333333333333,0.0,2.0,1.33333333333333,1.0,1.0,1.0,1.0,0.0,0.0,0.0,2.0,2.0,2.0,100.0,0.0,0.56,0.5,0.0,4.0,2.0,0.0,1.0
0.0,4.0,36.0,1.0,0.0,1.0,0.0,1.0,1.0,4.0,0.0,0.0,1.0,1.0,24.0,1.0,1.0,1.0,5.0,0.0,0.0,1.0,1.0,1.0,1.0,1.0,5.0,9.0,1.0,2.67,3.0,6.0,1.0,4.0,0.0,1.0,1.0,0.0,6.0,0.0,1.0,1.0,0.0,0.0,0.0,3.0,3.0,3.0,1.0,1.0,1.0,0.0,0.0,0.0,2.0,2.0,2.0,74.0,0.0,0.351351351351351,0.5,0.0,5.0,2.0,0.0,0.0
0.0,3.0,43.0,1.0,0.0,1.0,0.0,2.0,1.0,7.0,0.0,3.0,1.0,2.0,27.0,1.0,2.0,2.0,5.0,0.0,0.0,1.0,2.0,1.0,2.0,2.0,5.0,12.0,1.0,2.25,4.0,6.0,1.0,3.0,0.0,2.0,1.0,0.0,4.0,0.0,2.0,1.0,1.0,0.5,0.0,1.0,1.0,1.0,1.0,1.0,1.0,0.0,0.0,0.0,2.0,2.0,2.0,86.0,0.0,0.302325581395349,0.5,0.0,4.0,2.0,2.0,0.0
1.0,8.0,146.0,1.0,2.0,1.0,1.0,8.0,1.0,12.0,0.0,3.0,1.0,8.0,50.0,4.0,8.0,8.0,31.0,2.0,0.0,1.0,3.0,33.0,8.0,8.0,32.0,76.0,19.0,0.66,20.0,51.0,1.0,41.0,1.0,8.0,1.0,75.0,6.0,0.0,5.0,2.0,3.0,1.5,0.0,12.0,3.625,1.0,1.0,1.0,1.0,0.0,0.0,0.0,2.0,2.0,2.0,292.0,0.0,0.465753424657534,0.5,0.0,4.0,2.0,0.0,1.0
0.0,3.0,67.0,1.0,0.0,1.0,0.0,4.0,1.0,7.0,0.0,3.0,1.0,4.0,36.0,1.0,4.0,4.0,11.0,2.0,0.0,1.0,2.0,3.0,4.0,4.0,11.0,24.0,3.0,1.5,7.0,14.0,1.0,9.0,0.0,4.0,1.0,0.0,4.0,0.0,6.0,1.0,1.0,0.25,0.0,3.0,1.75,1.0,1.0,1.0,1.0,0.0,0.0,0.0,2.0,2.0,2.0,134.0,0.0,0.328358208955224,0.5,0.0,5.0,2.0,1.0,0.0
0.0,5.0,60.0,1.0,0.0,1.0,0.0,2.0,1.0,10.0,0.0,4.0,1.0,2.0,37.0,1.0,2.0,2.0,7.0,0.0,1.0,1.0,2.0,4.0,2.0,2.0,7.0,17.0,4.0,2.18,6.0,11.0,1.0,8.0,0.0,2.0,1.0,50.0,6.0,3.0,3.0,1.0,1.0,1.0,1.0,5.0,3.5,2.0,1.0,1.0,1.0,2.0,0.4,0.0,2.0,2.0,2.0,120.0,0.0,0.483333333333333,0.5,0.0,4.0,2.0,1.0,0.0
1.0,4.0,273.0,4.0,1.0,1.0,8.0,23.0,1.0,8.0,2.0,3.0,1.0,20.0,103.0,2.0,20.0,23.0,50.0,0.0,7.0,4.0,18.0,45.0,23.0,22.0,49.0,135.0,33.0,0.76,35.0,82.0,4.0,57.0,0.0,18.0,1.0,91.0,3.0,0.0,1.0,2.0,5.0,2.15,1.0,8.0,1.8,1.0,6.0,1.25,1.0,2.0,0.260869565217391,0.0,2.0,2.0,2.0,546.0,0.0,0.864468864468865,0.5,0.0,2.0,2.0,3.0,1.0
0.0,17.0,127.0,3.0,0.0,1.0,0.0,7.0,2.0,29.0,1.0,8.0,2.0,3.0,45.0,1.0,3.0,6.0,23.0,0.0,0.0,4.0,3.0,32.0,6.0,3.0,22.0,65.0,20.0,0.69,17.0,42.0,3.0,36.0,3.0,2.0,2.0,0.0,7.0,0.0,14.0,1.0,6.0,3.0,1.0,27.0,13.3333333333333,4.0,3.0,2.0,1.0,2.0,1.4,0.0,2.0,2.0,2.0,254.0,0.0,0.724409448818898,0.5,0.0,3.0,2.0,3.0,1.0
0.0,10.0,163.0,1.0,0.0,1.0,1.0,6.0,1.0,18.0,1.0,6.0,1.0,6.0,62.0,3.0,6.0,6.0,38.0,0.0,0.0,1.0,6.0,39.0,6.0,6.0,38.0,81.0,22.0,0.77,20.0,60.0,1.0,52.0,1.0,5.0,1.0,100.0,7.0,0.0,18.0,2.0,5.0,2.16666666666667,1.0,17.0,6.0,1.0,1.0,1.0,1.0,0.0,0.0,0.0,2.0,2.0,2.0,326.0,0.0,0.674846625766871,0.5,0.0,4.0,2.0,1.0,1.0
0.0,13.0,82.0,2.0,0.0,1.0,0.0,4.0,1.0,16.0,0.0,3.0,1.0,3.0,35.0,2.0,3.0,4.0,16.0,0.0,0.0,2.0,3.0,16.0,4.0,3.0,17.0,41.0,11.0,0.85,6.0,28.0,2.0,23.0,0.0,3.0,1.0,0.0,7.0,0.0,7.0,2.0,1.0,0.333333333333333,0.0,12.0,6.66666666666667,4.0,2.0,1.33333333333333,1.0,1.0,0.5,0.0,3.0,3.0,3.0,165.0,1.0,0.402439024390244,0.333333333333333,0.0,4.0,3.0,2.0,0.0
0.0,5.0,80.0,1.0,0.0,1.0,0.0,5.0,1.0,9.0,0.0,3.0,1.0,5.0,37.0,2.0,5.0,5.0,15.0,2.0,0.0,1.0,3.0,9.0,5.0,5.0,15.0,36.0,6.0,1.03,7.0,21.0,1.0,15.0,0.0,5.0,1.0,0.0,4.0,0.0,12.0,2.0,2.0,0.8,0.0,6.0,2.6,1.0,1.0,1.0,1.0,0.0,0.0,0.0,5.0,5.0,3.0,187.0,27.0,0.4875,0.6,0.0,3.0,3.0,1.0,0.0
0.0,5.0,40.0,1.0,0.0,1.0,0.0,1.0,1.0,5.0,0.0,0.0,1.0,1.0,27.0,1.0,1.0,1.0,5.0,0.0,0.0,1.0,1.0,2.0,1.0,1.0,5.0,11.0,2.0,2.45,2.0,7.0,1.0,5.0,0.0,1.0,1.0,0.0,6.0,0.0,1.0,1.0,2.0,2.0,2.0,4.0,4.0,4.0,1.0,1.0,1.0,0.0,0.0,0.0,2.0,2.0,2.0,80.0,0.0,0.325,0.5,0.0,4.0,2.0,0.0,0.0
0.0,8.0,113.0,3.0,0.0,1.0,0.0,8.0,1.0,14.0,0.0,6.0,1.0,5.0,51.0,1.0,5.0,7.0,14.0,1.0,1.0,4.0,4.0,21.0,7.0,5.0,14.0,49.0,19.0,1.04,13.0,33.0,3.0,25.0,0.0,5.0,2.0,19.0,3.0,0.0,4.0,1.0,6.0,3.0,2.0,7.0,2.4,1.0,3.0,1.4,1.0,2.0,0.857142857142857,0.0,6.0,6.0,3.0,257.0,31.0,0.601769911504425,0.5,0.0,3.0,3.0,2.0,0.0
0.0,12.0,69.0,2.0,0.0,1.0,0.0,4.0,1.0,17.0,0.0,4.0,1.0,3.0,33.0,2.0,3.0,4.0,8.0,0.0,0.0,2.0,3.0,10.0,4.0,3.0,9.0,30.0,6.0,1.1,6.0,15.0,2.0,10.0,0.0,3.0,1.0,0.0,6.0,0.0,3.0,2.0,2.0,1.0,0.0,6.0,3.33333333333333,2.0,2.0,1.33333333333333,1.0,1.0,0.5,0.0,2.0,2.0,2.0,138.0,0.0,0.521739130434783,0.5,0.0,4.0,2.0,1.0,0.0
0.0,4.0,71.0,1.0,0.0,1.0,0.0,4.0,1.0,7.0,0.0,3.0,1.0,4.0,37.0,1.0,4.0,4.0,11.0,0.0,2.0,1.0,4.0,5.0,4.0,4.0,11.0,25.0,4.0,1.48,9.0,15.0,1.0,10.0,0.0,4.0,1.0,50.0,1.0,0.0,0.0,2.0,3.0,1.75,1.0,1.0,1.0,1.0,1.0,1.0,1.0,0.0,0.0,0.0,2.0,2.0,2.0,142.0,0.0,0.492957746478873,0.5,0.0,4.0,2.0,0.0,0.0
0.0,4.0,57.0,1.0,0.0,1.0,0.0,3.0,1.0,8.0,0.0,4.0,1.0,3.0,34.0,1.0,3.0,3.0,7.0,0.0,1.0,1.0,3.0,3.0,3.0,3.0,7.0,18.0,3.0,1.89,5.0,10.0,1.0,6.0,0.0,3.0,1.0,0.0,1.0,0.0,0.0,2.0,3.0,2.0,1.0,2.0,1.33333333333333,1.0,1.0,1.0,1.0,0.0,0.0,0.0,2.0,2.0,2.0,114.0,0.0,0.473684210526316,0.5,0.0,4.0,2.0,0.0,0.0
0.0,4.0,40.0,1.0,0.0,1.0,0.0,1.0,1.0,4.0,0.0,0.0,1.0,1.0,27.0,1.0,1.0,1.0,5.0,0.0,0.0,1.0,1.0,1.0,1.0,1.0,5.0,10.0,1.0,2.7,3.0,6.0,1.0,4.0,0.0,1.0,1.0,0.0,6.0,0.0,2.0,1.0,3.0,3.0,3.0,4.0,4.0,4.0,1.0,1.0,1.0,0.0,0.0,0.0,2.0,2.0,2.0,80.0,0.0,0.325,0.5,0.0,4.0,2.0,1.0,0.0
0.0,8.0,267.0,1.0,0.0,1.0,0.0,18.0,1.0,12.0,0.0,3.0,1.0,18.0,88.0,8.0,18.0,18.0,52.0,1.0,3.0,1.0,17.0,67.0,18.0,18.0,53.0,151.0,37.0,0.58,31.0,90.0,1.0,70.0,0.0,18.0,1.0,66.0,6.0,0.0,18.0,2.0,4.0,0.833333333333333,0.0,27.0,2.83333333333333,0.0,1.0,1.0,1.0,0.0,0.0,0.0,3.0,3.0,3.0,534.0,1.0,0.464419475655431,0.333333333333333,0.0,4.0,3.0,1.0,0.0
0.0,4.0,55.0,1.0,0.0,1.0,0.0,3.0,1.0,7.0,0.0,3.0,1.0,3.0,31.0,1.0,3.0,3.0,8.0,1.0,0.0,1.0,2.0,3.0,3.0,3.0,8.0,19.0,3.0,1.63,5.0,11.0,1.0,7.0,0.0,3.0,1.0,0.0,4.0,0.0,6.0,1.0,1.0,0.333333333333333,0.0,4.0,2.66666666666667,1.0,1.0,1.0,1.0,0.0,0.0,0.0,3.0,3.0,3.0,101.0,0.0,0.236363636363636,0.333333333333333,0.0,5.0,3.0,1.0,0.0
0.0,3.0,41.0,1.0,0.0,1.0,0.0,1.0,1.0,3.0,0.0,0.0,1.0,1.0,26.0,1.0,1.0,1.0,5.0,0.0,0.0,1.0,1.0,0.0,1.0,1.0,5.0,9.0,0.0,2.89,6.0,5.0,1.0,3.0,0.0,1.0,1.0,0.0,6.0,0.0,1.0,1.0,0.0,0.0,0.0,1.0,1.0,1.0,1.0,1.0,1.0,0.0,0.0,0.0,2.0,2.0,2.0,82.0,0.0,0.317073170731707,0.5,0.0,4.0,2.0,1.0,0.0
0.0,3.0,39.0,1.0,0.0,1.0,0.0,1.0,1.0,3.0,0.0,0.0,1.0,1.0,26.0,1.0,1.0,1.0,5.0,0.0,0.0,1.0,1.0,0.0,1.0,1.0,5.0,9.0,0.0,2.89,4.0,5.0,1.0,3.0,0.0,1.0,1.0,0.0,6.0,0.0,1.0,1.0,0.0,0.0,0.0,1.0,1.0,1.0,1.0,1.0,1.0,0.0,0.0,0.0,2.0,2.0,2.0,78.0,0.0,0.333333333333333,0.5,0.0,4.0,2.0,1.0,0.0
0.0,4.0,41.0,1.0,0.0,1.0,0.0,1.0,1.0,4.0,0.0,0.0,1.0,1.0,26.0,1.0,1.0,1.0,6.0,0.0,0.0,1.0,1.0,1.0,1.0,1.0,6.0,11.0,1.0,2.36,4.0,7.0,1.0,5.0,0.0,1.0,1.0,0.0,6.0,0.0,3.0,1.0,1.0,1.0,1.0,4.0,4.0,4.0,1.0,1.0,1.0,0.0,0.0,0.0,2.0,2.0,2.0,82.0,0.0,0.317073170731707,0.5,0.0,4.0,2.0,1.0,0.0
0.0,4.0,37.0,1.0,0.0,1.0,0.0,1.0,1.0,4.0,0.0,0.0,1.0,1.0,24.0,1.0,1.0,1.0,5.0,0.0,0.0,1.0,1.0,1.0,1.0,1.0,5.0,10.0,1.0,2.4,3.0,6.0,1.0,4.0,0.0,1.0,1.0,0.0,6.0,0.0,1.0,1.0,0.0,0.0,0.0,3.0,3.0,3.0,1.0,1.0,1.0,0.0,0.0,0.0,2.0,2.0,2.0,74.0,0.0,0.540540540540541,0.5,0.0,3.0,2.0,0.0,0.0
0.0,3.0,44.0,1.0,0.0,1.0,0.0,2.0,1.0,6.0,0.0,3.0,1.0,2.0,27.0,1.0,2.0,2.0,5.0,0.0,0.0,1.0,2.0,1.0,2.0,2.0,5.0,12.0,1.0,2.25,5.0,6.0,1.0,3.0,0.0,2.0,1.0,0.0,4.0,0.0,2.0,1.0,1.0,0.5,0.0,1.0,1.0,1.0,1.0,1.0,1.0,0.0,0.0,0.0,2.0,2.0,2.0,88.0,0.0,0.295454545454545,0.5,0.0,6.0,2.0,0.0,0.0
0.0,6.0,41.0,1.0,0.0,1.0,0.0,1.0,1.0,6.0,0.0,0.0,1.0,1.0,27.0,1.0,1.0,1.0,5.0,0.0,0.0,1.0,1.0,3.0,1.0,1.0,5.0,12.0,3.0,2.25,2.0,8.0,1.0,6.0,0.0,1.0,1.0,0.0,6.0,0.0,1.0,1.0,4.0,4.0,4.0,4.0,4.0,4.0,1.0,1.0,1.0,0.0,0.0,0.0,2.0,2.0,2.0,82.0,0.0,0.317073170731707,0.5,0.0,4.0,2.0,0.0,0.0
0.0,4.0,35.0,1.0,0.0,1.0,0.0,1.0,1.0,4.0,0.0,0.0,1.0,1.0,24.0,1.0,1.0,1.0,4.0,0.0,0.0,1.0,1.0,1.0,1.0,1.0,4.0,9.0,1.0,2.67,2.0,5.0,1.0,3.0,0.0,1.0,1.0,0.0,6.0,0.0,1.0,1.0,0.0,0.0,0.0,3.0,3.0,3.0,1.0,1.0,1.0,0.0,0.0,0.0,2.0,2.0,2.0,70.0,0.0,0.371428571428571,0.5,0.0,5.0,2.0,0.0,0.0
0.0,4.0,36.0,1.0,0.0,1.0,0.0,1.0,1.0,4.0,0.0,0.0,1.0,1.0,24.0,1.0,1.0,1.0,4.0,0.0,0.0,1.0,1.0,1.0,1.0,1.0,4.0,9.0,1.0,2.67,3.0,5.0,1.0,3.0,0.0,1.0,1.0,0.0,6.0,0.0,1.0,1.0,0.0,0.0,0.0,3.0,3.0,3.0,1.0,1.0,1.0,0.0,0.0,0.0,2.0,2.0,2.0,72.0,0.0,0.361111111111111,0.5,0.0,5.0,2.0,0.0,0.0
0.0,4.0,35.0,1.0,0.0,1.0,0.0,1.0,1.0,4.0,0.0,0.0,1.0,1.0,24.0,1.0,1.0,1.0,4.0,0.0,0.0,1.0,1.0,1.0,1.0,1.0,4.0,9.0,1.0,2.67,2.0,5.0,1.0,3.0,0.0,1.0,1.0,0.0,6.0,0.0,1.0,1.0,0.0,0.0,0.0,3.0,3.0,3.0,1.0,1.0,1.0,0.0,0.0,0.0,2.0,2.0,2.0,70.0,0.0,0.371428571428571,0.5,0.0,5.0,2.0,0.0,0.0
2.0,14.0,148.0,3.0,0.0,1.0,0.0,9.0,2.0,18.0,0.0,3.0,2.0,6.0,48.0,4.0,6.0,9.0,32.0,1.0,0.0,3.0,3.0,46.0,9.0,6.0,35.0,88.0,27.0,0.55,12.0,62.0,3.0,54.0,0.0,6.0,2.0,0.0,6.0,0.0,7.0,2.0,3.0,1.33333333333333,0.0,7.0,3.33333333333333,2.0,3.0,1.33333333333333,1.0,2.0,0.666666666666667,0.0,4.0,4.0,4.0,307.0,9.0,0.738255033557047,0.25,0.0,4.0,4.0,2.0,0.0
0.0,4.0,53.0,1.0,0.0,1.0,0.0,3.0,1.0,7.0,0.0,3.0,1.0,3.0,31.0,1.0,3.0,3.0,6.0,1.0,0.0,1.0,2.0,3.0,3.0,3.0,6.0,17.0,3.0,1.82,5.0,9.0,1.0,5.0,0.0,3.0,1.0,0.0,4.0,0.0,3.0,1.0,1.0,0.333333333333333,0.0,3.0,1.66666666666667,1.0,1.0,1.0,1.0,0.0,0.0,0.0,2.0,2.0,2.0,106.0,0.0,0.245283018867925,0.5,0.0,6.0,2.0,1.0,0.0
0.0,10.0,111.0,2.0,0.0,1.0,0.0,4.0,1.0,19.0,0.0,8.0,1.0,3.0,59.0,2.0,3.0,4.0,17.0,1.0,0.0,2.0,2.0,19.0,4.0,3.0,17.0,45.0,13.0,1.31,7.0,30.0,2.0,24.0,0.0,3.0,1.0,0.0,6.0,0.0,3.0,1.0,4.0,2.66666666666667,1.0,6.0,4.33333333333333,2.0,2.0,1.33333333333333,1.0,1.0,0.5,0.0,2.0,2.0,2.0,222.0,0.0,0.630630630630631,0.5,0.0,4.0,2.0,1.0,0.0
0.0,6.0,56.0,1.0,0.0,1.0,0.0,2.0,1.0,11.0,0.0,4.0,1.0,2.0,29.0,1.0,2.0,2.0,9.0,0.0,0.0,1.0,2.0,7.0,2.0,2.0,9.0,22.0,7.0,1.32,5.0,16.0,1.0,13.0,0.0,2.0,1.0,0.0,6.0,0.0,7.0,1.0,1.0,0.5,0.0,3.0,2.0,1.0,1.0,1.0,1.0,1.0,0.2,0.0,2.0,2.0,2.0,112.0,0.0,0.607142857142857,0.5,0.0,3.0,2.0,1.0,0.0
0.0,4.0,42.0,1.0,0.0,1.0,0.0,1.0,1.0,4.0,0.0,0.0,1.0,1.0,26.0,1.0,1.0,1.0,7.0,0.0,0.0,1.0,1.0,1.0,1.0,1.0,7.0,12.0,1.0,2.17,4.0,8.0,1.0,6.0,0.0,1.0,1.0,0.0,6.0,0.0,3.0,1.0,1.0,1.0,1.0,3.0,3.0,3.0,1.0,1.0,1.0,3.0,0.75,0.0,2.0,2.0,2.0,84.0,0.0,0.547619047619048,0.5,0.0,3.0,2.0,0.0,0.0
0.0,4.0,42.0,1.0,0.0,1.0,0.0,1.0,1.0,4.0,0.0,0.0,1.0,1.0,26.0,1.0,1.0,1.0,7.0,0.0,0.0,1.0,1.0,1.0,1.0,1.0,7.0,12.0,1.0,2.17,4.0,8.0,1.0,6.0,0.0,1.0,1.0,0.0,6.0,0.0,3.0,1.0,1.0,1.0,1.0,3.0,3.0,3.0,1.0,1.0,1.0,0.0,0.0,0.0,2.0,2.0,2.0,84.0,0.0,0.547619047619048,0.5,0.0,3.0,2.0,0.0,0.0
0.0,41.0,87.0,7.0,0.0,1.0,0.0,7.0,7.0,50.0,0.0,5.0,7.0,1.0,26.0,1.0,1.0,7.0,18.0,0.0,1.0,7.0,1.0,27.0,7.0,1.0,20.0,52.0,20.0,0.5,9.0,40.0,7.0,32.0,4.0,1.0,7.0,0.0,6.0,0.0,5.0,1.0,4.0,4.0,4.0,11.0,11.0,11.0,16.0,16.0,16.0,3.0,3.0,3.0,2.0,2.0,2.0,174.0,0.0,0.540229885057471,0.5,0.0,3.0,2.0,1.0,1.0
1.0,6.0,100.0,1.0,0.0,1.0,0.0,6.0,1.0,11.0,0.0,3.0,1.0,6.0,44.0,2.0,6.0,6.0,16.0,3.0,0.0,1.0,2.0,15.0,6.0,6.0,17.0,45.0,12.0,0.98,11.0,29.0,1.0,22.0,0.0,6.0,1.0,0.0,4.0,0.0,10.0,2.0,3.0,0.833333333333333,0.0,6.0,2.5,1.0,1.0,1.0,1.0,0.0,0.0,0.0,3.0,3.0,3.0,201.0,1.0,0.51,0.333333333333333,0.0,5.0,3.0,1.0,0.0
0.0,4.0,41.0,1.0,0.0,1.0,0.0,1.0,1.0,4.0,0.0,0.0,1.0,1.0,26.0,1.0,1.0,1.0,6.0,0.0,0.0,1.0,1.0,1.0,1.0,1.0,6.0,11.0,1.0,2.36,4.0,7.0,1.0,5.0,0.0,1.0,1.0,0.0,6.0,0.0,3.0,1.0,1.0,1.0,1.0,3.0,3.0,3.0,1.0,1.0,1.0,0.0,0.0,0.0,2.0,2.0,2.0,82.0,0.0,0.536585365853659,0.5,0.0,3.0,2.0,1.0,0.0
0.0,23.0,69.0,3.0,0.0,1.0,0.0,3.0,3.0,33.0,0.0,5.0,3.0,1.0,26.0,1.0,1.0,3.0,15.0,0.0,1.0,3.0,1.0,17.0,3.0,1.0,15.0,33.0,10.0,0.79,10.0,25.0,3.0,21.0,5.0,1.0,3.0,0.0,6.0,1.0,5.0,1.0,4.0,4.0,4.0,12.0,12.0,12.0,4.0,4.0,4.0,1.0,1.0,1.0,2.0,2.0,2.0,138.0,0.0,0.391304347826087,0.5,0.0,4.0,2.0,1.0,0.0
0.0,4.0,40.0,1.0,0.0,1.0,0.0,1.0,1.0,4.0,0.0,0.0,1.0,1.0,28.0,1.0,1.0,1.0,5.0,0.0,0.0,1.0,1.0,1.0,1.0,1.0,5.0,10.0,1.0,2.8,2.0,6.0,1.0,4.0,0.0,1.0,1.0,0.0,7.0,0.0,1.0,1.0,1.0,1.0,1.0,2.0,2.0,2.0,1.0,1.0,1.0,0.0,0.0,0.0,2.0,2.0,2.0,80.0,0.0,0.6,0.5,0.0,3.0,2.0,0.0,0.0
0.0,6.0,224.0,3.0,0.0,1.0,0.0,13.0,1.0,13.0,0.0,6.0,1.0,11.0,109.0,2.0,11.0,13.0,32.0,0.0,5.0,3.0,11.0,34.0,13.0,11.0,31.0,89.0,24.0,1.22,26.0,55.0,3.0,41.0,0.0,11.0,1.0,80.0,6.0,3.0,8.0,1.0,9.0,2.36363636363636,0.0,12.0,3.72727272727273,1.0,3.0,1.18181818181818,1.0,2.0,0.533333333333333,0.0,4.0,4.0,3.0,453.0,3.0,0.857142857142857,0.5,0.0,3.0,3.0,2.0,0.0
0.0,10.0,110.0,1.0,0.0,1.0,0.0,7.0,1.0,12.0,0.0,1.0,1.0,7.0,39.0,7.0,7.0,7.0,14.0,0.0,0.0,1.0,7.0,29.0,7.0,7.0,20.0,63.0,15.0,0.62,8.0,35.0,1.0,27.0,0.0,7.0,1.0,0.0,6.0,0.0,6.0,2.0,1.0,0.285714285714286,0.0,8.0,2.85714285714286,2.0,1.0,1.0,1.0,0.0,0.0,0.0,2.0,2.0,2.0,220.0,0.0,0.481818181818182,0.5,0.0,4.0,2.0,2.0,0.0
0.0,3.0,43.0,1.0,0.0,1.0,0.0,2.0,1.0,6.0,0.0,3.0,1.0,2.0,27.0,1.0,2.0,2.0,5.0,0.0,0.0,1.0,2.0,1.0,2.0,2.0,5.0,12.0,1.0,2.25,4.0,6.0,1.0,3.0,0.0,2.0,1.0,0.0,4.0,0.0,2.0,1.0,1.0,0.5,0.0,1.0,1.0,1.0,1.0,1.0,1.0,0.0,0.0,0.0,2.0,2.0,2.0,86.0,0.0,0.302325581395349,0.5,0.0,4.0,2.0,1.0,0.0
0.0,10.0,57.0,1.0,0.0,1.0,0.0,2.0,1.0,11.0,0.0,0.0,1.0,2.0,22.0,2.0,2.0,2.0,12.0,0.0,0.0,1.0,2.0,11.0,2.0,2.0,13.0,28.0,8.0,0.79,7.0,21.0,1.0,18.0,1.0,2.0,1.0,0.0,8.0,0.0,4.0,2.0,3.0,1.5,0.0,8.0,5.0,2.0,1.0,1.0,1.0,1.0,0.166666666666667,0.0,2.0,2.0,2.0,114.0,0.0,0.578947368421053,0.5,0.0,3.0,2.0,0.0,0.0
0.0,7.0,110.0,2.0,0.0,1.0,0.0,8.0,1.0,10.0,0.0,2.0,1.0,7.0,43.0,4.0,7.0,8.0,16.0,0.0,2.0,2.0,7.0,18.0,8.0,7.0,19.0,58.0,12.0,0.74,9.0,31.0,2.0,21.0,0.0,7.0,1.0,25.0,7.0,11.0,4.0,2.0,10.0,2.14285714285714,0.0,5.0,2.57142857142857,1.0,2.0,1.14285714285714,1.0,1.0,0.25,0.0,2.0,2.0,2.0,220.0,0.0,0.627272727272727,0.5,0.0,4.0,2.0,0.0,0.0
0.0,5.0,177.0,4.0,0.0,1.0,0.0,20.0,1.0,8.0,0.0,3.0,1.0,14.0,67.0,1.0,14.0,17.0,23.0,0.0,5.0,7.0,14.0,26.0,17.0,17.0,23.0,86.0,20.0,0.78,24.0,43.0,4.0,25.0,0.0,14.0,1.0,75.0,1.0,0.0,0.0,2.0,13.0,5.14285714285714,0.0,6.0,1.5,1.0,4.0,1.21428571428571,1.0,1.0,0.1875,0.0,2.0,2.0,2.0,354.0,0.0,0.887005649717514,0.5,0.0,2.0,2.0,3.0,0.0
0.0,3.0,77.0,1.0,0.0,1.0,0.0,5.0,1.0,7.0,0.0,3.0,1.0,5.0,42.0,1.0,5.0,5.0,10.0,1.0,0.0,1.0,4.0,4.0,5.0,5.0,10.0,26.0,4.0,1.62,9.0,14.0,1.0,8.0,0.0,5.0,1.0,0.0,1.0,0.0,5.0,2.0,4.0,1.4,0.0,4.0,2.2,0.0,1.0,1.0,1.0,0.0,0.0,0.0,3.0,3.0,3.0,155.0,1.0,0.636363636363636,0.333333333333333,0.0,3.0,3.0,1.0,0.0
4.0,5.0,109.0,2.0,0.0,1.0,2.0,9.0,1.0,7.0,1.0,2.0,1.0,8.0,40.0,1.0,8.0,9.0,22.0,0.0,2.0,2.0,4.0,24.0,9.0,8.0,17.0,55.0,12.0,0.73,14.0,29.0,2.0,19.0,0.0,7.0,1.0,87.0,1.0,0.0,1.0,1.0,4.0,2.5,0.0,8.0,2.75,1.0,2.0,1.125,1.0,1.0,0.3,0.0,2.0,2.0,2.0,218.0,0.0,0.871559633027523,0.5,0.0,2.0,2.0,1.0,0.0
1.0,9.0,194.0,6.0,0.0,1.0,0.0,21.0,2.0,12.0,0.0,2.0,2.0,13.0,56.0,5.0,13.0,21.0,25.0,2.0,5.0,6.0,10.0,57.0,21.0,16.0,30.0,120.0,39.0,0.47,18.0,69.0,6.0,49.0,0.0,13.0,2.0,55.0,1.0,0.0,2.0,2.0,8.0,3.92307692307692,1.0,7.0,3.07692307692308,1.0,4.0,1.46153846153846,1.0,1.0,0.315789473684211,0.0,2.0,2.0,2.0,388.0,0.0,0.907216494845361,0.5,0.0,2.0,2.0,2.0,1.0
0.0,5.0,37.0,1.0,0.0,1.0,0.0,1.0,1.0,8.0,1.0,3.0,1.0,1.0,25.0,1.0,1.0,1.0,5.0,0.0,0.0,1.0,1.0,2.0,1.0,1.0,5.0,10.0,1.0,2.5,2.0,6.0,1.0,4.0,0.0,0.0,1.0,0.0,1.0,0.0,3.0,1.0,5.0,5.0,5.0,4.0,4.0,4.0,1.0,1.0,1.0,0.0,0.0,0.0,2.0,2.0,2.0,74.0,0.0,0.594594594594595,0.5,0.0,3.0,2.0,0.0,0.0
0.0,10.0,47.0,1.0,0.0,1.0,0.0,1.0,1.0,12.0,0.0,0.0,1.0,1.0,26.0,1.0,1.0,1.0,7.0,0.0,0.0,1.0,1.0,7.0,1.0,1.0,7.0,17.0,6.0,1.53,4.0,13.0,1.0,11.0,2.0,1.0,1.0,0.0,8.0,0.0,4.0,1.0,0.0,0.0,0.0,5.0,5.0,5.0,1.0,1.0,1.0,0.0,0.0,0.0,2.0,2.0,2.0,94.0,0.0,0.468085106382979,0.5,0.0,4.0,2.0,0.0,0.0
0.0,10.0,78.0,1.0,0.0,1.0,0.0,4.0,1.0,11.0,0.0,0.0,1.0,4.0,26.0,4.0,4.0,4.0,13.0,0.0,0.0,1.0,4.0,19.0,4.0,4.0,16.0,42.0,10.0,0.62,10.0,26.0,1.0,21.0,1.0,4.0,1.0,0.0,8.0,0.0,5.0,2.0,3.0,0.75,0.0,8.0,3.0,1.0,1.0,1.0,1.0,0.0,0.0,0.0,3.0,3.0,3.0,143.0,3.0,0.461538461538462,0.333333333333333,0.0,4.0,3.0,1.0,0.0
0.0,7.0,98.0,4.0,0.0,2.0,0.0,10.0,2.0,10.0,0.0,3.0,2.0,6.0,41.0,1.0,6.0,10.0,12.0,2.0,2.0,4.0,4.0,16.0,10.0,9.0,12.0,49.0,15.0,0.84,8.0,27.0,4.0,16.0,0.0,6.0,2.0,58.0,3.0,0.0,3.0,1.0,5.0,2.0,1.0,4.0,2.33333333333333,1.0,4.0,1.66666666666667,1.0,1.0,0.5,0.0,2.0,2.0,2.0,196.0,0.0,0.612244897959184,0.5,0.0,3.0,2.0,1.0,1.0
0.0,4.0,36.0,1.0,0.0,1.0,0.0,1.0,1.0,9.0,0.0,5.0,1.0,1.0,26.0,1.0,1.0,1.0,4.0,0.0,0.0,1.0,1.0,1.0,1.0,1.0,4.0,8.0,1.0,3.25,2.0,5.0,1.0,3.0,0.0,1.0,1.0,0.0,6.0,2.0,2.0,1.0,0.0,0.0,0.0,3.0,3.0,3.0,1.0,1.0,1.0,0.0,0.0,0.0,2.0,2.0,2.0,74.0,0.0,0.594594594594595,0.5,0.0,3.0,2.0,0.0,0.0
0.0,12.0,142.0,1.0,0.0,1.0,0.0,8.0,1.0,17.0,0.0,3.0,1.0,8.0,46.0,6.0,8.0,8.0,27.0,4.0,1.0,1.0,4.0,34.0,8.0,8.0,30.0,79.0,20.0,0.58,17.0,50.0,1.0,40.0,1.0,8.0,1.0,0.0,8.0,0.0,8.0,2.0,4.0,1.25,0.0,6.0,4.0,2.0,1.0,1.0,1.0,0.0,0.0,0.0,2.0,2.0,2.0,284.0,0.0,0.809859154929577,0.5,0.0,3.0,2.0,0.0,0.0
0.0,10.0,59.0,1.0,0.0,1.0,0.0,3.0,1.0,11.0,0.0,0.0,1.0,3.0,24.0,2.0,3.0,3.0,12.0,2.0,0.0,1.0,1.0,12.0,3.0,3.0,13.0,30.0,6.0,0.8,5.0,19.0,1.0,15.0,1.0,3.0,1.0,0.0,8.0,0.0,4.0,2.0,1.0,0.666666666666667,0.0,5.0,4.0,2.0,1.0,1.0,1.0,0.0,0.0,0.0,2.0,2.0,2.0,118.0,0.0,0.576271186440678,0.5,0.0,4.0,2.0,0.0,0.0
0.0,3.0,34.0,1.0,0.0,1.0,0.0,1.0,1.0,3.0,0.0,0.0,1.0,1.0,25.0,1.0,1.0,1.0,3.0,0.0,0.0,1.0,1.0,0.0,1.0,1.0,3.0,7.0,0.0,3.57,2.0,3.0,1.0,1.0,0.0,1.0,1.0,0.0,7.0,0.0,0.0,1.0,0.0,0.0,0.0,1.0,1.0,1.0,1.0,1.0,1.0,0.0,0.0,0.0,2.0,2.0,2.0,68.0,0.0,0.588235294117647,0.5,0.0,2.0,2.0,1.0,0.0
0.0,11.0,136.0,2.0,0.0,1.0,0.0,11.0,1.0,14.0,0.0,1.0,1.0,10.0,34.0,8.0,10.0,11.0,24.0,4.0,1.0,2.0,6.0,40.0,11.0,10.0,30.0,89.0,23.0,0.38,13.0,53.0,2.0,41.0,0.0,10.0,1.0,50.0,8.0,0.0,7.0,2.0,4.0,1.3,0.0,13.0,3.3,1.0,1.0,1.0,1.0,0.0,0.0,0.0,2.0,2.0,2.0,272.0,0.0,0.786764705882353,0.5,0.0,3.0,2.0,0.0,0.0
0.0,15.0,68.0,2.0,0.0,1.0,0.0,4.0,1.0,17.0,0.0,0.0,1.0,3.0,26.0,3.0,3.0,4.0,12.0,1.0,0.0,2.0,2.0,16.0,4.0,3.0,13.0,36.0,11.0,0.72,6.0,24.0,2.0,20.0,1.0,3.0,1.0,0.0,8.0,0.0,5.0,2.0,1.0,0.666666666666667,0.0,13.0,6.33333333333333,2.0,1.0,1.0,1.0,0.0,0.0,0.0,2.0,2.0,2.0,136.0,0.0,0.676470588235294,0.5,0.0,3.0,2.0,0.0,0.0
0.0,14.0,97.0,2.0,0.0,1.0,0.0,7.0,1.0,17.0,0.0,2.0,1.0,5.0,32.0,4.0,5.0,7.0,18.0,2.0,0.0,2.0,3.0,25.0,7.0,5.0,21.0,55.0,14.0,0.58,10.0,35.0,2.0,28.0,1.0,5.0,1.0,0.0,8.0,0.0,6.0,2.0,1.0,0.4,0.0,14.0,5.0,0.0,2.0,1.2,1.0,0.0,0.0,0.0,2.0,2.0,2.0,194.0,0.0,0.680412371134021,0.5,0.0,4.0,2.0,0.0,0.0
0.0,3.0,65.0,1.0,0.0,1.0,0.0,4.0,1.0,6.0,0.0,3.0,1.0,4.0,34.0,1.0,4.0,4.0,9.0,1.0,1.0,1.0,3.0,4.0,4.0,4.0,9.0,22.0,3.0,1.55,9.0,12.0,1.0,7.0,0.0,4.0,1.0,75.0,3.0,0.0,5.0,1.0,3.0,1.0,0.0,2.0,1.25,1.0,1.0,1.0,1.0,0.0,0.0,0.0,2.0,2.0,2.0,130.0,0.0,0.630769230769231,0.5,0.0,3.0,2.0,0.0,0.0
0.0,16.0,71.0,2.0,0.0,1.0,0.0,4.0,2.0,18.0,0.0,0.0,2.0,2.0,24.0,2.0,2.0,4.0,15.0,0.0,0.0,2.0,2.0,20.0,4.0,2.0,16.0,38.0,12.0,0.63,9.0,28.0,2.0,24.0,2.0,2.0,2.0,0.0,8.0,0.0,8.0,2.0,0.0,0.0,0.0,19.0,10.0,1.0,2.0,1.5,1.0,0.0,0.0,0.0,2.0,2.0,2.0,142.0,0.0,0.704225352112676,0.5,0.0,3.0,2.0,0.0,0.0
0.0,14.0,59.0,2.0,0.0,1.0,0.0,4.0,1.0,15.0,0.0,0.0,1.0,3.0,24.0,3.0,3.0,4.0,9.0,1.0,0.0,2.0,2.0,14.0,4.0,3.0,11.0,32.0,9.0,0.75,3.0,20.0,2.0,16.0,0.0,3.0,1.0,0.0,8.0,0.0,5.0,2.0,1.0,0.666666666666667,0.0,13.0,5.66666666666667,2.0,1.0,1.0,1.0,0.0,0.0,0.0,2.0,2.0,2.0,118.0,0.0,0.661016949152542,0.5,0.0,3.0,2.0,0.0,0.0
0.0,4.0,74.0,1.0,0.0,1.0,0.0,5.0,1.0,6.0,0.0,2.0,1.0,5.0,36.0,1.0,5.0,5.0,12.0,1.0,0.0,1.0,4.0,6.0,5.0,5.0,12.0,29.0,5.0,1.24,9.0,17.0,1.0,11.0,0.0,5.0,1.0,0.0,2.0,0.0,6.0,1.0,5.0,2.0,0.0,7.0,3.2,2.0,1.0,1.0,1.0,0.0,0.0,0.0,2.0,2.0,2.0,148.0,0.0,0.702702702702703,0.5,0.0,3.0,2.0,1.0,0.0
0.0,14.0,86.0,2.0,0.0,1.0,0.0,6.0,1.0,15.0,0.0,0.0,1.0,5.0,25.0,5.0,5.0,6.0,14.0,3.0,0.0,2.0,2.0,25.0,6.0,5.0,17.0,52.0,15.0,0.48,9.0,32.0,2.0,26.0,1.0,5.0,1.0,0.0,8.0,0.0,5.0,2.0,1.0,0.4,0.0,13.0,4.4,1.0,1.0,1.0,1.0,0.0,0.0,0.0,2.0,2.0,2.0,172.0,0.0,0.720930232558139,0.5,0.0,3.0,2.0,1.0,0.0
1.0,15.0,128.0,4.0,0.0,1.0,0.0,11.0,3.0,21.0,0.0,4.0,3.0,4.0,42.0,1.0,4.0,11.0,22.0,0.0,1.0,4.0,3.0,35.0,11.0,4.0,22.0,75.0,25.0,0.56,11.0,47.0,4.0,36.0,0.0,4.0,3.0,50.0,1.0,0.0,5.0,2.0,4.0,2.5,1.0,10.0,5.75,2.0,4.0,3.0,2.0,2.0,1.14285714285714,1.0,1.0,1.0,1.0,129.0,0.0,1.0,1.0,0.0,1.0,1.0,0.0,0.0
0.0,0.0,26.0,0.0,0.0,0.0,0.0,0.0,0.0,0.0,0.0,0.0,0.0,0.0,21.0,1.0,0.0,0.0,2.0,0.0,0.0,0.0,0.0,0.0,0.0,0.0,2.0,4.0,0.0,5.25,1.0,2.0,0.0,1.0,0.0,0.0,0.0,0.0,0.0,1.0,0.0,0.0,0.0,0.0,0.0,0.0,0.0,0.0,0.0,0.0,0.0,2.0,0.666666666666667,0.0,3.0,3.0,3.0,56.0,3.0,0.5,0.333333333333333,0.0,4.0,3.0,1.0,0.0
0.0,0.0,30.0,0.0,0.0,0.0,0.0,0.0,0.0,0.0,0.0,0.0,0.0,0.0,22.0,1.0,0.0,0.0,3.0,0.0,0.0,0.0,0.0,0.0,0.0,0.0,3.0,5.0,0.0,4.4,3.0,3.0,0.0,2.0,0.0,0.0,0.0,0.0,6.0,0.0,0.0,2.0,0.0,0.0,0.0,0.0,0.0,0.0,0.0,0.0,0.0,0.0,0.0,0.0,3.0,3.0,3.0,78.0,11.0,0.433333333333333,0.333333333333333,0.0,4.0,3.0,1.0,0.0
0.0,8.0,115.0,3.0,0.0,1.0,0.0,6.0,2.0,16.0,0.0,6.0,2.0,4.0,54.0,2.0,4.0,6.0,20.0,0.0,1.0,3.0,4.0,17.0,6.0,4.0,19.0,50.0,10.0,1.08,11.0,29.0,3.0,21.0,1.0,4.0,2.0,0.0,6.0,0.0,7.0,1.0,3.0,1.25,0.0,10.0,5.5,2.0,3.0,1.5,1.0,2.0,0.857142857142857,0.0,3.0,3.0,3.0,231.0,1.0,0.634782608695652,0.333333333333333,0.0,4.0,3.0,1.0,0.0
0.0,8.0,91.0,3.0,0.0,1.0,0.0,8.0,1.0,11.0,0.0,3.0,1.0,6.0,37.0,2.0,6.0,8.0,14.0,1.0,0.0,3.0,5.0,12.0,8.0,8.0,16.0,45.0,9.0,0.82,9.0,25.0,3.0,16.0,0.0,6.0,1.0,0.0,4.0,0.0,7.0,2.0,2.0,0.666666666666667,0.0,4.0,1.83333333333333,1.0,3.0,1.33333333333333,1.0,2.0,0.666666666666667,0.0,5.0,5.0,3.0,209.0,27.0,0.758241758241758,0.6,0.0,2.0,3.0,2.0,0.0
0.0,5.0,93.0,3.0,0.0,1.0,0.0,8.0,1.0,11.0,0.0,5.0,1.0,5.0,50.0,1.0,5.0,7.0,11.0,1.0,1.0,4.0,4.0,8.0,7.0,5.0,11.0,35.0,8.0,1.43,8.0,19.0,3.0,11.0,0.0,5.0,2.0,19.0,3.0,0.0,2.0,1.0,4.0,2.2,1.0,3.0,1.6,1.0,3.0,1.4,1.0,2.0,0.857142857142857,0.0,6.0,6.0,3.0,218.0,32.0,0.763440860215054,0.5,0.0,2.0,3.0,3.0,0.0
0.0,0.0,29.0,0.0,0.0,0.0,0.0,0.0,0.0,0.0,0.0,0.0,0.0,0.0,22.0,1.0,0.0,0.0,3.0,0.0,0.0,0.0,0.0,0.0,0.0,0.0,3.0,5.0,0.0,4.4,2.0,3.0,0.0,2.0,0.0,0.0,0.0,0.0,6.0,2.0,0.0,1.0,0.0,0.0,0.0,0.0,0.0,0.0,0.0,0.0,0.0,2.0,0.666666666666667,0.0,2.0,2.0,2.0,58.0,0.0,0.448275862068966,0.5,0.0,4.0,2.0,0.0,0.0
0.0,3.0,37.0,1.0,0.0,1.0,0.0,1.0,1.0,3.0,0.0,0.0,1.0,1.0,27.0,1.0,1.0,1.0,4.0,0.0,0.0,1.0,1.0,0.0,1.0,1.0,4.0,8.0,0.0,3.38,2.0,4.0,1.0,2.0,0.0,1.0,1.0,0.0,7.0,0.0,1.0,1.0,0.0,0.0,0.0,1.0,1.0,1.0,1.0,1.0,1.0,0.0,0.0,0.0,2.0,2.0,2.0,74.0,0.0,0.351351351351351,0.5,0.0,4.0,2.0,1.0,0.0
0.0,6.0,56.0,1.0,0.0,1.0,0.0,3.0,1.0,6.0,0.0,0.0,1.0,3.0,31.0,2.0,3.0,3.0,7.0,0.0,0.0,1.0,3.0,5.0,3.0,3.0,8.0,21.0,3.0,1.48,4.0,11.0,1.0,7.0,0.0,3.0,1.0,0.0,6.0,0.0,1.0,2.0,2.0,1.0,0.0,3.0,2.33333333333333,2.0,1.0,1.0,1.0,0.0,0.0,0.0,2.0,2.0,2.0,112.0,0.0,0.553571428571429,0.5,0.0,4.0,2.0,0.0,0.0
0.0,8.0,112.0,3.0,0.0,1.0,0.0,10.0,1.0,11.0,0.0,2.0,1.0,8.0,40.0,3.0,8.0,10.0,20.0,3.0,0.0,3.0,5.0,17.0,10.0,10.0,23.0,61.0,12.0,0.66,11.0,35.0,3.0,24.0,0.0,8.0,1.0,0.0,4.0,0.0,8.0,2.0,2.0,0.5,0.0,4.0,2.0,1.0,3.0,1.25,1.0,2.0,0.5,0.0,5.0,5.0,3.0,250.0,26.0,0.607142857142857,0.6,0.0,2.0,3.0,3.0,0.0
0.0,5.0,95.0,3.0,0.0,1.0,0.0,8.0,1.0,11.0,0.0,5.0,1.0,5.0,51.0,1.0,5.0,7.0,12.0,1.0,1.0,4.0,4.0,8.0,7.0,5.0,12.0,36.0,8.0,1.42,8.0,20.0,3.0,12.0,0.0,5.0,2.0,19.0,3.0,0.0,2.0,1.0,4.0,2.2,1.0,3.0,1.6,1.0,3.0,1.4,1.0,2.0,0.857142857142857,0.0,6.0,6.0,3.0,220.0,30.0,0.789473684210526,0.5,0.0,2.0,3.0,2.0,0.0
0.0,4.0,38.0,1.0,0.0,1.0,0.0,1.0,1.0,4.0,0.0,0.0,1.0,1.0,27.0,1.0,1.0,1.0,4.0,0.0,0.0,1.0,1.0,1.0,1.0,1.0,4.0,9.0,1.0,3.0,2.0,5.0,1.0,3.0,0.0,1.0,1.0,0.0,7.0,0.0,2.0,1.0,0.0,0.0,0.0,3.0,3.0,3.0,1.0,1.0,1.0,0.0,0.0,0.0,2.0,2.0,2.0,76.0,0.0,0.342105263157895,0.5,0.0,4.0,2.0,0.0,0.0
4.0,15.0,468.0,9.0,0.0,2.0,1.0,42.0,2.0,20.0,0.0,4.0,2.0,17.0,132.0,7.0,17.0,42.0,100.0,2.0,5.0,9.0,11.0,128.0,42.0,28.0,101.0,304.0,84.0,0.43,33.0,185.0,9.0,138.0,0.0,17.0,2.0,75.0,5.0,0.0,6.0,2.0,6.0,2.70588235294118,1.0,21.0,6.0,1.0,15.0,2.94117647058824,1.0,5.0,1.38461538461538,0.0,4.0,4.0,3.0,925.0,3.0,0.56745182012848,0.5,0.0,2.0,3.0,4.0,0.0
0.0,14.0,84.0,2.0,1.0,1.0,1.0,3.0,2.0,20.0,1.0,4.0,2.0,2.0,32.0,1.0,2.0,3.0,19.0,0.0,0.0,2.0,1.0,20.0,3.0,2.0,19.0,43.0,13.0,0.74,9.0,32.0,2.0,28.0,1.0,1.0,2.0,100.0,1.0,0.0,0.0,1.0,1.0,0.5,0.0,12.0,6.5,1.0,2.0,1.5,1.0,1.0,0.75,0.0,3.0,3.0,3.0,169.0,1.0,0.702380952380952,0.333333333333333,0.0,3.0,3.0,3.0,0.0
0.0,8.0,51.0,1.0,0.0,1.0,0.0,2.0,1.0,12.0,0.0,4.0,1.0,2.0,29.0,2.0,2.0,2.0,7.0,0.0,0.0,1.0,2.0,7.0,2.0,2.0,8.0,20.0,5.0,1.45,2.0,13.0,1.0,10.0,0.0,2.0,1.0,0.0,5.0,0.0,4.0,2.0,1.0,1.0,1.0,5.0,3.0,1.0,1.0,1.0,1.0,1.0,0.166666666666667,0.0,2.0,2.0,2.0,104.0,0.0,0.75,0.5,0.0,2.0,2.0,0.0,0.0
0.0,15.0,50.0,2.0,0.0,1.0,0.0,2.0,2.0,18.0,0.0,3.0,2.0,1.0,25.0,1.0,1.0,2.0,9.0,0.0,0.0,2.0,1.0,7.0,2.0,1.0,8.0,22.0,4.0,1.14,3.0,12.0,2.0,9.0,0.0,1.0,2.0,0.0,2.0,0.0,3.0,1.0,0.0,0.0,0.0,6.0,6.0,6.0,2.0,2.0,2.0,1.0,1.0,1.0,2.0,2.0,2.0,100.0,0.0,0.74,0.5,0.0,2.0,2.0,0.0,0.0
0.0,6.0,74.0,1.0,0.0,1.0,0.0,4.0,1.0,10.0,0.0,3.0,1.0,4.0,37.0,2.0,4.0,4.0,13.0,0.0,1.0,1.0,4.0,10.0,4.0,4.0,13.0,31.0,7.0,1.19,6.0,20.0,1.0,15.0,0.0,4.0,1.0,33.0,5.0,0.0,6.0,2.0,1.0,0.75,0.0,5.0,2.0,1.0,1.0,1.0,1.0,0.0,0.0,0.0,2.0,2.0,2.0,150.0,0.0,0.826666666666667,0.5,0.0,2.0,2.0,0.0,0.0
0.0,3.0,53.0,1.0,0.0,1.0,0.0,3.0,1.0,7.0,0.0,3.0,1.0,3.0,31.0,1.0,3.0,3.0,8.0,1.0,0.0,1.0,2.0,2.0,3.0,3.0,7.0,18.0,2.0,1.72,4.0,9.0,1.0,5.0,0.0,3.0,1.0,0.0,4.0,0.0,3.0,1.0,1.0,0.666666666666667,0.0,2.0,1.33333333333333,1.0,1.0,1.0,1.0,0.0,0.0,0.0,4.0,4.0,3.0,97.0,2.0,0.547169811320755,0.5,0.0,3.0,3.0,0.0,0.0
0.0,10.0,57.0,1.0,0.0,1.0,0.0,2.0,1.0,14.0,0.0,3.0,1.0,2.0,27.0,2.0,2.0,2.0,13.0,1.0,0.0,1.0,1.0,10.0,2.0,2.0,13.0,27.0,7.0,1.0,3.0,20.0,1.0,17.0,0.0,2.0,1.0,0.0,5.0,0.0,9.0,2.0,1.0,0.5,0.0,8.0,5.0,2.0,1.0,1.0,1.0,0.0,0.0,0.0,5.0,5.0,3.0,126.0,7.0,0.637931034482759,0.6,0.0,3.0,3.0,1.0,0.0
0.0,17.0,110.0,2.0,0.0,1.0,0.0,7.0,1.0,20.0,0.0,2.0,1.0,6.0,28.0,5.0,6.0,7.0,31.0,1.0,0.0,2.0,5.0,37.0,7.0,6.0,32.0,77.0,15.0,0.36,5.0,47.0,2.0,39.0,0.0,6.0,1.0,0.0,3.0,0.0,9.0,2.0,3.0,1.5,0.0,10.0,4.33333333333333,1.0,2.0,1.16666666666667,1.0,1.0,0.307692307692308,0.0,5.0,5.0,3.0,190.0,9.0,0.963636363636364,0.6,0.0,1.0,3.0,1.0,0.0
0.0,6.0,58.0,1.0,0.0,1.0,0.0,2.0,1.0,8.0,0.0,2.0,1.0,2.0,30.0,2.0,2.0,2.0,11.0,0.0,0.0,1.0,2.0,6.0,2.0,2.0,11.0,25.0,6.0,1.2,3.0,17.0,1.0,13.0,0.0,2.0,1.0,0.0,6.0,0.0,2.0,1.0,3.0,1.5,0.0,4.0,4.0,4.0,1.0,1.0,1.0,0.0,0.0,0.0,5.0,5.0,3.0,114.0,2.0,0.96551724137931,0.6,0.0,1.0,3.0,1.0,0.0
0.0,4.0,32.0,1.0,0.0,1.0,0.0,1.0,1.0,4.0,0.0,0.0,1.0,1.0,19.0,1.0,1.0,1.0,6.0,0.0,0.0,1.0,1.0,1.0,1.0,1.0,6.0,11.0,1.0,1.73,2.0,7.0,1.0,5.0,0.0,1.0,1.0,0.0,6.0,0.0,3.0,1.0,1.0,1.0,1.0,4.0,4.0,4.0,1.0,1.0,1.0,0.0,0.0,0.0,1.0,1.0,1.0,32.0,0.0,1.0,1.0,0.0,1.0,1.0,0.0,0.0
0.0,0.0,26.0,0.0,0.0,0.0,0.0,0.0,0.0,0.0,0.0,0.0,0.0,0.0,19.0,1.0,0.0,0.0,3.0,0.0,0.0,0.0,0.0,0.0,0.0,0.0,3.0,5.0,0.0,3.8,2.0,3.0,0.0,2.0,0.0,0.0,0.0,0.0,6.0,0.0,0.0,1.0,0.0,0.0,0.0,0.0,0.0,0.0,0.0,0.0,0.0,0.0,0.0,0.0,1.0,1.0,1.0,26.0,0.0,1.0,1.0,0.0,1.0,1.0,0.0,0.0
5.0,8.0,223.0,3.0,0.0,1.0,1.0,14.0,1.0,17.0,0.0,7.0,1.0,10.0,102.0,1.0,10.0,14.0,41.0,0.0,1.0,3.0,5.0,50.0,14.0,10.0,40.0,104.0,32.0,0.98,21.0,72.0,3.0,58.0,0.0,10.0,1.0,75.0,1.0,0.0,0.0,1.0,4.0,2.2,0.0,7.0,3.9,1.0,2.0,1.3,1.0,1.0,0.461538461538462,0.0,3.0,3.0,3.0,464.0,18.0,0.834080717488789,0.333333333333333,0.0,3.0,3.0,2.0,1.0
0.0,3.0,43.0,1.0,0.0,1.0,0.0,2.0,1.0,6.0,0.0,3.0,1.0,2.0,27.0,1.0,2.0,2.0,5.0,0.0,0.0,1.0,2.0,1.0,2.0,2.0,5.0,12.0,1.0,2.25,4.0,6.0,1.0,3.0,0.0,2.0,1.0,0.0,4.0,0.0,2.0,1.0,1.0,0.5,0.0,1.0,1.0,1.0,1.0,1.0,1.0,0.0,0.0,0.0,2.0,2.0,2.0,86.0,0.0,0.302325581395349,0.5,0.0,5.0,2.0,1.0,0.0
0.0,4.0,85.0,1.0,0.0,1.0,0.0,4.0,1.0,10.0,0.0,6.0,1.0,4.0,53.0,1.0,4.0,4.0,13.0,1.0,0.0,1.0,3.0,6.0,4.0,4.0,13.0,27.0,4.0,1.96,5.0,17.0,1.0,12.0,0.0,4.0,1.0,0.0,3.0,0.0,5.0,1.0,3.0,2.25,1.0,4.0,2.75,2.0,1.0,1.0,1.0,0.0,0.0,0.0,2.0,2.0,2.0,170.0,0.0,0.694117647058824,0.5,0.0,3.0,2.0,0.0,0.0
0.0,8.0,53.0,1.0,0.0,1.0,0.0,2.0,1.0,11.0,0.0,3.0,1.0,2.0,35.0,2.0,2.0,2.0,6.0,0.0,0.0,1.0,2.0,5.0,2.0,2.0,7.0,16.0,2.0,2.19,2.0,9.0,1.0,6.0,0.0,2.0,1.0,0.0,4.0,0.0,2.0,2.0,2.0,1.5,1.0,3.0,2.5,2.0,1.0,1.0,1.0,0.0,0.0,0.0,2.0,2.0,2.0,108.0,0.0,0.592592592592593,0.5,0.0,3.0,2.0,1.0,0.0
0.0,6.0,99.0,1.0,0.0,1.0,0.0,3.0,1.0,15.0,0.0,7.0,1.0,3.0,52.0,2.0,3.0,3.0,17.0,0.0,2.0,1.0,3.0,11.0,3.0,3.0,17.0,34.0,8.0,1.53,13.0,25.0,1.0,20.0,2.0,3.0,1.0,0.0,6.0,0.0,8.0,2.0,1.0,1.0,1.0,9.0,3.66666666666667,1.0,1.0,1.0,1.0,0.0,0.0,0.0,2.0,2.0,2.0,200.0,0.0,0.69,0.5,0.0,4.0,2.0,1.0,0.0
0.0,4.0,50.0,1.0,0.0,1.0,0.0,2.0,1.0,9.0,0.0,5.0,1.0,2.0,32.0,1.0,2.0,2.0,6.0,0.0,0.0,1.0,2.0,2.0,2.0,2.0,6.0,14.0,2.0,2.29,4.0,8.0,1.0,5.0,0.0,2.0,1.0,0.0,6.0,2.0,1.0,1.0,4.0,3.5,3.0,2.0,2.0,2.0,1.0,1.0,1.0,0.0,0.0,0.0,2.0,2.0,2.0,100.0,0.0,0.44,0.5,0.0,5.0,2.0,0.0,0.0
0.0,4.0,48.0,1.0,0.0,1.0,0.0,2.0,1.0,9.0,0.0,5.0,1.0,2.0,32.0,1.0,2.0,2.0,5.0,0.0,0.0,1.0,2.0,2.0,2.0,2.0,5.0,13.0,2.0,2.46,3.0,7.0,1.0,4.0,0.0,2.0,1.0,0.0,7.0,0.0,1.0,1.0,5.0,3.5,2.0,2.0,2.0,2.0,1.0,1.0,1.0,0.0,0.0,0.0,2.0,2.0,2.0,96.0,0.0,0.4375,0.5,0.0,4.0,2.0,1.0,0.0
0.0,4.0,48.0,1.0,0.0,1.0,0.0,2.0,1.0,9.0,0.0,5.0,1.0,2.0,32.0,1.0,2.0,2.0,5.0,0.0,0.0,1.0,2.0,2.0,2.0,2.0,5.0,13.0,2.0,2.46,3.0,7.0,1.0,4.0,0.0,2.0,1.0,0.0,7.0,0.0,1.0,1.0,3.0,2.5,2.0,2.0,2.0,2.0,1.0,1.0,1.0,0.0,0.0,0.0,2.0,2.0,2.0,96.0,0.0,0.4375,0.5,0.0,4.0,2.0,1.0,0.0
0.0,5.0,36.0,1.0,0.0,1.0,0.0,1.0,1.0,5.0,0.0,0.0,1.0,1.0,24.0,1.0,1.0,1.0,4.0,0.0,0.0,1.0,1.0,2.0,1.0,1.0,4.0,9.0,2.0,2.67,3.0,6.0,1.0,4.0,0.0,1.0,1.0,0.0,6.0,0.0,1.0,1.0,0.0,0.0,0.0,4.0,4.0,4.0,1.0,1.0,1.0,1.0,0.25,0.0,1.0,1.0,1.0,37.0,0.0,0.351351351351351,1.0,0.0,4.0,1.0,0.0,0.0
0.0,4.0,34.0,1.0,0.0,1.0,0.0,1.0,1.0,4.0,0.0,0.0,1.0,1.0,24.0,1.0,1.0,1.0,4.0,0.0,0.0,1.0,1.0,1.0,1.0,1.0,4.0,8.0,1.0,3.0,2.0,5.0,1.0,3.0,0.0,1.0,1.0,0.0,6.0,0.0,1.0,1.0,0.0,0.0,0.0,3.0,3.0,3.0,1.0,1.0,1.0,0.0,0.0,0.0,1.0,1.0,1.0,35.0,0.0,0.371428571428571,1.0,0.0,4.0,1.0,0.0,0.0
0.0,16.0,64.0,2.0,0.0,1.0,0.0,3.0,2.0,21.0,0.0,5.0,2.0,2.0,30.0,2.0,2.0,3.0,10.0,0.0,1.0,2.0,2.0,11.0,3.0,2.0,11.0,31.0,8.0,0.97,3.0,19.0,2.0,15.0,0.0,2.0,2.0,0.0,6.0,0.0,5.0,2.0,4.0,3.0,2.0,6.0,5.5,5.0,2.0,1.5,1.0,1.0,0.6,0.0,1.0,1.0,1.0,65.0,0.0,0.569230769230769,1.0,0.0,4.0,1.0,0.0,0.0
0.0,3.0,33.0,1.0,0.0,1.0,0.0,1.0,1.0,3.0,0.0,0.0,1.0,1.0,24.0,1.0,1.0,1.0,4.0,0.0,0.0,1.0,1.0,0.0,1.0,1.0,4.0,7.0,0.0,3.43,2.0,4.0,1.0,2.0,0.0,1.0,1.0,0.0,6.0,0.0,0.0,1.0,0.0,0.0,0.0,1.0,1.0,1.0,1.0,1.0,1.0,0.0,0.0,0.0,1.0,1.0,1.0,34.0,0.0,0.382352941176471,1.0,0.0,4.0,1.0,1.0,0.0
0.0,5.0,35.0,1.0,0.0,1.0,0.0,1.0,1.0,5.0,0.0,0.0,1.0,1.0,26.0,1.0,1.0,1.0,3.0,0.0,0.0,1.0,1.0,2.0,1.0,1.0,3.0,8.0,2.0,3.25,1.0,5.0,1.0,3.0,0.0,1.0,1.0,0.0,7.0,0.0,1.0,1.0,0.0,0.0,0.0,4.0,4.0,4.0,1.0,1.0,1.0,1.0,0.25,0.0,1.0,1.0,1.0,36.0,0.0,0.361111111111111,1.0,0.0,4.0,1.0,0.0,0.0
0.0,4.0,34.0,1.0,0.0,1.0,0.0,1.0,1.0,4.0,0.0,0.0,1.0,1.0,26.0,1.0,1.0,1.0,3.0,0.0,0.0,1.0,1.0,1.0,1.0,1.0,3.0,7.0,1.0,3.71,1.0,4.0,1.0,2.0,0.0,1.0,1.0,0.0,7.0,0.0,0.0,1.0,0.0,0.0,0.0,2.0,2.0,2.0,1.0,1.0,1.0,0.0,0.0,0.0,1.0,1.0,1.0,35.0,0.0,0.371428571428571,1.0,0.0,4.0,1.0,0.0,0.0
0.0,4.0,52.0,1.0,0.0,1.0,0.0,2.0,1.0,11.0,0.0,7.0,1.0,2.0,35.0,1.0,2.0,2.0,5.0,0.0,0.0,1.0,2.0,2.0,2.0,2.0,5.0,13.0,2.0,2.69,4.0,7.0,1.0,4.0,0.0,2.0,1.0,0.0,7.0,0.0,1.0,1.0,2.0,2.0,2.0,2.0,2.0,2.0,1.0,1.0,1.0,0.0,0.0,0.0,1.0,1.0,1.0,52.0,0.0,0.557692307692308,1.0,0.0,3.0,1.0,1.0,0.0
0.0,10.0,90.0,2.0,0.0,1.0,0.0,5.0,1.0,15.0,0.0,5.0,1.0,4.0,42.0,2.0,4.0,5.0,15.0,0.0,2.0,2.0,4.0,14.0,5.0,4.0,16.0,42.0,10.0,1.0,6.0,26.0,2.0,20.0,0.0,4.0,1.0,50.0,6.0,2.0,7.0,2.0,3.0,1.75,1.0,7.0,3.5,1.0,2.0,1.25,1.0,1.0,0.428571428571429,0.0,1.0,1.0,1.0,91.0,0.0,0.593406593406593,1.0,0.0,4.0,1.0,0.0,0.0
0.0,4.0,53.0,1.0,0.0,1.0,0.0,2.0,1.0,11.0,0.0,7.0,1.0,2.0,35.0,1.0,2.0,2.0,6.0,0.0,0.0,1.0,2.0,2.0,2.0,2.0,6.0,14.0,2.0,2.5,4.0,8.0,1.0,5.0,0.0,2.0,1.0,0.0,6.0,1.0,1.0,1.0,3.0,2.5,2.0,2.0,2.0,2.0,1.0,1.0,1.0,0.0,0.0,0.0,1.0,1.0,1.0,53.0,0.0,0.547169811320755,1.0,0.0,3.0,1.0,1.0,0.0
0.0,3.0,43.0,1.0,0.0,1.0,0.0,2.0,1.0,6.0,0.0,3.0,1.0,2.0,27.0,1.0,2.0,2.0,5.0,0.0,0.0,1.0,2.0,1.0,2.0,2.0,5.0,12.0,1.0,2.25,4.0,6.0,1.0,3.0,0.0,2.0,1.0,0.0,4.0,0.0,2.0,1.0,1.0,0.5,0.0,1.0,1.0,1.0,1.0,1.0,1.0,0.0,0.0,0.0,3.0,3.0,3.0,88.0,2.0,0.302325581395349,0.333333333333333,0.0,6.0,3.0,0.0,0.0
0.0,5.0,140.0,2.0,0.0,1.0,3.0,8.0,1.0,11.0,0.0,5.0,1.0,7.0,63.0,2.0,7.0,8.0,28.0,0.0,2.0,2.0,7.0,20.0,8.0,7.0,27.0,62.0,12.0,1.02,15.0,39.0,2.0,29.0,0.0,7.0,1.0,80.0,6.0,0.0,5.0,1.0,3.0,1.14285714285714,0.0,7.0,2.14285714285714,0.0,2.0,1.14285714285714,1.0,1.0,0.363636363636364,0.0,2.0,2.0,2.0,282.0,0.0,0.801418439716312,0.5,0.0,3.0,2.0,0.0,0.0
0.0,3.0,42.0,1.0,0.0,1.0,0.0,2.0,1.0,6.0,0.0,3.0,1.0,2.0,27.0,1.0,2.0,2.0,5.0,0.0,0.0,1.0,2.0,1.0,2.0,2.0,5.0,12.0,1.0,2.25,3.0,6.0,1.0,3.0,0.0,2.0,1.0,0.0,4.0,0.0,2.0,1.0,1.0,0.5,0.0,1.0,1.0,1.0,1.0,1.0,1.0,0.0,0.0,0.0,2.0,2.0,2.0,84.0,0.0,0.619047619047619,0.5,0.0,3.0,2.0,0.0,0.0
2.0,8.0,218.0,3.0,0.0,1.0,1.0,14.0,1.0,14.0,0.0,5.0,1.0,10.0,78.0,5.0,10.0,14.0,46.0,3.0,2.0,3.0,5.0,41.0,14.0,10.0,48.0,116.0,27.0,0.67,24.0,75.0,3.0,58.0,1.0,10.0,1.0,83.0,6.0,0.0,9.0,2.0,3.0,1.4,0.0,9.0,4.3,1.0,3.0,1.4,1.0,2.0,0.705882352941177,0.0,2.0,2.0,2.0,436.0,0.0,0.821100917431193,0.5,0.0,3.0,2.0,0.0,0.0
0.0,4.0,83.0,1.0,0.0,1.0,0.0,5.0,1.0,8.0,0.0,3.0,1.0,5.0,37.0,1.0,5.0,5.0,13.0,2.0,1.0,1.0,3.0,9.0,5.0,5.0,13.0,33.0,8.0,1.12,13.0,21.0,1.0,15.0,0.0,5.0,1.0,60.0,4.0,0.0,7.0,1.0,3.0,1.4,0.0,6.0,2.2,1.0,1.0,1.0,1.0,0.0,0.0,0.0,3.0,3.0,3.0,167.0,1.0,0.337349397590361,0.333333333333333,0.0,5.0,3.0,1.0,0.0
2.0,9.0,208.0,3.0,0.0,1.0,1.0,13.0,1.0,16.0,0.0,5.0,1.0,9.0,74.0,5.0,9.0,13.0,42.0,3.0,2.0,3.0,4.0,41.0,13.0,9.0,44.0,110.0,28.0,0.67,24.0,72.0,3.0,56.0,1.0,9.0,1.0,83.0,6.0,0.0,10.0,2.0,3.0,1.44444444444444,0.0,9.0,4.55555555555556,2.0,3.0,1.44444444444444,1.0,2.0,0.666666666666667,0.0,2.0,2.0,2.0,418.0,0.0,0.631578947368421,0.5,0.0,4.0,2.0,2.0,0.0
0.0,12.0,74.0,2.0,0.0,1.0,0.0,4.0,1.0,13.0,0.0,0.0,1.0,3.0,25.0,2.0,3.0,4.0,20.0,2.0,0.0,2.0,1.0,17.0,4.0,3.0,22.0,43.0,7.0,0.58,6.0,29.0,2.0,23.0,1.0,3.0,1.0,0.0,6.0,0.0,10.0,2.0,1.0,0.333333333333333,0.0,10.0,4.0,1.0,2.0,1.33333333333333,1.0,1.0,0.571428571428571,0.0,4.0,4.0,2.0,91.0,16.0,0.866666666666667,0.5,0.0,2.0,2.0,0.0,1.0
0.0,4.0,61.0,1.0,0.0,1.0,0.0,5.0,1.0,5.0,0.0,1.0,1.0,5.0,25.0,1.0,5.0,5.0,10.0,0.0,2.0,1.0,5.0,6.0,5.0,5.0,10.0,28.0,6.0,0.89,8.0,16.0,1.0,10.0,0.0,5.0,1.0,40.0,1.0,0.0,0.0,2.0,2.0,1.4,1.0,3.0,1.4,1.0,1.0,1.0,1.0,0.0,0.0,0.0,3.0,3.0,2.0,69.0,8.0,0.573770491803279,0.666666666666667,0.0,2.0,2.0,0.0,0.0
0.0,0.0,26.0,0.0,0.0,0.0,0.0,0.0,0.0,0.0,0.0,0.0,0.0,0.0,19.0,1.0,0.0,0.0,3.0,0.0,0.0,0.0,0.0,0.0,0.0,0.0,3.0,5.0,0.0,3.8,2.0,3.0,0.0,2.0,0.0,0.0,0.0,0.0,6.0,0.0,0.0,1.0,0.0,0.0,0.0,0.0,0.0,0.0,0.0,0.0,0.0,0.0,0.0,0.0,2.0,2.0,2.0,26.0,0.0,0.884615384615385,0.5,0.0,2.0,2.0,0.0,0.0
0.0,4.0,89.0,1.0,0.0,1.0,0.0,6.0,1.0,9.0,0.0,5.0,1.0,6.0,50.0,1.0,6.0,6.0,11.0,0.0,2.0,1.0,6.0,6.0,6.0,6.0,11.0,30.0,6.0,1.67,9.0,17.0,1.0,10.0,0.0,6.0,1.0,50.0,1.0,0.0,0.0,2.0,2.0,1.0,0.0,3.0,1.33333333333333,1.0,1.0,1.0,1.0,0.0,0.0,0.0,1.0,1.0,1.0,90.0,0.0,1.0,1.0,0.0,1.0,1.0,0.0,0.0
0.0,6.0,120.0,1.0,0.0,1.0,0.0,6.0,1.0,10.0,0.0,4.0,1.0,6.0,52.0,3.0,6.0,6.0,27.0,2.0,3.0,1.0,4.0,17.0,6.0,6.0,27.0,57.0,10.0,0.91,11.0,37.0,1.0,29.0,0.0,6.0,1.0,50.0,6.0,0.0,10.0,2.0,2.0,1.0,0.0,8.0,3.33333333333333,0.0,1.0,1.0,1.0,0.0,0.0,0.0,3.0,3.0,2.0,143.0,22.0,0.909090909090909,0.666666666666667,0.0,2.0,2.0,0.0,0.0
0.0,5.0,103.0,2.0,0.0,1.0,2.0,6.0,1.0,8.0,2.0,3.0,1.0,5.0,40.0,1.0,5.0,6.0,18.0,1.0,0.0,2.0,4.0,17.0,6.0,5.0,15.0,53.0,14.0,0.75,10.0,29.0,2.0,22.0,0.0,3.0,1.0,80.0,3.0,0.0,5.0,1.0,2.0,1.2,0.0,1.0,1.0,1.0,2.0,1.2,1.0,1.0,0.428571428571429,0.0,4.0,4.0,2.0,110.0,7.0,0.912621359223301,0.75,0.0,2.0,2.0,0.0,0.0
0.0,4.0,62.0,1.0,0.0,1.0,1.0,2.0,1.0,11.0,0.0,6.0,1.0,2.0,37.0,1.0,2.0,2.0,11.0,1.0,0.0,1.0,1.0,3.0,2.0,2.0,11.0,19.0,1.0,1.95,6.0,12.0,1.0,9.0,0.0,2.0,1.0,100.0,3.0,29.0,3.0,1.0,4.0,2.5,1.0,3.0,2.0,1.0,1.0,1.0,1.0,0.0,0.0,0.0,2.0,2.0,2.0,124.0,0.0,0.258064516129032,0.5,0.0,5.0,2.0,2.0,0.0
0.0,11.0,66.0,1.0,0.0,1.0,0.0,2.0,1.0,12.0,0.0,0.0,1.0,2.0,31.0,2.0,2.0,2.0,14.0,0.0,0.0,1.0,2.0,12.0,2.0,2.0,14.0,31.0,9.0,1.0,4.0,23.0,1.0,20.0,0.0,2.0,1.0,0.0,6.0,0.0,6.0,2.0,5.0,2.5,0.0,11.0,7.5,4.0,1.0,1.0,1.0,0.0,0.0,0.0,3.0,3.0,3.0,133.0,1.0,0.257575757575758,0.333333333333333,0.0,5.0,3.0,1.0,0.0
0.0,4.0,57.0,1.0,0.0,1.0,0.0,3.0,1.0,8.0,0.0,3.0,1.0,3.0,32.0,1.0,3.0,3.0,9.0,1.0,0.0,1.0,2.0,5.0,3.0,3.0,9.0,21.0,4.0,1.52,4.0,13.0,1.0,9.0,0.0,3.0,1.0,0.0,5.0,88.0,3.0,1.0,2.0,1.33333333333333,1.0,9.0,3.66666666666667,0.0,1.0,1.0,1.0,0.0,0.0,0.0,2.0,2.0,2.0,114.0,0.0,0.228070175438596,0.5,0.0,6.0,2.0,0.0,0.0
0.0,5.0,75.0,1.0,0.0,1.0,0.0,3.0,1.0,9.0,0.0,4.0,1.0,3.0,45.0,2.0,3.0,3.0,9.0,0.0,1.0,1.0,3.0,6.0,3.0,3.0,9.0,24.0,6.0,1.88,6.0,15.0,1.0,10.0,0.0,3.0,1.0,0.0,6.0,0.0,4.0,1.0,3.0,1.66666666666667,1.0,3.0,2.66666666666667,2.0,1.0,1.0,1.0,2.0,0.285714285714286,0.0,2.0,2.0,2.0,152.0,0.0,0.763157894736842,0.5,0.0,3.0,2.0,0.0,0.0
0.0,7.0,247.0,3.0,0.0,1.0,1.0,17.0,1.0,11.0,0.0,3.0,1.0,14.0,92.0,6.0,14.0,16.0,50.0,0.0,2.0,4.0,14.0,50.0,16.0,14.0,50.0,133.0,37.0,0.69,22.0,87.0,3.0,66.0,0.0,14.0,1.0,76.0,8.0,0.0,8.0,2.0,3.0,1.14285714285714,0.0,12.0,4.28571428571429,1.0,3.0,1.14285714285714,1.0,2.0,0.285714285714286,0.0,3.0,3.0,3.0,503.0,6.0,0.834677419354839,0.333333333333333,0.0,3.0,3.0,1.0,0.0
0.0,6.0,74.0,1.0,0.0,1.0,0.0,3.0,1.0,12.0,0.0,4.0,1.0,3.0,41.0,1.0,3.0,3.0,9.0,0.0,0.0,1.0,3.0,11.0,3.0,3.0,9.0,26.0,7.0,1.58,7.0,16.0,1.0,12.0,0.0,3.0,1.0,0.0,7.0,0.0,3.0,1.0,1.0,1.0,1.0,6.0,2.66666666666667,1.0,1.0,1.0,1.0,0.0,0.0,0.0,2.0,2.0,2.0,150.0,0.0,0.746666666666667,0.5,0.0,3.0,2.0,0.0,0.0
0.0,4.0,118.0,1.0,0.0,1.0,0.0,6.0,1.0,9.0,0.0,4.0,1.0,6.0,62.0,4.0,6.0,6.0,16.0,0.0,0.0,1.0,6.0,11.0,6.0,6.0,16.0,46.0,10.0,1.35,10.0,26.0,1.0,16.0,0.0,6.0,1.0,0.0,7.0,0.0,5.0,1.0,1.0,1.0,1.0,8.0,2.66666666666667,1.0,1.0,1.0,1.0,0.0,0.0,0.0,2.0,2.0,2.0,236.0,0.0,0.830508474576271,0.5,0.0,3.0,2.0,0.0,0.0
0.0,4.0,194.0,2.0,0.0,1.0,0.0,15.0,1.0,9.0,0.0,5.0,1.0,14.0,98.0,1.0,14.0,15.0,26.0,0.0,7.0,2.0,14.0,18.0,15.0,14.0,26.0,74.0,16.0,1.32,22.0,42.0,2.0,26.0,0.0,14.0,1.0,85.0,1.0,0.0,0.0,2.0,1.0,1.0,1.0,1.0,1.0,1.0,2.0,1.07142857142857,1.0,1.0,0.1875,0.0,2.0,2.0,2.0,388.0,0.0,0.917525773195876,0.5,0.0,2.0,2.0,1.0,0.0
0.0,4.0,35.0,1.0,0.0,1.0,0.0,1.0,1.0,7.0,0.0,3.0,1.0,1.0,24.0,1.0,1.0,1.0,4.0,0.0,0.0,1.0,1.0,1.0,1.0,1.0,4.0,9.0,1.0,2.67,2.0,5.0,1.0,3.0,0.0,1.0,1.0,0.0,3.0,0.0,2.0,1.0,1.0,1.0,1.0,1.0,1.0,1.0,1.0,1.0,1.0,0.0,0.0,0.0,2.0,2.0,2.0,70.0,0.0,0.542857142857143,0.5,0.0,3.0,2.0,0.0,0.0
0.0,17.0,55.0,3.0,0.0,1.0,0.0,3.0,3.0,17.0,0.0,0.0,3.0,1.0,27.0,1.0,1.0,3.0,8.0,0.0,0.0,3.0,1.0,8.0,3.0,1.0,8.0,24.0,5.0,1.12,4.0,13.0,3.0,9.0,0.0,1.0,3.0,0.0,6.0,0.0,1.0,1.0,3.0,3.0,3.0,4.0,4.0,4.0,4.0,4.0,4.0,1.0,1.0,1.0,2.0,2.0,2.0,110.0,0.0,0.690909090909091,0.5,0.0,3.0,2.0,0.0,0.0
0.0,2.0,37.0,1.0,0.0,1.0,0.0,2.0,1.0,3.0,0.0,0.0,1.0,2.0,16.0,1.0,2.0,2.0,9.0,1.0,1.0,1.0,1.0,1.0,2.0,2.0,9.0,13.0,1.0,1.23,8.0,10.0,1.0,7.0,0.0,2.0,1.0,50.0,7.0,0.0,4.0,1.0,1.0,0.5,0.0,2.0,1.5,1.0,1.0,1.0,1.0,0.0,0.0,0.0,2.0,2.0,2.0,74.0,0.0,0.486486486486487,0.5,0.0,3.0,2.0,0.0,0.0
0.0,3.0,40.0,1.0,0.0,1.0,0.0,3.0,1.0,3.0,0.0,0.0,1.0,3.0,16.0,1.0,3.0,3.0,10.0,1.0,1.0,1.0,2.0,3.0,3.0,3.0,10.0,17.0,3.0,0.94,7.0,13.0,1.0,9.0,0.0,3.0,1.0,0.0,3.0,0.0,4.0,1.0,2.0,1.66666666666667,1.0,2.0,1.66666666666667,1.0,1.0,1.0,1.0,0.0,0.0,0.0,2.0,2.0,2.0,80.0,0.0,0.525,0.5,0.0,3.0,2.0,0.0,0.0
0.0,3.0,35.0,1.0,0.0,1.0,0.0,2.0,1.0,3.0,0.0,0.0,1.0,2.0,16.0,1.0,2.0,2.0,8.0,1.0,1.0,1.0,1.0,3.0,2.0,2.0,8.0,14.0,3.0,1.14,5.0,11.0,1.0,8.0,0.0,2.0,1.0,0.0,4.0,0.0,2.0,1.0,3.0,2.0,1.0,3.0,2.0,1.0,1.0,1.0,1.0,0.0,0.0,0.0,2.0,2.0,2.0,70.0,0.0,0.514285714285714,0.5,0.0,3.0,2.0,0.0,0.0
0.0,5.0,173.0,4.0,0.0,1.0,0.0,20.0,1.0,8.0,0.0,3.0,1.0,14.0,67.0,1.0,14.0,17.0,23.0,0.0,5.0,7.0,14.0,26.0,17.0,17.0,23.0,82.0,20.0,0.82,24.0,43.0,4.0,25.0,0.0,14.0,1.0,75.0,1.0,0.0,0.0,2.0,5.0,2.64285714285714,0.0,6.0,1.5,1.0,4.0,1.21428571428571,1.0,1.0,0.235294117647059,0.0,2.0,2.0,2.0,346.0,0.0,0.942196531791908,0.5,0.0,1.0,2.0,3.0,0.0
0.0,1.0,46.0,1.0,3.0,1.0,0.0,3.0,1.0,5.0,0.0,4.0,1.0,3.0,35.0,1.0,3.0,3.0,6.0,0.0,0.0,1.0,0.0,0.0,3.0,3.0,6.0,7.0,0.0,5.0,4.0,6.0,1.0,5.0,0.0,3.0,1.0,0.0,0.0,1.0,2.0,0.0,1.0,1.0,1.0,1.0,1.0,1.0,1.0,1.0,1.0,0.0,0.0,0.0,2.0,2.0,2.0,92.0,0.0,0.695652173913043,0.5,0.0,2.0,2.0,1.0,0.0
1.0,7.0,178.0,6.0,0.0,1.0,0.0,21.0,2.0,10.0,0.0,2.0,2.0,13.0,58.0,5.0,13.0,21.0,26.0,2.0,5.0,6.0,10.0,63.0,21.0,16.0,30.0,98.0,40.0,0.59,22.0,70.0,6.0,50.0,0.0,13.0,2.0,55.0,1.0,0.0,3.0,2.0,8.0,3.07692307692308,0.0,8.0,3.46153846153846,1.0,4.0,1.46153846153846,1.0,1.0,0.315789473684211,0.0,2.0,2.0,2.0,356.0,0.0,0.955056179775281,0.5,0.0,1.0,2.0,2.0,1.0
4.0,4.0,102.0,2.0,0.0,1.0,2.0,9.0,1.0,6.0,1.0,2.0,1.0,8.0,40.0,1.0,8.0,9.0,24.0,0.0,2.0,2.0,4.0,26.0,9.0,8.0,17.0,47.0,12.0,0.85,15.0,29.0,2.0,19.0,0.0,7.0,1.0,87.0,1.0,0.0,1.0,1.0,4.0,2.5,0.0,8.0,2.75,1.0,2.0,1.125,1.0,1.0,0.3,0.0,2.0,2.0,2.0,204.0,0.0,0.92156862745098,0.5,0.0,2.0,2.0,1.0,0.0
0.0,3.0,87.0,1.0,0.0,1.0,0.0,7.0,1.0,6.0,0.0,3.0,1.0,7.0,43.0,1.0,7.0,7.0,13.0,0.0,4.0,1.0,7.0,10.0,7.0,7.0,13.0,31.0,10.0,1.39,13.0,23.0,1.0,15.0,0.0,7.0,1.0,67.0,1.0,0.0,0.0,1.0,6.0,2.42857142857143,1.0,5.0,1.71428571428571,1.0,1.0,1.0,1.0,0.0,0.0,0.0,2.0,2.0,2.0,174.0,0.0,0.839080459770115,0.5,0.0,2.0,2.0,1.0,0.0
0.0,3.0,31.0,1.0,0.0,1.0,0.0,1.0,1.0,3.0,0.0,0.0,1.0,1.0,21.0,1.0,1.0,1.0,5.0,0.0,0.0,1.0,1.0,1.0,1.0,1.0,5.0,8.0,1.0,2.62,2.0,6.0,1.0,4.0,0.0,1.0,1.0,0.0,5.0,2.0,2.0,1.0,1.0,1.0,1.0,3.0,3.0,3.0,1.0,1.0,1.0,2.0,0.5,0.0,2.0,2.0,2.0,62.0,0.0,0.483870967741935,0.5,0.0,3.0,2.0,0.0,0.0
0.0,3.0,50.0,1.0,0.0,1.0,0.0,4.0,1.0,3.0,0.0,0.0,1.0,4.0,24.0,1.0,4.0,4.0,12.0,1.0,0.0,1.0,3.0,5.0,4.0,4.0,11.0,19.0,3.0,1.26,7.0,14.0,1.0,10.0,0.0,4.0,1.0,0.0,2.0,3.0,3.0,1.0,2.0,1.0,0.0,7.0,3.25,1.0,1.0,1.0,1.0,0.0,0.0,0.0,2.0,2.0,2.0,100.0,0.0,0.66,0.5,0.0,3.0,2.0,0.0,0.0
0.0,3.0,53.0,1.0,0.0,1.0,0.0,3.0,1.0,4.0,0.0,1.0,1.0,3.0,27.0,1.0,3.0,3.0,10.0,2.0,1.0,1.0,1.0,3.0,3.0,3.0,9.0,19.0,3.0,1.42,7.0,12.0,1.0,9.0,0.0,3.0,1.0,33.0,3.0,3.0,2.0,1.0,4.0,2.0,1.0,4.0,2.66666666666667,1.0,1.0,1.0,1.0,0.0,0.0,0.0,2.0,2.0,2.0,106.0,0.0,0.415094339622642,0.5,0.0,3.0,2.0,0.0,0.0
0.0,5.0,48.0,1.0,0.0,1.0,0.0,2.0,1.0,6.0,0.0,0.0,1.0,2.0,22.0,1.0,2.0,2.0,11.0,1.0,0.0,1.0,1.0,8.0,2.0,2.0,11.0,20.0,5.0,1.1,6.0,16.0,1.0,14.0,0.0,2.0,1.0,0.0,6.0,3.0,5.0,1.0,1.0,0.5,0.0,7.0,4.0,1.0,1.0,1.0,1.0,0.0,0.0,0.0,2.0,2.0,2.0,96.0,0.0,0.583333333333333,0.5,0.0,3.0,2.0,0.0,0.0
0.0,7.0,91.0,3.0,0.0,1.0,0.0,8.0,2.0,10.0,0.0,3.0,2.0,4.0,45.0,1.0,4.0,8.0,12.0,1.0,2.0,3.0,3.0,14.0,8.0,4.0,11.0,37.0,12.0,1.22,9.0,23.0,3.0,12.0,0.0,4.0,2.0,75.0,4.0,0.0,4.0,1.0,4.0,2.0,0.0,4.0,2.5,1.0,3.0,2.0,1.0,2.0,1.33333333333333,0.0,3.0,3.0,3.0,183.0,1.0,0.725274725274725,0.333333333333333,0.0,3.0,3.0,2.0,0.0
0.0,6.0,39.0,1.0,0.0,1.0,0.0,1.0,1.0,6.0,0.0,0.0,1.0,1.0,22.0,1.0,1.0,1.0,7.0,0.0,0.0,1.0,1.0,3.0,1.0,1.0,7.0,14.0,3.0,1.57,3.0,10.0,1.0,8.0,0.0,1.0,1.0,0.0,6.0,0.0,4.0,1.0,1.0,1.0,1.0,3.0,3.0,3.0,1.0,1.0,1.0,0.0,0.0,0.0,2.0,2.0,2.0,78.0,0.0,0.846153846153846,0.5,0.0,2.0,2.0,0.0,0.0
0.0,3.0,37.0,1.0,0.0,1.0,0.0,2.0,1.0,3.0,0.0,0.0,1.0,2.0,16.0,1.0,2.0,2.0,10.0,1.0,0.0,1.0,1.0,2.0,2.0,2.0,10.0,15.0,2.0,1.07,6.0,12.0,1.0,9.0,0.0,2.0,1.0,0.0,3.0,0.0,6.0,1.0,1.0,0.5,0.0,3.0,2.5,2.0,1.0,1.0,1.0,0.0,0.0,0.0,2.0,2.0,2.0,74.0,0.0,0.432432432432432,0.5,0.0,3.0,2.0,0.0,0.0
0.0,3.0,36.0,1.0,0.0,1.0,0.0,2.0,1.0,3.0,0.0,0.0,1.0,2.0,16.0,1.0,2.0,2.0,9.0,1.0,0.0,1.0,1.0,2.0,2.0,2.0,9.0,14.0,2.0,1.14,6.0,11.0,1.0,8.0,0.0,2.0,1.0,0.0,4.0,0.0,4.0,1.0,2.0,1.0,0.0,3.0,2.5,2.0,1.0,1.0,1.0,0.0,0.0,0.0,2.0,2.0,2.0,72.0,0.0,0.444444444444444,0.5,0.0,3.0,2.0,0.0,0.0
0.0,2.0,32.0,1.0,0.0,1.0,0.0,2.0,1.0,3.0,0.0,0.0,1.0,2.0,16.0,1.0,2.0,2.0,6.0,1.0,0.0,1.0,1.0,1.0,2.0,2.0,6.0,10.0,1.0,1.6,6.0,7.0,1.0,4.0,0.0,2.0,1.0,0.0,7.0,0.0,2.0,1.0,0.0,0.0,0.0,1.0,1.0,1.0,1.0,1.0,1.0,0.0,0.0,0.0,2.0,2.0,2.0,64.0,0.0,0.5,0.5,0.0,3.0,2.0,0.0,0.0
0.0,3.0,40.0,1.0,0.0,1.0,0.0,3.0,1.0,3.0,0.0,0.0,1.0,3.0,16.0,1.0,3.0,3.0,10.0,1.0,1.0,1.0,2.0,3.0,3.0,3.0,10.0,17.0,3.0,0.94,7.0,13.0,1.0,9.0,0.0,3.0,1.0,0.0,3.0,0.0,4.0,1.0,2.0,1.66666666666667,1.0,2.0,1.66666666666667,1.0,1.0,1.0,1.0,0.0,0.0,0.0,2.0,2.0,2.0,80.0,0.0,0.525,0.5,0.0,3.0,2.0,0.0,0.0
0.0,3.0,34.0,1.0,0.0,1.0,0.0,2.0,1.0,3.0,0.0,0.0,1.0,2.0,16.0,1.0,2.0,2.0,8.0,1.0,1.0,1.0,1.0,3.0,2.0,2.0,8.0,14.0,3.0,1.14,4.0,11.0,1.0,8.0,0.0,2.0,1.0,0.0,4.0,0.0,2.0,1.0,3.0,2.0,1.0,3.0,2.0,1.0,1.0,1.0,1.0,0.0,0.0,0.0,2.0,2.0,2.0,68.0,0.0,0.5,0.5,0.0,3.0,2.0,0.0,0.0
1.0,2.0,40.0,1.0,0.0,1.0,0.0,3.0,1.0,3.0,0.0,0.0,1.0,3.0,16.0,1.0,3.0,3.0,10.0,1.0,0.0,1.0,1.0,2.0,3.0,3.0,10.0,16.0,2.0,1.0,8.0,12.0,1.0,8.0,0.0,3.0,1.0,0.0,7.0,0.0,5.0,1.0,1.0,0.333333333333333,0.0,3.0,2.33333333333333,1.0,1.0,1.0,1.0,0.0,0.0,0.0,2.0,2.0,2.0,80.0,0.0,0.5,0.5,0.0,3.0,2.0,0.0,0.0
35.0,7.0,1664.0,10.0,27.0,1.0,4.0,230.0,2.0,9.0,1.0,1.0,2.0,131.0,289.0,23.0,131.0,224.0,264.0,31.0,26.0,11.0,38.0,407.0,224.0,166.0,264.0,1102.0,339.0,0.26,273.0,603.0,10.0,369.0,0.0,130.0,2.0,95.0,3.0,16.0,19.0,2.0,13.0,2.80152671755725,0.0,12.0,2.86259541984733,0.0,30.0,1.81679389312977,1.0,7.0,0.66025641025641,0.0,2.0,2.0,1.0,3328.0,0.0,0.982572115384615,1.0,0.0,1.0,1.0,2.0,0.0
0.0,4.0,60.0,1.0,0.0,1.0,0.0,3.0,1.0,10.0,1.0,5.0,1.0,3.0,35.0,1.0,3.0,3.0,7.0,0.0,0.0,1.0,3.0,5.0,3.0,3.0,7.0,20.0,5.0,1.75,5.0,12.0,1.0,8.0,0.0,2.0,1.0,0.0,3.0,0.0,0.0,1.0,1.0,0.666666666666667,0.0,3.0,2.33333333333333,2.0,1.0,1.0,1.0,0.0,0.0,0.0,2.0,2.0,2.0,120.0,0.0,0.733333333333333,0.5,0.0,3.0,2.0,0.0,0.0
0.0,7.0,118.0,1.0,0.0,1.0,0.0,5.0,1.0,13.0,1.0,5.0,1.0,5.0,46.0,1.0,5.0,5.0,28.0,0.0,0.0,1.0,5.0,24.0,5.0,5.0,28.0,62.0,22.0,0.74,10.0,50.0,1.0,44.0,0.0,4.0,1.0,0.0,2.0,0.0,17.0,1.0,2.0,1.0,0.0,4.0,1.6,1.0,1.0,1.0,1.0,0.0,0.0,0.0,5.0,5.0,4.0,280.0,42.0,0.508474576271186,0.4,0.0,4.0,4.0,0.0,0.0
0.0,4.0,32.0,1.0,0.0,1.0,0.0,1.0,1.0,8.0,1.0,4.0,1.0,1.0,24.0,1.0,1.0,1.0,3.0,0.0,0.0,1.0,1.0,1.0,1.0,1.0,3.0,7.0,1.0,3.43,1.0,4.0,1.0,2.0,0.0,0.0,1.0,0.0,2.0,0.0,0.0,1.0,0.0,0.0,0.0,2.0,2.0,2.0,1.0,1.0,1.0,0.0,0.0,0.0,2.0,2.0,2.0,66.0,0.0,0.575757575757576,0.5,0.0,2.0,2.0,1.0,0.0
0.0,4.0,58.0,1.0,0.0,1.0,0.0,3.0,1.0,9.0,1.0,5.0,1.0,3.0,34.0,1.0,3.0,3.0,7.0,0.0,0.0,1.0,3.0,4.0,3.0,3.0,7.0,19.0,4.0,1.79,5.0,11.0,1.0,7.0,0.0,2.0,1.0,0.0,3.0,0.0,0.0,1.0,1.0,0.666666666666667,0.0,2.0,2.0,2.0,1.0,1.0,1.0,0.0,0.0,0.0,2.0,2.0,2.0,116.0,0.0,0.724137931034483,0.5,0.0,3.0,2.0,0.0,0.0
0.0,4.0,59.0,1.0,0.0,1.0,0.0,3.0,1.0,9.0,1.0,5.0,1.0,3.0,34.0,1.0,3.0,3.0,7.0,0.0,0.0,1.0,3.0,5.0,3.0,3.0,7.0,20.0,5.0,1.7,5.0,12.0,1.0,8.0,0.0,2.0,1.0,0.0,3.0,0.0,0.0,1.0,1.0,0.666666666666667,0.0,3.0,2.33333333333333,2.0,1.0,1.0,1.0,0.0,0.0,0.0,2.0,2.0,2.0,118.0,0.0,0.711864406779661,0.5,0.0,3.0,2.0,0.0,0.0
0.0,4.0,56.0,1.0,0.0,1.0,0.0,3.0,1.0,8.0,1.0,4.0,1.0,3.0,32.0,1.0,3.0,3.0,7.0,0.0,0.0,1.0,3.0,4.0,3.0,3.0,7.0,19.0,4.0,1.68,5.0,11.0,1.0,7.0,0.0,2.0,1.0,0.0,3.0,0.0,0.0,1.0,1.0,0.666666666666667,0.0,2.0,2.0,2.0,1.0,1.0,1.0,0.0,0.0,0.0,2.0,2.0,2.0,112.0,0.0,0.714285714285714,0.5,0.0,3.0,2.0,0.0,0.0
0.0,8.0,101.0,1.0,0.0,1.0,1.0,4.0,1.0,16.0,1.0,6.0,1.0,4.0,45.0,1.0,4.0,4.0,12.0,0.0,0.0,1.0,4.0,23.0,4.0,4.0,12.0,44.0,22.0,1.02,12.0,34.0,1.0,29.0,1.0,3.0,1.0,100.0,3.0,0.0,1.0,1.0,1.0,0.5,0.0,9.0,3.75,2.0,1.0,1.0,1.0,0.0,0.0,0.0,2.0,2.0,2.0,202.0,0.0,0.762376237623762,0.5,0.0,3.0,2.0,2.0,0.0
3.0,14.0,241.0,3.0,0.0,1.0,0.0,11.0,1.0,21.0,1.0,4.0,1.0,9.0,60.0,1.0,9.0,11.0,21.0,0.0,0.0,3.0,6.0,101.0,11.0,11.0,22.0,143.0,98.0,0.42,40.0,120.0,3.0,109.0,3.0,8.0,1.0,0.0,3.0,0.0,3.0,1.0,5.0,1.66666666666667,0.0,10.0,6.44444444444444,2.0,3.0,1.22222222222222,1.0,2.0,0.545454545454545,0.0,3.0,3.0,2.0,484.0,2.0,0.556016597510373,0.666666666666667,0.0,4.0,2.0,1.0,0.0
0.0,8.0,102.0,3.0,0.0,1.0,1.0,7.0,1.0,11.0,0.0,3.0,1.0,5.0,38.0,1.0,5.0,7.0,22.0,2.0,1.0,3.0,3.0,22.0,7.0,5.0,24.0,53.0,16.0,0.72,11.0,40.0,3.0,32.0,0.0,5.0,1.0,70.0,2.0,0.0,4.0,1.0,1.0,0.6,0.0,11.0,3.8,1.0,4.0,1.6,1.0,1.0,0.428571428571429,0.0,4.0,4.0,2.0,210.0,6.0,0.411764705882353,0.75,0.0,5.0,2.0,1.0,0.0
0.0,4.0,62.0,1.0,0.0,1.0,0.0,3.0,1.0,10.0,1.0,5.0,1.0,3.0,36.0,1.0,3.0,3.0,7.0,0.0,0.0,1.0,3.0,5.0,3.0,3.0,7.0,20.0,5.0,1.8,6.0,12.0,1.0,8.0,0.0,2.0,1.0,0.0,3.0,0.0,0.0,1.0,1.0,0.666666666666667,0.0,3.0,2.33333333333333,2.0,1.0,1.0,1.0,0.0,0.0,0.0,2.0,2.0,2.0,124.0,0.0,0.467741935483871,0.5,0.0,3.0,2.0,1.0,0.0
0.0,4.0,58.0,1.0,0.0,1.0,0.0,3.0,1.0,9.0,1.0,5.0,1.0,3.0,34.0,1.0,3.0,3.0,7.0,0.0,0.0,1.0,3.0,4.0,3.0,3.0,7.0,19.0,4.0,1.79,5.0,11.0,1.0,7.0,0.0,2.0,1.0,0.0,3.0,0.0,0.0,1.0,1.0,0.666666666666667,0.0,2.0,2.0,2.0,1.0,1.0,1.0,0.0,0.0,0.0,2.0,2.0,2.0,116.0,0.0,0.724137931034483,0.5,0.0,3.0,2.0,0.0,0.0
0.0,7.0,109.0,4.0,0.0,1.0,0.0,10.0,1.0,8.0,0.0,0.0,1.0,7.0,25.0,1.0,7.0,10.0,22.0,2.0,3.0,4.0,5.0,29.0,10.0,7.0,22.0,67.0,23.0,0.37,17.0,45.0,4.0,34.0,0.0,7.0,1.0,61.0,2.0,0.0,0.0,1.0,5.0,2.71428571428571,1.0,9.0,2.42857142857143,1.0,6.0,1.71428571428571,1.0,2.0,0.666666666666667,0.0,4.0,4.0,3.0,194.0,8.0,0.963302752293578,0.5,0.0,1.0,3.0,1.0,0.0
0.0,6.0,66.0,1.0,0.0,1.0,0.0,3.0,1.0,12.0,1.0,5.0,1.0,3.0,35.0,1.0,3.0,3.0,7.0,0.0,0.0,1.0,3.0,10.0,3.0,3.0,7.0,25.0,10.0,1.4,6.0,17.0,1.0,13.0,0.0,2.0,1.0,0.0,3.0,0.0,0.0,1.0,1.0,0.666666666666667,0.0,5.0,3.0,2.0,1.0,1.0,1.0,0.0,0.0,0.0,3.0,3.0,3.0,134.0,2.0,0.727272727272727,0.333333333333333,0.0,2.0,3.0,2.0,0.0
0.0,4.0,56.0,1.0,0.0,1.0,0.0,3.0,1.0,8.0,1.0,4.0,1.0,3.0,32.0,1.0,3.0,3.0,7.0,0.0,0.0,1.0,3.0,4.0,3.0,3.0,7.0,19.0,4.0,1.68,5.0,11.0,1.0,7.0,0.0,2.0,1.0,0.0,3.0,0.0,0.0,1.0,1.0,0.666666666666667,0.0,2.0,2.0,2.0,1.0,1.0,1.0,0.0,0.0,0.0,2.0,2.0,2.0,112.0,0.0,0.714285714285714,0.5,0.0,3.0,2.0,0.0,0.0
0.0,10.0,82.0,1.0,0.0,1.0,0.0,3.0,1.0,17.0,1.0,5.0,1.0,3.0,34.0,1.0,3.0,3.0,7.0,0.0,0.0,1.0,3.0,23.0,3.0,3.0,7.0,38.0,23.0,0.89,10.0,30.0,1.0,26.0,1.0,2.0,1.0,0.0,3.0,0.0,0.0,1.0,1.0,0.666666666666667,0.0,4.0,2.66666666666667,2.0,1.0,1.0,1.0,0.0,0.0,0.0,2.0,2.0,2.0,164.0,0.0,0.804878048780488,0.5,0.0,2.0,2.0,1.0,0.0
0.0,14.0,221.0,3.0,0.0,1.0,1.0,11.0,2.0,23.0,0.0,5.0,2.0,7.0,60.0,2.0,7.0,11.0,54.0,1.0,8.0,3.0,6.0,68.0,11.0,7.0,53.0,126.0,44.0,0.48,35.0,97.0,3.0,85.0,3.0,7.0,2.0,61.0,2.0,0.0,19.0,2.0,7.0,3.14285714285714,0.0,27.0,10.4285714285714,1.0,3.0,1.57142857142857,1.0,2.0,0.8,0.0,3.0,3.0,3.0,460.0,16.0,0.576576576576577,0.333333333333333,0.0,4.0,3.0,2.0,0.0
0.0,3.0,37.0,1.0,0.0,1.0,0.0,1.0,1.0,3.0,0.0,0.0,1.0,1.0,25.0,1.0,1.0,1.0,5.0,0.0,0.0,1.0,1.0,0.0,1.0,1.0,5.0,9.0,0.0,2.78,3.0,5.0,1.0,3.0,0.0,1.0,1.0,0.0,5.0,0.0,1.0,1.0,1.0,1.0,1.0,1.0,1.0,1.0,1.0,1.0,1.0,0.0,0.0,0.0,2.0,2.0,2.0,74.0,0.0,0.351351351351351,0.5,0.0,4.0,2.0,1.0,0.0
0.0,21.0,117.0,1.0,0.0,1.0,0.0,3.0,1.0,29.0,1.0,5.0,1.0,3.0,34.0,1.0,3.0,3.0,7.0,0.0,0.0,1.0,3.0,54.0,3.0,3.0,7.0,69.0,48.0,0.49,14.0,55.0,1.0,51.0,3.0,2.0,1.0,0.0,3.0,0.0,0.0,1.0,1.0,0.666666666666667,0.0,4.0,2.66666666666667,2.0,1.0,1.0,1.0,0.0,0.0,0.0,2.0,2.0,2.0,234.0,0.0,0.863247863247863,0.5,0.0,2.0,2.0,1.0,0.0
0.0,8.0,104.0,1.0,0.0,1.0,1.0,3.0,1.0,23.0,1.0,13.0,1.0,3.0,60.0,1.0,3.0,3.0,10.0,0.0,0.0,1.0,3.0,17.0,3.0,3.0,10.0,34.0,16.0,1.76,10.0,26.0,1.0,22.0,1.0,2.0,1.0,66.0,3.0,0.0,0.0,1.0,1.0,1.0,1.0,7.0,3.66666666666667,2.0,1.0,1.0,1.0,0.0,0.0,0.0,4.0,4.0,4.0,211.0,3.0,0.807692307692308,0.25,0.0,2.0,4.0,3.0,0.0
0.0,6.0,170.0,2.0,0.0,1.0,1.0,10.0,1.0,13.0,1.0,6.0,1.0,9.0,80.0,1.0,9.0,10.0,32.0,0.0,0.0,2.0,9.0,28.0,10.0,9.0,31.0,75.0,17.0,1.07,17.0,48.0,2.0,37.0,0.0,8.0,1.0,100.0,2.0,15.0,1.0,1.0,18.0,5.11111111111111,0.0,6.0,2.88888888888889,1.0,2.0,1.11111111111111,1.0,1.0,0.272727272727273,0.0,3.0,3.0,3.0,342.0,2.0,0.847058823529412,0.333333333333333,0.0,2.0,3.0,6.0,0.0
0.0,3.0,54.0,1.0,0.0,1.0,0.0,3.0,1.0,6.0,0.0,2.0,1.0,3.0,32.0,1.0,3.0,3.0,7.0,1.0,0.0,1.0,2.0,2.0,3.0,3.0,6.0,17.0,2.0,1.88,5.0,8.0,1.0,4.0,0.0,3.0,1.0,0.0,4.0,0.0,2.0,1.0,1.0,0.666666666666667,0.0,1.0,1.0,1.0,1.0,1.0,1.0,1.0,0.166666666666667,0.0,1.0,1.0,1.0,54.0,0.0,1.0,1.0,0.0,1.0,1.0,0.0,0.0
0.0,4.0,38.0,1.0,0.0,1.0,0.0,1.0,1.0,4.0,0.0,0.0,1.0,1.0,24.0,1.0,1.0,1.0,7.0,0.0,0.0,1.0,1.0,1.0,1.0,1.0,7.0,11.0,1.0,2.18,3.0,8.0,1.0,6.0,0.0,1.0,1.0,0.0,6.0,0.0,3.0,1.0,1.0,1.0,1.0,4.0,4.0,4.0,1.0,1.0,1.0,0.0,0.0,0.0,1.0,1.0,1.0,39.0,0.0,1.0,1.0,0.0,1.0,1.0,0.0,0.0
0.0,6.0,61.0,2.0,0.0,1.0,0.0,4.0,1.0,10.0,1.0,3.0,1.0,3.0,30.0,1.0,3.0,4.0,10.0,0.0,0.0,2.0,3.0,11.0,4.0,3.0,10.0,26.0,8.0,1.15,6.0,18.0,2.0,13.0,0.0,2.0,1.0,0.0,4.0,0.0,1.0,1.0,1.0,0.666666666666667,0.0,5.0,3.0,2.0,2.0,1.33333333333333,1.0,1.0,0.6,0.0,1.0,1.0,1.0,61.0,0.0,1.0,1.0,0.0,1.0,1.0,0.0,0.0
0.0,6.0,61.0,2.0,0.0,1.0,0.0,4.0,1.0,10.0,1.0,3.0,1.0,3.0,30.0,1.0,3.0,4.0,11.0,0.0,0.0,2.0,3.0,11.0,4.0,3.0,11.0,27.0,8.0,1.11,5.0,19.0,2.0,14.0,0.0,2.0,1.0,0.0,4.0,0.0,1.0,1.0,1.0,0.666666666666667,0.0,5.0,3.0,2.0,2.0,1.33333333333333,1.0,1.0,0.6,0.0,1.0,1.0,1.0,61.0,0.0,1.0,1.0,0.0,1.0,1.0,0.0,0.0
0.0,6.0,84.0,2.0,0.0,1.0,0.0,6.0,1.0,10.0,1.0,3.0,1.0,5.0,38.0,1.0,5.0,6.0,13.0,0.0,0.0,2.0,5.0,19.0,6.0,5.0,13.0,41.0,16.0,0.93,6.0,29.0,2.0,22.0,0.0,4.0,1.0,0.0,3.0,1.0,1.0,1.0,2.0,0.6,0.0,5.0,3.4,2.0,2.0,1.2,1.0,1.0,0.428571428571429,0.0,2.0,2.0,1.0,85.0,1.0,1.0,1.0,0.0,1.0,1.0,0.0,0.0
0.0,6.0,84.0,2.0,0.0,1.0,0.0,6.0,1.0,10.0,1.0,3.0,1.0,5.0,38.0,1.0,5.0,6.0,13.0,0.0,0.0,2.0,5.0,19.0,6.0,5.0,13.0,41.0,16.0,0.93,6.0,29.0,2.0,22.0,0.0,4.0,1.0,0.0,3.0,1.0,1.0,1.0,2.0,0.6,0.0,5.0,3.4,2.0,2.0,1.2,1.0,1.0,0.428571428571429,0.0,2.0,2.0,1.0,85.0,1.0,1.0,1.0,0.0,1.0,1.0,0.0,0.0
0.0,17.0,86.0,1.0,0.0,1.0,0.0,1.0,1.0,52.0,0.0,28.0,1.0,1.0,54.0,1.0,1.0,1.0,4.0,0.0,0.0,1.0,1.0,14.0,1.0,1.0,4.0,22.0,6.0,2.45,10.0,10.0,1.0,8.0,7.0,1.0,1.0,0.0,3.0,0.0,0.0,1.0,0.0,0.0,0.0,7.0,7.0,7.0,1.0,1.0,1.0,0.0,0.0,0.0,6.0,6.0,4.0,228.0,140.0,0.534883720930233,0.333333333333333,0.0,2.0,4.0,1.0,0.0
1.0,21.0,198.0,13.0,0.0,1.0,1.0,22.0,4.0,26.0,0.0,5.0,4.0,5.0,57.0,2.0,5.0,21.0,35.0,0.0,0.0,14.0,4.0,54.0,21.0,5.0,39.0,129.0,31.0,0.44,12.0,70.0,13.0,49.0,0.0,5.0,4.0,0.0,2.0,0.0,7.0,2.0,7.0,4.2,1.0,19.0,6.4,2.0,66.0,14.6,1.0,5.0,2.55555555555556,0.0,4.0,4.0,1.0,202.0,5.0,1.0,1.0,0.0,1.0,1.0,0.0,0.0
0.0,3.0,65.0,1.0,2.0,1.0,3.0,2.0,1.0,7.0,0.0,4.0,1.0,2.0,37.0,2.0,2.0,2.0,11.0,0.0,1.0,1.0,0.0,6.0,2.0,2.0,11.0,19.0,2.0,1.95,9.0,13.0,1.0,10.0,0.0,2.0,1.0,66.0,1.0,0.0,1.0,2.0,2.0,2.0,2.0,2.0,1.5,1.0,1.0,1.0,1.0,0.0,0.0,0.0,2.0,2.0,1.0,66.0,1.0,1.0,1.0,0.0,1.0,1.0,0.0,0.0
0.0,9.0,54.0,2.0,1.0,1.0,1.0,3.0,2.0,9.0,0.0,0.0,2.0,2.0,16.0,1.0,2.0,3.0,14.0,0.0,2.0,2.0,1.0,9.0,3.0,2.0,14.0,31.0,6.0,0.52,7.0,20.0,2.0,16.0,0.0,2.0,2.0,33.0,1.0,0.0,3.0,2.0,3.0,3.0,3.0,7.0,5.5,4.0,2.0,1.5,1.0,1.0,0.75,0.0,3.0,3.0,1.0,57.0,3.0,1.0,1.0,0.0,1.0,1.0,0.0,0.0
0.0,0.0,33.0,0.0,0.0,0.0,0.0,0.0,0.0,0.0,0.0,0.0,0.0,0.0,20.0,1.0,0.0,0.0,10.0,0.0,0.0,0.0,0.0,0.0,0.0,0.0,7.0,10.0,0.0,2.0,3.0,7.0,0.0,6.0,0.0,0.0,0.0,0.0,0.0,0.0,0.0,0.0,0.0,0.0,0.0,0.0,0.0,0.0,0.0,0.0,0.0,0.0,0.0,0.0,2.0,2.0,1.0,35.0,1.0,1.0,1.0,0.0,1.0,1.0,0.0,0.0
1.0,12.0,95.0,1.0,0.0,1.0,0.0,5.0,1.0,15.0,0.0,1.0,1.0,5.0,21.0,3.0,5.0,5.0,19.0,1.0,0.0,1.0,3.0,31.0,5.0,5.0,20.0,61.0,16.0,0.34,13.0,36.0,1.0,29.0,1.0,5.0,1.0,0.0,2.0,0.0,6.0,2.0,5.0,1.4,0.0,8.0,4.0,0.0,1.0,1.0,1.0,0.0,0.0,0.0,3.0,3.0,1.0,116.0,13.0,1.0,1.0,0.0,1.0,1.0,0.0,0.0
0.0,1.0,25.0,1.0,0.0,1.0,3.0,1.0,1.0,1.0,0.0,0.0,1.0,1.0,16.0,1.0,1.0,1.0,6.0,0.0,0.0,1.0,1.0,3.0,1.0,1.0,6.0,8.0,0.0,2.0,1.0,6.0,1.0,5.0,0.0,1.0,1.0,100.0,0.0,3.0,0.0,0.0,1.0,1.0,1.0,1.0,1.0,1.0,1.0,1.0,1.0,0.0,0.0,0.0,3.0,3.0,2.0,27.0,2.0,0.64,0.666666666666667,0.0,2.0,2.0,0.0,0.0
0.0,0.0,33.0,0.0,0.0,0.0,0.0,0.0,0.0,0.0,0.0,0.0,0.0,0.0,20.0,1.0,0.0,0.0,10.0,0.0,0.0,0.0,0.0,0.0,0.0,0.0,7.0,10.0,0.0,2.0,3.0,7.0,0.0,6.0,0.0,0.0,0.0,0.0,0.0,0.0,0.0,0.0,0.0,0.0,0.0,0.0,0.0,0.0,0.0,0.0,0.0,0.0,0.0,0.0,2.0,2.0,1.0,35.0,1.0,1.0,1.0,0.0,1.0,1.0,0.0,0.0
0.0,3.0,99.0,1.0,0.0,1.0,1.0,11.0,1.0,4.0,0.0,0.0,1.0,11.0,17.0,1.0,11.0,11.0,30.0,1.0,6.0,1.0,10.0,11.0,11.0,11.0,21.0,64.0,10.0,0.27,18.0,31.0,1.0,19.0,0.0,11.0,1.0,88.0,2.0,0.0,4.0,1.0,2.0,1.54545454545455,0.0,2.0,1.0,0.0,1.0,1.0,1.0,0.0,0.0,0.0,3.0,3.0,2.0,104.0,5.0,0.828282828282828,0.666666666666667,0.0,2.0,2.0,0.0,0.0
0.0,4.0,25.0,1.0,0.0,1.0,0.0,1.0,1.0,4.0,0.0,0.0,1.0,1.0,16.0,1.0,1.0,1.0,3.0,0.0,0.0,1.0,1.0,1.0,1.0,1.0,3.0,8.0,1.0,2.0,1.0,4.0,1.0,2.0,0.0,1.0,1.0,0.0,1.0,0.0,0.0,2.0,1.0,1.0,1.0,1.0,1.0,1.0,1.0,1.0,1.0,0.0,0.0,0.0,3.0,3.0,2.0,27.0,2.0,0.64,0.666666666666667,0.0,2.0,2.0,0.0,0.0
0.0,4.0,25.0,1.0,0.0,1.0,0.0,1.0,1.0,4.0,0.0,0.0,1.0,1.0,16.0,1.0,1.0,1.0,3.0,0.0,0.0,1.0,1.0,1.0,1.0,1.0,3.0,8.0,1.0,2.0,1.0,4.0,1.0,2.0,0.0,1.0,1.0,0.0,1.0,0.0,0.0,2.0,1.0,1.0,1.0,1.0,1.0,1.0,1.0,1.0,1.0,0.0,0.0,0.0,1.0,1.0,1.0,25.0,0.0,1.0,1.0,0.0,1.0,1.0,0.0,0.0
0.0,4.0,25.0,1.0,0.0,1.0,0.0,1.0,1.0,4.0,0.0,0.0,1.0,1.0,16.0,1.0,1.0,1.0,3.0,0.0,0.0,1.0,1.0,1.0,1.0,1.0,3.0,8.0,1.0,2.0,1.0,4.0,1.0,2.0,0.0,1.0,1.0,0.0,1.0,0.0,0.0,2.0,1.0,1.0,1.0,1.0,1.0,1.0,1.0,1.0,1.0,0.0,0.0,0.0,1.0,1.0,1.0,25.0,0.0,1.0,1.0,0.0,1.0,1.0,0.0,0.0
0.0,3.0,37.0,1.0,0.0,1.0,0.0,1.0,1.0,4.0,0.0,1.0,1.0,1.0,27.0,1.0,1.0,1.0,4.0,0.0,0.0,1.0,1.0,0.0,1.0,1.0,4.0,8.0,0.0,3.38,2.0,4.0,1.0,2.0,0.0,1.0,1.0,0.0,3.0,0.0,0.0,1.0,0.0,0.0,0.0,1.0,1.0,1.0,1.0,1.0,1.0,0.0,0.0,0.0,1.0,1.0,1.0,37.0,0.0,1.0,1.0,0.0,1.0,1.0,0.0,0.0
0.0,8.0,141.0,5.0,0.0,1.0,0.0,13.0,2.0,11.0,0.0,3.0,2.0,8.0,50.0,1.0,8.0,13.0,23.0,0.0,2.0,5.0,8.0,27.0,13.0,10.0,23.0,77.0,19.0,0.65,14.0,42.0,5.0,28.0,0.0,8.0,2.0,43.0,1.0,0.0,10.0,2.0,2.0,1.25,1.0,6.0,3.375,2.0,5.0,1.625,1.0,6.0,1.72727272727273,0.0,4.0,4.0,4.0,285.0,3.0,0.773049645390071,0.25,0.0,3.0,4.0,2.0,0.0
0.0,1.0,98.0,1.0,7.0,1.0,0.0,7.0,1.0,8.0,0.0,7.0,1.0,7.0,75.0,1.0,7.0,7.0,11.0,0.0,0.0,1.0,0.0,0.0,7.0,7.0,11.0,13.0,0.0,5.77,10.0,11.0,1.0,10.0,0.0,7.0,1.0,0.0,0.0,1.0,0.0,0.0,0.0,0.0,0.0,1.0,0.857142857142857,0.0,1.0,1.0,1.0,0.0,0.0,0.0,3.0,3.0,3.0,198.0,2.0,0.836734693877551,0.333333333333333,0.0,2.0,3.0,1.0,0.0
0.0,4.0,80.0,1.0,0.0,1.0,0.0,6.0,1.0,7.0,0.0,3.0,1.0,6.0,41.0,1.0,6.0,6.0,11.0,0.0,1.0,1.0,6.0,6.0,6.0,6.0,10.0,31.0,6.0,1.32,8.0,16.0,1.0,9.0,0.0,6.0,1.0,0.0,1.0,0.0,6.0,2.0,2.0,1.16666666666667,1.0,4.0,3.66666666666667,2.0,1.0,1.0,1.0,0.0,0.0,0.0,5.0,5.0,4.0,207.0,16.0,0.725,0.4,0.0,3.0,4.0,0.0,0.0
0.0,1.0,65.0,1.0,5.0,1.0,0.0,5.0,1.0,6.0,0.0,5.0,1.0,5.0,49.0,1.0,5.0,5.0,8.0,0.0,0.0,1.0,0.0,0.0,5.0,5.0,8.0,10.0,0.0,4.9,6.0,8.0,1.0,7.0,0.0,5.0,1.0,0.0,0.0,1.0,0.0,0.0,0.0,0.0,0.0,1.0,1.0,1.0,1.0,1.0,1.0,0.0,0.0,0.0,5.0,5.0,4.0,198.0,22.0,0.769230769230769,0.4,0.0,2.0,4.0,1.0,0.0
0.0,4.0,117.0,1.0,0.0,1.0,0.0,11.0,1.0,7.0,0.0,3.0,1.0,11.0,56.0,1.0,11.0,11.0,14.0,0.0,1.0,1.0,11.0,11.0,11.0,11.0,14.0,49.0,11.0,1.14,12.0,25.0,1.0,13.0,0.0,11.0,1.0,0.0,1.0,0.0,3.0,2.0,2.0,1.54545454545455,1.0,4.0,3.36363636363636,2.0,1.0,1.0,1.0,0.0,0.0,0.0,2.0,2.0,2.0,234.0,0.0,0.777777777777778,0.5,0.0,3.0,2.0,0.0,0.0
0.0,1.0,113.0,1.0,10.0,1.0,0.0,10.0,1.0,7.0,0.0,6.0,1.0,10.0,89.0,1.0,10.0,10.0,12.0,0.0,0.0,1.0,0.0,0.0,10.0,10.0,12.0,14.0,0.0,6.36,10.0,12.0,1.0,11.0,0.0,10.0,1.0,0.0,0.0,1.0,0.0,0.0,0.0,0.0,0.0,1.0,0.5,0.0,1.0,1.0,1.0,0.0,0.0,0.0,2.0,2.0,2.0,226.0,0.0,0.876106194690266,0.5,0.0,2.0,2.0,1.0,0.0
0.0,3.0,63.0,1.0,0.0,1.0,0.0,5.0,1.0,6.0,0.0,3.0,1.0,5.0,38.0,1.0,5.0,5.0,8.0,0.0,1.0,1.0,5.0,5.0,5.0,5.0,8.0,19.0,5.0,2.0,6.0,13.0,1.0,7.0,0.0,5.0,1.0,0.0,1.0,0.0,2.0,2.0,2.0,1.6,1.0,3.0,2.4,2.0,1.0,1.0,1.0,0.0,0.0,0.0,2.0,2.0,2.0,126.0,0.0,0.682539682539683,0.5,0.0,3.0,2.0,0.0,0.0
0.0,1.0,56.0,1.0,4.0,1.0,0.0,4.0,1.0,6.0,0.0,5.0,1.0,4.0,42.0,1.0,4.0,4.0,7.0,0.0,0.0,1.0,0.0,0.0,4.0,4.0,7.0,9.0,0.0,4.67,5.0,7.0,1.0,6.0,0.0,4.0,1.0,0.0,0.0,1.0,0.0,0.0,0.0,0.0,0.0,1.0,0.5,0.0,1.0,1.0,1.0,0.0,0.0,0.0,2.0,2.0,2.0,112.0,0.0,0.732142857142857,0.5,0.0,2.0,2.0,1.0,0.0
1.0,31.0,230.0,15.0,0.0,3.0,1.0,21.0,5.0,39.0,0.0,6.0,5.0,4.0,62.0,1.0,4.0,21.0,42.0,0.0,2.0,15.0,3.0,77.0,21.0,13.0,39.0,152.0,44.0,0.41,17.0,83.0,15.0,63.0,1.0,4.0,5.0,41.0,1.0,0.0,13.0,3.0,7.0,4.25,0.0,25.0,7.75,1.0,124.0,32.5,1.0,6.0,3.33333333333333,0.0,4.0,4.0,3.0,465.0,5.0,0.882608695652174,0.5,0.0,2.0,3.0,0.0,0.0
0.0,4.0,174.0,1.0,0.0,1.0,0.0,18.0,1.0,7.0,0.0,3.0,1.0,18.0,77.0,1.0,18.0,18.0,21.0,0.0,1.0,1.0,18.0,18.0,18.0,18.0,21.0,77.0,18.0,1.0,20.0,39.0,1.0,20.0,0.0,18.0,1.0,0.0,1.0,0.0,3.0,2.0,2.0,1.5,1.0,4.0,2.55555555555556,2.0,1.0,1.0,1.0,0.0,0.0,0.0,2.0,2.0,2.0,348.0,0.0,0.810344827586207,0.5,0.0,3.0,2.0,0.0,0.0
0.0,1.0,155.0,1.0,17.0,1.0,0.0,17.0,1.0,6.0,0.0,5.0,1.0,17.0,115.0,1.0,17.0,17.0,20.0,0.0,0.0,1.0,0.0,0.0,17.0,17.0,20.0,22.0,0.0,5.23,18.0,20.0,1.0,19.0,0.0,17.0,1.0,0.0,0.0,1.0,0.0,0.0,0.0,0.0,0.0,1.0,0.529411764705882,0.0,1.0,1.0,1.0,0.0,0.0,0.0,3.0,3.0,3.0,314.0,4.0,0.851612903225806,0.333333333333333,0.0,2.0,3.0,2.0,0.0
0.0,4.0,70.0,1.0,0.0,1.0,0.0,5.0,1.0,7.0,0.0,3.0,1.0,5.0,38.0,1.0,5.0,5.0,8.0,0.0,1.0,1.0,5.0,5.0,5.0,5.0,8.0,25.0,5.0,1.52,7.0,13.0,1.0,7.0,0.0,5.0,1.0,0.0,1.0,0.0,2.0,2.0,2.0,1.6,1.0,3.0,2.4,2.0,1.0,1.0,1.0,0.0,0.0,0.0,2.0,2.0,2.0,140.0,0.0,0.714285714285714,0.5,0.0,3.0,2.0,0.0,0.0
0.0,1.0,82.0,1.0,4.0,1.0,0.0,4.0,1.0,13.0,0.0,12.0,1.0,4.0,69.0,1.0,4.0,4.0,7.0,0.0,0.0,1.0,0.0,0.0,4.0,4.0,7.0,8.0,0.0,8.62,5.0,7.0,1.0,6.0,0.0,4.0,1.0,0.0,0.0,1.0,0.0,0.0,0.0,0.0,0.0,1.0,0.5,0.0,1.0,1.0,1.0,0.0,0.0,0.0,2.0,2.0,2.0,164.0,0.0,0.817073170731707,0.5,0.0,2.0,2.0,1.0,0.0
0.0,4.0,87.0,1.0,0.0,1.0,0.0,7.0,1.0,7.0,0.0,3.0,1.0,7.0,44.0,1.0,7.0,7.0,10.0,0.0,1.0,1.0,7.0,8.0,7.0,7.0,10.0,34.0,7.0,1.29,9.0,17.0,1.0,9.0,0.0,7.0,1.0,0.0,1.0,0.0,2.0,2.0,2.0,1.57142857142857,1.0,3.0,2.42857142857143,2.0,1.0,1.0,1.0,0.0,0.0,0.0,3.0,3.0,3.0,192.0,0.0,0.747126436781609,0.333333333333333,0.0,3.0,3.0,0.0,0.0
0.0,1.0,87.0,1.0,6.0,1.0,0.0,6.0,1.0,8.0,0.0,7.0,1.0,6.0,68.0,1.0,6.0,6.0,10.0,0.0,0.0,1.0,0.0,0.0,6.0,6.0,10.0,12.0,0.0,5.67,7.0,10.0,1.0,9.0,0.0,6.0,1.0,0.0,0.0,1.0,0.0,0.0,0.0,0.0,0.0,1.0,0.5,0.0,1.0,1.0,1.0,0.0,0.0,0.0,3.0,3.0,3.0,190.0,0.0,0.816091954022989,0.333333333333333,0.0,2.0,3.0,1.0,0.0
0.0,9.0,133.0,2.0,0.0,1.0,0.0,14.0,2.0,13.0,0.0,4.0,2.0,7.0,49.0,1.0,7.0,14.0,16.0,1.0,2.0,2.0,6.0,26.0,14.0,7.0,16.0,71.0,22.0,0.69,13.0,38.0,2.0,23.0,0.0,7.0,2.0,64.0,1.0,0.0,4.0,2.0,4.0,1.28571428571429,0.0,4.0,3.14285714285714,2.0,2.0,2.0,2.0,1.0,1.0,1.0,2.0,2.0,2.0,266.0,0.0,0.75187969924812,0.5,0.0,3.0,2.0,0.0,0.0
0.0,1.0,91.0,1.0,5.0,1.0,0.0,5.0,1.0,11.0,0.0,10.0,1.0,5.0,72.0,1.0,5.0,5.0,9.0,0.0,0.0,1.0,0.0,0.0,5.0,5.0,9.0,11.0,0.0,6.55,8.0,9.0,1.0,8.0,0.0,5.0,1.0,0.0,0.0,1.0,0.0,0.0,0.0,0.0,0.0,1.0,0.6,0.0,1.0,1.0,1.0,0.0,0.0,0.0,2.0,2.0,2.0,182.0,0.0,0.824175824175824,0.5,0.0,2.0,2.0,1.0,0.0
0.0,4.0,140.0,2.0,0.0,1.0,0.0,14.0,1.0,7.0,0.0,3.0,1.0,12.0,59.0,1.0,12.0,14.0,20.0,0.0,1.0,2.0,12.0,18.0,14.0,12.0,19.0,64.0,14.0,0.92,17.0,33.0,2.0,19.0,0.0,12.0,1.0,0.0,1.0,0.0,4.0,2.0,2.0,1.25,1.0,5.0,3.41666666666667,2.0,2.0,1.08333333333333,1.0,1.0,0.214285714285714,0.0,2.0,2.0,2.0,280.0,0.0,0.792857142857143,0.5,0.0,3.0,2.0,0.0,1.0
0.0,1.0,102.0,1.0,11.0,1.0,0.0,11.0,1.0,5.0,0.0,4.0,1.0,11.0,71.0,1.0,11.0,11.0,17.0,0.0,0.0,1.0,0.0,0.0,11.0,11.0,17.0,19.0,0.0,3.74,12.0,17.0,1.0,16.0,0.0,11.0,1.0,0.0,0.0,1.0,0.0,0.0,0.0,0.0,0.0,1.0,0.818181818181818,0.0,1.0,1.0,1.0,0.0,0.0,0.0,2.0,2.0,2.0,204.0,0.0,0.803921568627451,0.5,0.0,3.0,2.0,0.0,0.0
0.0,4.0,62.0,1.0,0.0,1.0,0.0,4.0,1.0,7.0,0.0,3.0,1.0,4.0,35.0,1.0,4.0,4.0,7.0,0.0,1.0,1.0,4.0,5.0,4.0,4.0,7.0,22.0,4.0,1.59,5.0,11.0,1.0,6.0,0.0,4.0,1.0,0.0,1.0,0.0,3.0,2.0,2.0,1.25,1.0,4.0,3.5,2.0,1.0,1.0,1.0,0.0,0.0,0.0,2.0,2.0,2.0,124.0,0.0,0.693548387096774,0.5,0.0,3.0,2.0,0.0,0.0
0.0,1.0,45.0,1.0,3.0,1.0,0.0,3.0,1.0,5.0,0.0,4.0,1.0,3.0,33.0,1.0,3.0,3.0,6.0,0.0,0.0,1.0,0.0,0.0,3.0,3.0,6.0,8.0,0.0,4.12,4.0,6.0,1.0,5.0,0.0,3.0,1.0,0.0,0.0,1.0,0.0,0.0,0.0,0.0,0.0,1.0,1.0,1.0,1.0,1.0,1.0,0.0,0.0,0.0,2.0,2.0,2.0,90.0,0.0,0.666666666666667,0.5,0.0,2.0,2.0,1.0,0.0
0.0,4.0,78.0,1.0,0.0,1.0,0.0,6.0,1.0,7.0,0.0,3.0,1.0,6.0,41.0,1.0,6.0,6.0,9.0,0.0,1.0,1.0,6.0,6.0,6.0,6.0,9.0,29.0,6.0,1.41,8.0,15.0,1.0,8.0,0.0,6.0,1.0,0.0,1.0,0.0,3.0,2.0,2.0,1.33333333333333,1.0,4.0,3.0,2.0,1.0,1.0,1.0,0.0,0.0,0.0,2.0,2.0,2.0,156.0,0.0,0.730769230769231,0.5,0.0,3.0,2.0,0.0,0.0
0.0,1.0,62.0,1.0,5.0,1.0,0.0,5.0,1.0,6.0,0.0,5.0,1.0,5.0,47.0,1.0,5.0,5.0,7.0,0.0,0.0,1.0,0.0,0.0,5.0,5.0,7.0,9.0,0.0,5.22,6.0,7.0,1.0,6.0,0.0,5.0,1.0,0.0,0.0,1.0,0.0,0.0,0.0,0.0,0.0,1.0,0.8,0.0,1.0,1.0,1.0,0.0,0.0,0.0,2.0,2.0,2.0,124.0,0.0,0.774193548387097,0.5,0.0,2.0,2.0,1.0,0.0
0.0,3.0,24.0,2.0,1.0,1.0,0.0,2.0,2.0,3.0,1.0,0.0,2.0,1.0,16.0,1.0,1.0,2.0,3.0,0.0,0.0,2.0,0.0,1.0,2.0,1.0,3.0,7.0,1.0,2.29,1.0,4.0,2.0,2.0,0.0,0.0,2.0,0.0,1.0,0.0,0.0,1.0,14.0,14.0,14.0,3.0,3.0,3.0,1.0,1.0,1.0,0.0,0.0,0.0,2.0,2.0,2.0,48.0,0.0,0.666666666666667,0.5,0.0,2.0,2.0,1.0,0.0
0.0,3.0,37.0,1.0,0.0,1.0,0.0,1.0,1.0,4.0,0.0,1.0,1.0,1.0,27.0,1.0,1.0,1.0,4.0,0.0,0.0,1.0,1.0,0.0,1.0,1.0,4.0,8.0,0.0,3.38,2.0,4.0,1.0,2.0,0.0,1.0,1.0,0.0,3.0,0.0,0.0,1.0,0.0,0.0,0.0,1.0,1.0,1.0,1.0,1.0,1.0,0.0,0.0,0.0,4.0,4.0,3.0,74.0,37.0,0.945945945945946,0.5,0.0,2.0,3.0,0.0,0.0
0.0,5.0,115.0,3.0,0.0,1.0,0.0,9.0,2.0,10.0,0.0,4.0,2.0,6.0,52.0,3.0,6.0,9.0,18.0,1.0,2.0,3.0,5.0,20.0,9.0,8.0,17.0,47.0,14.0,1.11,16.0,31.0,3.0,20.0,0.0,6.0,2.0,50.0,2.0,0.0,1.0,2.0,3.0,1.66666666666667,0.0,5.0,2.16666666666667,0.0,3.0,1.5,1.0,1.0,0.545454545454545,0.0,2.0,2.0,2.0,230.0,0.0,0.965217391304348,0.5,0.0,1.0,2.0,1.0,0.0
0.0,5.0,71.0,1.0,0.0,1.0,0.0,2.0,1.0,15.0,2.0,8.0,1.0,2.0,46.0,1.0,2.0,2.0,12.0,0.0,0.0,1.0,2.0,6.0,2.0,2.0,9.0,17.0,2.0,2.71,8.0,11.0,1.0,8.0,1.0,0.0,1.0,0.0,1.0,0.0,2.0,1.0,1.0,1.0,1.0,2.0,2.0,2.0,1.0,1.0,1.0,0.0,0.0,0.0,4.0,4.0,3.0,144.0,2.0,0.929577464788732,0.5,0.0,2.0,3.0,1.0,0.0
0.0,2.0,34.0,1.0,0.0,1.0,0.0,1.0,1.0,3.0,0.0,0.0,1.0,1.0,26.0,1.0,1.0,1.0,3.0,0.0,0.0,1.0,1.0,0.0,1.0,1.0,3.0,5.0,0.0,5.2,3.0,3.0,1.0,1.0,1.0,1.0,1.0,0.0,2.0,0.0,0.0,1.0,0.0,0.0,0.0,1.0,1.0,1.0,1.0,1.0,1.0,0.0,0.0,0.0,3.0,3.0,2.0,80.0,12.0,1.0,0.666666666666667,0.0,1.0,2.0,0.0,0.0
1.0,11.0,152.0,5.0,0.0,1.0,0.0,14.0,2.0,16.0,0.0,4.0,2.0,5.0,72.0,1.0,5.0,12.0,23.0,0.0,3.0,6.0,4.0,34.0,12.0,7.0,20.0,67.0,20.0,1.07,13.0,40.0,5.0,27.0,0.0,5.0,3.0,66.0,1.0,0.0,4.0,2.0,9.0,4.0,1.0,12.0,4.6,1.0,6.0,2.6,1.0,2.0,1.375,0.0,4.0,4.0,4.0,352.0,47.0,0.559210526315789,0.25,0.0,4.0,4.0,0.0,0.0
1.0,4.0,57.0,1.0,0.0,1.0,0.0,3.0,1.0,6.0,0.0,2.0,1.0,3.0,28.0,1.0,3.0,3.0,10.0,1.0,1.0,1.0,1.0,3.0,3.0,3.0,9.0,21.0,3.0,1.33,8.0,12.0,1.0,8.0,0.0,3.0,1.0,33.0,3.0,0.0,3.0,1.0,4.0,2.33333333333333,1.0,2.0,1.66666666666667,1.0,1.0,1.0,1.0,0.0,0.0,0.0,2.0,2.0,2.0,114.0,0.0,0.631578947368421,0.5,0.0,3.0,2.0,0.0,0.0
0.0,6.0,45.0,1.0,0.0,1.0,0.0,1.0,1.0,6.0,0.0,0.0,1.0,1.0,28.0,1.0,1.0,1.0,6.0,1.0,0.0,1.0,0.0,4.0,1.0,1.0,6.0,12.0,3.0,2.33,5.0,9.0,1.0,7.0,0.0,1.0,1.0,0.0,4.0,0.0,3.0,1.0,0.0,0.0,0.0,6.0,6.0,6.0,1.0,1.0,1.0,0.0,0.0,0.0,2.0,2.0,2.0,90.0,0.0,0.533333333333333,0.5,0.0,3.0,2.0,0.0,0.0
0.0,1.0,42.0,1.0,1.0,1.0,0.0,1.0,1.0,7.0,0.0,6.0,1.0,1.0,28.0,1.0,1.0,1.0,11.0,0.0,0.0,1.0,0.0,0.0,1.0,1.0,8.0,12.0,0.0,2.33,3.0,8.0,1.0,7.0,0.0,1.0,1.0,0.0,0.0,0.0,0.0,0.0,1.0,1.0,1.0,1.0,1.0,1.0,1.0,1.0,1.0,0.0,0.0,0.0,2.0,2.0,2.0,84.0,0.0,0.595238095238095,0.5,0.0,3.0,2.0,1.0,0.0
0.0,6.0,162.0,3.0,0.0,1.0,4.0,8.0,2.0,12.0,0.0,5.0,2.0,5.0,83.0,4.0,5.0,8.0,28.0,0.0,2.0,3.0,5.0,22.0,8.0,5.0,28.0,58.0,12.0,1.43,21.0,40.0,3.0,29.0,0.0,5.0,2.0,50.0,2.0,0.0,7.0,2.0,4.0,2.4,2.0,5.0,3.4,1.0,4.0,1.8,1.0,1.0,0.5,0.0,4.0,4.0,4.0,341.0,10.0,0.820987654320988,0.25,0.0,3.0,4.0,1.0,0.0
0.0,6.0,67.0,1.0,0.0,1.0,1.0,1.0,1.0,16.0,0.0,8.0,1.0,1.0,46.0,1.0,1.0,1.0,10.0,0.0,0.0,1.0,1.0,4.0,1.0,1.0,10.0,15.0,1.0,3.07,6.0,11.0,1.0,9.0,2.0,1.0,1.0,100.0,2.0,0.0,3.0,1.0,0.0,0.0,0.0,4.0,4.0,4.0,1.0,1.0,1.0,0.0,0.0,0.0,2.0,2.0,2.0,134.0,0.0,0.641791044776119,0.5,0.0,3.0,2.0,1.0,0.0
0.0,11.0,135.0,2.0,0.0,1.0,1.0,7.0,1.0,15.0,0.0,3.0,1.0,5.0,37.0,3.0,5.0,7.0,34.0,0.0,4.0,2.0,5.0,48.0,7.0,5.0,32.0,81.0,29.0,0.46,17.0,61.0,2.0,52.0,0.0,5.0,1.0,100.0,2.0,0.0,8.0,2.0,4.0,1.4,0.0,10.0,4.6,2.0,2.0,1.4,1.0,1.0,0.444444444444444,0.0,4.0,4.0,4.0,287.0,9.0,0.822222222222222,0.25,0.0,3.0,4.0,2.0,0.0
0.0,0.0,27.0,0.0,0.0,0.0,0.0,0.0,0.0,0.0,0.0,0.0,0.0,0.0,21.0,1.0,0.0,0.0,2.0,0.0,0.0,0.0,0.0,0.0,0.0,0.0,2.0,4.0,0.0,5.25,2.0,2.0,0.0,1.0,0.0,0.0,0.0,0.0,1.0,0.0,0.0,1.0,0.0,0.0,0.0,0.0,0.0,0.0,0.0,0.0,0.0,0.0,0.0,0.0,2.0,2.0,2.0,54.0,0.0,0.481481481481481,0.5,0.0,2.0,2.0,1.0,0.0
0.0,0.0,27.0,0.0,0.0,0.0,0.0,0.0,0.0,0.0,0.0,0.0,0.0,0.0,21.0,1.0,0.0,0.0,2.0,0.0,0.0,0.0,0.0,0.0,0.0,0.0,2.0,4.0,0.0,5.25,2.0,2.0,0.0,1.0,0.0,0.0,0.0,0.0,1.0,0.0,0.0,1.0,0.0,0.0,0.0,0.0,0.0,0.0,0.0,0.0,0.0,0.0,0.0,0.0,2.0,2.0,2.0,54.0,0.0,0.592592592592593,0.5,0.0,2.0,2.0,1.0,0.0
0.0,3.0,52.0,1.0,0.0,1.0,0.0,3.0,1.0,3.0,0.0,0.0,1.0,3.0,22.0,1.0,3.0,3.0,11.0,0.0,3.0,1.0,3.0,3.0,3.0,3.0,9.0,19.0,3.0,1.16,11.0,12.0,1.0,8.0,0.0,3.0,1.0,66.0,1.0,0.0,3.0,1.0,1.0,1.0,1.0,1.0,1.0,1.0,1.0,1.0,1.0,0.0,0.0,0.0,2.0,2.0,2.0,104.0,0.0,0.711538461538462,0.5,0.0,2.0,2.0,1.0,0.0
0.0,3.0,36.0,1.0,0.0,1.0,0.0,1.0,1.0,4.0,0.0,1.0,1.0,1.0,27.0,1.0,1.0,1.0,3.0,0.0,0.0,1.0,1.0,0.0,1.0,1.0,3.0,7.0,0.0,3.86,2.0,3.0,1.0,1.0,0.0,1.0,1.0,0.0,3.0,0.0,0.0,1.0,0.0,0.0,0.0,1.0,1.0,1.0,1.0,1.0,1.0,0.0,0.0,0.0,3.0,3.0,3.0,74.0,1.0,0.944444444444444,0.333333333333333,0.0,2.0,3.0,0.0,0.0
0.0,11.0,58.0,1.0,0.0,1.0,1.0,1.0,1.0,21.0,1.0,7.0,1.0,1.0,26.0,1.0,1.0,1.0,16.0,0.0,0.0,1.0,1.0,10.0,1.0,1.0,15.0,23.0,2.0,1.13,9.0,17.0,1.0,15.0,3.0,0.0,1.0,100.0,1.0,0.0,4.0,1.0,0.0,0.0,0.0,5.0,5.0,5.0,1.0,1.0,1.0,1.0,0.25,0.0,3.0,3.0,3.0,120.0,4.0,0.896551724137931,0.333333333333333,0.0,2.0,3.0,0.0,0.0
0.0,7.0,50.0,1.0,0.0,1.0,1.0,1.0,1.0,15.0,1.0,5.0,1.0,1.0,24.0,1.0,1.0,1.0,14.0,0.0,0.0,1.0,1.0,6.0,1.0,1.0,13.0,17.0,1.0,1.41,9.0,14.0,1.0,12.0,3.0,0.0,1.0,100.0,1.0,0.0,2.0,1.0,0.0,0.0,0.0,4.0,4.0,4.0,1.0,1.0,1.0,0.0,0.0,0.0,3.0,3.0,3.0,101.0,1.0,0.94,0.333333333333333,0.0,2.0,3.0,0.0,0.0
0.0,10.0,54.0,2.0,0.0,1.0,1.0,2.0,2.0,18.0,1.0,5.0,2.0,1.0,24.0,1.0,1.0,2.0,14.0,0.0,0.0,2.0,1.0,8.0,2.0,1.0,15.0,21.0,5.0,1.14,9.0,20.0,2.0,17.0,3.0,0.0,2.0,100.0,1.0,0.0,3.0,1.0,1.0,1.0,1.0,4.0,4.0,4.0,2.0,2.0,2.0,1.0,1.0,1.0,3.0,3.0,3.0,110.0,2.0,0.925925925925926,0.333333333333333,0.0,2.0,3.0,0.0,0.0
0.0,7.0,57.0,1.0,0.0,1.0,1.0,1.0,1.0,22.0,1.0,9.0,1.0,1.0,28.0,1.0,1.0,1.0,14.0,0.0,0.0,1.0,1.0,6.0,1.0,1.0,13.0,17.0,1.0,1.65,12.0,14.0,1.0,12.0,6.0,0.0,1.0,100.0,1.0,0.0,2.0,1.0,0.0,0.0,0.0,4.0,4.0,4.0,1.0,1.0,1.0,0.0,0.0,0.0,3.0,3.0,3.0,115.0,1.0,0.947368421052632,0.333333333333333,0.0,2.0,3.0,0.0,0.0
0.0,3.0,156.0,4.0,0.0,1.0,0.0,20.0,1.0,7.0,0.0,3.0,1.0,14.0,67.0,1.0,14.0,17.0,25.0,0.0,5.0,7.0,14.0,24.0,17.0,17.0,23.0,66.0,20.0,1.02,23.0,43.0,4.0,25.0,0.0,14.0,1.0,75.0,1.0,0.0,0.0,2.0,7.0,3.14285714285714,0.0,6.0,1.5,1.0,4.0,1.21428571428571,1.0,2.0,0.294117647058824,0.0,2.0,2.0,2.0,312.0,0.0,0.993589743589744,0.5,0.0,1.0,2.0,1.0,0.0
0.0,3.0,77.0,1.0,0.0,1.0,0.0,5.0,1.0,7.0,0.0,3.0,1.0,5.0,42.0,1.0,5.0,5.0,10.0,1.0,0.0,1.0,4.0,4.0,5.0,5.0,10.0,26.0,4.0,1.62,9.0,14.0,1.0,8.0,0.0,5.0,1.0,0.0,1.0,0.0,5.0,2.0,2.0,1.0,0.0,4.0,2.2,0.0,1.0,1.0,1.0,0.0,0.0,0.0,3.0,3.0,3.0,155.0,1.0,0.883116883116883,0.333333333333333,0.0,2.0,3.0,1.0,0.0
4.0,3.0,97.0,2.0,0.0,1.0,2.0,9.0,1.0,6.0,1.0,2.0,1.0,8.0,40.0,1.0,8.0,9.0,20.0,0.0,2.0,2.0,4.0,21.0,9.0,8.0,17.0,42.0,12.0,0.95,15.0,29.0,2.0,19.0,0.0,7.0,1.0,87.0,1.0,0.0,1.0,1.0,4.0,2.5,0.0,8.0,2.75,1.0,2.0,1.125,1.0,1.0,0.3,0.0,2.0,2.0,2.0,194.0,0.0,0.989690721649485,0.5,0.0,1.0,2.0,1.0,0.0
1.0,6.0,170.0,6.0,0.0,1.0,0.0,21.0,2.0,9.0,0.0,2.0,2.0,13.0,56.0,5.0,13.0,21.0,25.0,2.0,5.0,6.0,10.0,55.0,21.0,16.0,30.0,91.0,39.0,0.62,23.0,69.0,6.0,49.0,0.0,13.0,2.0,55.0,1.0,0.0,2.0,2.0,8.0,3.61538461538462,1.0,7.0,3.07692307692308,1.0,4.0,1.46153846153846,1.0,1.0,0.315789473684211,0.0,2.0,2.0,2.0,340.0,0.0,0.994117647058824,0.5,0.0,1.0,2.0,1.0,0.0
0.0,3.0,32.0,1.0,0.0,1.0,0.0,1.0,1.0,6.0,1.0,3.0,1.0,1.0,25.0,1.0,1.0,1.0,3.0,0.0,0.0,1.0,1.0,1.0,1.0,1.0,3.0,6.0,1.0,4.17,1.0,4.0,1.0,2.0,0.0,0.0,1.0,0.0,1.0,0.0,2.0,1.0,2.0,2.0,2.0,3.0,3.0,3.0,1.0,1.0,1.0,0.0,0.0,0.0,2.0,2.0,2.0,64.0,0.0,0.96875,0.5,0.0,1.0,2.0,1.0,0.0
0.0,5.0,94.0,4.0,0.0,2.0,0.0,11.0,2.0,9.0,0.0,3.0,2.0,6.0,42.0,1.0,6.0,11.0,15.0,2.0,1.0,4.0,4.0,18.0,11.0,9.0,12.0,42.0,17.0,1.0,10.0,29.0,4.0,17.0,0.0,6.0,2.0,16.0,3.0,0.0,3.0,1.0,2.0,1.33333333333333,1.0,4.0,2.33333333333333,1.0,4.0,1.83333333333333,1.0,1.0,0.625,0.0,2.0,2.0,2.0,188.0,0.0,0.712765957446808,0.5,0.0,2.0,2.0,0.0,0.0
0.0,4.0,377.0,5.0,0.0,1.0,0.0,36.0,1.0,9.0,0.0,5.0,1.0,31.0,180.0,2.0,31.0,36.0,58.0,0.0,14.0,5.0,31.0,68.0,36.0,31.0,60.0,152.0,50.0,1.18,46.0,110.0,5.0,74.0,0.0,31.0,1.0,88.0,1.0,0.0,3.0,2.0,13.0,1.48387096774194,1.0,6.0,1.32258064516129,1.0,9.0,1.29032258064516,1.0,2.0,0.205882352941176,0.0,3.0,3.0,3.0,757.0,1.0,0.997354497354497,0.333333333333333,0.0,1.0,3.0,1.0,0.0
0.0,8.0,325.0,2.0,0.0,1.0,3.0,30.0,1.0,11.0,0.0,2.0,1.0,25.0,83.0,17.0,25.0,30.0,81.0,5.0,2.0,2.0,20.0,111.0,30.0,25.0,91.0,205.0,65.0,0.4,37.0,156.0,2.0,124.0,0.0,25.0,1.0,91.0,9.0,0.0,18.0,2.0,6.0,1.08,0.0,21.0,3.8,0.0,2.0,1.12,1.0,1.0,0.13953488372093,0.0,2.0,2.0,2.0,652.0,0.0,0.843558282208589,0.5,0.0,2.0,2.0,0.0,0.0
0.0,13.0,119.0,2.0,0.0,1.0,1.0,11.0,1.0,17.0,0.0,0.0,1.0,10.0,23.0,4.0,10.0,11.0,33.0,1.0,0.0,2.0,9.0,37.0,11.0,10.0,42.0,75.0,14.0,0.31,21.0,56.0,2.0,44.0,3.0,10.0,1.0,0.0,5.0,0.0,3.0,2.0,3.0,0.5,0.0,10.0,2.0,0.0,2.0,1.1,1.0,0.0,0.0,0.0,2.0,2.0,2.0,238.0,0.0,0.907563025210084,0.5,0.0,2.0,2.0,0.0,0.0
0.0,2.0,61.0,1.0,0.0,1.0,0.0,6.0,1.0,3.0,1.0,1.0,1.0,6.0,22.0,1.0,6.0,6.0,18.0,2.0,1.0,1.0,4.0,6.0,6.0,6.0,15.0,30.0,5.0,0.73,9.0,20.0,1.0,13.0,0.0,5.0,1.0,83.0,3.0,0.0,8.0,1.0,2.0,0.666666666666667,0.0,3.0,1.83333333333333,1.0,1.0,1.0,1.0,0.0,0.0,0.0,3.0,3.0,3.0,127.0,3.0,0.836065573770492,0.333333333333333,0.0,2.0,3.0,1.0,0.0
0.0,4.0,70.0,1.0,0.0,1.0,0.0,4.0,1.0,8.0,0.0,4.0,1.0,4.0,43.0,1.0,4.0,4.0,8.0,0.0,1.0,1.0,4.0,4.0,4.0,4.0,8.0,21.0,4.0,2.05,6.0,12.0,1.0,7.0,0.0,4.0,1.0,0.0,1.0,0.0,0.0,2.0,1.0,1.0,1.0,2.0,1.25,1.0,1.0,1.0,1.0,0.0,0.0,0.0,2.0,2.0,2.0,142.0,0.0,0.985915492957746,0.5,0.0,1.0,2.0,1.0,0.0
0.0,3.0,55.0,1.0,0.0,1.0,0.0,6.0,1.0,3.0,0.0,0.0,1.0,6.0,21.0,1.0,6.0,6.0,13.0,0.0,1.0,1.0,6.0,6.0,6.0,6.0,10.0,25.0,6.0,0.84,9.0,16.0,1.0,9.0,0.0,6.0,1.0,0.0,1.0,0.0,1.0,1.0,3.0,1.83333333333333,1.0,3.0,1.83333333333333,1.0,1.0,1.0,1.0,4.0,0.444444444444444,0.0,2.0,2.0,2.0,112.0,0.0,0.964285714285714,0.5,0.0,1.0,2.0,1.0,0.0
0.0,6.0,36.0,1.0,0.0,1.0,0.0,2.0,1.0,7.0,0.0,0.0,1.0,2.0,16.0,2.0,2.0,2.0,9.0,0.0,0.0,1.0,2.0,5.0,2.0,2.0,9.0,15.0,2.0,1.07,5.0,11.0,1.0,8.0,1.0,2.0,1.0,0.0,5.0,0.0,2.0,2.0,0.0,0.0,0.0,3.0,3.0,3.0,1.0,1.0,1.0,0.0,0.0,0.0,2.0,2.0,2.0,74.0,0.0,0.837837837837838,0.5,0.0,2.0,2.0,0.0,0.0
3.0,8.0,102.0,5.0,0.0,1.0,2.0,12.0,2.0,9.0,3.0,0.0,2.0,6.0,21.0,1.0,6.0,12.0,20.0,0.0,4.0,5.0,3.0,35.0,12.0,6.0,21.0,60.0,25.0,0.35,21.0,46.0,5.0,33.0,1.0,3.0,2.0,72.0,1.0,0.0,1.0,1.0,5.0,2.66666666666667,1.0,9.0,4.5,1.0,5.0,2.0,1.0,4.0,1.75,0.0,2.0,2.0,2.0,204.0,0.0,0.990196078431373,0.5,0.0,1.0,2.0,1.0,0.0
0.0,2.0,47.0,1.0,0.0,1.0,0.0,5.0,1.0,2.0,1.0,0.0,1.0,5.0,16.0,1.0,5.0,5.0,14.0,2.0,0.0,1.0,3.0,4.0,5.0,5.0,11.0,24.0,4.0,0.67,7.0,15.0,1.0,9.0,0.0,4.0,1.0,0.0,3.0,0.0,5.0,1.0,1.0,0.2,0.0,3.0,1.8,1.0,1.0,1.0,1.0,0.0,0.0,0.0,2.0,2.0,2.0,94.0,0.0,0.893617021276596,0.5,0.0,2.0,2.0,0.0,0.0
0.0,3.0,59.0,1.0,0.0,1.0,1.0,3.0,1.0,7.0,0.0,3.0,1.0,3.0,26.0,1.0,3.0,3.0,16.0,0.0,0.0,1.0,3.0,3.0,3.0,3.0,15.0,22.0,2.0,1.18,11.0,17.0,1.0,13.0,0.0,3.0,1.0,100.0,1.0,0.0,1.0,2.0,3.0,1.0,0.0,2.0,0.666666666666667,0.0,1.0,1.0,1.0,0.0,0.0,0.0,2.0,2.0,2.0,118.0,0.0,0.983050847457627,0.5,0.0,1.0,2.0,1.0,0.0
0.0,3.0,58.0,1.0,0.0,1.0,0.0,3.0,1.0,9.0,0.0,6.0,1.0,3.0,36.0,1.0,3.0,3.0,8.0,0.0,2.0,1.0,3.0,4.0,3.0,3.0,8.0,15.0,4.0,2.4,7.0,12.0,1.0,8.0,0.0,3.0,1.0,33.0,1.0,1.0,0.0,2.0,3.0,2.33333333333333,2.0,3.0,1.66666666666667,1.0,1.0,1.0,1.0,4.0,0.666666666666667,0.0,3.0,3.0,3.0,123.0,5.0,0.983050847457627,0.333333333333333,0.0,1.0,3.0,1.0,0.0
0.0,4.0,63.0,3.0,0.0,1.0,0.0,5.0,2.0,12.0,0.0,6.0,2.0,3.0,36.0,1.0,3.0,5.0,11.0,1.0,0.0,3.0,2.0,7.0,5.0,3.0,13.0,19.0,5.0,1.89,8.0,18.0,3.0,12.0,0.0,3.0,2.0,0.0,2.0,1.0,2.0,1.0,4.0,2.0,1.0,7.0,3.0,0.0,3.0,1.66666666666667,1.0,2.0,1.2,0.0,3.0,3.0,3.0,133.0,5.0,0.953125,0.333333333333333,0.0,1.0,3.0,1.0,0.0
0.0,1.0,34.0,1.0,1.0,1.0,0.0,1.0,1.0,9.0,0.0,8.0,1.0,1.0,29.0,1.0,1.0,1.0,3.0,0.0,0.0,1.0,0.0,0.0,1.0,1.0,3.0,3.0,0.0,9.67,2.0,3.0,1.0,2.0,0.0,1.0,1.0,0.0,0.0,1.0,1.0,0.0,1.0,1.0,1.0,0.0,0.0,0.0,1.0,1.0,1.0,0.0,0.0,0.0,2.0,2.0,2.0,70.0,0.0,0.971428571428571,0.5,0.0,1.0,2.0,1.0,0.0
0.0,4.0,83.0,3.0,2.0,1.0,1.0,7.0,1.0,7.0,0.0,2.0,1.0,5.0,35.0,2.0,5.0,7.0,16.0,0.0,3.0,3.0,3.0,13.0,7.0,7.0,17.0,34.0,11.0,1.03,14.0,28.0,3.0,20.0,0.0,5.0,1.0,41.0,1.0,1.0,2.0,2.0,4.0,2.4,1.0,5.0,2.0,0.0,3.0,1.4,1.0,2.0,0.75,0.0,2.0,2.0,2.0,168.0,0.0,0.988095238095238,0.5,0.0,1.0,2.0,1.0,0.0
0.0,5.0,100.0,3.0,0.0,1.0,1.0,7.0,1.0,12.0,0.0,6.0,1.0,5.0,49.0,1.0,5.0,7.0,19.0,1.0,1.0,3.0,4.0,17.0,7.0,5.0,18.0,40.0,12.0,1.23,11.0,30.0,3.0,21.0,0.0,5.0,1.0,70.0,3.0,0.0,1.0,1.0,6.0,2.8,1.0,8.0,3.0,1.0,4.0,1.6,1.0,2.0,0.857142857142857,0.0,4.0,4.0,3.0,204.0,2.0,0.98019801980198,0.5,0.0,1.0,3.0,1.0,0.0
1.0,10.0,266.0,9.0,0.0,1.0,2.0,23.0,2.0,17.0,2.0,6.0,2.0,11.0,90.0,1.0,11.0,23.0,51.0,0.0,6.0,9.0,10.0,83.0,23.0,11.0,52.0,142.0,59.0,0.63,35.0,111.0,9.0,85.0,1.0,9.0,2.0,80.0,1.0,0.0,3.0,2.0,12.0,3.18181818181818,0.0,17.0,3.72727272727273,1.0,96.0,10.1818181818182,1.0,4.0,1.15384615384615,0.0,2.0,2.0,2.0,532.0,0.0,0.962406015037594,0.5,0.0,1.0,2.0,1.0,0.0
0.0,2.0,37.0,1.0,0.0,1.0,0.0,1.0,1.0,4.0,0.0,1.0,1.0,1.0,27.0,1.0,1.0,1.0,4.0,0.0,0.0,1.0,1.0,0.0,1.0,1.0,4.0,6.0,0.0,4.5,4.0,4.0,1.0,2.0,1.0,1.0,1.0,0.0,3.0,0.0,0.0,1.0,0.0,0.0,0.0,1.0,1.0,1.0,1.0,1.0,1.0,0.0,0.0,0.0,4.0,4.0,3.0,75.0,38.0,1.0,0.5,0.0,1.0,3.0,0.0,0.0
